model,corruption,severity,class,f1,clean_f1,f1_drop
finetune_s1,low_light,3,Grape___Black_rot,0.0,1.0,1.0
finetune_s0,low_light,3,Potato___Early_blight,0.0,1.0,1.0
finetune_s0,low_light,3,Potato___Late_blight,0.0,1.0,1.0
finetune_s1,gaussian_noise,3,Tomato___Leaf_Mold,0.0,1.0,1.0
finetune_s1,gaussian_noise,2,Potato___healthy,0.0,1.0,1.0
finetune_s1,low_light,3,Grape___Leaf_blight_(Isariopsis_Leaf_Spot),0.0,1.0,1.0
linear_probe_s1,low_light,2,Tomato___Tomato_mosaic_virus,0.0,1.0,1.0
finetune_s42,low_light,2,Apple___Cedar_apple_rust,0.0,1.0,1.0
finetune_s0,low_light,3,Raspberry___healthy,0.0,1.0,1.0
finetune_s0,low_light,3,Strawberry___healthy,0.0,1.0,1.0
finetune_s0,low_light,3,Tomato___Early_blight,0.0,1.0,1.0
finetune_s0,low_light,3,Tomato___Bacterial_spot,0.0,1.0,1.0
finetune_s1,gaussian_noise,2,Grape___Black_rot,0.0,1.0,1.0
finetune_s1,gaussian_noise,2,Grape___healthy,0.0,1.0,1.0
finetune_s42,low_light,3,Strawberry___healthy,0.0,1.0,1.0
finetune_s0,low_light,3,Potato___healthy,0.0,1.0,1.0
finetune_s0,low_light,3,Tomato___Late_blight,0.0,1.0,1.0
finetune_s42,low_light,2,Potato___healthy,0.0,1.0,1.0
finetune_s0,low_light,3,Tomato___Spider_mites_Two-spotted_spider_mite,0.0,1.0,1.0
finetune_s0,low_light,3,Tomato___Leaf_Mold,0.0,1.0,1.0
finetune_s0,jpeg,3,Potato___healthy,0.0,1.0,1.0
finetune_s0,gaussian_noise,2,Tomato___Early_blight,0.0,1.0,1.0
finetune_s1,gaussian_noise,2,Potato___Late_blight,0.0,1.0,1.0
finetune_s0,gaussian_noise,2,Tomato___Bacterial_spot,0.0,1.0,1.0
finetune_s1,motion_blur,3,Grape___Leaf_blight_(Isariopsis_Leaf_Spot),0.0,1.0,1.0
finetune_s1,motion_blur,3,Potato___healthy,0.0,1.0,1.0
finetune_s0,gaussian_noise,3,Tomato___Early_blight,0.0,1.0,1.0
finetune_s0,gaussian_noise,3,Tomato___Late_blight,0.0,1.0,1.0
finetune_s0,gaussian_noise,3,Tomato___Leaf_Mold,0.0,1.0,1.0
finetune_s42,low_light,2,Raspberry___healthy,0.0,1.0,1.0
finetune_s0,low_light,2,Potato___Late_blight,0.0,1.0,1.0
finetune_s1,motion_blur,3,Potato___Early_blight,0.0,1.0,1.0
linear_probe_s0,gaussian_noise,3,Potato___healthy,0.0,1.0,1.0
finetune_s0,low_light,2,Tomato___Target_Spot,0.0,1.0,1.0
finetune_s0,low_light,2,Tomato___Early_blight,0.0,1.0,1.0
finetune_s42,motion_blur,3,Tomato___healthy,0.0,1.0,1.0
finetune_s42,motion_blur,3,Strawberry___healthy,0.0,1.0,1.0
finetune_s42,motion_blur,3,Potato___Early_blight,0.0,1.0,1.0
finetune_s0,low_light,2,Potato___healthy,0.0,1.0,1.0
finetune_s0,motion_blur,3,Raspberry___healthy,0.0,1.0,1.0
finetune_s0,motion_blur,3,Potato___healthy,0.0,1.0,1.0
finetune_s0,gaussian_noise,2,Peach___healthy,0.0,1.0,1.0
finetune_s1,gaussian_noise,2,Peach___healthy,0.0,1.0,1.0
finetune_s0,gaussian_noise,2,Tomato___Target_Spot,0.0,1.0,1.0
finetune_s0,low_light,3,Peach___healthy,0.0,1.0,1.0
finetune_s1,gaussian_noise,2,Tomato___Target_Spot,0.0,1.0,1.0
finetune_s0,motion_blur,3,Strawberry___healthy,0.0,1.0,1.0
linear_probe_s0,gaussian_noise,3,Raspberry___healthy,0.0,1.0,1.0
finetune_s42,gaussian_noise,3,Raspberry___healthy,0.0,1.0,1.0
finetune_s42,gaussian_noise,3,Strawberry___healthy,0.0,1.0,1.0
finetune_s42,gaussian_noise,3,Squash___Powdery_mildew,0.0,1.0,1.0
finetune_s42,gaussian_noise,3,Soybean___healthy,0.0,1.0,1.0
finetune_s0,low_light,3,Grape___healthy,0.0,1.0,1.0
finetune_s0,low_light,3,Orange___Haunglongbing_(Citrus_greening),0.0,1.0,1.0
finetune_s42,motion_blur,3,Potato___healthy,0.0,1.0,1.0
finetune_s0,motion_blur,3,Grape___healthy,0.0,1.0,1.0
finetune_s0,low_light,3,Grape___Leaf_blight_(Isariopsis_Leaf_Spot),0.0,1.0,1.0
finetune_s0,gaussian_noise,3,Soybean___healthy,0.0,1.0,1.0
finetune_s0,gaussian_noise,3,Strawberry___healthy,0.0,1.0,1.0
finetune_s0,gaussian_noise,3,Tomato___Bacterial_spot,0.0,1.0,1.0
finetune_s42,motion_blur,3,Grape___healthy,0.0,1.0,1.0
linear_probe_s1,jpeg,3,Tomato___Tomato_mosaic_virus,0.0,1.0,1.0
finetune_s42,low_light,3,Grape___Black_rot,0.0,1.0,1.0
finetune_s0,low_light,3,Grape___Black_rot,0.0,1.0,1.0
linear_probe_s0,motion_blur,3,Strawberry___healthy,0.0,1.0,1.0
linear_probe_s0,motion_blur,3,Raspberry___healthy,0.0,1.0,1.0
finetune_s0,gaussian_noise,3,Grape___Leaf_blight_(Isariopsis_Leaf_Spot),0.0,1.0,1.0
finetune_s1,low_light,3,Tomato___Tomato_mosaic_virus,0.0,1.0,1.0
finetune_s1,low_light,3,Tomato___Target_Spot,0.0,1.0,1.0
finetune_s1,low_light,3,Tomato___Spider_mites_Two-spotted_spider_mite,0.0,1.0,1.0
finetune_s42,gaussian_noise,3,Tomato___Target_Spot,0.0,1.0,1.0
finetune_s0,gaussian_noise,3,Potato___healthy,0.0,1.0,1.0
finetune_s0,gaussian_noise,3,Potato___Late_blight,0.0,1.0,1.0
finetune_s0,gaussian_noise,3,Potato___Early_blight,0.0,1.0,1.0
finetune_s0,gaussian_noise,3,Peach___healthy,0.0,1.0,1.0
finetune_s0,gaussian_noise,2,Potato___healthy,0.0,1.0,1.0
finetune_s0,gaussian_noise,2,Potato___Late_blight,0.0,1.0,1.0
finetune_s42,gaussian_noise,3,Tomato___Leaf_Mold,0.0,1.0,1.0
finetune_s1,gaussian_noise,3,Squash___Powdery_mildew,0.0,1.0,1.0
finetune_s1,gaussian_noise,3,Raspberry___healthy,0.0,1.0,1.0
finetune_s42,low_light,3,Corn_(maize)___healthy,0.0,1.0,1.0
finetune_s1,gaussian_noise,3,Potato___healthy,0.0,1.0,1.0
finetune_s1,gaussian_noise,3,Potato___Late_blight,0.0,1.0,1.0
finetune_s42,gaussian_noise,3,Tomato___Early_blight,0.0,1.0,1.0
linear_probe_s1,gaussian_noise,3,Apple___Cedar_apple_rust,0.0,1.0,1.0
finetune_s1,low_light,3,Tomato___Leaf_Mold,0.0,1.0,1.0
linear_probe_s1,motion_blur,3,Potato___healthy,0.0,1.0,1.0
finetune_s0,gaussian_noise,3,Raspberry___healthy,0.0,1.0,1.0
finetune_s0,low_light,3,Apple___Cedar_apple_rust,0.0,1.0,1.0
finetune_s0,low_light,3,Apple___healthy,0.0,1.0,1.0
linear_probe_s1,jpeg,3,Potato___healthy,0.0,1.0,1.0
finetune_s0,gaussian_noise,2,Apple___Cedar_apple_rust,0.0,1.0,1.0
finetune_s0,low_light,3,Apple___Black_rot,0.0,1.0,1.0
finetune_s1,gaussian_noise,2,Apple___healthy,0.0,1.0,1.0
finetune_s42,low_light,3,Tomato___healthy,0.0,1.0,1.0
finetune_s0,low_light,3,Apple___Apple_scab,0.0,1.0,1.0
linear_probe_s0,motion_blur,3,Potato___healthy,0.0,1.0,1.0
finetune_s42,low_light,3,Squash___Powdery_mildew,0.0,1.0,1.0
finetune_s1,low_light,2,Peach___healthy,0.0,1.0,1.0
finetune_s0,gaussian_noise,3,Grape___healthy,0.0,1.0,1.0
finetune_s1,low_light,3,Grape___healthy,0.0,1.0,1.0
finetune_s1,low_light,2,Grape___healthy,0.0,1.0,1.0
finetune_s0,low_light,2,Tomato___Bacterial_spot,0.0,1.0,1.0
finetune_s42,gaussian_noise,3,Tomato___Spider_mites_Two-spotted_spider_mite,0.0,1.0,1.0
finetune_s42,low_light,3,Tomato___Spider_mites_Two-spotted_spider_mite,0.0,1.0,1.0
finetune_s42,low_light,3,Tomato___Tomato_mosaic_virus,0.0,1.0,1.0
finetune_s42,low_light,3,Tomato___Tomato_Yellow_Leaf_Curl_Virus,0.0,1.0,1.0
finetune_s42,low_light,3,Tomato___Target_Spot,0.0,1.0,1.0
finetune_s42,low_light,3,Tomato___Early_blight,0.0,1.0,1.0
finetune_s42,low_light,3,Tomato___Leaf_Mold,0.0,1.0,1.0
finetune_s0,gaussian_noise,3,Grape___Black_rot,0.0,1.0,1.0
linear_probe_s1,motion_blur,3,Raspberry___healthy,0.0,1.0,1.0
finetune_s1,gaussian_noise,3,Apple___Apple_scab,0.0,1.0,1.0
finetune_s1,low_light,2,Apple___healthy,0.0,1.0,1.0
finetune_s1,low_light,2,Potato___healthy,0.0,1.0,1.0
finetune_s1,gaussian_noise,3,Apple___Black_rot,0.0,1.0,1.0
linear_probe_s1,jpeg,3,Apple___Cedar_apple_rust,0.0,1.0,1.0
finetune_s42,low_light,3,Grape___healthy,0.0,1.0,1.0
finetune_s42,low_light,3,Orange___Haunglongbing_(Citrus_greening),0.0,1.0,1.0
finetune_s42,low_light,3,Peach___healthy,0.0,1.0,1.0
finetune_s42,low_light,3,Potato___Early_blight,0.0,1.0,1.0
finetune_s42,gaussian_noise,3,Tomato___Tomato_Yellow_Leaf_Curl_Virus,0.0,1.0,1.0
finetune_s42,gaussian_noise,3,Tomato___Tomato_mosaic_virus,0.0,1.0,1.0
finetune_s42,gaussian_noise,3,Grape___Leaf_blight_(Isariopsis_Leaf_Spot),0.0,1.0,1.0
finetune_s42,gaussian_noise,3,Grape___healthy,0.0,1.0,1.0
finetune_s42,gaussian_noise,3,Orange___Haunglongbing_(Citrus_greening),0.0,1.0,1.0
finetune_s42,gaussian_noise,3,Peach___healthy,0.0,1.0,1.0
finetune_s42,low_light,3,Soybean___healthy,0.0,1.0,1.0
finetune_s1,gaussian_noise,3,Tomato___Tomato_mosaic_virus,0.0,1.0,1.0
finetune_s42,gaussian_noise,3,Potato___healthy,0.0,1.0,1.0
finetune_s42,gaussian_noise,3,Potato___Late_blight,0.0,1.0,1.0
finetune_s1,gaussian_noise,3,Strawberry___healthy,0.0,1.0,1.0
linear_probe_s42,gaussian_noise,3,Apple___Cedar_apple_rust,0.0,1.0,1.0
linear_probe_s42,gaussian_noise,3,Cherry_(including_sour)___healthy,0.0,1.0,1.0
finetune_s0,low_light,3,Tomato___Tomato_Yellow_Leaf_Curl_Virus,0.0,1.0,1.0
finetune_s0,low_light,3,Tomato___Target_Spot,0.0,1.0,1.0
finetune_s1,low_light,3,Cherry_(including_sour)___Powdery_mildew,0.0,1.0,1.0
finetune_s1,low_light,3,Apple___healthy,0.0,1.0,1.0
finetune_s1,low_light,3,Apple___Cedar_apple_rust,0.0,1.0,1.0
linear_probe_s1,gaussian_noise,3,Potato___healthy,0.0,1.0,1.0
linear_probe_s1,motion_blur,2,Potato___healthy,0.0,1.0,1.0
linear_probe_s1,gaussian_noise,2,Tomato___Tomato_mosaic_virus,0.0,1.0,1.0
finetune_s1,gaussian_noise,3,Grape___Black_rot,0.0,1.0,1.0
finetune_s1,gaussian_noise,3,Grape___Leaf_blight_(Isariopsis_Leaf_Spot),0.0,1.0,1.0
finetune_s42,low_light,3,Raspberry___healthy,0.0,1.0,1.0
finetune_s42,low_light,3,Potato___healthy,0.0,1.0,1.0
linear_probe_s42,low_light,3,Apple___Cedar_apple_rust,0.0,1.0,1.0
linear_probe_s42,motion_blur,3,Strawberry___healthy,0.0,1.0,1.0
finetune_s0,gaussian_noise,3,Tomato___Tomato_mosaic_virus,0.0,1.0,1.0
linear_probe_s0,jpeg,3,Potato___healthy,0.0,1.0,1.0
finetune_s42,gaussian_noise,2,Potato___healthy,0.0,1.0,1.0
finetune_s42,gaussian_noise,2,Raspberry___healthy,0.0,1.0,1.0
finetune_s0,gaussian_noise,3,Tomato___Tomato_Yellow_Leaf_Curl_Virus,0.0,1.0,1.0
linear_probe_s42,jpeg,3,Tomato___Tomato_mosaic_virus,0.0,1.0,1.0
finetune_s42,low_light,3,Potato___Late_blight,0.0,1.0,1.0
finetune_s1,gaussian_noise,3,Apple___Cedar_apple_rust,0.0,1.0,1.0
finetune_s1,gaussian_noise,3,Apple___healthy,0.0,1.0,1.0
finetune_s1,gaussian_noise,3,Cherry_(including_sour)___Powdery_mildew,0.0,1.0,1.0
finetune_s0,gaussian_noise,3,Tomato___Spider_mites_Two-spotted_spider_mite,0.0,1.0,1.0
finetune_s0,gaussian_noise,3,Tomato___Target_Spot,0.0,1.0,1.0
finetune_s42,gaussian_noise,3,Corn_(maize)___healthy,0.0,1.0,1.0
finetune_s42,low_light,3,Cherry_(including_sour)___Powdery_mildew,0.0,1.0,1.0
finetune_s42,low_light,3,Apple___healthy,0.0,1.0,1.0
finetune_s1,low_light,3,Squash___Powdery_mildew,0.0,1.0,1.0
finetune_s1,low_light,3,Raspberry___healthy,0.0,1.0,1.0
linear_probe_s42,gaussian_noise,3,Tomato___Tomato_mosaic_virus,0.0,1.0,1.0
linear_probe_s42,motion_blur,3,Raspberry___healthy,0.0,1.0,1.0
finetune_s42,gaussian_noise,3,Apple___healthy,0.0,1.0,1.0
finetune_s1,gaussian_noise,3,Tomato___Target_Spot,0.0,1.0,1.0
finetune_s42,gaussian_noise,3,Apple___Cedar_apple_rust,0.0,1.0,1.0
finetune_s42,gaussian_noise,3,Apple___Apple_scab,0.0,1.0,1.0
linear_probe_s1,gaussian_noise,3,Tomato___Tomato_mosaic_virus,0.0,1.0,1.0
finetune_s1,low_light,3,Peach___healthy,0.0,1.0,1.0
finetune_s1,low_light,3,Strawberry___healthy,0.0,1.0,1.0
finetune_s1,gaussian_noise,3,Peach___healthy,0.0,1.0,1.0
finetune_s1,low_light,3,Orange___Haunglongbing_(Citrus_greening),0.0,1.0,1.0
finetune_s42,gaussian_noise,3,Grape___Black_rot,0.0,1.0,1.0
finetune_s42,gaussian_noise,3,Tomato___healthy,0.0,1.0,1.0
finetune_s1,low_light,3,Potato___healthy,0.0,1.0,1.0
finetune_s1,low_light,3,Potato___Late_blight,0.0,1.0,1.0
finetune_s0,motion_blur,2,Potato___healthy,0.0,1.0,1.0
linear_probe_s42,low_light,3,Tomato___Tomato_mosaic_virus,0.0,1.0,1.0
finetune_s1,gaussian_noise,3,Orange___Haunglongbing_(Citrus_greening),0.0,1.0,1.0
finetune_s1,gaussian_noise,3,Grape___healthy,0.0,1.0,1.0
linear_probe_s1,low_light,3,Tomato___Tomato_mosaic_virus,0.0,1.0,1.0
linear_probe_s42,gaussian_noise,3,Raspberry___healthy,0.0,1.0,1.0
linear_probe_s42,low_light,3,Raspberry___healthy,0.0,1.0,1.0
finetune_s1,low_light,3,Tomato___Early_blight,0.0,1.0,1.0
linear_probe_s42,jpeg,3,Apple___Cedar_apple_rust,0.0,1.0,1.0
finetune_s0,low_light,3,Tomato___Tomato_mosaic_virus,0.0,1.0,1.0
finetune_s1,low_light,3,Potato___Early_blight,0.0,1.0,1.0
finetune_s42,gaussian_noise,3,Cherry_(including_sour)___Powdery_mildew,0.0,1.0,1.0
finetune_s1,gaussian_noise,3,Tomato___Spider_mites_Two-spotted_spider_mite,0.0,1.0,1.0
finetune_s1,gaussian_noise,3,Potato___Early_blight,0.0,1.0,1.0
finetune_s42,gaussian_noise,3,Potato___Early_blight,0.0,1.0,1.0
finetune_s42,gaussian_noise,2,Apple___Cedar_apple_rust,0.0,1.0,1.0
finetune_s1,low_light,3,Apple___Black_rot,0.0,1.0,1.0
finetune_s1,gaussian_noise,3,Tomato___Early_blight,0.0,1.0,1.0
finetune_s0,low_light,3,Cherry_(including_sour)___Powdery_mildew,0.0,1.0,1.0
finetune_s1,low_light,3,Apple___Apple_scab,0.0,1.0,1.0
linear_probe_s42,low_light,2,Tomato___Tomato_mosaic_virus,0.0,1.0,1.0
finetune_s0,gaussian_noise,3,Apple___Apple_scab,0.0,1.0,1.0
finetune_s42,gaussian_noise,2,Apple___healthy,0.0,1.0,1.0
finetune_s0,gaussian_noise,3,Apple___Black_rot,0.0,1.0,1.0
finetune_s0,gaussian_noise,3,Apple___healthy,0.0,1.0,1.0
finetune_s0,gaussian_noise,3,Apple___Cedar_apple_rust,0.0,1.0,1.0
linear_probe_s1,low_light,3,Apple___Cedar_apple_rust,0.0,1.0,1.0
finetune_s0,gaussian_noise,3,Cherry_(including_sour)___Powdery_mildew,0.0,1.0,1.0
finetune_s42,low_light,3,Apple___Cedar_apple_rust,0.0,1.0,1.0
linear_probe_s0,motion_blur,2,Potato___healthy,0.0,1.0,1.0
linear_probe_s0,low_light,3,Raspberry___healthy,0.0,1.0,1.0
linear_probe_s0,low_light,3,Potato___healthy,0.0,1.0,1.0
finetune_s42,low_light,3,Apple___Apple_scab,0.0,1.0,1.0
linear_probe_s1,gaussian_noise,3,Raspberry___healthy,0.0,1.0,1.0
linear_probe_s1,low_light,3,Potato___healthy,0.0,1.0,1.0
linear_probe_s1,low_light,3,Raspberry___healthy,0.0,1.0,1.0
finetune_s1,gaussian_noise,3,Tomato___Tomato_Yellow_Leaf_Curl_Virus,0.0,0.9976689976689976,0.9976689976689976
finetune_s1,low_light,3,Tomato___Tomato_Yellow_Leaf_Curl_Virus,0.0,0.9976689976689976,0.9976689976689976
finetune_s1,low_light,2,Tomato___Bacterial_spot,0.0,0.9940828402366864,0.9940828402366864
finetune_s1,gaussian_noise,3,Tomato___Bacterial_spot,0.0,0.9940828402366864,0.9940828402366864
finetune_s42,low_light,3,Tomato___Bacterial_spot,0.0,0.9940828402366864,0.9940828402366864
finetune_s1,gaussian_noise,2,Tomato___Bacterial_spot,0.0,0.9940828402366864,0.9940828402366864
finetune_s42,gaussian_noise,3,Tomato___Bacterial_spot,0.0,0.9940828402366864,0.9940828402366864
finetune_s42,low_light,2,Tomato___Bacterial_spot,0.0,0.9940828402366864,0.9940828402366864
finetune_s1,low_light,3,Tomato___Bacterial_spot,0.0,0.9940828402366864,0.9940828402366864
finetune_s42,gaussian_noise,2,Tomato___Bacterial_spot,0.0,0.9940828402366864,0.9940828402366864
finetune_s42,low_light,3,Tomato___Late_blight,0.0,0.9934640522875816,0.9934640522875816
finetune_s42,gaussian_noise,3,Tomato___Late_blight,0.0,0.9934640522875816,0.9934640522875816
finetune_s42,gaussian_noise,2,Tomato___Late_blight,0.0,0.9934640522875816,0.9934640522875816
finetune_s0,gaussian_noise,3,Orange___Haunglongbing_(Citrus_greening),0.0090497737556561,1.0,0.9909502262443439
finetune_s0,low_light,3,Soybean___healthy,0.0097087378640776,1.0,0.9902912621359224
finetune_s1,low_light,3,Tomato___Late_blight,0.0,0.986842105263158,0.986842105263158
finetune_s1,gaussian_noise,3,Tomato___Late_blight,0.0,0.986842105263158,0.986842105263158
finetune_s1,gaussian_noise,2,Tomato___Late_blight,0.0,0.986842105263158,0.986842105263158
finetune_s1,low_light,2,Tomato___Late_blight,0.0,0.986842105263158,0.986842105263158
linear_probe_s1,gaussian_noise,3,Cherry_(including_sour)___healthy,0.0,0.9855072463768116,0.9855072463768116
linear_probe_s0,low_light,3,Cherry_(including_sour)___healthy,0.0,0.9855072463768116,0.9855072463768116
linear_probe_s1,low_light,3,Cherry_(including_sour)___healthy,0.0,0.9855072463768116,0.9855072463768116
linear_probe_s1,motion_blur,3,Apple___Black_rot,0.0,0.979591836734694,0.979591836734694
finetune_s42,low_light,3,Cherry_(including_sour)___healthy,0.0246913580246913,1.0,0.9753086419753088
linear_probe_s0,motion_blur,3,Grape___healthy,0.0,0.9696969696969696,0.9696969696969696
linear_probe_s1,low_light,3,Tomato___Bacterial_spot,0.0,0.9696969696969696,0.9696969696969696
linear_probe_s0,gaussian_noise,3,Grape___healthy,0.0,0.9696969696969696,0.9696969696969696
linear_probe_s0,low_light,3,Grape___healthy,0.0,0.9696969696969696,0.9696969696969696
linear_probe_s1,gaussian_noise,3,Tomato___Bacterial_spot,0.0,0.9696969696969696,0.9696969696969696
linear_probe_s0,low_light,3,Grape___Black_rot,0.0,0.9690721649484536,0.9690721649484536
finetune_s42,gaussian_noise,3,Blueberry___healthy,0.0327868852459016,1.0,0.9672131147540984
linear_probe_s0,gaussian_noise,3,Tomato___Tomato_mosaic_virus,0.0,0.9655172413793104,0.9655172413793104
linear_probe_s0,low_light,3,Tomato___Tomato_mosaic_virus,0.0,0.9655172413793104,0.9655172413793104
linear_probe_s0,gaussian_noise,2,Tomato___Tomato_mosaic_virus,0.0,0.9655172413793104,0.9655172413793104
linear_probe_s0,low_light,2,Tomato___Tomato_mosaic_virus,0.0,0.9655172413793104,0.9655172413793104
linear_probe_s0,jpeg,3,Tomato___Tomato_mosaic_virus,0.0,0.9655172413793104,0.9655172413793104
linear_probe_s0,low_light,3,Tomato___Bacterial_spot,0.0,0.9642857142857144,0.9642857142857144
finetune_s42,gaussian_noise,3,Cherry_(including_sour)___healthy,0.0382165605095541,1.0,0.9617834394904459
linear_probe_s42,gaussian_noise,3,Grape___Black_rot,0.0,0.9591836734693876,0.9591836734693876
linear_probe_s42,low_light,3,Grape___Black_rot,0.0,0.9591836734693876,0.9591836734693876
finetune_s0,gaussian_noise,3,Corn_(maize)___healthy,0.0425531914893617,1.0,0.9574468085106383
finetune_s42,low_light,3,Grape___Leaf_blight_(Isariopsis_Leaf_Spot),0.0444444444444444,1.0,0.9555555555555556
finetune_s0,gaussian_noise,1,Tomato___Bacterial_spot,0.0459770114942528,1.0,0.9540229885057472
finetune_s1,gaussian_noise,2,Tomato___Early_blight,0.0476190476190476,1.0,0.9523809523809524
linear_probe_s0,gaussian_noise,3,Apple___Cedar_apple_rust,0.0,0.9523809523809524,0.9523809523809524
linear_probe_s0,low_light,3,Apple___Cedar_apple_rust,0.0,0.9523809523809524,0.9523809523809524
finetune_s1,low_light,2,Tomato___Early_blight,0.048780487804878,1.0,0.951219512195122
finetune_s1,low_light,2,Potato___Late_blight,0.048780487804878,1.0,0.951219512195122
finetune_s42,gaussian_noise,2,Tomato___Early_blight,0.048780487804878,1.0,0.951219512195122
linear_probe_s1,gaussian_noise,3,Grape___Black_rot,0.0,0.9494949494949496,0.9494949494949496
linear_probe_s1,low_light,3,Grape___Black_rot,0.0,0.9494949494949496,0.9494949494949496
finetune_s1,gaussian_noise,2,Tomato___Leaf_Mold,0.0512820512820512,1.0,0.9487179487179488
finetune_s1,low_light,2,Tomato___Leaf_Mold,0.0512820512820512,1.0,0.9487179487179488
finetune_s42,gaussian_noise,2,Tomato___Leaf_Mold,0.0512820512820512,1.0,0.9487179487179488
finetune_s1,gaussian_noise,1,Tomato___Bacterial_spot,0.0459770114942528,0.9940828402366864,0.9481058287424335
finetune_s42,gaussian_noise,1,Tomato___Bacterial_spot,0.0459770114942528,0.9940828402366864,0.9481058287424335
finetune_s1,motion_blur,3,Tomato___Septoria_leaf_spot,0.0547945205479452,1.0,0.9452054794520548
linear_probe_s42,low_light,3,Cherry_(including_sour)___healthy,0.0571428571428571,1.0,0.942857142857143
finetune_s1,gaussian_noise,2,Tomato___Spider_mites_Two-spotted_spider_mite,0.0579710144927536,1.0,0.9420289855072463
finetune_s42,gaussian_noise,2,Tomato___Spider_mites_Two-spotted_spider_mite,0.0579710144927536,1.0,0.9420289855072463
finetune_s0,gaussian_noise,3,Blueberry___healthy,0.064516129032258,1.0,0.935483870967742
finetune_s42,low_light,3,"Pepper,_bell___healthy",0.064516129032258,1.0,0.935483870967742
finetune_s1,gaussian_noise,3,Cherry_(including_sour)___healthy,0.0675675675675675,1.0,0.9324324324324325
finetune_s1,low_light,2,Tomato___Target_Spot,0.0689655172413793,1.0,0.9310344827586207
linear_probe_s0,gaussian_noise,3,Cherry_(including_sour)___healthy,0.0571428571428571,0.9855072463768116,0.9283643892339546
linear_probe_s0,motion_blur,3,Grape___Black_rot,0.0408163265306122,0.9690721649484536,0.9282558384178414
linear_probe_s0,low_light,3,Tomato___Early_blight,0.0,0.926829268292683,0.926829268292683
linear_probe_s0,gaussian_noise,3,Tomato___Early_blight,0.0,0.926829268292683,0.926829268292683
finetune_s0,gaussian_noise,3,Tomato___healthy,0.0736842105263157,1.0,0.9263157894736843
finetune_s0,gaussian_noise,2,Tomato___Late_blight,0.0759493670886076,1.0,0.9240506329113924
finetune_s0,low_light,2,Tomato___Late_blight,0.0759493670886076,1.0,0.9240506329113924
linear_probe_s1,motion_blur,3,Tomato___Bacterial_spot,0.0459770114942528,0.9696969696969696,0.9237199582027168
finetune_s1,low_light,3,Cherry_(including_sour)___healthy,0.0763358778625954,1.0,0.9236641221374046
linear_probe_s42,jpeg,3,Potato___healthy,0.0,0.9230769230769232,0.9230769230769232
linear_probe_s42,low_light,3,Potato___healthy,0.0,0.9230769230769232,0.9230769230769232
linear_probe_s42,motion_blur,3,Potato___healthy,0.0,0.9230769230769232,0.9230769230769232
linear_probe_s42,motion_blur,2,Potato___healthy,0.0,0.9230769230769232,0.9230769230769232
linear_probe_s42,motion_blur,3,Tomato___Target_Spot,0.0350877192982456,0.9557522123893806,0.920664493091135
linear_probe_s0,gaussian_noise,3,Tomato___Bacterial_spot,0.0454545454545454,0.9642857142857144,0.918831168831169
linear_probe_s42,motion_blur,3,Grape___Black_rot,0.0408163265306122,0.9591836734693876,0.9183673469387754
finetune_s1,low_light,3,Tomato___Septoria_leaf_spot,0.0824143934997098,1.0,0.9175856065002902
finetune_s42,low_light,2,Tomato___Late_blight,0.0759493670886076,0.9934640522875816,0.9175146851989741
finetune_s0,low_light,3,Corn_(maize)___healthy,0.0833333333333333,1.0,0.9166666666666667
finetune_s1,gaussian_noise,3,Tomato___Septoria_leaf_spot,0.0834803057025279,1.0,0.916519694297472
linear_probe_s42,gaussian_noise,3,Tomato___Early_blight,0.0,0.9156626506024096,0.9156626506024096
finetune_s0,gaussian_noise,3,"Pepper,_bell___Bacterial_spot",0.0851063829787234,1.0,0.9148936170212766
linear_probe_s42,low_light,3,Tomato___Leaf_Mold,0.0,0.9142857142857144,0.9142857142857144
finetune_s42,low_light,2,Apple___healthy,0.0869565217391304,1.0,0.9130434782608696
finetune_s42,low_light,2,Tomato___healthy,0.0895522388059701,1.0,0.9104477611940299
finetune_s0,low_light,3,Tomato___healthy,0.0919540229885057,1.0,0.9080459770114943
finetune_s0,low_light,3,"Pepper,_bell___Bacterial_spot",0.0930232558139534,1.0,0.9069767441860466
linear_probe_s1,gaussian_noise,3,Tomato___Early_blight,0.0,0.9069767441860463,0.9069767441860463
linear_probe_s1,low_light,3,Tomato___Early_blight,0.0,0.9069767441860463,0.9069767441860463
finetune_s1,gaussian_noise,3,Tomato___healthy,0.0941176470588235,1.0,0.9058823529411765
finetune_s1,motion_blur,3,"Pepper,_bell___Bacterial_spot",0.0952380952380952,1.0,0.9047619047619048
finetune_s42,gaussian_noise,2,Potato___Late_blight,0.0952380952380952,1.0,0.9047619047619048
finetune_s42,low_light,3,Blueberry___healthy,0.0952380952380952,1.0,0.9047619047619048
finetune_s42,motion_blur,3,Potato___Late_blight,0.0952380952380952,1.0,0.9047619047619048
finetune_s42,low_light,2,Tomato___Early_blight,0.0952380952380952,1.0,0.9047619047619048
linear_probe_s42,motion_blur,3,Potato___Late_blight,0.0952380952380952,1.0,0.9047619047619048
linear_probe_s42,gaussian_noise,3,"Pepper,_bell___healthy",0.0967741935483871,1.0,0.9032258064516129
finetune_s42,low_light,2,Tomato___Leaf_Mold,0.1,1.0,0.9
finetune_s0,gaussian_noise,3,Peach___Bacterial_spot,0.1020408163265306,1.0,0.8979591836734694
finetune_s0,gaussian_noise,3,Corn_(maize)___Northern_Leaf_Blight,0.0769230769230769,0.9743589743589745,0.8974358974358976
linear_probe_s0,gaussian_noise,3,Tomato___Late_blight,0.0512820512820512,0.948051948051948,0.8967698967698968
finetune_s0,low_light,3,Corn_(maize)___Northern_Leaf_Blight,0.0784313725490196,0.9743589743589745,0.8959276018099549
linear_probe_s1,motion_blur,3,Strawberry___healthy,0.1052631578947368,1.0,0.8947368421052632
linear_probe_s0,gaussian_noise,3,Strawberry___healthy,0.1052631578947368,1.0,0.8947368421052632
linear_probe_s42,gaussian_noise,3,Strawberry___healthy,0.1052631578947368,1.0,0.8947368421052632
finetune_s42,gaussian_noise,2,Strawberry___healthy,0.1052631578947368,1.0,0.8947368421052632
linear_probe_s1,motion_blur,3,Potato___Late_blight,0.0952380952380952,0.9873417721518988,0.8921036769138035
finetune_s0,motion_blur,3,Tomato___Bacterial_spot,0.1098901098901098,1.0,0.8901098901098902
finetune_s1,motion_blur,3,Grape___healthy,0.1111111111111111,1.0,0.8888888888888888
finetune_s0,gaussian_noise,2,Tomato___Spider_mites_Two-spotted_spider_mite,0.1111111111111111,1.0,0.8888888888888888
linear_probe_s1,motion_blur,3,Grape___healthy,0.1111111111111111,1.0,0.8888888888888888
linear_probe_s0,gaussian_noise,3,Grape___Black_rot,0.0816326530612244,0.9690721649484536,0.8874395118872292
linear_probe_s1,low_light,3,Tomato___Spider_mites_Two-spotted_spider_mite,0.0625,0.948905109489051,0.886405109489051
linear_probe_s1,gaussian_noise,3,Tomato___Spider_mites_Two-spotted_spider_mite,0.0631578947368421,0.948905109489051,0.885747214752209
finetune_s42,gaussian_noise,2,Tomato___healthy,0.1176470588235294,1.0,0.8823529411764706
finetune_s1,low_light,2,Grape___Black_rot,0.12,1.0,0.88
finetune_s1,gaussian_noise,3,Corn_(maize)___Cercospora_leaf_spot_Gray_leaf_spot,0.0952380952380952,0.9743589743589745,0.8791208791208792
finetune_s42,gaussian_noise,3,"Pepper,_bell___healthy",0.1212121212121212,1.0,0.8787878787878788
finetune_s1,gaussian_noise,3,"Pepper,_bell___healthy",0.123076923076923,1.0,0.876923076923077
linear_probe_s42,gaussian_noise,2,Tomato___Tomato_mosaic_virus,0.125,1.0,0.875
finetune_s0,low_light,3,Blueberry___healthy,0.125,1.0,0.875
linear_probe_s42,gaussian_noise,3,Tomato___Spider_mites_Two-spotted_spider_mite,0.075,0.948905109489051,0.8739051094890511
finetune_s1,gaussian_noise,2,Tomato___Septoria_leaf_spot,0.1278127812781278,1.0,0.8721872187218722
finetune_s0,gaussian_noise,3,Tomato___Septoria_leaf_spot,0.1285563751317176,1.0,0.8714436248682824
linear_probe_s1,motion_blur,3,Grape___Black_rot,0.0784313725490196,0.9494949494949496,0.8710635769459301
finetune_s0,gaussian_noise,3,Strawberry___Leaf_scorch,0.1299852289512555,1.0,0.8700147710487445
finetune_s0,low_light,3,Tomato___Septoria_leaf_spot,0.1305220883534136,1.0,0.8694779116465864
finetune_s0,low_light,3,Strawberry___Leaf_scorch,0.1312977099236641,1.0,0.8687022900763359
finetune_s1,gaussian_noise,3,Soybean___healthy,0.1316872427983539,1.0,0.8683127572016461
linear_probe_s42,low_light,3,Tomato___Early_blight,0.0476190476190476,0.9156626506024096,0.868043602983362
finetune_s0,low_light,2,Peach___healthy,0.1333333333333333,1.0,0.8666666666666667
finetune_s1,low_light,2,Tomato___Septoria_leaf_spot,0.1353670162059103,1.0,0.8646329837940897
linear_probe_s0,low_light,3,Tomato___Leaf_Mold,0.0952380952380952,0.958904109589041,0.8636660143509458
finetune_s1,low_light,3,Tomato___healthy,0.1383647798742138,1.0,0.8616352201257862
finetune_s1,low_light,3,Soybean___healthy,0.1393442622950819,1.0,0.8606557377049181
linear_probe_s0,gaussian_noise,3,Potato___Early_blight,0.1395348837209302,1.0,0.8604651162790697
finetune_s0,motion_blur,3,Potato___Early_blight,0.1395348837209302,1.0,0.8604651162790697
linear_probe_s0,gaussian_noise,3,Tomato___Spider_mites_Two-spotted_spider_mite,0.1081081081081081,0.9629629629629628,0.8548548548548547
linear_probe_s42,low_light,3,Apple___Black_rot,0.1481481481481481,1.0,0.8518518518518519
finetune_s1,gaussian_noise,2,Apple___Apple_scab,0.1481481481481481,1.0,0.8518518518518519
finetune_s1,low_light,3,"Pepper,_bell___healthy",0.1492537313432835,1.0,0.8507462686567164
finetune_s42,gaussian_noise,3,Corn_(maize)___Northern_Leaf_Blight,0.1252006420545746,0.975,0.8497993579454254
linear_probe_s1,low_light,3,Tomato___Leaf_Mold,0.0952380952380952,0.9444444444444444,0.8492063492063492
finetune_s42,motion_blur,3,Tomato___Septoria_leaf_spot,0.1518987341772152,1.0,0.8481012658227848
finetune_s0,gaussian_noise,2,Grape___Black_rot,0.1568627450980392,1.0,0.8431372549019608
linear_probe_s1,low_light,3,Corn_(maize)___Northern_Leaf_Blight,0.0930232558139534,0.935064935064935,0.8420416792509816
linear_probe_s1,gaussian_noise,3,Corn_(maize)___Northern_Leaf_Blight,0.0930232558139534,0.935064935064935,0.8420416792509816
finetune_s42,low_light,3,Corn_(maize)___Northern_Leaf_Blight,0.1333333333333333,0.975,0.8416666666666667
finetune_s42,gaussian_noise,2,Tomato___Target_Spot,0.1587301587301587,1.0,0.8412698412698413
linear_probe_s0,gaussian_noise,1,Tomato___Tomato_mosaic_virus,0.125,0.9655172413793104,0.8405172413793104
linear_probe_s0,low_light,1,Tomato___Tomato_mosaic_virus,0.125,0.9655172413793104,0.8405172413793104
finetune_s0,motion_blur,3,Cherry_(including_sour)___healthy,0.1621621621621621,1.0,0.8378378378378379
linear_probe_s1,motion_blur,3,Cherry_(including_sour)___Powdery_mildew,0.164271047227926,1.0,0.835728952772074
finetune_s1,low_light,2,Tomato___Spider_mites_Two-spotted_spider_mite,0.1643835616438356,1.0,0.8356164383561644
linear_probe_s42,low_light,3,Tomato___Late_blight,0.119047619047619,0.954248366013072,0.835200746965453
finetune_s42,jpeg,3,Apple___Cedar_apple_rust,0.1666666666666666,1.0,0.8333333333333334
finetune_s0,low_light,2,Apple___Cedar_apple_rust,0.1666666666666666,1.0,0.8333333333333334
finetune_s0,jpeg,3,Apple___Cedar_apple_rust,0.1666666666666666,1.0,0.8333333333333334
linear_probe_s42,motion_blur,3,Apple___Cedar_apple_rust,0.1666666666666666,1.0,0.8333333333333334
finetune_s1,low_light,2,Apple___Cedar_apple_rust,0.1666666666666666,1.0,0.8333333333333334
linear_probe_s1,motion_blur,3,Apple___Cedar_apple_rust,0.1666666666666666,1.0,0.8333333333333334
linear_probe_s0,low_light,3,Apple___Black_rot,0.1481481481481481,0.979591836734694,0.8314436885865458
linear_probe_s1,low_light,3,Apple___Black_rot,0.1481481481481481,0.979591836734694,0.8314436885865458
finetune_s0,gaussian_noise,2,Tomato___Septoria_leaf_spot,0.1692865779927448,1.0,0.8307134220072552
finetune_s0,motion_blur,3,Grape___Leaf_blight_(Isariopsis_Leaf_Spot),0.1702127659574468,1.0,0.8297872340425532
linear_probe_s1,motion_blur,3,Grape___Leaf_blight_(Isariopsis_Leaf_Spot),0.1702127659574468,1.0,0.8297872340425532
linear_probe_s42,gaussian_noise,3,Apple___Apple_scab,0.1724137931034483,1.0,0.8275862068965517
finetune_s42,gaussian_noise,2,Tomato___Septoria_leaf_spot,0.1727493917274939,1.0,0.8272506082725061
linear_probe_s42,low_light,3,Tomato___Spider_mites_Two-spotted_spider_mite,0.1219512195121951,0.948905109489051,0.8269538899768559
linear_probe_s0,low_light,3,Tomato___Late_blight,0.1219512195121951,0.948051948051948,0.8261007285397529
finetune_s0,low_light,3,Peach___Bacterial_spot,0.174757281553398,1.0,0.825242718446602
linear_probe_s1,motion_blur,3,Potato___Early_blight,0.1777777777777777,1.0,0.8222222222222223
finetune_s42,gaussian_noise,3,Peach___Bacterial_spot,0.1785714285714285,1.0,0.8214285714285715
finetune_s42,low_light,3,Tomato___Septoria_leaf_spot,0.1785714285714285,1.0,0.8214285714285715
finetune_s0,jpeg,3,Blueberry___healthy,0.1818181818181818,1.0,0.8181818181818182
linear_probe_s0,motion_blur,3,Potato___Late_blight,0.1818181818181818,1.0,0.8181818181818182
linear_probe_s0,low_light,3,Potato___Early_blight,0.1818181818181818,1.0,0.8181818181818182
linear_probe_s42,gaussian_noise,3,Potato___Early_blight,0.1818181818181818,1.0,0.8181818181818182
finetune_s42,jpeg,3,Blueberry___healthy,0.1818181818181818,1.0,0.8181818181818182
finetune_s1,motion_blur,3,Potato___Late_blight,0.1818181818181818,1.0,0.8181818181818182
linear_probe_s0,low_light,3,Apple___Apple_scab,0.1623931623931624,0.979591836734694,0.8171986743415316
linear_probe_s1,gaussian_noise,3,"Pepper,_bell___healthy",0.1846153846153846,1.0,0.8153846153846154
linear_probe_s0,gaussian_noise,3,Apple___Apple_scab,0.1643835616438356,0.979591836734694,0.8152082750908584
linear_probe_s42,gaussian_noise,3,Tomato___Leaf_Mold,0.1,0.9142857142857144,0.8142857142857144
finetune_s42,gaussian_noise,3,Tomato___Septoria_leaf_spot,0.1858267716535433,1.0,0.8141732283464567
finetune_s0,low_light,2,Tomato___Septoria_leaf_spot,0.1878306878306878,1.0,0.8121693121693122
finetune_s42,low_light,2,Tomato___Septoria_leaf_spot,0.1885790172642762,1.0,0.8114209827357238
linear_probe_s42,low_light,2,Tomato___Late_blight,0.1428571428571428,0.954248366013072,0.8113912231559292
linear_probe_s0,motion_blur,3,Tomato___Target_Spot,0.125,0.9357798165137616,0.8107798165137616
linear_probe_s1,motion_blur,3,Tomato___Target_Spot,0.0983606557377049,0.9090909090909092,0.8107302533532043
linear_probe_s42,low_light,3,Apple___Apple_scab,0.1895734597156398,1.0,0.8104265402843602
finetune_s0,low_light,3,Cherry_(including_sour)___healthy,0.1904761904761904,1.0,0.8095238095238095
finetune_s1,motion_blur,3,Corn_(maize)___healthy,0.1912681912681912,1.0,0.8087318087318088
finetune_s42,gaussian_noise,2,Grape___Black_rot,0.1923076923076923,1.0,0.8076923076923077
finetune_s1,gaussian_noise,2,Apple___Black_rot,0.1935483870967742,1.0,0.8064516129032258
finetune_s1,gaussian_noise,2,Tomato___healthy,0.1971830985915492,1.0,0.8028169014084507
linear_probe_s1,low_light,3,Apple___Apple_scab,0.1975308641975308,1.0,0.8024691358024691
linear_probe_s42,low_light,3,Strawberry___healthy,0.2,1.0,0.8
linear_probe_s1,low_light,3,Grape___healthy,0.2,1.0,0.8
linear_probe_s1,gaussian_noise,3,Strawberry___healthy,0.2,1.0,0.8
finetune_s1,gaussian_noise,2,Strawberry___healthy,0.2,1.0,0.8
linear_probe_s0,jpeg,3,Tomato___Early_blight,0.1276595744680851,0.926829268292683,0.7991696938245979
linear_probe_s42,low_light,3,Tomato___Bacterial_spot,0.1818181818181818,0.9761904761904762,0.7943722943722944
finetune_s1,low_light,3,Corn_(maize)___Cercospora_leaf_spot_Gray_leaf_spot,0.1818181818181818,0.9743589743589745,0.7925407925407927
linear_probe_s42,motion_blur,3,Tomato___Bacterial_spot,0.1836734693877551,0.9761904761904762,0.7925170068027211
linear_probe_s1,jpeg,3,Blueberry___healthy,0.208955223880597,1.0,0.791044776119403
linear_probe_s1,gaussian_noise,3,Grape___healthy,0.2105263157894736,1.0,0.7894736842105264
linear_probe_s42,low_light,3,"Pepper,_bell___healthy",0.2121212121212121,1.0,0.7878787878787878
finetune_s42,motion_blur,3,"Pepper,_bell___healthy",0.2121212121212121,1.0,0.7878787878787878
finetune_s42,low_light,3,Peach___Bacterial_spot,0.2123893805309734,1.0,0.7876106194690267
linear_probe_s1,gaussian_noise,3,Apple___Apple_scab,0.2127659574468085,1.0,0.7872340425531915
finetune_s42,low_light,2,Tomato___Spider_mites_Two-spotted_spider_mite,0.2133333333333333,1.0,0.7866666666666667
finetune_s0,motion_blur,3,Apple___Black_rot,0.2142857142857142,1.0,0.7857142857142858
linear_probe_s0,jpeg,3,Apple___Cedar_apple_rust,0.1666666666666666,0.9523809523809524,0.7857142857142858
linear_probe_s0,motion_blur,3,Apple___Cedar_apple_rust,0.1666666666666666,0.9523809523809524,0.7857142857142858
linear_probe_s42,gaussian_noise,3,Apple___Black_rot,0.2142857142857142,1.0,0.7857142857142858
linear_probe_s42,gaussian_noise,3,Tomato___Late_blight,0.1686746987951807,0.954248366013072,0.7855736672178912
linear_probe_s1,motion_blur,3,Cherry_(including_sour)___healthy,0.2,0.9855072463768116,0.7855072463768116
finetune_s0,gaussian_noise,2,Apple___healthy,0.2162162162162162,1.0,0.7837837837837838
linear_probe_s0,low_light,3,Tomato___Spider_mites_Two-spotted_spider_mite,0.180327868852459,0.9629629629629628,0.7826350941105038
linear_probe_s42,motion_blur,3,Potato___Early_blight,0.217391304347826,1.0,0.7826086956521741
linear_probe_s0,gaussian_noise,2,Tomato___Late_blight,0.1666666666666666,0.948051948051948,0.7813852813852814
linear_probe_s42,gaussian_noise,3,Tomato___Bacterial_spot,0.1981981981981982,0.9761904761904762,0.777992277992278
finetune_s0,motion_blur,3,Corn_(maize)___healthy,0.2222222222222222,1.0,0.7777777777777778
linear_probe_s1,gaussian_noise,3,Potato___Early_blight,0.2222222222222222,1.0,0.7777777777777778
linear_probe_s42,low_light,3,Potato___Early_blight,0.2222222222222222,1.0,0.7777777777777778
linear_probe_s1,gaussian_noise,2,Tomato___Late_blight,0.1428571428571428,0.9171974522292994,0.7743403093721566
finetune_s0,gaussian_noise,3,Cherry_(including_sour)___healthy,0.2272727272727272,1.0,0.7727272727272728
linear_probe_s1,low_light,3,Tomato___Late_blight,0.144578313253012,0.9171974522292994,0.7726191389762874
linear_probe_s0,gaussian_noise,3,Corn_(maize)___Northern_Leaf_Blight,0.1777777777777777,0.95,0.7722222222222223
linear_probe_s1,gaussian_noise,3,Tomato___Late_blight,0.1463414634146341,0.9171974522292994,0.7708559888146653
finetune_s42,low_light,3,"Pepper,_bell___Bacterial_spot",0.2297297297297297,1.0,0.7702702702702703
linear_probe_s0,gaussian_noise,3,Tomato___Leaf_Mold,0.1904761904761904,0.958904109589041,0.7684279191128507
linear_probe_s0,low_light,3,Corn_(maize)___Northern_Leaf_Blight,0.1818181818181818,0.95,0.7681818181818182
finetune_s0,low_light,2,Tomato___Spider_mites_Two-spotted_spider_mite,0.2337662337662337,1.0,0.7662337662337663
linear_probe_s1,gaussian_noise,3,Peach___healthy,0.1971830985915492,0.9629629629629628,0.7657798643714135
linear_probe_s1,gaussian_noise,3,Apple___Black_rot,0.2142857142857142,0.979591836734694,0.7653061224489798
linear_probe_s0,motion_blur,3,Apple___Black_rot,0.2142857142857142,0.979591836734694,0.7653061224489798
linear_probe_s0,gaussian_noise,3,Apple___Black_rot,0.2142857142857142,0.979591836734694,0.7653061224489798
finetune_s1,low_light,1,Tomato___Bacterial_spot,0.2291666666666666,0.9940828402366864,0.7649161735700197
finetune_s1,motion_blur,3,Tomato___Bacterial_spot,0.2291666666666666,0.9940828402366864,0.7649161735700197
linear_probe_s1,gaussian_noise,1,Tomato___Tomato_mosaic_virus,0.2352941176470588,1.0,0.7647058823529412
linear_probe_s0,jpeg,3,Blueberry___healthy,0.2352941176470588,1.0,0.7647058823529412
linear_probe_s1,low_light,3,"Pepper,_bell___healthy",0.2352941176470588,1.0,0.7647058823529412
linear_probe_s42,gaussian_noise,1,Tomato___Tomato_mosaic_virus,0.2352941176470588,1.0,0.7647058823529412
linear_probe_s1,gaussian_noise,2,Raspberry___healthy,0.2352941176470588,1.0,0.7647058823529412
linear_probe_s42,motion_blur,3,Tomato___Tomato_mosaic_virus,0.2352941176470588,1.0,0.7647058823529412
finetune_s1,jpeg,3,Blueberry___healthy,0.2352941176470588,1.0,0.7647058823529412
finetune_s42,motion_blur,3,Squash___Powdery_mildew,0.238095238095238,1.0,0.761904761904762
finetune_s1,motion_blur,3,Squash___Powdery_mildew,0.238095238095238,1.0,0.761904761904762
linear_probe_s0,low_light,2,Tomato___Late_blight,0.188235294117647,0.948051948051948,0.759816653934301
finetune_s1,low_light,2,Tomato___healthy,0.2432432432432432,1.0,0.7567567567567568
finetune_s42,motion_blur,3,Corn_(maize)___healthy,0.2446808510638297,1.0,0.7553191489361704
linear_probe_s0,motion_blur,3,Grape___Leaf_blight_(Isariopsis_Leaf_Spot),0.2448979591836734,1.0,0.7551020408163266
finetune_s42,low_light,2,Tomato___Target_Spot,0.2461538461538461,1.0,0.7538461538461538
finetune_s42,gaussian_noise,3,"Pepper,_bell___Bacterial_spot",0.2463768115942029,1.0,0.7536231884057971
finetune_s0,low_light,1,Tomato___Bacterial_spot,0.2474226804123711,1.0,0.7525773195876289
finetune_s0,motion_blur,3,Tomato___Early_blight,0.2523364485981308,1.0,0.7476635514018692
finetune_s42,gaussian_noise,2,Soybean___healthy,0.2553191489361702,1.0,0.7446808510638299
finetune_s1,low_light,2,Potato___Early_blight,0.2553191489361702,1.0,0.7446808510638299
finetune_s42,gaussian_noise,1,Tomato___Early_blight,0.2608695652173913,1.0,0.7391304347826086
linear_probe_s0,low_light,3,Grape___Esca_(Black_Measles),0.2539682539682539,0.9908256880733946,0.7368574341051406
linear_probe_s42,motion_blur,3,Tomato___Early_blight,0.1789473684210526,0.9156626506024096,0.736715282181357
linear_probe_s0,gaussian_noise,3,"Pepper,_bell___healthy",0.2647058823529412,1.0,0.7352941176470589
finetune_s1,motion_blur,3,Corn_(maize)___Cercospora_leaf_spot_Gray_leaf_spot,0.24,0.9743589743589745,0.7343589743589745
finetune_s0,gaussian_noise,2,Apple___Black_rot,0.2666666666666666,1.0,0.7333333333333334
linear_probe_s42,gaussian_noise,3,Tomato___Target_Spot,0.2242152466367713,0.9557522123893806,0.7315369657526093
linear_probe_s0,gaussian_noise,3,Corn_(maize)___Cercospora_leaf_spot_Gray_leaf_spot,0.1339712918660287,0.8648648648648649,0.7308935729988362
finetune_s42,gaussian_noise,3,Strawberry___Leaf_scorch,0.2697368421052631,1.0,0.730263157894737
linear_probe_s1,gaussian_noise,3,Tomato___Target_Spot,0.1795511221945137,0.9090909090909092,0.7295397868963955
linear_probe_s1,jpeg,3,Cherry_(including_sour)___healthy,0.2564102564102564,0.9855072463768116,0.7290969899665553
linear_probe_s1,gaussian_noise,3,Tomato___Tomato_Yellow_Leaf_Curl_Virus,0.2672064777327935,0.993006993006993,0.7258005152741995
linear_probe_s42,gaussian_noise,2,Tomato___Late_blight,0.2298850574712643,0.954248366013072,0.7243633085418076
linear_probe_s1,low_light,3,Peach___healthy,0.2388059701492537,0.9629629629629628,0.724156992813709
linear_probe_s42,motion_blur,3,Apple___Black_rot,0.2758620689655172,1.0,0.7241379310344829
finetune_s42,gaussian_noise,2,Apple___Apple_scab,0.2758620689655172,1.0,0.7241379310344829
finetune_s0,motion_blur,3,Squash___Powdery_mildew,0.2758620689655172,1.0,0.7241379310344829
linear_probe_s42,low_light,3,Tomato___Target_Spot,0.2318840579710145,0.9557522123893806,0.723868154418366
finetune_s0,motion_blur,3,Tomato___Target_Spot,0.2769230769230769,1.0,0.7230769230769232
finetune_s0,jpeg,3,Tomato___Spider_mites_Two-spotted_spider_mite,0.2784810126582278,1.0,0.7215189873417722
finetune_s1,gaussian_noise,3,Grape___Esca_(Black_Measles),0.28125,1.0,0.71875
finetune_s1,low_light,3,"Pepper,_bell___Bacterial_spot",0.2816901408450704,1.0,0.7183098591549296
linear_probe_s42,motion_blur,3,Apple___healthy,0.282051282051282,1.0,0.7179487179487181
linear_probe_s1,gaussian_noise,3,Tomato___Leaf_Mold,0.2272727272727272,0.9444444444444444,0.7171717171717172
linear_probe_s1,jpeg,3,Tomato___Early_blight,0.1904761904761904,0.9069767441860463,0.7165005537098559
finetune_s42,low_light,3,Strawberry___Leaf_scorch,0.2838283828382838,1.0,0.7161716171617162
linear_probe_s1,low_light,3,Tomato___Target_Spot,0.1945945945945946,0.9090909090909092,0.7144963144963146
linear_probe_s0,jpeg,2,Potato___healthy,0.2857142857142857,1.0,0.7142857142857143
linear_probe_s1,jpeg,2,Potato___healthy,0.2857142857142857,1.0,0.7142857142857143
linear_probe_s0,low_light,3,"Pepper,_bell___healthy",0.2857142857142857,1.0,0.7142857142857143
finetune_s0,motion_blur,2,Strawberry___healthy,0.2857142857142857,1.0,0.7142857142857143
linear_probe_s0,low_light,3,Strawberry___healthy,0.2857142857142857,1.0,0.7142857142857143
finetune_s42,motion_blur,2,Potato___healthy,0.2857142857142857,1.0,0.7142857142857143
linear_probe_s1,motion_blur,3,Tomato___Early_blight,0.1935483870967742,0.9069767441860463,0.7134283570892721
linear_probe_s42,gaussian_noise,3,Tomato___Septoria_leaf_spot,0.250996015936255,0.9640287769784172,0.7130327610421622
linear_probe_s42,low_light,3,Tomato___Septoria_leaf_spot,0.2519083969465648,0.9640287769784172,0.7121203800318523
linear_probe_s1,gaussian_noise,3,Corn_(maize)___Cercospora_leaf_spot_Gray_leaf_spot,0.1379310344827586,0.85,0.7120689655172414
finetune_s0,motion_blur,3,Tomato___Septoria_leaf_spot,0.2891566265060241,1.0,0.7108433734939759
finetune_s42,jpeg,3,"Pepper,_bell___healthy",0.2898550724637681,1.0,0.7101449275362319
linear_probe_s0,gaussian_noise,3,Grape___Esca_(Black_Measles),0.28125,0.9908256880733946,0.7095756880733946
finetune_s0,motion_blur,3,Grape___Black_rot,0.2909090909090909,1.0,0.7090909090909091
finetune_s0,motion_blur,3,Potato___Late_blight,0.2916666666666667,1.0,0.7083333333333333
finetune_s1,gaussian_noise,3,"Pepper,_bell___Bacterial_spot",0.2941176470588235,1.0,0.7058823529411765
linear_probe_s1,low_light,3,Tomato___Tomato_Yellow_Leaf_Curl_Virus,0.288,0.993006993006993,0.7050069930069931
linear_probe_s0,motion_blur,3,Potato___Early_blight,0.2950819672131147,1.0,0.7049180327868854
linear_probe_s1,low_light,3,Potato___Early_blight,0.2978723404255319,1.0,0.7021276595744681
linear_probe_s1,motion_blur,2,Tomato___Target_Spot,0.208955223880597,0.9090909090909092,0.7001356852103122
linear_probe_s1,low_light,3,Tomato___Septoria_leaf_spot,0.2583333333333333,0.9565217391304348,0.6981884057971015
linear_probe_s42,gaussian_noise,3,Peach___healthy,0.2666666666666666,0.9629629629629628,0.6962962962962962
finetune_s42,motion_blur,3,Apple___Apple_scab,0.3037974683544304,1.0,0.6962025316455696
finetune_s42,low_light,2,Soybean___healthy,0.3057851239669421,1.0,0.694214876033058
finetune_s42,gaussian_noise,1,Tomato___Septoria_leaf_spot,0.3060344827586206,1.0,0.6939655172413794
linear_probe_s0,gaussian_noise,3,Tomato___Target_Spot,0.2419354838709677,0.9357798165137616,0.6938443326427939
linear_probe_s0,gaussian_noise,3,Tomato___Tomato_Yellow_Leaf_Curl_Virus,0.2948207171314741,0.9883449883449884,0.6935242712135143
finetune_s1,motion_blur,3,Apple___Cedar_apple_rust,0.3076923076923077,1.0,0.6923076923076923
linear_probe_s1,jpeg,2,Apple___Cedar_apple_rust,0.3076923076923077,1.0,0.6923076923076923
linear_probe_s42,jpeg,2,Apple___Cedar_apple_rust,0.3076923076923077,1.0,0.6923076923076923
finetune_s1,gaussian_noise,2,Apple___Cedar_apple_rust,0.3076923076923077,1.0,0.6923076923076923
finetune_s0,gaussian_noise,2,Tomato___Tomato_mosaic_virus,0.3076923076923077,1.0,0.6923076923076923
linear_probe_s1,low_light,2,Apple___Cedar_apple_rust,0.3076923076923077,1.0,0.6923076923076923
linear_probe_s0,low_light,3,Tomato___Target_Spot,0.2436974789915966,0.9357798165137616,0.692082337522165
linear_probe_s42,jpeg,3,Tomato___Septoria_leaf_spot,0.2732919254658385,0.9640287769784172,0.6907368515125787
linear_probe_s42,gaussian_noise,3,Grape___Esca_(Black_Measles),0.28125,0.97196261682243,0.69071261682243
finetune_s1,gaussian_noise,1,Tomato___Septoria_leaf_spot,0.3093681917211329,1.0,0.6906318082788672
linear_probe_s42,jpeg,3,Blueberry___healthy,0.3098591549295774,1.0,0.6901408450704226
linear_probe_s0,motion_blur,3,Corn_(maize)___Northern_Leaf_Blight,0.2613065326633166,0.95,0.6886934673366834
finetune_s0,low_light,2,Tomato___healthy,0.3116883116883117,1.0,0.6883116883116883
linear_probe_s0,motion_blur,3,Tomato___Early_blight,0.2386363636363636,0.926829268292683,0.6881929046563193
linear_probe_s1,low_light,2,Tomato___Late_blight,0.2298850574712643,0.9171974522292994,0.6873123947580351
linear_probe_s42,motion_blur,2,Tomato___Target_Spot,0.2686567164179104,0.9557522123893806,0.6870954959714701
finetune_s1,low_light,3,Corn_(maize)___Northern_Leaf_Blight,0.3018867924528302,0.9873417721518988,0.6854549796990685
linear_probe_s1,gaussian_noise,3,Tomato___Septoria_leaf_spot,0.2731092436974789,0.9565217391304348,0.6834124954329559
linear_probe_s0,low_light,3,Corn_(maize)___Cercospora_leaf_spot_Gray_leaf_spot,0.1837837837837838,0.8648648648648649,0.6810810810810811
finetune_s1,motion_blur,3,Grape___Black_rot,0.3214285714285714,1.0,0.6785714285714286
linear_probe_s0,gaussian_noise,3,Tomato___Septoria_leaf_spot,0.273542600896861,0.951048951048951,0.67750635015209
linear_probe_s0,low_light,3,Tomato___Septoria_leaf_spot,0.2771855010660981,0.951048951048951,0.673863449982853
linear_probe_s42,motion_blur,3,Cherry_(including_sour)___Powdery_mildew,0.3265306122448979,1.0,0.6734693877551021
finetune_s1,gaussian_noise,2,Potato___Early_blight,0.3265306122448979,1.0,0.6734693877551021
linear_probe_s42,gaussian_noise,3,Potato___healthy,0.25,0.9230769230769232,0.6730769230769232
finetune_s42,gaussian_noise,3,Corn_(maize)___Common_rust_,0.3276450511945392,1.0,0.6723549488054608
finetune_s0,gaussian_noise,3,Corn_(maize)___Cercospora_leaf_spot_Gray_leaf_spot,0.2777777777777778,0.95,0.6722222222222222
linear_probe_s0,jpeg,3,Tomato___Septoria_leaf_spot,0.2790697674418604,0.951048951048951,0.6719791836070906
finetune_s1,low_light,2,Tomato___Tomato_mosaic_virus,0.3283582089552239,1.0,0.6716417910447761
finetune_s42,motion_blur,3,Tomato___Target_Spot,0.3283582089552239,1.0,0.6716417910447761
linear_probe_s42,motion_blur,2,Tomato___Early_blight,0.2443729903536977,0.9156626506024096,0.671289660248712
linear_probe_s1,low_light,3,Corn_(maize)___Cercospora_leaf_spot_Gray_leaf_spot,0.1798941798941798,0.85,0.6701058201058202
linear_probe_s42,jpeg,3,Tomato___Early_blight,0.2456140350877192,0.9156626506024096,0.6700486155146904
linear_probe_s1,motion_blur,3,Peach___healthy,0.2950819672131147,0.9629629629629628,0.6678809957498482
linear_probe_s1,motion_blur,3,Apple___healthy,0.325,0.9924812030075189,0.6674812030075188
linear_probe_s0,motion_blur,3,Apple___healthy,0.325,0.9924812030075189,0.6674812030075188
finetune_s42,motion_blur,3,Tomato___Bacterial_spot,0.3269230769230769,0.9940828402366864,0.6671597633136095
linear_probe_s1,motion_blur,3,Tomato___Spider_mites_Two-spotted_spider_mite,0.282051282051282,0.948905109489051,0.6668538274377691
linear_probe_s1,low_light,1,Tomato___Tomato_mosaic_virus,0.3333333333333333,1.0,0.6666666666666667
finetune_s1,low_light,2,Apple___Apple_scab,0.3333333333333333,1.0,0.6666666666666667
finetune_s42,motion_blur,3,Raspberry___healthy,0.3333333333333333,1.0,0.6666666666666667
finetune_s42,low_light,2,Potato___Late_blight,0.3333333333333333,1.0,0.6666666666666667
finetune_s1,motion_blur,3,Apple___Apple_scab,0.3333333333333333,1.0,0.6666666666666667
linear_probe_s42,gaussian_noise,2,Raspberry___healthy,0.3333333333333333,1.0,0.6666666666666667
linear_probe_s42,motion_blur,2,Potato___Early_blight,0.3333333333333333,1.0,0.6666666666666667
linear_probe_s42,low_light,1,Tomato___Tomato_mosaic_virus,0.3333333333333333,1.0,0.6666666666666667
finetune_s42,motion_blur,2,Potato___Early_blight,0.3333333333333333,1.0,0.6666666666666667
linear_probe_s1,jpeg,2,Tomato___Tomato_mosaic_virus,0.3333333333333333,1.0,0.6666666666666667
finetune_s1,gaussian_noise,2,Raspberry___healthy,0.3333333333333333,1.0,0.6666666666666667
linear_probe_s0,jpeg,3,Tomato___Spider_mites_Two-spotted_spider_mite,0.2988505747126437,0.9629629629629628,0.664112388250319
finetune_s42,gaussian_noise,1,Tomato___Late_blight,0.3296703296703296,0.9934640522875816,0.663793722617252
linear_probe_s1,gaussian_noise,3,Tomato___healthy,0.3291139240506329,0.9921259842519684,0.6630120602013355
finetune_s0,gaussian_noise,3,"Pepper,_bell___healthy",0.3380281690140845,1.0,0.6619718309859155
linear_probe_s42,motion_blur,3,"Pepper,_bell___healthy",0.3380281690140845,1.0,0.6619718309859155
finetune_s0,low_light,3,"Pepper,_bell___healthy",0.3380281690140845,1.0,0.6619718309859155
linear_probe_s0,motion_blur,3,Tomato___Tomato_mosaic_virus,0.3037974683544304,0.9655172413793104,0.66171977302488
linear_probe_s42,jpeg,3,Cherry_(including_sour)___healthy,0.3414634146341463,1.0,0.6585365853658537
linear_probe_s42,gaussian_noise,3,Apple___healthy,0.3448275862068966,1.0,0.6551724137931034
finetune_s42,gaussian_noise,3,Apple___Black_rot,0.3461538461538461,1.0,0.653846153846154
finetune_s1,motion_blur,3,"Pepper,_bell___healthy",0.3466666666666667,1.0,0.6533333333333333
linear_probe_s42,motion_blur,3,Cherry_(including_sour)___healthy,0.3478260869565217,1.0,0.6521739130434783
linear_probe_s0,jpeg,3,Cherry_(including_sour)___healthy,0.3333333333333333,0.9855072463768116,0.6521739130434783
linear_probe_s0,low_light,2,Tomato___Leaf_Mold,0.3111111111111111,0.958904109589041,0.6477929984779299
linear_probe_s0,low_light,3,Tomato___Tomato_Yellow_Leaf_Curl_Virus,0.3410852713178294,0.9883449883449884,0.647259717027159
finetune_s0,low_light,3,Corn_(maize)___Cercospora_leaf_spot_Gray_leaf_spot,0.303030303030303,0.95,0.646969696969697
linear_probe_s1,motion_blur,2,Apple___Black_rot,0.3333333333333333,0.979591836734694,0.6462585034013606
linear_probe_s0,jpeg,3,Apple___Black_rot,0.3333333333333333,0.979591836734694,0.6462585034013606
linear_probe_s0,motion_blur,3,Tomato___Bacterial_spot,0.3185840707964602,0.9642857142857144,0.6457016434892542
linear_probe_s42,motion_blur,3,Tomato___Spider_mites_Two-spotted_spider_mite,0.3037974683544304,0.948905109489051,0.6451076411346206
finetune_s42,low_light,3,Corn_(maize)___Common_rust_,0.3555555555555555,1.0,0.6444444444444445
linear_probe_s1,motion_blur,2,Potato___Early_blight,0.36,1.0,0.64
linear_probe_s1,gaussian_noise,2,Tomato___Bacterial_spot,0.3300970873786408,0.9696969696969696,0.6395998823183289
finetune_s1,motion_blur,3,Tomato___Early_blight,0.3615819209039548,1.0,0.6384180790960452
linear_probe_s1,jpeg,3,Tomato___Septoria_leaf_spot,0.3181818181818182,0.9565217391304348,0.6383399209486167
linear_probe_s1,motion_blur,2,Tomato___Early_blight,0.2692307692307692,0.9069767441860463,0.6377459749552772
linear_probe_s42,low_light,3,Peach___healthy,0.3255813953488372,0.9629629629629628,0.6373815676141257
linear_probe_s42,jpeg,2,Potato___healthy,0.2857142857142857,0.9230769230769232,0.6373626373626375
finetune_s42,low_light,2,Strawberry___healthy,0.3636363636363636,1.0,0.6363636363636365
finetune_s1,low_light,2,Apple___Black_rot,0.3636363636363636,1.0,0.6363636363636365
finetune_s1,motion_blur,3,Strawberry___healthy,0.3636363636363636,1.0,0.6363636363636365
linear_probe_s42,motion_blur,3,Corn_(maize)___Northern_Leaf_Blight,0.3251231527093596,0.961038961038961,0.6359158083296015
linear_probe_s42,motion_blur,2,Tomato___Spider_mites_Two-spotted_spider_mite,0.3132530120481928,0.948905109489051,0.6356520974408583
finetune_s0,low_light,2,Tomato___Tomato_mosaic_virus,0.3666666666666666,1.0,0.6333333333333334
finetune_s0,gaussian_noise,2,Tomato___Leaf_Mold,0.3673469387755102,1.0,0.6326530612244898
finetune_s0,gaussian_noise,1,Tomato___Early_blight,0.3673469387755102,1.0,0.6326530612244898
linear_probe_s0,jpeg,2,Tomato___Tomato_mosaic_virus,0.3333333333333333,0.9655172413793104,0.632183908045977
linear_probe_s42,low_light,3,"Pepper,_bell___Bacterial_spot",0.3680981595092024,1.0,0.6319018404907977
linear_probe_s0,low_light,3,Peach___healthy,0.2926829268292683,0.9230769230769232,0.630393996247655
finetune_s0,gaussian_noise,1,Tomato___Septoria_leaf_spot,0.3697916666666667,1.0,0.6302083333333333
finetune_s42,gaussian_noise,2,Strawberry___Leaf_scorch,0.3713080168776371,1.0,0.628691983122363
finetune_s1,motion_blur,3,Corn_(maize)___Common_rust_,0.3728813559322034,1.0,0.6271186440677966
linear_probe_s0,motion_blur,3,Corn_(maize)___healthy,0.3739837398373983,1.0,0.6260162601626017
linear_probe_s1,gaussian_noise,2,Tomato___Target_Spot,0.2831325301204819,0.9090909090909092,0.6259583789704273
linear_probe_s0,jpeg,3,Grape___Black_rot,0.3448275862068966,0.9690721649484536,0.624244578741557
finetune_s1,gaussian_noise,2,Tomato___Tomato_mosaic_virus,0.3773584905660377,1.0,0.6226415094339623
finetune_s42,low_light,3,Apple___Black_rot,0.3773584905660377,1.0,0.6226415094339623
finetune_s1,gaussian_noise,2,Squash___Powdery_mildew,0.3777777777777777,1.0,0.6222222222222222
linear_probe_s1,motion_blur,2,Tomato___Bacterial_spot,0.3495145631067961,0.9696969696969696,0.6201824065901735
finetune_s1,gaussian_noise,3,Peach___Bacterial_spot,0.3801652892561983,1.0,0.6198347107438017
linear_probe_s1,motion_blur,3,Tomato___Tomato_mosaic_virus,0.3809523809523809,1.0,0.6190476190476191
linear_probe_s42,low_light,3,Grape___healthy,0.3846153846153846,1.0,0.6153846153846154
finetune_s1,low_light,2,Strawberry___healthy,0.3846153846153846,1.0,0.6153846153846154
linear_probe_s42,gaussian_noise,3,Potato___Late_blight,0.3859649122807017,1.0,0.6140350877192984
finetune_s1,low_light,3,Corn_(maize)___healthy,0.3859649122807017,1.0,0.6140350877192984
finetune_s42,motion_blur,3,Corn_(maize)___Cercospora_leaf_spot_Gray_leaf_spot,0.3333333333333333,0.9473684210526316,0.6140350877192984
linear_probe_s42,low_light,3,Grape___Esca_(Black_Measles),0.3582089552238806,0.97196261682243,0.6137536615985495
linear_probe_s42,jpeg,3,Apple___Black_rot,0.3870967741935484,1.0,0.6129032258064516
linear_probe_s42,motion_blur,2,Apple___Black_rot,0.3870967741935484,1.0,0.6129032258064516
linear_probe_s1,jpeg,3,Peach___healthy,0.3529411764705882,0.9629629629629628,0.6100217864923746
finetune_s0,jpeg,3,Apple___healthy,0.3902439024390244,1.0,0.6097560975609756
linear_probe_s42,motion_blur,2,Potato___Late_blight,0.392156862745098,1.0,0.607843137254902
linear_probe_s42,gaussian_noise,3,"Pepper,_bell___Bacterial_spot",0.3924050632911392,1.0,0.6075949367088608
linear_probe_s1,low_light,3,Tomato___healthy,0.3855421686746988,0.9921259842519684,0.6065838155772696
linear_probe_s0,gaussian_noise,3,Peach___healthy,0.3181818181818182,0.9230769230769232,0.604895104895105
linear_probe_s0,motion_blur,3,Cherry_(including_sour)___Powdery_mildew,0.3956043956043956,1.0,0.6043956043956045
linear_probe_s1,motion_blur,3,Corn_(maize)___Northern_Leaf_Blight,0.3316062176165803,0.935064935064935,0.6034587174483548
finetune_s42,low_light,1,Tomato___Septoria_leaf_spot,0.3977591036414565,1.0,0.6022408963585435
finetune_s1,low_light,1,Tomato___Septoria_leaf_spot,0.398876404494382,1.0,0.601123595505618
linear_probe_s0,gaussian_noise,3,Apple___healthy,0.3917525773195876,0.9924812030075189,0.6007286256879312
finetune_s1,motion_blur,2,Tomato___Septoria_leaf_spot,0.4,1.0,0.6
finetune_s42,motion_blur,3,Grape___Leaf_blight_(Isariopsis_Leaf_Spot),0.4,1.0,0.6
finetune_s1,jpeg,3,Apple___Cedar_apple_rust,0.4,1.0,0.6
finetune_s42,jpeg,3,Corn_(maize)___Cercospora_leaf_spot_Gray_leaf_spot,0.3478260869565217,0.9473684210526316,0.5995423340961099
linear_probe_s0,motion_blur,2,Tomato___Target_Spot,0.3380281690140845,0.9357798165137616,0.5977516474996771
linear_probe_s0,jpeg,3,Tomato___Target_Spot,0.3380281690140845,0.9357798165137616,0.5977516474996771
linear_probe_s42,jpeg,3,Tomato___Spider_mites_Two-spotted_spider_mite,0.3516483516483517,0.948905109489051,0.5972567578406993
finetune_s0,gaussian_noise,2,Tomato___healthy,0.4047619047619047,1.0,0.5952380952380953
finetune_s42,motion_blur,3,Tomato___Early_blight,0.4047619047619047,1.0,0.5952380952380953
linear_probe_s0,motion_blur,3,Peach___healthy,0.3287671232876712,0.9230769230769232,0.594309799789252
linear_probe_s42,jpeg,3,Apple___Apple_scab,0.4057971014492754,1.0,0.5942028985507246
finetune_s1,low_light,3,Grape___Esca_(Black_Measles),0.4057971014492754,1.0,0.5942028985507246
linear_probe_s1,gaussian_noise,2,Tomato___Early_blight,0.3137254901960784,0.9069767441860463,0.5932512539899679
finetune_s0,motion_blur,2,Tomato___Bacterial_spot,0.4074074074074074,1.0,0.5925925925925926
linear_probe_s42,gaussian_noise,3,Blueberry___healthy,0.4077669902912621,1.0,0.5922330097087378
linear_probe_s1,motion_blur,2,Tomato___Spider_mites_Two-spotted_spider_mite,0.3571428571428571,0.948905109489051,0.591762252346194
linear_probe_s0,motion_blur,3,Apple___Apple_scab,0.3902439024390244,0.979591836734694,0.5893479342956696
linear_probe_s1,jpeg,3,Grape___Black_rot,0.360655737704918,0.9494949494949496,0.5888392117900316
finetune_s0,low_light,2,Apple___Black_rot,0.4117647058823529,1.0,0.5882352941176471
linear_probe_s42,motion_blur,3,Peach___healthy,0.375,0.9629629629629628,0.5879629629629628
finetune_s0,gaussian_noise,2,Soybean___healthy,0.4124513618677042,1.0,0.5875486381322959
finetune_s1,gaussian_noise,3,Corn_(maize)___Northern_Leaf_Blight,0.4,0.9873417721518988,0.5873417721518988
finetune_s42,motion_blur,3,Grape___Black_rot,0.4126984126984127,1.0,0.5873015873015873
linear_probe_s0,low_light,3,Potato___Late_blight,0.4126984126984127,1.0,0.5873015873015873
finetune_s1,low_light,2,Squash___Powdery_mildew,0.4130434782608695,1.0,0.5869565217391305
finetune_s1,gaussian_noise,1,Tomato___Late_blight,0.4,0.986842105263158,0.5868421052631579
linear_probe_s1,gaussian_noise,3,Grape___Esca_(Black_Measles),0.3768115942028985,0.9622641509433962,0.5854525567404978
linear_probe_s42,low_light,3,Potato___Late_blight,0.4150943396226415,1.0,0.5849056603773586
linear_probe_s0,jpeg,3,Apple___Apple_scab,0.3956043956043956,0.979591836734694,0.5839874411302983
finetune_s42,gaussian_noise,1,Tomato___Leaf_Mold,0.4166666666666667,1.0,0.5833333333333333
finetune_s42,low_light,1,Tomato___Bacterial_spot,0.411214953271028,0.9940828402366864,0.5828678869656583
linear_probe_s0,motion_blur,3,Tomato___Spider_mites_Two-spotted_spider_mite,0.3809523809523809,0.9629629629629628,0.5820105820105819
linear_probe_s42,motion_blur,3,Tomato___Late_blight,0.3725490196078431,0.954248366013072,0.5816993464052289
finetune_s42,motion_blur,3,Cherry_(including_sour)___healthy,0.4186046511627907,1.0,0.5813953488372092
finetune_s0,motion_blur,3,Corn_(maize)___Cercospora_leaf_spot_Gray_leaf_spot,0.3703703703703703,0.95,0.5796296296296297
linear_probe_s42,jpeg,3,Raspberry___healthy,0.4210526315789473,1.0,0.5789473684210527
linear_probe_s1,jpeg,3,Raspberry___healthy,0.4210526315789473,1.0,0.5789473684210527
linear_probe_s0,motion_blur,2,Raspberry___healthy,0.4210526315789473,1.0,0.5789473684210527
finetune_s1,low_light,2,Raspberry___healthy,0.4210526315789473,1.0,0.5789473684210527
linear_probe_s0,jpeg,3,Raspberry___healthy,0.4210526315789473,1.0,0.5789473684210527
linear_probe_s0,gaussian_noise,2,Tomato___Target_Spot,0.3571428571428571,0.9357798165137616,0.5786369593709045
linear_probe_s1,jpeg,3,Tomato___Spider_mites_Two-spotted_spider_mite,0.3711340206185567,0.948905109489051,0.5777710888704943
linear_probe_s0,low_light,3,Apple___healthy,0.4158415841584158,0.9924812030075189,0.576639618849103
linear_probe_s0,gaussian_noise,2,Tomato___Leaf_Mold,0.3829787234042553,0.958904109589041,0.5759253861847857
linear_probe_s0,gaussian_noise,2,Tomato___Early_blight,0.3529411764705882,0.926829268292683,0.5738880918220948
finetune_s0,motion_blur,3,Corn_(maize)___Common_rust_,0.4262295081967213,1.0,0.5737704918032787
linear_probe_s1,motion_blur,3,Tomato___healthy,0.4186046511627907,0.9921259842519684,0.5735213330891777
linear_probe_s1,low_light,2,Tomato___Target_Spot,0.3356643356643357,0.9090909090909092,0.5734265734265735
finetune_s1,jpeg,3,"Pepper,_bell___healthy",0.4266666666666667,1.0,0.5733333333333333
linear_probe_s42,motion_blur,2,Tomato___Bacterial_spot,0.4036697247706422,0.9761904761904762,0.5725207514198339
linear_probe_s1,gaussian_noise,2,Apple___Cedar_apple_rust,0.4285714285714285,1.0,0.5714285714285715
finetune_s1,motion_blur,2,Potato___Early_blight,0.4313725490196078,1.0,0.5686274509803921
linear_probe_s0,motion_blur,3,Tomato___Late_blight,0.3809523809523809,0.948051948051948,0.5670995670995671
linear_probe_s42,low_light,2,Tomato___Leaf_Mold,0.3478260869565217,0.9142857142857144,0.5664596273291926
linear_probe_s42,gaussian_noise,2,Tomato___Leaf_Mold,0.3478260869565217,0.9142857142857144,0.5664596273291926
linear_probe_s1,motion_blur,1,Tomato___Target_Spot,0.3428571428571428,0.9090909090909092,0.5662337662337664
linear_probe_s0,gaussian_noise,3,Tomato___healthy,0.4269662921348314,0.992248062015504,0.5652817698806726
linear_probe_s1,low_light,3,Strawberry___healthy,0.4347826086956521,1.0,0.5652173913043479
finetune_s1,low_light,3,Peach___Bacterial_spot,0.4354838709677419,1.0,0.5645161290322581
finetune_s0,motion_blur,3,Corn_(maize)___Northern_Leaf_Blight,0.4105263157894737,0.9743589743589745,0.5638326585695008
linear_probe_s0,motion_blur,2,Tomato___Early_blight,0.3636363636363636,0.926829268292683,0.5631929046563193
linear_probe_s42,gaussian_noise,2,Peach___healthy,0.4,0.9629629629629628,0.5629629629629628
finetune_s1,motion_blur,3,Tomato___Target_Spot,0.4383561643835616,1.0,0.5616438356164384
linear_probe_s42,motion_blur,3,Apple___Apple_scab,0.4390243902439024,1.0,0.5609756097560976
finetune_s1,motion_blur,3,Tomato___healthy,0.4390243902439024,1.0,0.5609756097560976
finetune_s1,low_light,3,Blueberry___healthy,0.44,1.0,0.56
finetune_s42,jpeg,3,Tomato___Early_blight,0.4403669724770642,1.0,0.5596330275229358
linear_probe_s1,gaussian_noise,3,Strawberry___Leaf_scorch,0.4406779661016949,1.0,0.5593220338983051
linear_probe_s42,low_light,3,Apple___healthy,0.4421052631578947,1.0,0.5578947368421052
finetune_s0,jpeg,3,Tomato___Target_Spot,0.4423076923076923,1.0,0.5576923076923077
linear_probe_s1,gaussian_noise,3,Potato___Late_blight,0.4307692307692308,0.9873417721518988,0.556572541382668
linear_probe_s1,low_light,3,Grape___Esca_(Black_Measles),0.4057971014492754,0.9622641509433962,0.5564670494941208
finetune_s1,motion_blur,3,Raspberry___healthy,0.4444444444444444,1.0,0.5555555555555556
finetune_s1,gaussian_noise,3,Blueberry___healthy,0.4468085106382978,1.0,0.5531914893617023
linear_probe_s42,gaussian_noise,2,Tomato___Early_blight,0.3636363636363636,0.9156626506024096,0.5520262869660459
linear_probe_s1,motion_blur,2,Cherry_(including_sour)___Powdery_mildew,0.448087431693989,1.0,0.551912568306011
linear_probe_s42,low_light,2,"Pepper,_bell___Bacterial_spot",0.4519774011299435,1.0,0.5480225988700564
linear_probe_s1,low_light,2,Tomato___Bacterial_spot,0.4220183486238532,0.9696969696969696,0.5476786210731164
finetune_s0,motion_blur,3,"Pepper,_bell___Bacterial_spot",0.4528301886792453,1.0,0.5471698113207547
linear_probe_s42,jpeg,3,Tomato___Target_Spot,0.4102564102564102,0.9557522123893806,0.5454958021329703
finetune_s0,gaussian_noise,2,Grape___healthy,0.4545454545454545,1.0,0.5454545454545455
linear_probe_s42,motion_blur,3,Grape___healthy,0.4545454545454545,1.0,0.5454545454545455
linear_probe_s1,low_light,3,"Pepper,_bell___Bacterial_spot",0.4426229508196721,0.9876543209876544,0.5450313701679823
finetune_s42,low_light,2,Strawberry___Leaf_scorch,0.4559585492227979,1.0,0.5440414507772021
finetune_s1,gaussian_noise,2,Tomato___Tomato_Yellow_Leaf_Curl_Virus,0.4548736462093863,0.9976689976689976,0.5427953514596113
linear_probe_s42,motion_blur,3,Corn_(maize)___healthy,0.4577114427860697,1.0,0.5422885572139303
linear_probe_s0,motion_blur,2,Apple___Black_rot,0.4375,0.979591836734694,0.542091836734694
linear_probe_s1,gaussian_noise,2,Apple___Black_rot,0.4375,0.979591836734694,0.542091836734694
finetune_s0,low_light,2,Grape___Black_rot,0.4590163934426229,1.0,0.5409836065573771
linear_probe_s1,gaussian_noise,2,Tomato___Spider_mites_Two-spotted_spider_mite,0.4081632653061224,0.948905109489051,0.5407418441829286
linear_probe_s42,jpeg,3,Grape___Black_rot,0.4193548387096774,0.9591836734693876,0.5398288347597102
linear_probe_s1,gaussian_noise,2,Peach___healthy,0.4242424242424242,0.9629629629629628,0.5387205387205386
linear_probe_s0,gaussian_noise,3,Strawberry___Leaf_scorch,0.4615384615384615,1.0,0.5384615384615385
linear_probe_s42,gaussian_noise,3,Grape___healthy,0.4615384615384615,1.0,0.5384615384615385
finetune_s1,gaussian_noise,1,Tomato___Early_blight,0.4615384615384615,1.0,0.5384615384615385
finetune_s42,gaussian_noise,2,"Pepper,_bell___healthy",0.4634146341463415,1.0,0.5365853658536586
finetune_s0,low_light,2,Soybean___healthy,0.4644194756554307,1.0,0.5355805243445693
linear_probe_s42,jpeg,3,Tomato___Leaf_Mold,0.3793103448275862,0.9142857142857144,0.5349753694581282
finetune_s0,motion_blur,2,Tomato___Early_blight,0.4651162790697674,1.0,0.5348837209302326
linear_probe_s1,motion_blur,3,"Pepper,_bell___Bacterial_spot",0.4528301886792453,0.9876543209876544,0.5348241323084091
linear_probe_s0,low_light,2,Tomato___Early_blight,0.392156862745098,0.926829268292683,0.534672405547585
finetune_s0,low_light,1,Tomato___Septoria_leaf_spot,0.4655737704918032,1.0,0.5344262295081967
finetune_s1,jpeg,3,Cherry_(including_sour)___Powdery_mildew,0.4666666666666667,1.0,0.5333333333333333
linear_probe_s0,motion_blur,3,Cherry_(including_sour)___healthy,0.4528301886792453,0.9855072463768116,0.5326770576975663
linear_probe_s1,low_light,2,Peach___healthy,0.4307692307692308,0.9629629629629628,0.532193732193732
linear_probe_s0,gaussian_noise,3,Potato___Late_blight,0.46875,1.0,0.53125
finetune_s0,low_light,2,Tomato___Leaf_Mold,0.4705882352941176,1.0,0.5294117647058825
linear_probe_s42,gaussian_noise,3,Tomato___healthy,0.4571428571428571,0.984375,0.5272321428571429
linear_probe_s42,jpeg,3,Tomato___Late_blight,0.4271844660194174,0.954248366013072,0.5270638999936545
finetune_s1,motion_blur,2,Tomato___Bacterial_spot,0.4684684684684684,0.9940828402366864,0.525614371768218
linear_probe_s1,jpeg,3,Tomato___Target_Spot,0.3835616438356164,0.9090909090909092,0.5255292652552928
finetune_s0,gaussian_noise,3,Corn_(maize)___Common_rust_,0.4747474747474747,1.0,0.5252525252525253
linear_probe_s1,jpeg,3,Tomato___Late_blight,0.392,0.9171974522292994,0.5251974522292994
finetune_s0,motion_blur,3,"Pepper,_bell___healthy",0.475,1.0,0.525
finetune_s0,jpeg,3,Tomato___Late_blight,0.4755700325732899,1.0,0.5244299674267101
linear_probe_s0,low_light,3,Tomato___healthy,0.4680851063829787,0.992248062015504,0.5241629556325254
linear_probe_s0,jpeg,2,Apple___Cedar_apple_rust,0.4285714285714285,0.9523809523809524,0.523809523809524
linear_probe_s42,jpeg,2,Tomato___Tomato_mosaic_virus,0.4761904761904761,1.0,0.523809523809524
linear_probe_s0,gaussian_noise,2,Apple___Cedar_apple_rust,0.4285714285714285,0.9523809523809524,0.523809523809524
finetune_s42,gaussian_noise,2,Apple___Black_rot,0.4782608695652174,1.0,0.5217391304347826
finetune_s1,jpeg,3,Potato___Late_blight,0.4814814814814814,1.0,0.5185185185185186
linear_probe_s42,low_light,2,Peach___healthy,0.4444444444444444,0.9629629629629628,0.5185185185185184
finetune_s1,low_light,2,Soybean___healthy,0.4817518248175182,1.0,0.5182481751824818
linear_probe_s0,low_light,3,"Pepper,_bell___Bacterial_spot",0.4819277108433735,1.0,0.5180722891566265
linear_probe_s0,low_light,2,Tomato___Target_Spot,0.417910447761194,0.9357798165137616,0.5178693687525676
linear_probe_s42,jpeg,3,Tomato___Bacterial_spot,0.4583333333333333,0.9761904761904762,0.5178571428571428
linear_probe_s0,gaussian_noise,3,Cherry_(including_sour)___Powdery_mildew,0.4827586206896552,1.0,0.5172413793103448
linear_probe_s42,motion_blur,3,"Pepper,_bell___Bacterial_spot",0.4827586206896552,1.0,0.5172413793103448
linear_probe_s1,low_light,3,Strawberry___Leaf_scorch,0.4827586206896552,1.0,0.5172413793103448
linear_probe_s0,motion_blur,3,Tomato___Septoria_leaf_spot,0.4339622641509434,0.951048951048951,0.5170866868980076
linear_probe_s42,motion_blur,2,Tomato___Septoria_leaf_spot,0.4477611940298507,0.9640287769784172,0.5162675829485665
linear_probe_s42,gaussian_noise,2,Tomato___Target_Spot,0.44,0.9557522123893806,0.5157522123893805
linear_probe_s42,motion_blur,3,Corn_(maize)___Cercospora_leaf_spot_Gray_leaf_spot,0.3846153846153846,0.9,0.5153846153846154
finetune_s0,gaussian_noise,2,Strawberry___Leaf_scorch,0.4861878453038674,1.0,0.5138121546961326
finetune_s0,gaussian_noise,1,Tomato___Target_Spot,0.4864864864864865,1.0,0.5135135135135135
linear_probe_s42,motion_blur,3,Tomato___Septoria_leaf_spot,0.4508670520231214,0.9640287769784172,0.5131617249552958
finetune_s1,gaussian_noise,2,Orange___Haunglongbing_(Citrus_greening),0.4879725085910653,1.0,0.5120274914089347
finetune_s0,low_light,3,Squash___Powdery_mildew,0.4881889763779528,1.0,0.5118110236220472
linear_probe_s1,gaussian_noise,1,Peach___healthy,0.4516129032258064,0.9629629629629628,0.5113500597371564
linear_probe_s1,motion_blur,3,Apple___Apple_scab,0.4888888888888889,1.0,0.5111111111111111
linear_probe_s1,gaussian_noise,3,Blueberry___healthy,0.4895104895104895,1.0,0.5104895104895105
finetune_s42,gaussian_noise,2,"Pepper,_bell___Bacterial_spot",0.4903225806451612,1.0,0.5096774193548388
finetune_s1,motion_blur,2,Potato___Late_blight,0.490566037735849,1.0,0.509433962264151
finetune_s0,low_light,1,Tomato___Early_blight,0.490566037735849,1.0,0.509433962264151
linear_probe_s42,motion_blur,3,Peach___Bacterial_spot,0.48,0.9891304347826086,0.5091304347826087
finetune_s1,gaussian_noise,3,Corn_(maize)___healthy,0.4918032786885246,1.0,0.5081967213114754
linear_probe_s42,gaussian_noise,3,Strawberry___Leaf_scorch,0.4918032786885246,1.0,0.5081967213114754
linear_probe_s1,low_light,3,Grape___Leaf_blight_(Isariopsis_Leaf_Spot),0.4918032786885246,1.0,0.5081967213114754
finetune_s1,motion_blur,2,Tomato___Tomato_mosaic_virus,0.4918032786885246,1.0,0.5081967213114754
finetune_s0,low_light,3,Corn_(maize)___Common_rust_,0.4948453608247423,1.0,0.5051546391752577
finetune_s42,low_light,2,Apple___Black_rot,0.4948453608247423,1.0,0.5051546391752577
finetune_s42,jpeg,3,Tomato___Target_Spot,0.4952380952380952,1.0,0.5047619047619047
linear_probe_s42,gaussian_noise,3,Corn_(maize)___Northern_Leaf_Blight,0.4571428571428571,0.961038961038961,0.503896103896104
linear_probe_s0,low_light,1,Tomato___Late_blight,0.4444444444444444,0.948051948051948,0.5036075036075036
linear_probe_s1,low_light,3,Blueberry___healthy,0.4964539007092198,1.0,0.5035460992907802
linear_probe_s42,gaussian_noise,1,Tomato___Late_blight,0.4509803921568627,0.954248366013072,0.5032679738562092
linear_probe_s42,gaussian_noise,2,"Pepper,_bell___Bacterial_spot",0.4968152866242038,1.0,0.5031847133757962
linear_probe_s1,motion_blur,3,Tomato___Late_blight,0.4153846153846154,0.9171974522292994,0.5018128368446839
finetune_s1,gaussian_noise,2,Soybean___healthy,0.4981949458483754,1.0,0.5018050541516246
linear_probe_s0,motion_blur,2,Tomato___Spider_mites_Two-spotted_spider_mite,0.4615384615384615,0.9629629629629628,0.5014245014245013
linear_probe_s42,low_light,2,Raspberry___healthy,0.5,1.0,0.5
linear_probe_s42,motion_blur,2,Raspberry___healthy,0.5,1.0,0.5
finetune_s42,motion_blur,3,Tomato___Leaf_Mold,0.5,1.0,0.5
finetune_s0,low_light,2,Apple___healthy,0.5,1.0,0.5
finetune_s1,gaussian_noise,2,Blueberry___healthy,0.5,1.0,0.5
finetune_s42,jpeg,3,Potato___healthy,0.5,1.0,0.5
finetune_s1,motion_blur,2,Potato___healthy,0.5,1.0,0.5
linear_probe_s1,low_light,2,Raspberry___healthy,0.5,1.0,0.5
finetune_s42,low_light,1,Tomato___Late_blight,0.495049504950495,0.9934640522875816,0.4984145473370866
linear_probe_s0,jpeg,3,Tomato___Leaf_Mold,0.4615384615384615,0.958904109589041,0.49736564805057953
linear_probe_s1,gaussian_noise,2,Tomato___Leaf_Mold,0.4489795918367347,0.9444444444444444,0.4954648526077097
linear_probe_s1,low_light,2,Tomato___Leaf_Mold,0.4489795918367347,0.9444444444444444,0.4954648526077097
finetune_s0,jpeg,3,Tomato___Early_blight,0.5048543689320388,1.0,0.49514563106796117
linear_probe_s1,low_light,2,Apple___Black_rot,0.4848484848484848,0.979591836734694,0.49474335188620916
finetune_s1,jpeg,3,Tomato___Target_Spot,0.5054945054945055,1.0,0.4945054945054945
finetune_s42,gaussian_noise,3,Grape___Esca_(Black_Measles),0.5057471264367817,1.0,0.49425287356321834
linear_probe_s0,jpeg,3,Tomato___Late_blight,0.4549763033175355,0.948051948051948,0.4930756447344125
linear_probe_s1,jpeg,3,Tomato___Bacterial_spot,0.4776119402985074,0.9696969696969696,0.4920850293984622
linear_probe_s0,motion_blur,3,"Pepper,_bell___Bacterial_spot",0.509090909090909,1.0,0.49090909090909096
finetune_s42,motion_blur,3,"Pepper,_bell___Bacterial_spot",0.509090909090909,1.0,0.49090909090909096
linear_probe_s1,jpeg,3,Apple___Apple_scab,0.5098039215686274,1.0,0.4901960784313726
finetune_s42,motion_blur,3,Apple___healthy,0.5106382978723404,1.0,0.4893617021276596
finetune_s1,low_light,2,Blueberry___healthy,0.5106382978723404,1.0,0.4893617021276596
linear_probe_s42,low_light,2,Tomato___Target_Spot,0.4692737430167598,0.9557522123893806,0.4864784693726208
linear_probe_s0,gaussian_noise,2,Tomato___Bacterial_spot,0.4778761061946903,0.9642857142857144,0.4864096080910241
finetune_s1,gaussian_noise,3,Strawberry___Leaf_scorch,0.5147058823529411,1.0,0.4852941176470589
linear_probe_s1,motion_blur,3,Tomato___Septoria_leaf_spot,0.4714285714285714,0.9565217391304348,0.4850931677018634
finetune_s0,motion_blur,2,Tomato___Septoria_leaf_spot,0.5154639175257731,1.0,0.48453608247422686
linear_probe_s1,low_light,2,Tomato___Early_blight,0.4230769230769231,0.9069767441860463,0.4838998211091233
linear_probe_s0,motion_blur,2,Tomato___Septoria_leaf_spot,0.4684684684684684,0.951048951048951,0.48258048258048264
linear_probe_s0,motion_blur,3,Tomato___healthy,0.5098039215686274,0.992248062015504,0.48244414044687656
linear_probe_s1,jpeg,3,Grape___healthy,0.5185185185185185,1.0,0.4814814814814815
linear_probe_s42,low_light,3,Blueberry___healthy,0.5185185185185185,1.0,0.4814814814814815
linear_probe_s1,low_light,3,Potato___Late_blight,0.5074626865671642,0.9873417721518988,0.4798790855847346
finetune_s1,low_light,3,Strawberry___Leaf_scorch,0.5203252032520326,1.0,0.4796747967479674
linear_probe_s0,jpeg,3,Peach___healthy,0.4444444444444444,0.9230769230769232,0.4786324786324788
finetune_s42,gaussian_noise,2,Grape___healthy,0.5217391304347826,1.0,0.4782608695652174
finetune_s42,low_light,2,"Pepper,_bell___healthy",0.5227272727272727,1.0,0.4772727272727273
linear_probe_s1,gaussian_noise,3,Apple___healthy,0.5165562913907285,0.9924812030075189,0.4759249116167904
linear_probe_s1,gaussian_noise,3,Grape___Leaf_blight_(Isariopsis_Leaf_Spot),0.5245901639344263,1.0,0.47540983606557374
finetune_s42,jpeg,3,Squash___Powdery_mildew,0.5252525252525253,1.0,0.4747474747474747
linear_probe_s0,gaussian_noise,3,Squash___Powdery_mildew,0.5257731958762887,1.0,0.4742268041237113
finetune_s0,gaussian_noise,1,Peach___healthy,0.5263157894736842,1.0,0.4736842105263158
linear_probe_s1,gaussian_noise,3,Cherry_(including_sour)___Powdery_mildew,0.5263157894736842,1.0,0.4736842105263158
finetune_s42,gaussian_noise,2,Peach___healthy,0.5263157894736842,1.0,0.4736842105263158
finetune_s42,motion_blur,3,Apple___Black_rot,0.5294117647058824,1.0,0.47058823529411764
linear_probe_s1,jpeg,3,"Pepper,_bell___Bacterial_spot",0.5174825174825175,0.9876543209876544,0.4701718035051369
linear_probe_s0,jpeg,3,Grape___healthy,0.5,0.9696969696969696,0.4696969696969696
linear_probe_s42,gaussian_noise,3,Corn_(maize)___Cercospora_leaf_spot_Gray_leaf_spot,0.4333333333333333,0.9,0.46666666666666673
finetune_s0,gaussian_noise,3,Grape___Esca_(Black_Measles),0.5333333333333333,1.0,0.4666666666666667
linear_probe_s0,gaussian_noise,3,"Pepper,_bell___Bacterial_spot",0.5333333333333333,1.0,0.4666666666666667
finetune_s42,low_light,2,"Pepper,_bell___Bacterial_spot",0.5333333333333333,1.0,0.4666666666666667
finetune_s42,gaussian_noise,1,Apple___Cedar_apple_rust,0.5333333333333333,1.0,0.4666666666666667
linear_probe_s1,low_light,2,"Pepper,_bell___Bacterial_spot",0.5228758169934641,0.9876543209876544,0.4647785039941903
finetune_s1,motion_blur,3,Tomato___Tomato_mosaic_virus,0.5357142857142857,1.0,0.4642857142857143
finetune_s0,jpeg,3,Potato___Late_blight,0.5357142857142857,1.0,0.4642857142857143
linear_probe_s42,low_light,1,Tomato___Late_blight,0.4901960784313725,0.954248366013072,0.4640522875816995
linear_probe_s42,low_light,3,Squash___Powdery_mildew,0.5360824742268041,1.0,0.4639175257731959
linear_probe_s1,motion_blur,3,Tomato___Leaf_Mold,0.4814814814814814,0.9444444444444444,0.462962962962963
linear_probe_s42,low_light,3,Tomato___Tomato_Yellow_Leaf_Curl_Virus,0.5255972696245734,0.988399071925754,0.4628018023011806
finetune_s42,motion_blur,3,Tomato___Late_blight,0.5307692307692308,0.9934640522875816,0.46269482151835084
finetune_s0,gaussian_noise,3,Squash___Powdery_mildew,0.5396825396825397,1.0,0.46031746031746035
linear_probe_s1,low_light,2,Tomato___Spider_mites_Two-spotted_spider_mite,0.4886363636363636,0.948905109489051,0.46026874585268746
linear_probe_s0,low_light,2,Tomato___Bacterial_spot,0.5043478260869565,0.9642857142857144,0.4599378881987579
linear_probe_s42,low_light,2,Tomato___Early_blight,0.4561403508771929,0.9156626506024096,0.4595222997252167
linear_probe_s0,gaussian_noise,1,Tomato___Late_blight,0.4901960784313725,0.948051948051948,0.45785586962057556
linear_probe_s1,motion_blur,3,"Pepper,_bell___healthy",0.5432098765432098,1.0,0.45679012345679015
linear_probe_s0,gaussian_noise,2,Tomato___Spider_mites_Two-spotted_spider_mite,0.5077720207253886,0.9629629629629628,0.45519094223757417
finetune_s0,low_light,3,Grape___Esca_(Black_Measles),0.5454545454545454,1.0,0.4545454545454546
linear_probe_s1,motion_blur,2,Peach___healthy,0.509090909090909,0.9629629629629628,0.45387205387205376
linear_probe_s42,low_light,3,Corn_(maize)___Northern_Leaf_Blight,0.5084745762711864,0.961038961038961,0.4525643847677746
finetune_s42,low_light,3,Grape___Esca_(Black_Measles),0.5476190476190477,1.0,0.45238095238095233
finetune_s1,motion_blur,2,Apple___Apple_scab,0.5476190476190477,1.0,0.45238095238095233
linear_probe_s1,gaussian_noise,3,Squash___Powdery_mildew,0.5485714285714286,1.0,0.4514285714285714
finetune_s0,motion_blur,3,Tomato___Late_blight,0.5490196078431373,1.0,0.4509803921568627
linear_probe_s0,jpeg,3,Tomato___Bacterial_spot,0.5135135135135135,0.9642857142857144,0.4507722007722009
linear_probe_s0,low_light,2,Tomato___Spider_mites_Two-spotted_spider_mite,0.5125628140703518,0.9629629629629628,0.45040014889261104
linear_probe_s0,motion_blur,1,Tomato___Target_Spot,0.4864864864864865,0.9357798165137616,0.4492933300272751
linear_probe_s42,motion_blur,1,Tomato___Target_Spot,0.5066666666666667,0.9557522123893806,0.44908554572271386
linear_probe_s0,motion_blur,2,Apple___healthy,0.5434782608695652,0.9924812030075189,0.44900294213795366
linear_probe_s0,motion_blur,2,Potato___Early_blight,0.5517241379310345,1.0,0.4482758620689655
linear_probe_s42,gaussian_noise,3,Squash___Powdery_mildew,0.5527638190954773,1.0,0.44723618090452266
finetune_s1,motion_blur,3,Cherry_(including_sour)___healthy,0.5531914893617021,1.0,0.44680851063829785
linear_probe_s1,low_light,1,Tomato___Late_blight,0.4705882352941176,0.9171974522292994,0.4466092169351818
linear_probe_s42,jpeg,3,Potato___Late_blight,0.5538461538461539,1.0,0.4461538461538461
linear_probe_s42,jpeg,3,Squash___Powdery_mildew,0.5544554455445545,1.0,0.4455445544554455
linear_probe_s0,jpeg,2,Tomato___Early_blight,0.4814814814814814,0.926829268292683,0.4453477868112016
linear_probe_s0,jpeg,2,Tomato___Septoria_leaf_spot,0.5058365758754864,0.951048951048951,0.4452123751734647
finetune_s1,motion_blur,3,Apple___Black_rot,0.5555555555555556,1.0,0.4444444444444444
finetune_s1,jpeg,3,Raspberry___healthy,0.5555555555555556,1.0,0.4444444444444444
linear_probe_s1,low_light,1,Peach___healthy,0.5185185185185185,0.9629629629629628,0.4444444444444443
linear_probe_s0,motion_blur,3,Corn_(maize)___Cercospora_leaf_spot_Gray_leaf_spot,0.4210526315789473,0.8648648648648649,0.4438122332859176
finetune_s1,jpeg,3,Tomato___Early_blight,0.5567010309278351,1.0,0.44329896907216493
linear_probe_s0,low_light,3,Cherry_(including_sour)___Powdery_mildew,0.5573770491803278,1.0,0.4426229508196722
finetune_s0,motion_blur,3,Apple___Apple_scab,0.5573770491803278,1.0,0.4426229508196722
linear_probe_s0,low_light,3,Squash___Powdery_mildew,0.5578947368421052,1.0,0.4421052631578948
linear_probe_s1,low_light,3,Squash___Powdery_mildew,0.5581395348837209,1.0,0.4418604651162791
linear_probe_s1,jpeg,3,"Pepper,_bell___healthy",0.5581395348837209,1.0,0.4418604651162791
linear_probe_s42,jpeg,2,Tomato___Septoria_leaf_spot,0.5224489795918368,0.9640287769784172,0.4415797973865804
linear_probe_s42,motion_blur,1,Tomato___Early_blight,0.475,0.9156626506024096,0.4406626506024096
finetune_s42,motion_blur,2,Strawberry___healthy,0.56,1.0,0.43999999999999995
linear_probe_s0,motion_blur,2,Strawberry___healthy,0.56,1.0,0.43999999999999995
finetune_s42,motion_blur,2,Apple___Apple_scab,0.56,1.0,0.43999999999999995
linear_probe_s42,low_light,3,Tomato___healthy,0.5454545454545454,0.984375,0.4389204545454546
linear_probe_s0,motion_blur,3,Peach___Bacterial_spot,0.5362318840579711,0.9732620320855616,0.43703014802759055
finetune_s1,gaussian_noise,1,Tomato___Target_Spot,0.5641025641025641,1.0,0.4358974358974359
linear_probe_s1,low_light,3,Apple___healthy,0.5571428571428572,0.9924812030075189,0.4353383458646617
linear_probe_s1,gaussian_noise,2,"Pepper,_bell___Bacterial_spot",0.5531914893617021,0.9876543209876544,0.43446283162595223
linear_probe_s42,gaussian_noise,3,Tomato___Tomato_Yellow_Leaf_Curl_Virus,0.5540540540540541,0.988399071925754,0.4343450178717
finetune_s42,jpeg,3,Tomato___Septoria_leaf_spot,0.5656565656565656,1.0,0.43434343434343436
linear_probe_s0,jpeg,3,Apple___healthy,0.5591397849462365,0.9924812030075189,0.43334141806128235
linear_probe_s42,jpeg,2,Tomato___Early_blight,0.4827586206896552,0.9156626506024096,0.4329040299127544
linear_probe_s42,jpeg,3,Apple___healthy,0.5684210526315789,1.0,0.43157894736842106
linear_probe_s0,jpeg,3,Potato___Late_blight,0.5714285714285714,1.0,0.4285714285714286
linear_probe_s1,motion_blur,2,Raspberry___healthy,0.5714285714285714,1.0,0.4285714285714286
linear_probe_s0,gaussian_noise,2,Raspberry___healthy,0.5714285714285714,1.0,0.4285714285714286
finetune_s42,jpeg,3,Tomato___Tomato_mosaic_virus,0.5714285714285714,1.0,0.4285714285714286
linear_probe_s1,gaussian_noise,1,Raspberry___healthy,0.5714285714285714,1.0,0.4285714285714286
linear_probe_s1,motion_blur,2,Apple___healthy,0.5652173913043478,0.9924812030075189,0.42726381170317107
finetune_s42,motion_blur,2,Tomato___Septoria_leaf_spot,0.5742574257425742,1.0,0.4257425742574258
linear_probe_s42,jpeg,3,Corn_(maize)___Cercospora_leaf_spot_Gray_leaf_spot,0.475,0.9,0.42500000000000004
linear_probe_s1,low_light,3,Cherry_(including_sour)___Powdery_mildew,0.576271186440678,1.0,0.423728813559322
finetune_s1,motion_blur,3,Cherry_(including_sour)___Powdery_mildew,0.5777777777777777,1.0,0.4222222222222223
linear_probe_s0,low_light,2,Apple___Cedar_apple_rust,0.5333333333333333,0.9523809523809524,0.4190476190476191
linear_probe_s1,motion_blur,3,Corn_(maize)___Cercospora_leaf_spot_Gray_leaf_spot,0.4324324324324324,0.85,0.4175675675675676
finetune_s1,motion_blur,2,Grape___healthy,0.5833333333333334,1.0,0.41666666666666663
linear_probe_s1,low_light,1,Tomato___Target_Spot,0.4927536231884058,0.9090909090909092,0.41633728590250335
linear_probe_s42,gaussian_noise,2,Tomato___Bacterial_spot,0.56,0.9761904761904762,0.4161904761904761
linear_probe_s42,gaussian_noise,3,Cherry_(including_sour)___Powdery_mildew,0.5846153846153846,1.0,0.41538461538461535
linear_probe_s1,motion_blur,3,Peach___Bacterial_spot,0.5747126436781609,0.989247311827957,0.4145346681497961
finetune_s1,motion_blur,2,Corn_(maize)___healthy,0.5859872611464968,1.0,0.4140127388535032
linear_probe_s42,low_light,2,Tomato___Septoria_leaf_spot,0.5506072874493927,0.9640287769784172,0.41342148952902447
finetune_s42,jpeg,3,Tomato___Spider_mites_Two-spotted_spider_mite,0.5871559633027523,1.0,0.4128440366972477
linear_probe_s1,jpeg,3,Potato___Late_blight,0.5753424657534246,0.9873417721518988,0.41199930639847415
linear_probe_s0,low_light,3,Grape___Leaf_blight_(Isariopsis_Leaf_Spot),0.5882352941176471,1.0,0.4117647058823529
linear_probe_s0,motion_blur,3,"Pepper,_bell___healthy",0.5882352941176471,1.0,0.4117647058823529
linear_probe_s1,gaussian_noise,3,"Pepper,_bell___Bacterial_spot",0.5765765765765766,0.9876543209876544,0.4110777444110778
finetune_s42,motion_blur,2,Tomato___Early_blight,0.5894736842105263,1.0,0.41052631578947374
linear_probe_s1,motion_blur,2,Grape___Leaf_blight_(Isariopsis_Leaf_Spot),0.5901639344262295,1.0,0.4098360655737705
finetune_s1,motion_blur,3,Tomato___Leaf_Mold,0.5904761904761905,1.0,0.4095238095238095
finetune_s0,low_light,2,Strawberry___Leaf_scorch,0.5906040268456376,1.0,0.4093959731543624
linear_probe_s0,low_light,2,Tomato___Septoria_leaf_spot,0.5418326693227091,0.951048951048951,0.4092162817262419
linear_probe_s1,jpeg,3,Apple___Black_rot,0.5714285714285714,0.979591836734694,0.40816326530612257
linear_probe_s42,low_light,3,Corn_(maize)___Cercospora_leaf_spot_Gray_leaf_spot,0.4923076923076923,0.9,0.40769230769230774
linear_probe_s1,jpeg,3,Tomato___Leaf_Mold,0.5373134328358209,0.9444444444444444,0.4071310116086235
linear_probe_s0,jpeg,3,Corn_(maize)___Cercospora_leaf_spot_Gray_leaf_spot,0.4578313253012048,0.8648648648648649,0.4070335395636601
linear_probe_s1,jpeg,2,Tomato___Early_blight,0.5,0.9069767441860463,0.40697674418604635
finetune_s1,motion_blur,2,Tomato___Early_blight,0.5932203389830508,1.0,0.4067796610169492
finetune_s0,motion_blur,3,Tomato___healthy,0.5934065934065934,1.0,0.4065934065934066
linear_probe_s42,motion_blur,2,Grape___Black_rot,0.5538461538461539,0.9591836734693876,0.4053375196232337
linear_probe_s0,jpeg,2,Tomato___Target_Spot,0.5306122448979592,0.9357798165137616,0.4051675716158024
linear_probe_s1,gaussian_noise,1,Tomato___Target_Spot,0.5047619047619047,0.9090909090909092,0.4043290043290044
linear_probe_s1,motion_blur,2,Tomato___Septoria_leaf_spot,0.5522388059701493,0.9565217391304348,0.4042829331602855
linear_probe_s0,gaussian_noise,3,Blueberry___healthy,0.5957446808510638,1.0,0.4042553191489362
finetune_s1,jpeg,3,Cherry_(including_sour)___healthy,0.5964912280701754,1.0,0.4035087719298246
linear_probe_s1,jpeg,3,Tomato___healthy,0.5894736842105263,0.9921259842519684,0.40265230004144215
linear_probe_s0,low_light,2,Grape___Black_rot,0.5671641791044776,0.9690721649484536,0.401907985843976
linear_probe_s0,gaussian_noise,2,Grape___Black_rot,0.5671641791044776,0.9690721649484536,0.401907985843976
linear_probe_s0,motion_blur,3,Tomato___Leaf_Mold,0.5588235294117647,0.958904109589041,0.4000805801772763
finetune_s42,low_light,2,Peach___healthy,0.6,1.0,0.4
finetune_s42,jpeg,2,Potato___healthy,0.6,1.0,0.4
linear_probe_s42,motion_blur,3,Tomato___healthy,0.5853658536585366,0.984375,0.39900914634146345
linear_probe_s1,low_light,2,Tomato___healthy,0.5934065934065934,0.9921259842519684,0.398719390845375
linear_probe_s42,gaussian_noise,2,Tomato___Septoria_leaf_spot,0.5679012345679012,0.9640287769784172,0.39612754241051595
finetune_s0,gaussian_noise,2,Apple___Apple_scab,0.6046511627906976,1.0,0.39534883720930236
linear_probe_s42,gaussian_noise,3,Orange___Haunglongbing_(Citrus_greening),0.6060606060606061,1.0,0.3939393939393939
linear_probe_s1,gaussian_noise,3,Orange___Haunglongbing_(Citrus_greening),0.60625,1.0,0.39375000000000004
linear_probe_s42,jpeg,3,"Pepper,_bell___healthy",0.6067415730337079,1.0,0.3932584269662921
linear_probe_s1,low_light,2,Tomato___Septoria_leaf_spot,0.5638766519823789,0.9565217391304348,0.3926450871480559
linear_probe_s1,jpeg,2,Peach___healthy,0.5714285714285714,0.9629629629629628,0.3915343915343914
linear_probe_s42,gaussian_noise,1,Peach___healthy,0.5714285714285714,0.9629629629629628,0.3915343915343914
finetune_s42,gaussian_noise,2,Tomato___Tomato_mosaic_virus,0.6086956521739131,1.0,0.3913043478260869
finetune_s42,low_light,2,Tomato___Tomato_mosaic_virus,0.6086956521739131,1.0,0.3913043478260869
linear_probe_s42,motion_blur,3,Squash___Powdery_mildew,0.6095238095238096,1.0,0.3904761904761904
linear_probe_s0,motion_blur,2,Potato___Late_blight,0.6101694915254238,1.0,0.38983050847457623
linear_probe_s42,motion_blur,2,Tomato___Leaf_Mold,0.5252525252525253,0.9142857142857144,0.38903318903318906
finetune_s42,low_light,2,Apple___Apple_scab,0.6111111111111112,1.0,0.38888888888888884
linear_probe_s42,low_light,2,Apple___Black_rot,0.6111111111111112,1.0,0.38888888888888884
finetune_s1,low_light,2,Orange___Haunglongbing_(Citrus_greening),0.61198738170347,1.0,0.38801261829653
linear_probe_s0,gaussian_noise,2,Tomato___Septoria_leaf_spot,0.5654008438818565,0.951048951048951,0.3856481071670945
finetune_s1,jpeg,3,Tomato___Bacterial_spot,0.6091954022988506,0.9940828402366864,0.38488743793783575
linear_probe_s0,low_light,3,Blueberry___healthy,0.6153846153846154,1.0,0.3846153846153846
linear_probe_s42,low_light,3,Strawberry___Leaf_scorch,0.6153846153846154,1.0,0.3846153846153846
finetune_s1,gaussian_noise,2,Strawberry___Leaf_scorch,0.6153846153846154,1.0,0.3846153846153846
finetune_s0,gaussian_noise,2,Strawberry___healthy,0.6153846153846154,1.0,0.3846153846153846
linear_probe_s1,gaussian_noise,2,Tomato___Septoria_leaf_spot,0.5726872246696035,0.9565217391304348,0.3838345144608313
linear_probe_s1,motion_blur,1,Tomato___Early_blight,0.5234899328859061,0.9069767441860463,0.3834868113001403
finetune_s1,low_light,2,Tomato___Tomato_Yellow_Leaf_Curl_Virus,0.6148867313915858,0.9976689976689976,0.38278226627741185
finetune_s1,low_light,1,Tomato___Late_blight,0.6055045871559633,0.986842105263158,0.38133751810719463
finetune_s42,low_light,1,Tomato___Early_blight,0.6206896551724138,1.0,0.3793103448275862
finetune_s1,low_light,1,Tomato___Early_blight,0.6206896551724138,1.0,0.3793103448275862
finetune_s0,jpeg,3,Apple___Apple_scab,0.6222222222222222,1.0,0.37777777777777777
linear_probe_s1,jpeg,3,Squash___Powdery_mildew,0.6226415094339622,1.0,0.37735849056603776
finetune_s0,jpeg,3,Tomato___Bacterial_spot,0.6234817813765182,1.0,0.3765182186234818
linear_probe_s42,gaussian_noise,1,Tomato___Leaf_Mold,0.5384615384615384,0.9142857142857144,0.37582417582417593
linear_probe_s1,gaussian_noise,1,Tomato___Late_blight,0.5420560747663551,0.9171974522292994,0.3751413774629443
finetune_s42,low_light,1,Apple___Cedar_apple_rust,0.625,1.0,0.375
linear_probe_s42,motion_blur,3,Strawberry___Leaf_scorch,0.625,1.0,0.375
linear_probe_s42,low_light,3,Cherry_(including_sour)___Powdery_mildew,0.625,1.0,0.375
finetune_s1,gaussian_noise,1,Tomato___Tomato_mosaic_virus,0.625,1.0,0.375
linear_probe_s1,motion_blur,2,Tomato___healthy,0.6185567010309279,0.9921259842519684,0.37356928322104055
linear_probe_s1,motion_blur,2,Cherry_(including_sour)___healthy,0.6122448979591837,0.9855072463768116,0.37326234841762795
linear_probe_s1,motion_blur,2,Tomato___Leaf_Mold,0.5714285714285714,0.9444444444444444,0.373015873015873
finetune_s42,gaussian_noise,2,Cherry_(including_sour)___healthy,0.627906976744186,1.0,0.37209302325581395
linear_probe_s0,motion_blur,2,Grape___Black_rot,0.5970149253731343,0.9690721649484536,0.37205723957531933
linear_probe_s0,low_light,3,Strawberry___Leaf_scorch,0.6285714285714286,1.0,0.37142857142857144
linear_probe_s0,motion_blur,2,Tomato___Leaf_Mold,0.5882352941176471,0.958904109589041,0.37066881547139396
linear_probe_s42,jpeg,3,"Pepper,_bell___Bacterial_spot",0.6296296296296297,1.0,0.37037037037037035
linear_probe_s1,motion_blur,2,Grape___Black_rot,0.5797101449275363,0.9494949494949496,0.36978480456741336
linear_probe_s1,gaussian_noise,2,Grape___Black_rot,0.5797101449275363,0.9494949494949496,0.36978480456741336
linear_probe_s0,low_light,2,Apple___Black_rot,0.6111111111111112,0.979591836734694,0.3684807256235828
linear_probe_s1,gaussian_noise,2,Tomato___healthy,0.6236559139784946,0.9921259842519684,0.3684700702734738
linear_probe_s42,low_light,2,Tomato___Bacterial_spot,0.608,0.9761904761904762,0.3681904761904762
linear_probe_s0,jpeg,3,Tomato___healthy,0.625,0.992248062015504,0.367248062015504
linear_probe_s42,motion_blur,2,Peach___healthy,0.5957446808510638,0.9629629629629628,0.367218282111899
linear_probe_s42,gaussian_noise,2,Tomato___Spider_mites_Two-spotted_spider_mite,0.582089552238806,0.948905109489051,0.36681555725024506
linear_probe_s1,jpeg,3,Apple___healthy,0.6262626262626263,0.9924812030075189,0.36621857674489255
linear_probe_s0,gaussian_noise,1,Tomato___Target_Spot,0.5696969696969697,0.9357798165137616,0.36608284681679193
finetune_s0,motion_blur,3,Apple___healthy,0.6346153846153846,1.0,0.3653846153846154
linear_probe_s0,jpeg,3,Squash___Powdery_mildew,0.6355140186915887,1.0,0.36448598130841126
linear_probe_s1,motion_blur,2,Potato___Late_blight,0.6229508196721312,0.9873417721518988,0.3643909524797676
linear_probe_s0,motion_blur,3,Grape___Esca_(Black_Measles),0.6265060240963856,0.9908256880733946,0.364319663977009
finetune_s0,gaussian_noise,2,Raspberry___healthy,0.6363636363636364,1.0,0.36363636363636365
finetune_s0,jpeg,3,"Pepper,_bell___healthy",0.6363636363636364,1.0,0.36363636363636365
linear_probe_s1,low_light,1,Raspberry___healthy,0.6363636363636364,1.0,0.36363636363636365
linear_probe_s0,low_light,2,Raspberry___healthy,0.6363636363636364,1.0,0.36363636363636365
finetune_s0,motion_blur,3,Apple___Cedar_apple_rust,0.6363636363636364,1.0,0.36363636363636365
finetune_s0,low_light,2,Raspberry___healthy,0.6363636363636364,1.0,0.36363636363636365
finetune_s42,gaussian_noise,2,Corn_(maize)___Northern_Leaf_Blight,0.6115702479338843,0.975,0.3634297520661157
linear_probe_s1,jpeg,2,Tomato___Septoria_leaf_spot,0.5933014354066986,0.9565217391304348,0.36322030372373626
finetune_s42,jpeg,3,Potato___Late_blight,0.6376811594202898,1.0,0.3623188405797102
finetune_s42,low_light,2,Grape___Black_rot,0.6376811594202898,1.0,0.3623188405797102
linear_probe_s0,motion_blur,2,Tomato___Tomato_mosaic_virus,0.6046511627906976,0.9655172413793104,0.36086607858861275
linear_probe_s42,motion_blur,2,Apple___healthy,0.6391752577319587,1.0,0.3608247422680413
linear_probe_s42,motion_blur,3,Tomato___Leaf_Mold,0.5542168674698795,0.9142857142857144,0.36006884681583484
linear_probe_s42,motion_blur,2,Cherry_(including_sour)___Powdery_mildew,0.64,1.0,0.36
linear_probe_s42,motion_blur,2,Tomato___Tomato_mosaic_virus,0.64,1.0,0.36
finetune_s42,motion_blur,2,Grape___healthy,0.64,1.0,0.36
linear_probe_s0,jpeg,3,"Pepper,_bell___Bacterial_spot",0.64,1.0,0.36
finetune_s0,jpeg,3,Grape___healthy,0.64,1.0,0.36
linear_probe_s42,jpeg,3,Grape___healthy,0.6428571428571429,1.0,0.3571428571428571
finetune_s42,gaussian_noise,1,Tomato___Target_Spot,0.6428571428571429,1.0,0.3571428571428571
finetune_s1,motion_blur,3,Peach___healthy,0.6428571428571429,1.0,0.3571428571428571
finetune_s42,motion_blur,3,Corn_(maize)___Northern_Leaf_Blight,0.6178861788617886,0.975,0.35711382113821133
linear_probe_s42,low_light,2,"Pepper,_bell___healthy",0.6436781609195402,1.0,0.3563218390804598
linear_probe_s42,low_light,3,Grape___Leaf_blight_(Isariopsis_Leaf_Spot),0.6436781609195402,1.0,0.3563218390804598
finetune_s1,gaussian_noise,1,Tomato___Leaf_Mold,0.6440677966101694,1.0,0.35593220338983056
finetune_s42,motion_blur,2,Tomato___Leaf_Mold,0.6440677966101694,1.0,0.35593220338983056
linear_probe_s0,low_light,2,"Pepper,_bell___Bacterial_spot",0.6451612903225806,1.0,0.3548387096774194
finetune_s1,motion_blur,3,Soybean___healthy,0.6463414634146342,1.0,0.35365853658536583
linear_probe_s0,motion_blur,1,Tomato___Early_blight,0.5735294117647058,0.926829268292683,0.35329985652797713
linear_probe_s0,gaussian_noise,3,Grape___Leaf_blight_(Isariopsis_Leaf_Spot),0.6470588235294118,1.0,0.3529411764705882
linear_probe_s1,jpeg,3,Corn_(maize)___Cercospora_leaf_spot_Gray_leaf_spot,0.5,0.85,0.35
finetune_s0,gaussian_noise,1,Tomato___Tomato_mosaic_virus,0.6511627906976745,1.0,0.34883720930232553
finetune_s42,gaussian_noise,1,Tomato___healthy,0.6526315789473685,1.0,0.34736842105263155
linear_probe_s0,gaussian_noise,2,Peach___healthy,0.5777777777777777,0.9230769230769232,0.3452991452991455
linear_probe_s1,motion_blur,1,Tomato___Spider_mites_Two-spotted_spider_mite,0.6037735849056604,0.948905109489051,0.3451315245833907
finetune_s1,motion_blur,2,Grape___Leaf_blight_(Isariopsis_Leaf_Spot),0.65625,1.0,0.34375
finetune_s42,gaussian_noise,2,Potato___Early_blight,0.6571428571428571,1.0,0.34285714285714286
linear_probe_s0,jpeg,2,Tomato___Spider_mites_Two-spotted_spider_mite,0.6213592233009708,0.9629629629629628,0.341603739661992
linear_probe_s42,low_light,1,Peach___healthy,0.6222222222222222,0.9629629629629628,0.34074074074074057
linear_probe_s0,gaussian_noise,1,Tomato___Leaf_Mold,0.6181818181818182,0.958904109589041,0.3407222914072229
linear_probe_s0,jpeg,3,"Pepper,_bell___healthy",0.6595744680851063,1.0,0.34042553191489366
finetune_s0,motion_blur,3,Tomato___Spider_mites_Two-spotted_spider_mite,0.66,1.0,0.33999999999999997
linear_probe_s1,low_light,1,Tomato___Early_blight,0.5671641791044776,0.9069767441860463,0.33981256508156876
linear_probe_s0,gaussian_noise,2,Apple___Apple_scab,0.64,0.979591836734694,0.33959183673469395
finetune_s0,jpeg,3,Squash___Powdery_mildew,0.6605504587155964,1.0,0.33944954128440363
linear_probe_s42,low_light,1,Tomato___Target_Spot,0.6163522012578616,0.9557522123893806,0.33940001113151896
linear_probe_s42,motion_blur,1,Tomato___Spider_mites_Two-spotted_spider_mite,0.6095238095238096,0.948905109489051,0.33938129996524147
finetune_s42,jpeg,3,Tomato___Late_blight,0.6545454545454545,0.9934640522875816,0.33891859774212707
linear_probe_s1,motion_blur,3,Corn_(maize)___healthy,0.6618705035971223,1.0,0.3381294964028777
linear_probe_s42,low_light,2,Tomato___Spider_mites_Two-spotted_spider_mite,0.6111111111111112,0.948905109489051,0.3377939983779399
linear_probe_s0,motion_blur,2,Tomato___Bacterial_spot,0.6285714285714286,0.9642857142857144,0.33571428571428585
finetune_s0,low_light,1,Tomato___Target_Spot,0.6666666666666666,1.0,0.33333333333333337
finetune_s0,motion_blur,2,Raspberry___healthy,0.6666666666666666,1.0,0.33333333333333337
linear_probe_s1,low_light,3,Orange___Haunglongbing_(Citrus_greening),0.6666666666666666,1.0,0.33333333333333337
finetune_s42,gaussian_noise,1,Potato___healthy,0.6666666666666666,1.0,0.33333333333333337
finetune_s1,jpeg,3,Apple___Apple_scab,0.6666666666666666,1.0,0.33333333333333337
linear_probe_s1,jpeg,1,Potato___healthy,0.6666666666666666,1.0,0.33333333333333337
finetune_s1,jpeg,3,Tomato___Septoria_leaf_spot,0.6666666666666666,1.0,0.33333333333333337
linear_probe_s0,motion_blur,1,Potato___healthy,0.6666666666666666,1.0,0.33333333333333337
finetune_s1,motion_blur,2,"Pepper,_bell___Bacterial_spot",0.6666666666666666,1.0,0.33333333333333337
linear_probe_s42,motion_blur,3,Grape___Leaf_blight_(Isariopsis_Leaf_Spot),0.6666666666666666,1.0,0.33333333333333337
linear_probe_s42,gaussian_noise,2,Apple___Apple_scab,0.6666666666666666,1.0,0.33333333333333337
finetune_s42,motion_blur,2,Potato___Late_blight,0.6666666666666666,1.0,0.33333333333333337
finetune_s42,motion_blur,3,Tomato___Tomato_mosaic_virus,0.6666666666666666,1.0,0.33333333333333337
linear_probe_s42,jpeg,2,Tomato___Spider_mites_Two-spotted_spider_mite,0.616822429906542,0.948905109489051,0.33208267958250903
linear_probe_s42,jpeg,3,Tomato___healthy,0.6534653465346535,0.984375,0.3309096534653465
linear_probe_s0,low_light,1,Tomato___Target_Spot,0.6049382716049383,0.9357798165137616,0.33084154490882334
linear_probe_s1,low_light,1,Tomato___Spider_mites_Two-spotted_spider_mite,0.6181818181818182,0.948905109489051,0.3307232913072329
linear_probe_s0,motion_blur,2,Grape___healthy,0.64,0.9696969696969696,0.3296969696969696
linear_probe_s42,low_light,2,Grape___Black_rot,0.6301369863013698,0.9591836734693876,0.32904668716801777
finetune_s1,motion_blur,3,Apple___healthy,0.672,1.0,0.32799999999999996
linear_probe_s0,motion_blur,3,Squash___Powdery_mildew,0.6727272727272727,1.0,0.32727272727272727
linear_probe_s1,motion_blur,3,Squash___Powdery_mildew,0.6727272727272727,1.0,0.32727272727272727
linear_probe_s0,jpeg,3,Corn_(maize)___Northern_Leaf_Blight,0.6229508196721312,0.95,0.3270491803278688
linear_probe_s1,gaussian_noise,1,Tomato___Leaf_Mold,0.6181818181818182,0.9444444444444444,0.32626262626262625
finetune_s1,motion_blur,3,Peach___Bacterial_spot,0.676056338028169,1.0,0.323943661971831
linear_probe_s0,jpeg,2,Peach___healthy,0.6,0.9230769230769232,0.32307692307692326
linear_probe_s0,motion_blur,2,Apple___Apple_scab,0.6567164179104478,0.979591836734694,0.3228754188242462
linear_probe_s42,motion_blur,2,Tomato___Late_blight,0.631578947368421,0.954248366013072,0.32266941864465093
linear_probe_s42,low_light,1,Tomato___Leaf_Mold,0.5925925925925926,0.9142857142857144,0.3216931216931218
finetune_s0,motion_blur,3,Cherry_(including_sour)___Powdery_mildew,0.6785714285714286,1.0,0.3214285714285714
finetune_s42,motion_blur,3,Tomato___Spider_mites_Two-spotted_spider_mite,0.6796116504854369,1.0,0.3203883495145631
finetune_s42,gaussian_noise,1,Apple___healthy,0.68,1.0,0.31999999999999995
linear_probe_s1,motion_blur,3,Grape___Esca_(Black_Measles),0.6428571428571429,0.9622641509433962,0.31940700808625333
linear_probe_s1,jpeg,2,Blueberry___healthy,0.6813186813186813,1.0,0.31868131868131866
finetune_s1,motion_blur,2,Raspberry___healthy,0.6829268292682927,1.0,0.31707317073170727
linear_probe_s42,gaussian_noise,3,Grape___Leaf_blight_(Isariopsis_Leaf_Spot),0.6835443037974683,1.0,0.31645569620253167
linear_probe_s42,gaussian_noise,2,Apple___Black_rot,0.6842105263157895,1.0,0.3157894736842105
linear_probe_s0,motion_blur,2,Tomato___Late_blight,0.632768361581921,0.948051948051948,0.3152835864700271
linear_probe_s42,low_light,2,Apple___Apple_scab,0.684931506849315,1.0,0.31506849315068497
linear_probe_s1,jpeg,2,Tomato___Spider_mites_Two-spotted_spider_mite,0.6346153846153846,0.948905109489051,0.31428972487366647
linear_probe_s1,gaussian_noise,2,Apple___Apple_scab,0.6857142857142857,1.0,0.3142857142857143
finetune_s1,motion_blur,2,Tomato___Leaf_Mold,0.6857142857142857,1.0,0.3142857142857143
linear_probe_s42,gaussian_noise,1,Tomato___Target_Spot,0.6415094339622641,0.9557522123893806,0.31424277842711645
finetune_s0,motion_blur,3,Tomato___Leaf_Mold,0.6862745098039216,1.0,0.3137254901960784
linear_probe_s0,motion_blur,3,Strawberry___Leaf_scorch,0.6865671641791045,1.0,0.31343283582089554
linear_probe_s1,gaussian_noise,1,Tomato___Spider_mites_Two-spotted_spider_mite,0.6358381502890174,0.948905109489051,0.3130669592000337
linear_probe_s0,jpeg,2,Tomato___healthy,0.6804123711340206,0.992248062015504,0.31183569088148333
linear_probe_s1,jpeg,2,Apple___Apple_scab,0.6885245901639344,1.0,0.3114754098360656
linear_probe_s1,motion_blur,2,Tomato___Tomato_mosaic_virus,0.6896551724137931,1.0,0.31034482758620685
linear_probe_s0,jpeg,3,Grape___Esca_(Black_Measles),0.6813186813186813,0.9908256880733946,0.3095070067547132
finetune_s42,gaussian_noise,2,Tomato___Tomato_Yellow_Leaf_Curl_Virus,0.691131498470948,1.0,0.308868501529052
finetune_s1,jpeg,3,Tomato___Spider_mites_Two-spotted_spider_mite,0.6915887850467289,1.0,0.30841121495327106
linear_probe_s1,gaussian_noise,3,Peach___Bacterial_spot,0.6810810810810811,0.989247311827957,0.3081662307468759
finetune_s0,motion_blur,2,Grape___healthy,0.6923076923076923,1.0,0.3076923076923077
finetune_s1,gaussian_noise,1,Grape___healthy,0.6923076923076923,1.0,0.3076923076923077
finetune_s42,low_light,2,Grape___healthy,0.6923076923076923,1.0,0.3076923076923077
finetune_s0,low_light,2,Grape___healthy,0.6923076923076923,1.0,0.3076923076923077
finetune_s42,low_light,2,Cherry_(including_sour)___healthy,0.6923076923076923,1.0,0.3076923076923077
finetune_s0,low_light,2,Strawberry___healthy,0.6938775510204082,1.0,0.30612244897959184
finetune_s42,motion_blur,3,Cherry_(including_sour)___Powdery_mildew,0.6938775510204082,1.0,0.30612244897959184
finetune_s42,jpeg,3,Apple___Apple_scab,0.6938775510204082,1.0,0.30612244897959184
finetune_s1,jpeg,3,Grape___Black_rot,0.6944444444444444,1.0,0.3055555555555556
linear_probe_s0,motion_blur,2,Cherry_(including_sour)___Powdery_mildew,0.6949152542372882,1.0,0.30508474576271183
finetune_s0,jpeg,3,Tomato___Tomato_mosaic_virus,0.6956521739130435,1.0,0.30434782608695654
linear_probe_s0,jpeg,2,Raspberry___healthy,0.6956521739130435,1.0,0.30434782608695654
finetune_s42,jpeg,2,"Pepper,_bell___healthy",0.6956521739130435,1.0,0.30434782608695654
linear_probe_s42,jpeg,3,Corn_(maize)___Northern_Leaf_Blight,0.6567164179104478,0.961038961038961,0.30432254312851326
linear_probe_s42,jpeg,2,Tomato___healthy,0.6804123711340206,0.984375,0.30396262886597936
linear_probe_s0,gaussian_noise,1,Tomato___Spider_mites_Two-spotted_spider_mite,0.6596858638743456,0.9629629629629628,0.3032770990886172
finetune_s0,motion_blur,2,Corn_(maize)___healthy,0.696969696969697,1.0,0.303030303030303
linear_probe_s0,motion_blur,2,Grape___Leaf_blight_(Isariopsis_Leaf_Spot),0.696969696969697,1.0,0.303030303030303
linear_probe_s42,gaussian_noise,2,Grape___Black_rot,0.6575342465753424,0.9591836734693876,0.30164942689404517
linear_probe_s0,motion_blur,2,Peach___healthy,0.6222222222222222,0.9230769230769232,0.300854700854701
finetune_s42,jpeg,3,Corn_(maize)___Northern_Leaf_Blight,0.6744186046511628,0.975,0.3005813953488372
linear_probe_s0,low_light,1,Tomato___Spider_mites_Two-spotted_spider_mite,0.6629213483146067,0.9629629629629628,0.3000416146483561
finetune_s1,gaussian_noise,2,Grape___Leaf_blight_(Isariopsis_Leaf_Spot),0.7,1.0,0.30000000000000004
linear_probe_s42,jpeg,2,Tomato___Bacterial_spot,0.6763285024154589,0.9761904761904762,0.2998619737750172
linear_probe_s42,gaussian_noise,2,"Pepper,_bell___healthy",0.7032967032967034,1.0,0.29670329670329665
linear_probe_s0,gaussian_noise,2,Apple___Black_rot,0.6842105263157895,0.979591836734694,0.2953813104189045
linear_probe_s42,jpeg,2,Tomato___Target_Spot,0.6611570247933884,0.9557522123893806,0.2945951875959921
finetune_s42,jpeg,3,"Pepper,_bell___Bacterial_spot",0.7058823529411765,1.0,0.2941176470588235
linear_probe_s42,motion_blur,2,Grape___Leaf_blight_(Isariopsis_Leaf_Spot),0.7058823529411765,1.0,0.2941176470588235
finetune_s0,motion_blur,2,Tomato___Leaf_Mold,0.7058823529411765,1.0,0.2941176470588235
linear_probe_s1,motion_blur,2,Apple___Cedar_apple_rust,0.7058823529411765,1.0,0.2941176470588235
linear_probe_s0,jpeg,2,Tomato___Late_blight,0.654320987654321,0.948051948051948,0.29373096039762703
linear_probe_s1,low_light,1,Tomato___Bacterial_spot,0.676923076923077,0.9696969696969696,0.29277389277389265
finetune_s42,motion_blur,2,Corn_(maize)___healthy,0.7076923076923077,1.0,0.29230769230769227
linear_probe_s42,low_light,3,Orange___Haunglongbing_(Citrus_greening),0.7078651685393258,1.0,0.2921348314606742
linear_probe_s0,gaussian_noise,2,"Pepper,_bell___Bacterial_spot",0.7090909090909091,1.0,0.2909090909090909
finetune_s0,motion_blur,3,Soybean___healthy,0.7093333333333334,1.0,0.29066666666666663
finetune_s0,motion_blur,2,Potato___Late_blight,0.7096774193548387,1.0,0.29032258064516125
linear_probe_s42,jpeg,3,Grape___Esca_(Black_Measles),0.6818181818181818,0.97196261682243,0.29014443500424825
linear_probe_s1,jpeg,3,Corn_(maize)___Northern_Leaf_Blight,0.6451612903225806,0.935064935064935,0.2899036447423544
linear_probe_s0,gaussian_noise,2,Potato___Late_blight,0.7115384615384616,1.0,0.28846153846153844
linear_probe_s0,low_light,2,Peach___healthy,0.6363636363636364,0.9230769230769232,0.2867132867132869
linear_probe_s0,low_light,2,Strawberry___healthy,0.7142857142857143,1.0,0.2857142857142857
finetune_s0,gaussian_noise,2,Potato___Early_blight,0.7142857142857143,1.0,0.2857142857142857
linear_probe_s1,motion_blur,2,Strawberry___healthy,0.7142857142857143,1.0,0.2857142857142857
linear_probe_s42,motion_blur,2,Strawberry___healthy,0.7142857142857143,1.0,0.2857142857142857
linear_probe_s0,low_light,2,Apple___Apple_scab,0.6944444444444444,0.979591836734694,0.28514739229024955
linear_probe_s0,jpeg,2,Apple___Apple_scab,0.6944444444444444,0.979591836734694,0.28514739229024955
linear_probe_s1,jpeg,2,"Pepper,_bell___Bacterial_spot",0.7027027027027027,0.9876543209876544,0.28495161828495164
finetune_s1,low_light,2,Strawberry___Leaf_scorch,0.7154471544715447,1.0,0.2845528455284553
linear_probe_s0,motion_blur,1,Tomato___Spider_mites_Two-spotted_spider_mite,0.6785714285714286,0.9629629629629628,0.2843915343915342
linear_probe_s42,gaussian_noise,3,Peach___Bacterial_spot,0.7052023121387283,0.9891304347826086,0.28392812264388034
linear_probe_s1,low_light,2,Grape___Black_rot,0.6666666666666666,0.9494949494949496,0.282828282828283
linear_probe_s42,low_light,1,Tomato___Spider_mites_Two-spotted_spider_mite,0.6666666666666666,0.948905109489051,0.2822384428223844
finetune_s0,motion_blur,2,Apple___Black_rot,0.717948717948718,1.0,0.28205128205128205
finetune_s42,motion_blur,2,Tomato___Late_blight,0.7120418848167539,0.9934640522875816,0.2814221674708277
linear_probe_s0,low_light,1,Tomato___Early_blight,0.6461538461538462,0.926829268292683,0.2806754221388368
finetune_s42,motion_blur,2,Tomato___healthy,0.72,1.0,0.28
linear_probe_s1,jpeg,2,Tomato___healthy,0.7128712871287128,0.9921259842519684,0.27925469712325557
linear_probe_s1,gaussian_noise,1,Tomato___Bacterial_spot,0.6917293233082706,0.9696969696969696,0.277967646388699
linear_probe_s42,low_light,3,Peach___Bacterial_spot,0.711864406779661,0.9891304347826086,0.27726602800294764
linear_probe_s1,jpeg,2,Tomato___Target_Spot,0.6326530612244898,0.9090909090909092,0.27643784786641934
finetune_s0,jpeg,2,Tomato___Spider_mites_Two-spotted_spider_mite,0.7238095238095238,1.0,0.2761904761904762
linear_probe_s1,motion_blur,3,Strawberry___Leaf_scorch,0.7246376811594203,1.0,0.2753623188405797
linear_probe_s0,motion_blur,2,Tomato___healthy,0.7169811320754716,0.992248062015504,0.2752669299400323
finetune_s0,jpeg,3,Tomato___healthy,0.7254901960784313,1.0,0.27450980392156865
linear_probe_s1,jpeg,2,Tomato___Bacterial_spot,0.6965174129353234,0.9696969696969696,0.2731795567616462
finetune_s1,gaussian_noise,1,Peach___healthy,0.7272727272727273,1.0,0.2727272727272727
linear_probe_s0,low_light,2,Tomato___healthy,0.72,0.992248062015504,0.272248062015504
finetune_s42,low_light,2,Corn_(maize)___Northern_Leaf_Blight,0.7037037037037037,0.975,0.27129629629629626
linear_probe_s0,jpeg,3,Cherry_(including_sour)___Powdery_mildew,0.7291666666666666,1.0,0.27083333333333337
finetune_s1,motion_blur,3,Corn_(maize)___Northern_Leaf_Blight,0.7169811320754716,0.9873417721518988,0.27036064007642713
linear_probe_s0,low_light,1,Tomato___Leaf_Mold,0.6896551724137931,0.958904109589041,0.2692489371752479
finetune_s1,gaussian_noise,1,Apple___healthy,0.7307692307692307,1.0,0.2692307692307693
linear_probe_s1,low_light,2,"Pepper,_bell___healthy",0.7311827956989247,1.0,0.26881720430107525
linear_probe_s42,motion_blur,2,"Pepper,_bell___Bacterial_spot",0.7317073170731707,1.0,0.2682926829268293
linear_probe_s0,gaussian_noise,3,Peach___Bacterial_spot,0.7052631578947368,0.9732620320855616,0.2679988741908248
linear_probe_s1,gaussian_noise,1,Tomato___Early_blight,0.64,0.9069767441860463,0.26697674418604633
finetune_s42,low_light,1,Tomato___Leaf_Mold,0.7333333333333333,1.0,0.2666666666666667
linear_probe_s42,motion_blur,2,Peach___Bacterial_spot,0.7236842105263158,0.9891304347826086,0.26544622425629283
linear_probe_s1,low_light,2,Apple___Apple_scab,0.7352941176470589,1.0,0.2647058823529411
linear_probe_s1,motion_blur,2,Tomato___Late_blight,0.6527777777777778,0.9171974522292994,0.2644196744515216
linear_probe_s42,low_light,1,"Pepper,_bell___Bacterial_spot",0.7358490566037735,1.0,0.26415094339622647
finetune_s42,motion_blur,3,Soybean___healthy,0.7359050445103857,1.0,0.26409495548961426
finetune_s42,low_light,3,Corn_(maize)___Cercospora_leaf_spot_Gray_leaf_spot,0.6842105263157895,0.9473684210526316,0.26315789473684215
finetune_s1,jpeg,3,Strawberry___healthy,0.7368421052631579,1.0,0.26315789473684215
linear_probe_s42,motion_blur,3,Blueberry___healthy,0.7368421052631579,1.0,0.26315789473684215
finetune_s42,gaussian_noise,3,Corn_(maize)___Cercospora_leaf_spot_Gray_leaf_spot,0.6842105263157895,0.9473684210526316,0.26315789473684215
finetune_s42,motion_blur,2,Tomato___Bacterial_spot,0.7313432835820896,0.9940828402366864,0.2627395566545968
linear_probe_s42,jpeg,2,Apple___Apple_scab,0.7384615384615385,1.0,0.2615384615384615
linear_probe_s0,gaussian_noise,3,Soybean___healthy,0.7372262773722628,0.9975429975429976,0.2603167201707348
finetune_s0,low_light,2,Potato___Early_blight,0.7397260273972602,1.0,0.26027397260273977
finetune_s42,low_light,2,Corn_(maize)___healthy,0.7397260273972602,1.0,0.26027397260273977
finetune_s42,jpeg,3,Apple___healthy,0.7397260273972602,1.0,0.26027397260273977
linear_probe_s42,motion_blur,1,Peach___healthy,0.7027027027027027,0.9629629629629628,0.26026026026026006
linear_probe_s1,low_light,3,Peach___Bacterial_spot,0.7291666666666666,0.989247311827957,0.26008064516129037
finetune_s1,low_light,2,Grape___Leaf_blight_(Isariopsis_Leaf_Spot),0.7407407407407407,1.0,0.2592592592592593
finetune_s1,motion_blur,3,Tomato___Tomato_Yellow_Leaf_Curl_Virus,0.7395833333333334,0.9976689976689976,0.25808566433566427
linear_probe_s42,jpeg,2,Tomato___Leaf_Mold,0.65625,0.9142857142857144,0.25803571428571437
linear_probe_s0,jpeg,2,Tomato___Bacterial_spot,0.7064676616915423,0.9642857142857144,0.2578180525941721
finetune_s0,jpeg,3,Strawberry___Leaf_scorch,0.7428571428571429,1.0,0.2571428571428571
finetune_s42,low_light,2,Potato___Early_blight,0.7435897435897436,1.0,0.2564102564102564
linear_probe_s0,low_light,2,Potato___Late_blight,0.7450980392156863,1.0,0.2549019607843137
finetune_s42,jpeg,3,Tomato___healthy,0.7454545454545455,1.0,0.2545454545454545
finetune_s0,gaussian_noise,1,Tomato___Spider_mites_Two-spotted_spider_mite,0.7454545454545455,1.0,0.2545454545454545
linear_probe_s1,jpeg,2,Tomato___Late_blight,0.6629834254143646,0.9171974522292994,0.25421402681493477
linear_probe_s42,gaussian_noise,1,Tomato___Spider_mites_Two-spotted_spider_mite,0.6982248520710059,0.948905109489051,0.2506802574180451
linear_probe_s42,motion_blur,2,Tomato___healthy,0.7339449541284404,0.984375,0.2504300458715596
linear_probe_s0,motion_blur,1,Tomato___Leaf_Mold,0.7088607594936709,0.958904109589041,0.25004335009537015
linear_probe_s42,jpeg,2,Apple___Black_rot,0.75,1.0,0.25
finetune_s0,gaussian_noise,1,Tomato___Leaf_Mold,0.75,1.0,0.25
finetune_s0,motion_blur,2,Potato___Early_blight,0.75,1.0,0.25
linear_probe_s42,low_light,1,Raspberry___healthy,0.75,1.0,0.25
finetune_s42,motion_blur,3,Blueberry___healthy,0.75,1.0,0.25
linear_probe_s0,motion_blur,2,Cherry_(including_sour)___healthy,0.7368421052631579,0.9855072463768116,0.2486651411136538
linear_probe_s0,gaussian_noise,3,Corn_(maize)___healthy,0.7521367521367521,1.0,0.24786324786324787
finetune_s42,gaussian_noise,2,Squash___Powdery_mildew,0.7521367521367521,1.0,0.24786324786324787
finetune_s0,gaussian_noise,2,Tomato___Tomato_Yellow_Leaf_Curl_Virus,0.7521865889212828,1.0,0.24781341107871724
linear_probe_s1,motion_blur,2,"Pepper,_bell___Bacterial_spot",0.7407407407407407,0.9876543209876544,0.24691358024691368
finetune_s42,jpeg,3,Soybean___healthy,0.7541589648798521,1.0,0.24584103512014788
linear_probe_s42,gaussian_noise,1,"Pepper,_bell___Bacterial_spot",0.7547169811320755,1.0,0.24528301886792447
linear_probe_s0,gaussian_noise,3,Orange___Haunglongbing_(Citrus_greening),0.7524752475247525,0.9977324263038548,0.24525717877910236
linear_probe_s1,jpeg,2,"Pepper,_bell___healthy",0.7551020408163265,1.0,0.24489795918367352
linear_probe_s1,low_light,2,Cherry_(including_sour)___healthy,0.7407407407407407,0.9855072463768116,0.24476650563607094
linear_probe_s42,jpeg,3,Grape___Leaf_blight_(Isariopsis_Leaf_Spot),0.7560975609756098,1.0,0.24390243902439024
finetune_s1,motion_blur,2,Squash___Powdery_mildew,0.7563025210084033,1.0,0.24369747899159666
finetune_s42,gaussian_noise,1,Apple___Black_rot,0.7575757575757576,1.0,0.24242424242424243
finetune_s0,gaussian_noise,1,Tomato___Late_blight,0.7580645161290323,1.0,0.24193548387096775
linear_probe_s42,low_light,2,Strawberry___healthy,0.7586206896551724,1.0,0.24137931034482762
finetune_s42,jpeg,3,Strawberry___healthy,0.7586206896551724,1.0,0.24137931034482762
linear_probe_s42,gaussian_noise,2,Strawberry___healthy,0.7586206896551724,1.0,0.24137931034482762
linear_probe_s0,gaussian_noise,2,Strawberry___healthy,0.7586206896551724,1.0,0.24137931034482762
linear_probe_s42,motion_blur,2,Cherry_(including_sour)___healthy,0.7586206896551724,1.0,0.24137931034482762
finetune_s1,gaussian_noise,2,Cherry_(including_sour)___healthy,0.759493670886076,1.0,0.240506329113924
linear_probe_s0,jpeg,3,Grape___Leaf_blight_(Isariopsis_Leaf_Spot),0.759493670886076,1.0,0.240506329113924
linear_probe_s42,low_light,1,Tomato___Early_blight,0.6753246753246753,0.9156626506024096,0.24033797527773426
linear_probe_s0,low_light,1,Peach___healthy,0.6829268292682927,0.9230769230769232,0.2401500938086305
finetune_s42,motion_blur,3,Strawberry___Leaf_scorch,0.7605633802816901,1.0,0.23943661971830987
finetune_s42,motion_blur,2,Corn_(maize)___Cercospora_leaf_spot_Gray_leaf_spot,0.7096774193548387,0.9473684210526316,0.2376910016977929
linear_probe_s1,motion_blur,1,Tomato___Leaf_Mold,0.7073170731707317,0.9444444444444444,0.23712737127371275
linear_probe_s0,jpeg,2,Blueberry___healthy,0.7628865979381443,1.0,0.23711340206185572
linear_probe_s42,jpeg,2,Peach___healthy,0.7272727272727273,0.9629629629629628,0.2356902356902355
finetune_s42,motion_blur,3,Peach___healthy,0.7647058823529411,1.0,0.23529411764705888
linear_probe_s0,low_light,3,Soybean___healthy,0.7624521072796935,0.9975429975429976,0.2350908902633041
finetune_s42,jpeg,3,Tomato___Bacterial_spot,0.7593582887700535,0.9940828402366864,0.23472455146663285
linear_probe_s0,low_light,3,Peach___Bacterial_spot,0.7391304347826086,0.9732620320855616,0.23413159730295297
finetune_s1,motion_blur,2,Cherry_(including_sour)___Powdery_mildew,0.7663551401869159,1.0,0.23364485981308414
finetune_s1,jpeg,3,Corn_(maize)___Cercospora_leaf_spot_Gray_leaf_spot,0.7407407407407407,0.9743589743589745,0.23361823361823375
finetune_s0,jpeg,3,Corn_(maize)___Cercospora_leaf_spot_Gray_leaf_spot,0.7169811320754716,0.95,0.2330188679245283
linear_probe_s1,low_light,1,Tomato___Leaf_Mold,0.711864406779661,0.9444444444444444,0.2325800376647834
finetune_s0,motion_blur,2,Tomato___Late_blight,0.7675675675675676,1.0,0.2324324324324324
finetune_s42,gaussian_noise,2,Corn_(maize)___Common_rust_,0.768,1.0,0.23199999999999998
linear_probe_s1,gaussian_noise,3,Corn_(maize)___Common_rust_,0.7692307692307693,1.0,0.23076923076923073
finetune_s42,gaussian_noise,1,Tomato___Spider_mites_Two-spotted_spider_mite,0.7706422018348624,1.0,0.22935779816513757
finetune_s0,jpeg,3,Soybean___healthy,0.7712665406427222,1.0,0.22873345935727785
finetune_s0,motion_blur,2,Grape___Leaf_blight_(Isariopsis_Leaf_Spot),0.7714285714285715,1.0,0.22857142857142854
linear_probe_s1,motion_blur,2,Peach___Bacterial_spot,0.7613636363636364,0.989247311827957,0.22788367546432065
linear_probe_s1,motion_blur,3,Blueberry___healthy,0.7722772277227723,1.0,0.2277227722772277
finetune_s42,low_light,2,Squash___Powdery_mildew,0.773109243697479,1.0,0.22689075630252098
finetune_s0,jpeg,3,Strawberry___healthy,0.7741935483870968,1.0,0.22580645161290325
linear_probe_s42,gaussian_noise,2,Potato___Late_blight,0.7741935483870968,1.0,0.22580645161290325
linear_probe_s42,motion_blur,3,Orange___Haunglongbing_(Citrus_greening),0.775623268698061,1.0,0.22437673130193903
linear_probe_s42,gaussian_noise,3,Soybean___healthy,0.7740667976424361,0.9975429975429976,0.22347619990056145
finetune_s0,jpeg,3,Tomato___Septoria_leaf_spot,0.7769784172661871,1.0,0.2230215827338129
linear_probe_s1,low_light,1,"Pepper,_bell___Bacterial_spot",0.7647058823529411,0.9876543209876544,0.22294843863471325
finetune_s1,jpeg,3,Soybean___healthy,0.7771428571428571,1.0,0.22285714285714286
linear_probe_s42,jpeg,2,Tomato___Late_blight,0.7320261437908496,0.954248366013072,0.22222222222222232
linear_probe_s42,motion_blur,2,Apple___Cedar_apple_rust,0.7777777777777778,1.0,0.2222222222222222
linear_probe_s1,motion_blur,2,Apple___Apple_scab,0.7777777777777778,1.0,0.2222222222222222
linear_probe_s1,low_light,1,Apple___Cedar_apple_rust,0.7777777777777778,1.0,0.2222222222222222
linear_probe_s0,motion_blur,2,"Pepper,_bell___Bacterial_spot",0.7804878048780488,1.0,0.2195121951219512
linear_probe_s0,jpeg,2,Tomato___Leaf_Mold,0.7397260273972602,0.958904109589041,0.2191780821917808
finetune_s0,gaussian_noise,1,Tomato___healthy,0.780952380952381,1.0,0.21904761904761905
finetune_s0,motion_blur,3,Peach___healthy,0.782608695652174,1.0,0.21739130434782605
finetune_s0,low_light,1,Peach___healthy,0.782608695652174,1.0,0.21739130434782605
linear_probe_s42,motion_blur,2,"Pepper,_bell___healthy",0.7843137254901961,1.0,0.21568627450980393
linear_probe_s0,gaussian_noise,2,Tomato___healthy,0.7777777777777778,0.992248062015504,0.21447028423772618
linear_probe_s42,jpeg,2,Cherry_(including_sour)___healthy,0.7857142857142857,1.0,0.2142857142857143
linear_probe_s1,motion_blur,2,Grape___healthy,0.7857142857142857,1.0,0.2142857142857143
linear_probe_s1,motion_blur,1,Peach___healthy,0.75,0.9629629629629628,0.2129629629629628
finetune_s42,low_light,1,Tomato___Target_Spot,0.7872340425531915,1.0,0.21276595744680848
linear_probe_s0,low_light,3,Orange___Haunglongbing_(Citrus_greening),0.7851851851851852,0.9977324263038548,0.21254724111866963
linear_probe_s0,jpeg,3,Strawberry___healthy,0.7878787878787878,1.0,0.21212121212121215
linear_probe_s0,gaussian_noise,1,Potato___Late_blight,0.7878787878787878,1.0,0.21212121212121215
finetune_s0,low_light,2,Blueberry___healthy,0.7891156462585034,1.0,0.2108843537414966
finetune_s42,gaussian_noise,2,Corn_(maize)___healthy,0.7894736842105263,1.0,0.21052631578947367
linear_probe_s42,motion_blur,1,Tomato___Septoria_leaf_spot,0.7540983606557377,0.9640287769784172,0.2099304163226795
finetune_s0,low_light,2,Corn_(maize)___Cercospora_leaf_spot_Gray_leaf_spot,0.7407407407407407,0.95,0.20925925925925926
linear_probe_s1,jpeg,2,Tomato___Leaf_Mold,0.7352941176470589,0.9444444444444444,0.20915032679738554
linear_probe_s1,jpeg,2,Potato___Late_blight,0.7789473684210526,0.9873417721518988,0.20839440373084617
finetune_s42,low_light,1,Tomato___healthy,0.7924528301886793,1.0,0.2075471698113207
linear_probe_s1,gaussian_noise,2,Corn_(maize)___Cercospora_leaf_spot_Gray_leaf_spot,0.6428571428571429,0.85,0.20714285714285707
linear_probe_s1,low_light,2,Tomato___Tomato_Yellow_Leaf_Curl_Virus,0.7865168539325843,0.993006993006993,0.20649013907440872
linear_probe_s0,motion_blur,2,Peach___Bacterial_spot,0.7674418604651163,0.9732620320855616,0.2058201716204453
linear_probe_s1,gaussian_noise,2,Potato___Late_blight,0.7816091954022989,0.9873417721518988,0.20573257674959988
finetune_s42,jpeg,3,Strawberry___Leaf_scorch,0.7945205479452054,1.0,0.20547945205479456
linear_probe_s42,low_light,2,Potato___Late_blight,0.7956989247311828,1.0,0.20430107526881724
finetune_s1,low_light,1,Tomato___Target_Spot,0.7956989247311828,1.0,0.20430107526881724
linear_probe_s1,gaussian_noise,2,"Pepper,_bell___healthy",0.7959183673469388,1.0,0.20408163265306123
linear_probe_s42,gaussian_noise,1,Potato___Late_blight,0.7959183673469388,1.0,0.20408163265306123
linear_probe_s1,jpeg,3,Grape___Esca_(Black_Measles),0.76,0.9622641509433962,0.20226415094339623
linear_probe_s0,gaussian_noise,1,Tomato___Early_blight,0.7246376811594203,0.926829268292683,0.20219158713326268
finetune_s1,jpeg,3,Orange___Haunglongbing_(Citrus_greening),0.7978142076502732,1.0,0.20218579234972678
linear_probe_s1,gaussian_noise,2,Tomato___Tomato_Yellow_Leaf_Curl_Virus,0.7909604519774012,0.993006993006993,0.20204654102959185
linear_probe_s1,motion_blur,2,Tomato___Tomato_Yellow_Leaf_Curl_Virus,0.79182156133829,0.993006993006993,0.20118543166870306
linear_probe_s42,motion_blur,3,Grape___Esca_(Black_Measles),0.7708333333333334,0.97196261682243,0.20112928348909664
linear_probe_s1,motion_blur,3,Tomato___Tomato_Yellow_Leaf_Curl_Virus,0.7925311203319502,0.993006993006993,0.20047587267504285
finetune_s42,jpeg,3,Raspberry___healthy,0.8,1.0,0.19999999999999996
linear_probe_s1,low_light,2,Potato___healthy,0.8,1.0,0.19999999999999996
linear_probe_s1,low_light,2,Strawberry___healthy,0.8,1.0,0.19999999999999996
linear_probe_s42,gaussian_noise,1,Strawberry___healthy,0.8,1.0,0.19999999999999996
finetune_s42,jpeg,3,Tomato___Leaf_Mold,0.8,1.0,0.19999999999999996
linear_probe_s0,jpeg,1,Potato___healthy,0.8,1.0,0.19999999999999996
linear_probe_s42,jpeg,2,Raspberry___healthy,0.8,1.0,0.19999999999999996
finetune_s0,jpeg,2,Potato___healthy,0.8,1.0,0.19999999999999996
linear_probe_s0,gaussian_noise,1,Strawberry___healthy,0.8,1.0,0.19999999999999996
linear_probe_s42,low_light,3,Soybean___healthy,0.7975708502024291,0.9975429975429976,0.19997214734056845
linear_probe_s1,gaussian_noise,2,Cherry_(including_sour)___healthy,0.7857142857142857,0.9855072463768116,0.19979296066252594
finetune_s1,motion_blur,3,Tomato___Late_blight,0.7875,0.986842105263158,0.199342105263158
linear_probe_s42,motion_blur,1,Tomato___Leaf_Mold,0.7160493827160493,0.9142857142857144,0.19823633156966503
linear_probe_s0,motion_blur,2,Corn_(maize)___Northern_Leaf_Blight,0.7526881720430108,0.95,0.1973118279569892
finetune_s1,motion_blur,2,Corn_(maize)___Cercospora_leaf_spot_Gray_leaf_spot,0.7777777777777778,0.9743589743589745,0.19658119658119666
linear_probe_s42,gaussian_noise,2,Apple___healthy,0.8034188034188035,1.0,0.19658119658119655
linear_probe_s42,low_light,3,Corn_(maize)___healthy,0.8035714285714286,1.0,0.1964285714285714
linear_probe_s42,jpeg,2,"Pepper,_bell___Bacterial_spot",0.8041237113402062,1.0,0.19587628865979378
linear_probe_s0,low_light,1,"Pepper,_bell___Bacterial_spot",0.8041237113402062,1.0,0.19587628865979378
finetune_s0,motion_blur,3,Grape___Esca_(Black_Measles),0.8043478260869565,1.0,0.19565217391304346
finetune_s0,gaussian_noise,2,Corn_(maize)___Cercospora_leaf_spot_Gray_leaf_spot,0.7547169811320755,0.95,0.19528301886792443
linear_probe_s1,low_light,3,Corn_(maize)___Common_rust_,0.8048780487804879,1.0,0.19512195121951215
finetune_s0,gaussian_noise,2,Blueberry___healthy,0.8055555555555556,1.0,0.19444444444444442
finetune_s1,low_light,2,Cherry_(including_sour)___healthy,0.8055555555555556,1.0,0.19444444444444442
linear_probe_s1,motion_blur,1,Tomato___Septoria_leaf_spot,0.7627118644067796,0.9565217391304348,0.19380987472365518
linear_probe_s42,motion_blur,2,Tomato___Tomato_Yellow_Leaf_Curl_Virus,0.7955390334572491,0.988399071925754,0.19286003846850497
linear_probe_s1,motion_blur,2,"Pepper,_bell___healthy",0.8073394495412844,1.0,0.19266055045871555
linear_probe_s0,low_light,2,"Pepper,_bell___healthy",0.8080808080808081,1.0,0.19191919191919193
finetune_s42,gaussian_noise,2,Corn_(maize)___Cercospora_leaf_spot_Gray_leaf_spot,0.7555555555555555,0.9473684210526316,0.1918128654970761
finetune_s0,jpeg,2,Tomato___Target_Spot,0.8088235294117647,1.0,0.19117647058823528
linear_probe_s42,jpeg,3,Soybean___healthy,0.8063872255489022,0.9975429975429976,0.1911557719940954
finetune_s1,motion_blur,2,Grape___Black_rot,0.810126582278481,1.0,0.189873417721519
finetune_s1,gaussian_noise,2,"Pepper,_bell___Bacterial_spot",0.8108108108108109,1.0,0.18918918918918914
finetune_s42,motion_blur,2,Apple___healthy,0.8125,1.0,0.1875
finetune_s42,low_light,2,Corn_(maize)___Cercospora_leaf_spot_Gray_leaf_spot,0.76,0.9473684210526316,0.18736842105263163
linear_probe_s42,motion_blur,2,Squash___Powdery_mildew,0.8130081300813008,1.0,0.1869918699186992
finetune_s0,motion_blur,2,Corn_(maize)___Northern_Leaf_Blight,0.7878787878787878,0.9743589743589745,0.1864801864801866
finetune_s42,low_light,2,Corn_(maize)___Common_rust_,0.8135593220338984,1.0,0.18644067796610164
linear_probe_s0,gaussian_noise,1,Peach___healthy,0.7368421052631579,0.9230769230769232,0.18623481781376539
linear_probe_s1,jpeg,3,Grape___Leaf_blight_(Isariopsis_Leaf_Spot),0.813953488372093,1.0,0.18604651162790697
finetune_s0,motion_blur,2,Grape___Black_rot,0.8148148148148148,1.0,0.18518518518518523
linear_probe_s1,motion_blur,3,Orange___Haunglongbing_(Citrus_greening),0.8150134048257373,1.0,0.18498659517426275
finetune_s1,jpeg,3,Grape___Leaf_blight_(Isariopsis_Leaf_Spot),0.8157894736842105,1.0,0.1842105263157895
linear_probe_s42,jpeg,3,Cherry_(including_sour)___Powdery_mildew,0.8157894736842105,1.0,0.1842105263157895
linear_probe_s0,jpeg,3,Soybean___healthy,0.8136272545090181,0.9975429975429976,0.1839157430339795
linear_probe_s42,motion_blur,2,Apple___Apple_scab,0.8163265306122449,1.0,0.18367346938775508
finetune_s1,gaussian_noise,1,Blueberry___healthy,0.8163265306122449,1.0,0.18367346938775508
linear_probe_s42,motion_blur,1,Potato___Late_blight,0.8169014084507042,1.0,0.18309859154929575
finetune_s1,jpeg,3,"Pepper,_bell___Bacterial_spot",0.8169014084507042,1.0,0.18309859154929575
linear_probe_s0,motion_blur,2,"Pepper,_bell___healthy",0.8181818181818182,1.0,0.18181818181818177
finetune_s0,low_light,1,Strawberry___healthy,0.8181818181818182,1.0,0.18181818181818177
linear_probe_s0,motion_blur,3,Blueberry___healthy,0.8188976377952756,1.0,0.18110236220472442
finetune_s0,motion_blur,3,Strawberry___Leaf_scorch,0.8192771084337349,1.0,0.1807228915662651
linear_probe_s1,gaussian_noise,3,Corn_(maize)___healthy,0.8210526315789474,1.0,0.17894736842105263
linear_probe_s0,jpeg,2,"Pepper,_bell___Bacterial_spot",0.8210526315789474,1.0,0.17894736842105263
finetune_s0,jpeg,3,Cherry_(including_sour)___Powdery_mildew,0.8210526315789474,1.0,0.17894736842105263
linear_probe_s0,jpeg,2,Cherry_(including_sour)___healthy,0.8070175438596491,0.9855072463768116,0.17848970251716256
linear_probe_s42,low_light,1,Tomato___Septoria_leaf_spot,0.7857142857142857,0.9640287769784172,0.17831449126413146
linear_probe_s1,jpeg,3,Peach___Bacterial_spot,0.8110599078341014,0.989247311827957,0.17818740399385558
linear_probe_s42,motion_blur,3,Soybean___healthy,0.8202764976958525,0.9975429975429976,0.17726649984714504
finetune_s0,motion_blur,2,Cherry_(including_sour)___Powdery_mildew,0.8235294117647058,1.0,0.17647058823529416
linear_probe_s42,jpeg,2,Blueberry___healthy,0.8235294117647058,1.0,0.17647058823529416
finetune_s0,jpeg,3,Tomato___Leaf_Mold,0.8235294117647058,1.0,0.17647058823529416
finetune_s0,jpeg,2,"Pepper,_bell___healthy",0.8235294117647058,1.0,0.17647058823529416
linear_probe_s0,low_light,1,Tomato___Bacterial_spot,0.7887323943661971,0.9642857142857144,0.17555331991951728
linear_probe_s0,motion_blur,3,Tomato___Tomato_Yellow_Leaf_Curl_Virus,0.8137044967880086,0.9883449883449884,0.1746404915569798
linear_probe_s0,low_light,1,Apple___Cedar_apple_rust,0.7777777777777778,0.9523809523809524,0.17460317460317465
linear_probe_s0,jpeg,1,Apple___Cedar_apple_rust,0.7777777777777778,0.9523809523809524,0.17460317460317465
linear_probe_s0,motion_blur,2,Apple___Cedar_apple_rust,0.7777777777777778,0.9523809523809524,0.17460317460317465
linear_probe_s0,low_light,3,Corn_(maize)___healthy,0.8256880733944955,1.0,0.17431192660550454
finetune_s1,jpeg,3,Tomato___healthy,0.8256880733944955,1.0,0.17431192660550454
linear_probe_s42,gaussian_noise,3,Corn_(maize)___healthy,0.8256880733944955,1.0,0.17431192660550454
linear_probe_s0,gaussian_noise,2,Tomato___Tomato_Yellow_Leaf_Curl_Virus,0.814404432132964,0.9883449883449884,0.17394055621202442
linear_probe_s0,motion_blur,2,Tomato___Tomato_Yellow_Leaf_Curl_Virus,0.8153846153846154,0.9883449883449884,0.17296037296037303
finetune_s0,motion_blur,2,Cherry_(including_sour)___healthy,0.8275862068965517,1.0,0.1724137931034483
finetune_s1,low_light,1,Grape___healthy,0.8275862068965517,1.0,0.1724137931034483
linear_probe_s1,jpeg,3,Corn_(maize)___healthy,0.8288288288288288,1.0,0.1711711711711712
linear_probe_s0,jpeg,2,Apple___healthy,0.8214285714285714,0.9924812030075189,0.17105263157894746
linear_probe_s1,gaussian_noise,2,Corn_(maize)___Northern_Leaf_Blight,0.7647058823529411,0.935064935064935,0.17035905271199392
linear_probe_s0,jpeg,2,Apple___Black_rot,0.8095238095238095,0.979591836734694,0.17006802721088443
linear_probe_s1,low_light,1,Apple___Black_rot,0.8095238095238095,0.979591836734694,0.17006802721088443
linear_probe_s0,gaussian_noise,1,Tomato___Bacterial_spot,0.7945205479452054,0.9642857142857144,0.16976516634050898
linear_probe_s42,motion_blur,2,Corn_(maize)___Northern_Leaf_Blight,0.7916666666666666,0.961038961038961,0.1693722943722944
linear_probe_s42,gaussian_noise,1,Tomato___Early_blight,0.7469879518072289,0.9156626506024096,0.1686746987951807
finetune_s1,jpeg,2,"Pepper,_bell___healthy",0.8316831683168316,1.0,0.16831683168316836
linear_probe_s42,low_light,2,Apple___healthy,0.831858407079646,1.0,0.16814159292035402
finetune_s42,motion_blur,3,Tomato___Tomato_Yellow_Leaf_Curl_Virus,0.8323471400394478,1.0,0.16765285996055224
linear_probe_s0,motion_blur,1,Tomato___Septoria_leaf_spot,0.784,0.951048951048951,0.167048951048951
finetune_s1,jpeg,3,Grape___healthy,0.8333333333333334,1.0,0.16666666666666663
finetune_s1,motion_blur,1,Tomato___Tomato_mosaic_virus,0.8333333333333334,1.0,0.16666666666666663
linear_probe_s1,jpeg,3,Strawberry___healthy,0.8333333333333334,1.0,0.16666666666666663
finetune_s1,jpeg,3,Peach___healthy,0.8333333333333334,1.0,0.16666666666666663
finetune_s1,motion_blur,2,Strawberry___healthy,0.8333333333333334,1.0,0.16666666666666663
finetune_s42,gaussian_noise,2,Cherry_(including_sour)___Powdery_mildew,0.8333333333333334,1.0,0.16666666666666663
finetune_s0,motion_blur,2,Tomato___Tomato_mosaic_virus,0.8333333333333334,1.0,0.16666666666666663
linear_probe_s42,motion_blur,3,Tomato___Tomato_Yellow_Leaf_Curl_Virus,0.8218623481781376,0.988399071925754,0.1665367237476164
finetune_s42,jpeg,2,Tomato___Target_Spot,0.8347826086956521,1.0,0.16521739130434787
linear_probe_s1,low_light,2,Potato___Late_blight,0.8222222222222222,0.9873417721518988,0.1651195499296766
finetune_s0,motion_blur,2,Tomato___Target_Spot,0.8349514563106796,1.0,0.16504854368932043
finetune_s42,jpeg,2,Blueberry___healthy,0.8349514563106796,1.0,0.16504854368932043
linear_probe_s0,jpeg,2,Potato___Late_blight,0.8351648351648352,1.0,0.1648351648351648
finetune_s0,gaussian_noise,2,"Pepper,_bell___Bacterial_spot",0.8354430379746836,1.0,0.16455696202531644
linear_probe_s1,jpeg,3,Cherry_(including_sour)___Powdery_mildew,0.8354430379746836,1.0,0.16455696202531644
finetune_s1,jpeg,2,Tomato___Septoria_leaf_spot,0.8360655737704918,1.0,0.16393442622950816
finetune_s1,jpeg,3,Apple___healthy,0.8360655737704918,1.0,0.16393442622950816
finetune_s42,motion_blur,3,Orange___Haunglongbing_(Citrus_greening),0.836852207293666,1.0,0.16314779270633395
finetune_s0,jpeg,3,Grape___Black_rot,0.8372093023255814,1.0,0.16279069767441856
linear_probe_s0,low_light,2,Tomato___Tomato_Yellow_Leaf_Curl_Virus,0.8260869565217391,0.9883449883449884,0.16225803182324927
finetune_s1,low_light,2,"Pepper,_bell___Bacterial_spot",0.8378378378378378,1.0,0.16216216216216217
finetune_s42,gaussian_noise,2,Peach___Bacterial_spot,0.8379888268156425,1.0,0.16201117318435754
finetune_s1,gaussian_noise,2,"Pepper,_bell___healthy",0.8380952380952381,1.0,0.16190476190476188
linear_probe_s0,low_light,1,Strawberry___healthy,0.8387096774193549,1.0,0.16129032258064513
finetune_s1,motion_blur,3,Strawberry___Leaf_scorch,0.8395061728395061,1.0,0.16049382716049387
linear_probe_s42,low_light,1,Tomato___Bacterial_spot,0.8163265306122449,0.9761904761904762,0.15986394557823125
linear_probe_s42,jpeg,3,Potato___Early_blight,0.8405797101449275,1.0,0.1594202898550725
linear_probe_s1,low_light,1,Tomato___Septoria_leaf_spot,0.7976190476190477,0.9565217391304348,0.15890269151138714
linear_probe_s0,motion_blur,2,Squash___Powdery_mildew,0.8412698412698413,1.0,0.15873015873015872
finetune_s42,motion_blur,2,Squash___Powdery_mildew,0.8412698412698413,1.0,0.15873015873015872
linear_probe_s0,low_light,1,Tomato___Septoria_leaf_spot,0.7931034482758621,0.951048951048951,0.15794550277308894
linear_probe_s1,jpeg,2,Cherry_(including_sour)___healthy,0.8275862068965517,0.9855072463768116,0.15792103948025993
finetune_s42,motion_blur,3,Apple___Cedar_apple_rust,0.8421052631578947,1.0,0.1578947368421053
linear_probe_s42,jpeg,2,Apple___healthy,0.8421052631578947,1.0,0.1578947368421053
finetune_s42,motion_blur,2,Tomato___Target_Spot,0.8431372549019608,1.0,0.1568627450980392
finetune_s0,motion_blur,2,Squash___Powdery_mildew,0.84375,1.0,0.15625
linear_probe_s0,motion_blur,3,Soybean___healthy,0.8421052631578947,0.9975429975429976,0.1554377343851029
finetune_s1,jpeg,3,Tomato___Late_blight,0.8322147651006712,0.986842105263158,0.1546273401624868
linear_probe_s0,jpeg,3,Strawberry___Leaf_scorch,0.8461538461538461,1.0,0.15384615384615385
finetune_s0,jpeg,3,Raspberry___healthy,0.8461538461538461,1.0,0.15384615384615385
linear_probe_s42,gaussian_noise,1,Raspberry___healthy,0.8461538461538461,1.0,0.15384615384615385
finetune_s0,low_light,1,Raspberry___healthy,0.8461538461538461,1.0,0.15384615384615385
linear_probe_s1,jpeg,2,Raspberry___healthy,0.8461538461538461,1.0,0.15384615384615385
linear_probe_s42,jpeg,2,"Pepper,_bell___healthy",0.8461538461538461,1.0,0.15384615384615385
finetune_s42,gaussian_noise,1,Raspberry___healthy,0.8461538461538461,1.0,0.15384615384615385
finetune_s0,motion_blur,2,Apple___Apple_scab,0.8461538461538461,1.0,0.15384615384615385
finetune_s1,gaussian_noise,1,Raspberry___healthy,0.8461538461538461,1.0,0.15384615384615385
linear_probe_s0,jpeg,3,Tomato___Tomato_Yellow_Leaf_Curl_Virus,0.8351063829787234,0.9883449883449884,0.153238605366265
finetune_s42,gaussian_noise,2,Grape___Leaf_blight_(Isariopsis_Leaf_Spot),0.8470588235294118,1.0,0.15294117647058825
finetune_s1,motion_blur,3,Tomato___Spider_mites_Two-spotted_spider_mite,0.847457627118644,1.0,0.15254237288135597
finetune_s42,motion_blur,3,Grape___Esca_(Black_Measles),0.847457627118644,1.0,0.15254237288135597
finetune_s1,motion_blur,2,Tomato___Target_Spot,0.8484848484848485,1.0,0.1515151515151515
finetune_s0,motion_blur,3,Tomato___Tomato_mosaic_virus,0.8484848484848485,1.0,0.1515151515151515
finetune_s42,low_light,2,Tomato___Tomato_Yellow_Leaf_Curl_Virus,0.8494623655913979,1.0,0.15053763440860213
finetune_s0,motion_blur,3,Blueberry___healthy,0.8495575221238938,1.0,0.1504424778761062
linear_probe_s1,motion_blur,1,Tomato___Bacterial_spot,0.8194444444444444,0.9696969696969696,0.1502525252525252
finetune_s0,jpeg,3,"Pepper,_bell___Bacterial_spot",0.85,1.0,0.15000000000000002
finetune_s0,motion_blur,2,Corn_(maize)___Cercospora_leaf_spot_Gray_leaf_spot,0.8,0.95,0.1499999999999999
linear_probe_s1,gaussian_noise,1,"Pepper,_bell___Bacterial_spot",0.8387096774193549,0.9876543209876544,0.1489446435682995
linear_probe_s1,motion_blur,3,Soybean___healthy,0.8496420047732697,0.9975429975429976,0.1479009927697279
finetune_s0,gaussian_noise,2,Corn_(maize)___Northern_Leaf_Blight,0.8266666666666667,0.9743589743589745,0.1476923076923078
linear_probe_s1,jpeg,2,Apple___healthy,0.8448275862068966,0.9924812030075189,0.14765361680062228
finetune_s1,jpeg,3,Squash___Powdery_mildew,0.8527131782945736,1.0,0.1472868217054264
finetune_s0,gaussian_noise,2,Grape___Esca_(Black_Measles),0.8527131782945736,1.0,0.1472868217054264
finetune_s1,low_light,1,Tomato___Leaf_Mold,0.8529411764705882,1.0,0.1470588235294118
finetune_s0,jpeg,3,Grape___Leaf_blight_(Isariopsis_Leaf_Spot),0.8533333333333334,1.0,0.1466666666666666
linear_probe_s42,low_light,1,Potato___Late_blight,0.8539325842696629,1.0,0.1460674157303371
linear_probe_s1,low_light,3,Corn_(maize)___healthy,0.8541666666666666,1.0,0.14583333333333337
linear_probe_s0,gaussian_noise,2,"Pepper,_bell___healthy",0.8543689320388349,1.0,0.1456310679611651
linear_probe_s42,low_light,3,Corn_(maize)___Common_rust_,0.8444444444444444,0.9896907216494846,0.14524627720504013
finetune_s42,gaussian_noise,2,Grape___Esca_(Black_Measles),0.8548387096774194,1.0,0.14516129032258063
finetune_s0,gaussian_noise,2,"Pepper,_bell___healthy",0.8571428571428571,1.0,0.1428571428571429
finetune_s1,low_light,1,Tomato___Tomato_mosaic_virus,0.8571428571428571,1.0,0.1428571428571429
finetune_s1,gaussian_noise,1,Tomato___Spider_mites_Two-spotted_spider_mite,0.8571428571428571,1.0,0.1428571428571429
finetune_s0,gaussian_noise,1,Potato___Late_blight,0.8571428571428571,1.0,0.1428571428571429
linear_probe_s0,jpeg,2,"Pepper,_bell___healthy",0.8571428571428571,1.0,0.1428571428571429
finetune_s1,jpeg,3,Tomato___Leaf_Mold,0.8571428571428571,1.0,0.1428571428571429
linear_probe_s42,gaussian_noise,1,Tomato___Septoria_leaf_spot,0.8211920529801324,0.9640287769784172,0.14283672399828473
linear_probe_s1,jpeg,3,Soybean___healthy,0.8547368421052631,0.9975429975429976,0.14280615543773445
linear_probe_s1,gaussian_noise,1,Apple___Black_rot,0.8372093023255814,0.979591836734694,0.14238253440911253
finetune_s0,jpeg,2,Apple___healthy,0.859504132231405,1.0,0.14049586776859502
finetune_s1,jpeg,2,Tomato___Bacterial_spot,0.8539325842696629,0.9940828402366864,0.14015025596702346
linear_probe_s0,jpeg,3,Peach___Bacterial_spot,0.8333333333333334,0.9732620320855616,0.13992869875222824
linear_probe_s0,low_light,1,Potato___Late_blight,0.8602150537634409,1.0,0.13978494623655913
finetune_s42,motion_blur,1,Tomato___Early_blight,0.8602150537634409,1.0,0.13978494623655913
linear_probe_s0,gaussian_noise,1,"Pepper,_bell___Bacterial_spot",0.8602150537634409,1.0,0.13978494623655913
linear_probe_s1,gaussian_noise,3,Soybean___healthy,0.8591549295774648,0.9975429975429976,0.13838806796553282
linear_probe_s1,jpeg,3,Tomato___Tomato_Yellow_Leaf_Curl_Virus,0.8548812664907651,0.993006993006993,0.1381257265162279
finetune_s42,low_light,1,Apple___Black_rot,0.8620689655172413,1.0,0.13793103448275867
finetune_s0,low_light,2,Apple___Apple_scab,0.8627450980392157,1.0,0.13725490196078427
finetune_s1,jpeg,3,Tomato___Tomato_Yellow_Leaf_Curl_Virus,0.8612836438923396,0.9976689976689976,0.13638535377665806
finetune_s42,jpeg,3,Cherry_(including_sour)___Powdery_mildew,0.8636363636363636,1.0,0.13636363636363635
finetune_s42,low_light,2,Blueberry___healthy,0.8636363636363636,1.0,0.13636363636363635
finetune_s1,motion_blur,2,"Pepper,_bell___healthy",0.8648648648648649,1.0,0.1351351351351351
finetune_s42,motion_blur,2,Cherry_(including_sour)___Powdery_mildew,0.865979381443299,1.0,0.134020618556701
linear_probe_s1,motion_blur,1,Potato___Late_blight,0.8533333333333334,0.9873417721518988,0.1340084388185654
linear_probe_s0,motion_blur,3,Orange___Haunglongbing_(Citrus_greening),0.8637532133676092,0.9977324263038548,0.1339792129362456
linear_probe_s42,motion_blur,1,Tomato___Late_blight,0.8205128205128205,0.954248366013072,0.13373554550025146
finetune_s1,jpeg,3,Tomato___Tomato_mosaic_virus,0.8666666666666667,1.0,0.1333333333333333
linear_probe_s42,motion_blur,2,Grape___healthy,0.8666666666666667,1.0,0.1333333333333333
finetune_s0,gaussian_noise,2,Cherry_(including_sour)___healthy,0.8666666666666667,1.0,0.1333333333333333
linear_probe_s0,gaussian_noise,3,Corn_(maize)___Common_rust_,0.8571428571428571,0.9896907216494846,0.13254786450662748
linear_probe_s0,low_light,3,Corn_(maize)___Common_rust_,0.8571428571428571,0.9896907216494846,0.13254786450662748
finetune_s42,low_light,2,Grape___Leaf_blight_(Isariopsis_Leaf_Spot),0.8674698795180723,1.0,0.1325301204819277
finetune_s1,jpeg,3,Peach___Bacterial_spot,0.8674698795180723,1.0,0.1325301204819277
linear_probe_s1,low_light,3,Soybean___healthy,0.8656036446469249,0.9975429975429976,0.13193935289607273
finetune_s42,low_light,2,Peach___Bacterial_spot,0.8681318681318682,1.0,0.13186813186813184
linear_probe_s1,motion_blur,2,Squash___Powdery_mildew,0.8682170542635659,1.0,0.13178294573643412
linear_probe_s42,jpeg,2,Grape___Black_rot,0.8275862068965517,0.9591836734693876,0.13159746657283589
finetune_s1,motion_blur,2,Tomato___Late_blight,0.8552631578947368,0.986842105263158,0.13157894736842113
finetune_s1,motion_blur,2,Tomato___Tomato_Yellow_Leaf_Curl_Virus,0.8663967611336032,0.9976689976689976,0.13127223653539444
linear_probe_s0,motion_blur,2,Grape___Esca_(Black_Measles),0.86,0.9908256880733946,0.13082568807339456
linear_probe_s42,motion_blur,1,Tomato___Bacterial_spot,0.8456375838926175,0.9761904761904762,0.1305528922978587
linear_probe_s42,gaussian_noise,2,Apple___Cedar_apple_rust,0.8695652173913043,1.0,0.13043478260869568
finetune_s0,motion_blur,1,Tomato___Early_blight,0.8695652173913043,1.0,0.13043478260869568
linear_probe_s42,jpeg,1,Tomato___Target_Spot,0.8253968253968254,0.9557522123893806,0.13035538699255522
linear_probe_s42,motion_blur,2,Blueberry___healthy,0.8702290076335878,1.0,0.1297709923664122
linear_probe_s42,gaussian_noise,3,Corn_(maize)___Common_rust_,0.8604651162790697,0.9896907216494846,0.12922560537041483
linear_probe_s0,motion_blur,1,Potato___Late_blight,0.8717948717948718,1.0,0.1282051282051282
linear_probe_s42,motion_blur,2,Strawberry___Leaf_scorch,0.8717948717948718,1.0,0.1282051282051282
finetune_s0,motion_blur,2,"Pepper,_bell___Bacterial_spot",0.8732394366197183,1.0,0.12676056338028174
finetune_s0,gaussian_noise,2,Grape___Leaf_blight_(Isariopsis_Leaf_Spot),0.8735632183908046,1.0,0.12643678160919536
linear_probe_s1,motion_blur,2,Corn_(maize)___Northern_Leaf_Blight,0.8089887640449438,0.935064935064935,0.12607617101999125
finetune_s0,motion_blur,2,Apple___healthy,0.8739495798319328,1.0,0.12605042016806722
finetune_s0,low_light,1,Tomato___Late_blight,0.8740740740740741,1.0,0.12592592592592589
linear_probe_s0,jpeg,2,Grape___Black_rot,0.8433734939759037,0.9690721649484536,0.12569867097254994
finetune_s1,gaussian_noise,1,Apple___Black_rot,0.875,1.0,0.125
linear_probe_s1,motion_blur,1,Tomato___Tomato_mosaic_virus,0.875,1.0,0.125
finetune_s42,motion_blur,2,Tomato___Tomato_mosaic_virus,0.875,1.0,0.125
finetune_s42,motion_blur,2,Peach___healthy,0.875,1.0,0.125
linear_probe_s1,gaussian_noise,1,Strawberry___healthy,0.875,1.0,0.125
linear_probe_s1,gaussian_noise,2,Strawberry___healthy,0.875,1.0,0.125
finetune_s42,jpeg,2,Strawberry___healthy,0.875,1.0,0.125
linear_probe_s1,gaussian_noise,2,Apple___healthy,0.8682170542635659,0.9924812030075189,0.12426414874395297
finetune_s0,low_light,2,Tomato___Tomato_Yellow_Leaf_Curl_Virus,0.8766404199475065,1.0,0.12335958005249348
finetune_s1,low_light,1,Squash___Powdery_mildew,0.8769230769230769,1.0,0.12307692307692308
finetune_s1,motion_blur,2,Tomato___healthy,0.8771929824561403,1.0,0.1228070175438597
finetune_s0,jpeg,3,Peach___Bacterial_spot,0.8775510204081632,1.0,0.12244897959183676
linear_probe_s42,gaussian_noise,2,Grape___Leaf_blight_(Isariopsis_Leaf_Spot),0.8775510204081632,1.0,0.12244897959183676
finetune_s42,motion_blur,2,Tomato___Spider_mites_Two-spotted_spider_mite,0.8780487804878049,1.0,0.12195121951219512
finetune_s0,gaussian_noise,1,Strawberry___healthy,0.8780487804878049,1.0,0.12195121951219512
finetune_s0,gaussian_noise,2,Squash___Powdery_mildew,0.8780487804878049,1.0,0.12195121951219512
finetune_s0,jpeg,3,Potato___Early_blight,0.8780487804878049,1.0,0.12195121951219512
linear_probe_s1,jpeg,2,Grape___Black_rot,0.8292682926829268,0.9494949494949496,0.12022665681202283
finetune_s1,gaussian_noise,2,Cherry_(including_sour)___Powdery_mildew,0.88,1.0,0.12
finetune_s0,jpeg,3,Peach___healthy,0.88,1.0,0.12
finetune_s42,gaussian_noise,1,Peach___healthy,0.88,1.0,0.12
linear_probe_s0,jpeg,3,Potato___Early_blight,0.88,1.0,0.12
linear_probe_s1,jpeg,3,Potato___Early_blight,0.88,1.0,0.12
finetune_s42,jpeg,3,Peach___healthy,0.88,1.0,0.12
finetune_s0,motion_blur,3,Tomato___Tomato_Yellow_Leaf_Curl_Virus,0.8817204301075269,1.0,0.11827956989247312
linear_probe_s42,jpeg,3,Peach___Bacterial_spot,0.8709677419354839,0.9891304347826086,0.11816269284712477
linear_probe_s42,gaussian_noise,2,Peach___Bacterial_spot,0.8711656441717791,0.9891304347826086,0.11796479061082954
finetune_s42,gaussian_noise,1,Strawberry___healthy,0.8823529411764706,1.0,0.11764705882352944
linear_probe_s1,low_light,1,Strawberry___healthy,0.8823529411764706,1.0,0.11764705882352944
finetune_s42,gaussian_noise,1,Blueberry___healthy,0.8823529411764706,1.0,0.11764705882352944
finetune_s42,jpeg,3,Cherry_(including_sour)___healthy,0.8831168831168831,1.0,0.11688311688311692
linear_probe_s0,gaussian_noise,1,Tomato___Septoria_leaf_spot,0.8344370860927153,0.951048951048951,0.11661186495623577
linear_probe_s42,low_light,2,Tomato___Tomato_Yellow_Leaf_Curl_Virus,0.8720626631853786,0.988399071925754,0.11633640874037543
finetune_s1,motion_blur,2,Corn_(maize)___Common_rust_,0.8837209302325582,1.0,0.11627906976744184
finetune_s42,motion_blur,3,Peach___Bacterial_spot,0.8837209302325582,1.0,0.11627906976744184
linear_probe_s0,jpeg,1,Tomato___Early_blight,0.8108108108108109,0.926829268292683,0.11601845748187212
linear_probe_s1,gaussian_noise,1,Tomato___Septoria_leaf_spot,0.8413793103448276,0.9565217391304348,0.11514242878560721
linear_probe_s0,motion_blur,2,Corn_(maize)___Cercospora_leaf_spot_Gray_leaf_spot,0.75,0.8648648648648649,0.11486486486486491
linear_probe_s42,gaussian_noise,2,Tomato___healthy,0.8695652173913043,0.984375,0.11480978260869568
finetune_s42,jpeg,3,Grape___Esca_(Black_Measles),0.8852459016393442,1.0,0.11475409836065575
linear_probe_s42,low_light,2,Cherry_(including_sour)___healthy,0.8852459016393442,1.0,0.11475409836065575
linear_probe_s42,jpeg,3,Tomato___Tomato_Yellow_Leaf_Curl_Virus,0.8746803069053708,0.988399071925754,0.11371876502038325
finetune_s1,motion_blur,2,Strawberry___Leaf_scorch,0.8865979381443299,1.0,0.11340206185567014
finetune_s0,low_light,2,Corn_(maize)___Northern_Leaf_Blight,0.8611111111111112,0.9743589743589745,0.11324786324786329
linear_probe_s0,motion_blur,1,Tomato___Bacterial_spot,0.8513513513513513,0.9642857142857144,0.1129343629343631
finetune_s0,motion_blur,1,Tomato___Bacterial_spot,0.8888888888888888,1.0,0.11111111111111116
finetune_s1,low_light,2,Corn_(maize)___Common_rust_,0.8888888888888888,1.0,0.11111111111111116
linear_probe_s0,gaussian_noise,2,Potato___Early_blight,0.8888888888888888,1.0,0.11111111111111116
linear_probe_s42,jpeg,3,Strawberry___Leaf_scorch,0.8888888888888888,1.0,0.11111111111111116
linear_probe_s1,jpeg,3,Strawberry___Leaf_scorch,0.8888888888888888,1.0,0.11111111111111116
linear_probe_s1,jpeg,1,Tomato___Tomato_mosaic_virus,0.8888888888888888,1.0,0.11111111111111116
finetune_s0,low_light,2,Cherry_(including_sour)___healthy,0.8888888888888888,1.0,0.11111111111111116
finetune_s42,low_light,1,Raspberry___healthy,0.8888888888888888,1.0,0.11111111111111116
linear_probe_s0,low_light,1,Raspberry___healthy,0.8888888888888888,1.0,0.11111111111111116
finetune_s0,gaussian_noise,1,Raspberry___healthy,0.8888888888888888,1.0,0.11111111111111116
linear_probe_s1,gaussian_noise,1,Potato___Late_blight,0.8764044943820225,0.9873417721518988,0.11093727776987627
linear_probe_s1,low_light,2,Apple___healthy,0.8818897637795275,0.9924812030075189,0.1105914392279913
linear_probe_s0,motion_blur,2,Soybean___healthy,0.8869565217391304,0.9975429975429976,0.11058647580386716
finetune_s42,jpeg,2,Tomato___Septoria_leaf_spot,0.890625,1.0,0.109375
finetune_s42,low_light,1,Apple___healthy,0.8907563025210085,1.0,0.10924369747899154
finetune_s1,low_light,2,"Pepper,_bell___healthy",0.8909090909090909,1.0,0.10909090909090913
finetune_s0,low_light,2,Peach___Bacterial_spot,0.8911917098445595,1.0,0.10880829015544047
linear_probe_s0,motion_blur,1,Tomato___Late_blight,0.8395061728395061,0.948051948051948,0.10854577521244191
finetune_s42,motion_blur,2,Corn_(maize)___Northern_Leaf_Blight,0.8666666666666667,0.975,0.10833333333333328
linear_probe_s1,jpeg,2,Potato___Early_blight,0.8918918918918919,1.0,0.10810810810810811
linear_probe_s0,gaussian_noise,2,Corn_(maize)___Northern_Leaf_Blight,0.8421052631578947,0.95,0.10789473684210527
linear_probe_s0,gaussian_noise,2,Apple___healthy,0.8852459016393442,0.9924812030075189,0.10723530136817461
linear_probe_s42,low_light,1,Apple___Apple_scab,0.8928571428571429,1.0,0.1071428571428571
linear_probe_s1,low_light,1,Apple___Apple_scab,0.8928571428571429,1.0,0.1071428571428571
linear_probe_s42,gaussian_noise,1,Apple___Apple_scab,0.8928571428571429,1.0,0.1071428571428571
linear_probe_s1,motion_blur,1,Tomato___Tomato_Yellow_Leaf_Curl_Virus,0.8861283643892339,0.993006993006993,0.1068786286177591
finetune_s1,jpeg,2,Cherry_(including_sour)___Powdery_mildew,0.8936170212765957,1.0,0.1063829787234043
finetune_s0,gaussian_noise,2,Peach___Bacterial_spot,0.8936170212765957,1.0,0.1063829787234043
finetune_s1,gaussian_noise,1,Squash___Powdery_mildew,0.8939393939393939,1.0,0.10606060606060608
linear_probe_s42,gaussian_noise,1,Tomato___Bacterial_spot,0.8701298701298701,0.9761904761904762,0.10606060606060608
finetune_s1,gaussian_noise,1,Grape___Black_rot,0.8941176470588236,1.0,0.10588235294117643
linear_probe_s42,jpeg,2,Potato___Late_blight,0.8941176470588236,1.0,0.10588235294117643
finetune_s0,low_light,2,Grape___Leaf_blight_(Isariopsis_Leaf_Spot),0.8941176470588236,1.0,0.10588235294117643
finetune_s0,low_light,2,Grape___Esca_(Black_Measles),0.8943089430894309,1.0,0.10569105691056913
finetune_s0,low_light,2,Squash___Powdery_mildew,0.8944099378881988,1.0,0.10559006211180122
finetune_s0,low_light,1,Tomato___Leaf_Mold,0.8947368421052632,1.0,0.10526315789473684
finetune_s42,jpeg,2,Soybean___healthy,0.8947368421052632,1.0,0.10526315789473684
finetune_s1,gaussian_noise,2,Peach___Bacterial_spot,0.8947368421052632,1.0,0.10526315789473684
finetune_s42,gaussian_noise,1,Cherry_(including_sour)___healthy,0.8947368421052632,1.0,0.10526315789473684
linear_probe_s1,motion_blur,2,Grape___Esca_(Black_Measles),0.8571428571428571,0.9622641509433962,0.10512129380053914
finetune_s0,jpeg,2,Tomato___Late_blight,0.8957055214723927,1.0,0.10429447852760731
linear_probe_s0,gaussian_noise,2,Grape___Leaf_blight_(Isariopsis_Leaf_Spot),0.8958333333333334,1.0,0.10416666666666663
finetune_s42,gaussian_noise,1,Tomato___Tomato_mosaic_virus,0.896551724137931,1.0,0.10344827586206895
finetune_s1,jpeg,3,Potato___Early_blight,0.896551724137931,1.0,0.10344827586206895
finetune_s42,low_light,1,Tomato___Tomato_mosaic_virus,0.896551724137931,1.0,0.10344827586206895
linear_probe_s0,motion_blur,1,Raspberry___healthy,0.896551724137931,1.0,0.10344827586206895
finetune_s1,gaussian_noise,1,Tomato___healthy,0.896551724137931,1.0,0.10344827586206895
finetune_s0,motion_blur,2,Corn_(maize)___Common_rust_,0.896551724137931,1.0,0.10344827586206895
linear_probe_s42,motion_blur,2,Soybean___healthy,0.8947368421052632,0.9975429975429976,0.10280615543773441
finetune_s1,gaussian_noise,2,Corn_(maize)___Common_rust_,0.897196261682243,1.0,0.10280373831775702
linear_probe_s0,low_light,1,Apple___Apple_scab,0.8771929824561403,0.979591836734694,0.10239885427855366
finetune_s0,motion_blur,3,Peach___Bacterial_spot,0.8982035928143712,1.0,0.10179640718562877
linear_probe_s1,gaussian_noise,2,Peach___Bacterial_spot,0.8875739644970414,0.989247311827957,0.1016733473309156
finetune_s1,low_light,2,Peach___Bacterial_spot,0.8983957219251337,1.0,0.10160427807486627
finetune_s1,gaussian_noise,1,Soybean___healthy,0.8983957219251337,1.0,0.10160427807486627
finetune_s42,gaussian_noise,1,"Pepper,_bell___Bacterial_spot",0.898876404494382,1.0,0.101123595505618
finetune_s0,low_light,2,"Pepper,_bell___healthy",0.8990825688073395,1.0,0.1009174311926605
finetune_s0,low_light,1,Tomato___Spider_mites_Two-spotted_spider_mite,0.8992248062015504,1.0,0.10077519379844957
linear_probe_s42,jpeg,1,Apple___Cedar_apple_rust,0.9,1.0,0.09999999999999998
finetune_s42,low_light,2,Grape___Esca_(Black_Measles),0.9,1.0,0.09999999999999998
finetune_s0,gaussian_noise,1,Apple___Cedar_apple_rust,0.9,1.0,0.09999999999999998
linear_probe_s1,gaussian_noise,1,Apple___Cedar_apple_rust,0.9,1.0,0.09999999999999998
finetune_s0,low_light,1,Apple___Cedar_apple_rust,0.9,1.0,0.09999999999999998
finetune_s0,motion_blur,2,Tomato___healthy,0.9,1.0,0.09999999999999998
linear_probe_s0,motion_blur,1,"Pepper,_bell___Bacterial_spot",0.9,1.0,0.09999999999999998
linear_probe_s0,low_light,2,Apple___healthy,0.8925619834710744,0.9924812030075189,0.09991921953644445
finetune_s0,motion_blur,2,"Pepper,_bell___healthy",0.9009009009009008,1.0,0.0990990990990992
linear_probe_s42,gaussian_noise,2,Tomato___Tomato_Yellow_Leaf_Curl_Virus,0.8894601542416453,0.988399071925754,0.09893891768410878
linear_probe_s0,low_light,2,Grape___Leaf_blight_(Isariopsis_Leaf_Spot),0.9010989010989012,1.0,0.09890109890109877
linear_probe_s42,motion_blur,1,Tomato___Tomato_Yellow_Leaf_Curl_Virus,0.8898128898128899,0.988399071925754,0.09858618211286418
linear_probe_s1,motion_blur,2,Blueberry___healthy,0.9016393442622952,1.0,0.0983606557377048
finetune_s42,gaussian_noise,2,Blueberry___healthy,0.9016393442622952,1.0,0.0983606557377048
finetune_s1,motion_blur,1,Tomato___Bacterial_spot,0.8961038961038961,0.9940828402366864,0.09797894413279029
linear_probe_s1,jpeg,2,Peach___Bacterial_spot,0.8921568627450981,0.989247311827957,0.09709044908285891
finetune_s1,motion_blur,2,Apple___healthy,0.9037037037037036,1.0,0.09629629629629644
linear_probe_s42,low_light,1,Grape___Black_rot,0.8631578947368421,0.9591836734693876,0.09602577873254547
linear_probe_s42,gaussian_noise,2,Potato___Early_blight,0.9041095890410958,1.0,0.09589041095890416
finetune_s42,motion_blur,2,"Pepper,_bell___Bacterial_spot",0.9041095890410958,1.0,0.09589041095890416
linear_probe_s1,low_light,1,Potato___Late_blight,0.891566265060241,0.9873417721518988,0.09577550709165783
finetune_s42,jpeg,3,Potato___Early_blight,0.9047619047619048,1.0,0.09523809523809523
linear_probe_s0,jpeg,2,Grape___Leaf_blight_(Isariopsis_Leaf_Spot),0.9047619047619048,1.0,0.09523809523809523
finetune_s1,gaussian_noise,1,Grape___Leaf_blight_(Isariopsis_Leaf_Spot),0.9052631578947368,1.0,0.09473684210526323
finetune_s0,motion_blur,2,Strawberry___Leaf_scorch,0.9052631578947368,1.0,0.09473684210526323
linear_probe_s42,low_light,2,Grape___Leaf_blight_(Isariopsis_Leaf_Spot),0.9052631578947368,1.0,0.09473684210526323
finetune_s0,jpeg,3,Apple___Black_rot,0.9056603773584906,1.0,0.09433962264150941
finetune_s0,motion_blur,2,Soybean___healthy,0.9066059225512528,1.0,0.09339407744874717
linear_probe_s42,jpeg,2,Potato___Early_blight,0.9066666666666666,1.0,0.09333333333333338
linear_probe_s1,motion_blur,1,Potato___Early_blight,0.9066666666666666,1.0,0.09333333333333338
linear_probe_s42,motion_blur,1,Potato___Early_blight,0.9066666666666666,1.0,0.09333333333333338
finetune_s42,gaussian_noise,1,Strawberry___Leaf_scorch,0.9072164948453608,1.0,0.09278350515463918
finetune_s0,jpeg,2,Tomato___Bacterial_spot,0.9081081081081082,1.0,0.09189189189189184
linear_probe_s42,jpeg,2,Corn_(maize)___Cercospora_leaf_spot_Gray_leaf_spot,0.8085106382978723,0.9,0.09148936170212774
linear_probe_s42,low_light,2,Peach___Bacterial_spot,0.8982035928143712,0.9891304347826086,0.09092684196823742
finetune_s1,low_light,1,Blueberry___healthy,0.9090909090909092,1.0,0.09090909090909083
linear_probe_s42,low_light,1,Strawberry___healthy,0.9090909090909092,1.0,0.09090909090909083
finetune_s0,jpeg,2,Strawberry___healthy,0.9090909090909092,1.0,0.09090909090909083
finetune_s0,motion_blur,1,Potato___healthy,0.9090909090909092,1.0,0.09090909090909083
finetune_s42,low_light,1,Blueberry___healthy,0.9090909090909092,1.0,0.09090909090909083
finetune_s42,jpeg,3,Grape___healthy,0.9090909090909092,1.0,0.09090909090909083
finetune_s42,motion_blur,1,Strawberry___healthy,0.9090909090909092,1.0,0.09090909090909083
finetune_s0,low_light,1,Tomato___Tomato_mosaic_virus,0.9090909090909092,1.0,0.09090909090909083
finetune_s1,low_light,2,Cherry_(including_sour)___Powdery_mildew,0.9090909090909092,1.0,0.09090909090909083
linear_probe_s1,motion_blur,1,Potato___healthy,0.9090909090909092,1.0,0.09090909090909083
finetune_s42,low_light,1,Potato___healthy,0.9090909090909092,1.0,0.09090909090909083
finetune_s42,low_light,2,Cherry_(including_sour)___Powdery_mildew,0.9090909090909092,1.0,0.09090909090909083
finetune_s42,motion_blur,2,"Pepper,_bell___healthy",0.9090909090909092,1.0,0.09090909090909083
linear_probe_s1,gaussian_noise,2,Cherry_(including_sour)___Powdery_mildew,0.9090909090909092,1.0,0.09090909090909083
finetune_s1,motion_blur,2,Apple___Cedar_apple_rust,0.9090909090909092,1.0,0.09090909090909083
linear_probe_s0,low_light,2,Potato___healthy,0.9090909090909092,1.0,0.09090909090909083
linear_probe_s1,jpeg,1,Apple___Cedar_apple_rust,0.9090909090909092,1.0,0.09090909090909083
finetune_s0,jpeg,2,Blueberry___healthy,0.9090909090909092,1.0,0.09090909090909083
finetune_s1,jpeg,2,Apple___Cedar_apple_rust,0.9090909090909092,1.0,0.09090909090909083
linear_probe_s42,jpeg,3,Strawberry___healthy,0.9090909090909092,1.0,0.09090909090909083
linear_probe_s1,motion_blur,1,Tomato___Late_blight,0.8263473053892215,0.9171974522292994,0.09085014684007786
finetune_s1,gaussian_noise,2,Corn_(maize)___Northern_Leaf_Blight,0.896551724137931,0.9873417721518988,0.09079004801396773
finetune_s1,motion_blur,2,Corn_(maize)___Northern_Leaf_Blight,0.896551724137931,0.9873417721518988,0.09079004801396773
linear_probe_s1,jpeg,2,Apple___Black_rot,0.8888888888888888,0.979591836734694,0.09070294784580513
linear_probe_s42,gaussian_noise,2,Corn_(maize)___Northern_Leaf_Blight,0.8705882352941177,0.961038961038961,0.09045072574484336
finetune_s42,gaussian_noise,1,Soybean___healthy,0.9095744680851064,1.0,0.09042553191489355
linear_probe_s1,motion_blur,2,Corn_(maize)___Cercospora_leaf_spot_Gray_leaf_spot,0.76,0.85,0.08999999999999997
finetune_s0,jpeg,2,Soybean___healthy,0.9107142857142856,1.0,0.08928571428571441
linear_probe_s42,gaussian_noise,2,Corn_(maize)___Cercospora_leaf_spot_Gray_leaf_spot,0.8108108108108109,0.9,0.08918918918918917
finetune_s0,gaussian_noise,2,Cherry_(including_sour)___Powdery_mildew,0.9113924050632912,1.0,0.08860759493670878
finetune_s42,gaussian_noise,1,"Pepper,_bell___healthy",0.912280701754386,1.0,0.08771929824561397
linear_probe_s0,jpeg,2,Soybean___healthy,0.9103139013452914,0.9975429975429976,0.08722909619770614
finetune_s0,gaussian_noise,1,Apple___Black_rot,0.9130434782608696,1.0,0.08695652173913038
linear_probe_s0,gaussian_noise,1,Apple___Apple_scab,0.8928571428571429,0.979591836734694,0.08673469387755106
finetune_s1,jpeg,2,Tomato___Early_blight,0.9135802469135802,1.0,0.0864197530864198
linear_probe_s0,motion_blur,2,Strawberry___Leaf_scorch,0.9135802469135802,1.0,0.0864197530864198
linear_probe_s42,motion_blur,1,"Pepper,_bell___Bacterial_spot",0.9135802469135802,1.0,0.0864197530864198
finetune_s0,low_light,2,Cherry_(including_sour)___Powdery_mildew,0.9135802469135802,1.0,0.0864197530864198
linear_probe_s42,low_light,2,Grape___healthy,0.9142857142857144,1.0,0.08571428571428563
finetune_s42,jpeg,2,Apple___healthy,0.9142857142857144,1.0,0.08571428571428563
finetune_s1,gaussian_noise,2,Corn_(maize)___Cercospora_leaf_spot_Gray_leaf_spot,0.8888888888888888,0.9743589743589745,0.08547008547008561
finetune_s42,low_light,1,Tomato___Spider_mites_Two-spotted_spider_mite,0.9147286821705426,1.0,0.0852713178294574
linear_probe_s1,motion_blur,1,"Pepper,_bell___Bacterial_spot",0.902439024390244,0.9876543209876544,0.08521529659741034
linear_probe_s42,motion_blur,2,Grape___Esca_(Black_Measles),0.8867924528301887,0.97196261682243,0.08517016399224131
linear_probe_s0,motion_blur,1,Peach___healthy,0.8387096774193549,0.9230769230769232,0.08436724565756837
finetune_s42,jpeg,2,Tomato___Early_blight,0.9156626506024096,1.0,0.08433734939759041
linear_probe_s42,motion_blur,1,Grape___Leaf_blight_(Isariopsis_Leaf_Spot),0.9156626506024096,1.0,0.08433734939759041
linear_probe_s1,motion_blur,2,Strawberry___Leaf_scorch,0.9156626506024096,1.0,0.08433734939759041
linear_probe_s1,low_light,2,Corn_(maize)___Cercospora_leaf_spot_Gray_leaf_spot,0.7659574468085106,0.85,0.08404255319148934
linear_probe_s1,jpeg,2,Corn_(maize)___Cercospora_leaf_spot_Gray_leaf_spot,0.7659574468085106,0.85,0.08404255319148934
linear_probe_s42,low_light,2,Corn_(maize)___Northern_Leaf_Blight,0.8780487804878049,0.961038961038961,0.08299018055115615
linear_probe_s0,low_light,2,Squash___Powdery_mildew,0.9171974522292994,1.0,0.08280254777070062
finetune_s0,low_light,2,Corn_(maize)___healthy,0.9176470588235294,1.0,0.08235294117647063
linear_probe_s0,low_light,2,Corn_(maize)___Cercospora_leaf_spot_Gray_leaf_spot,0.782608695652174,0.8648648648648649,0.08225616921269097
linear_probe_s0,jpeg,2,Corn_(maize)___Cercospora_leaf_spot_Gray_leaf_spot,0.782608695652174,0.8648648648648649,0.08225616921269097
linear_probe_s0,gaussian_noise,2,Corn_(maize)___Cercospora_leaf_spot_Gray_leaf_spot,0.782608695652174,0.8648648648648649,0.08225616921269097
finetune_s1,low_light,1,Apple___healthy,0.918032786885246,1.0,0.08196721311475397
finetune_s0,gaussian_noise,1,Apple___healthy,0.918032786885246,1.0,0.08196721311475397
linear_probe_s1,gaussian_noise,2,Potato___Early_blight,0.918918918918919,1.0,0.08108108108108103
finetune_s1,jpeg,2,Grape___healthy,0.918918918918919,1.0,0.08108108108108103
finetune_s1,gaussian_noise,1,Strawberry___healthy,0.918918918918919,1.0,0.08108108108108103
finetune_s42,low_light,1,Strawberry___healthy,0.918918918918919,1.0,0.08108108108108103
linear_probe_s0,jpeg,1,Tomato___Target_Spot,0.8547008547008547,0.9357798165137616,0.08107896181290697
linear_probe_s0,jpeg,1,Potato___Late_blight,0.9195402298850576,1.0,0.08045977011494243
finetune_s42,low_light,1,"Pepper,_bell___Bacterial_spot",0.9195402298850576,1.0,0.08045977011494243
finetune_s0,motion_blur,3,Orange___Haunglongbing_(Citrus_greening),0.9197396963123644,1.0,0.08026030368763559
linear_probe_s1,low_light,1,"Pepper,_bell___healthy",0.9203539823008848,1.0,0.07964601769911517
finetune_s1,low_light,2,Corn_(maize)___Cercospora_leaf_spot_Gray_leaf_spot,0.8947368421052632,0.9743589743589745,0.07962213225371129
linear_probe_s1,motion_blur,2,Soybean___healthy,0.9181818181818182,0.9975429975429976,0.07936117936117937
linear_probe_s42,jpeg,2,Soybean___healthy,0.918552036199095,0.9975429975429976,0.0789909613439026
linear_probe_s0,motion_blur,1,Potato___Early_blight,0.9210526315789472,1.0,0.07894736842105277
linear_probe_s42,low_light,1,Grape___Esca_(Black_Measles),0.8932038834951457,0.97196261682243,0.07875873332728434
finetune_s0,jpeg,2,Grape___Black_rot,0.9213483146067416,1.0,0.0786516853932584
finetune_s42,jpeg,3,Peach___Bacterial_spot,0.9213483146067416,1.0,0.0786516853932584
finetune_s0,jpeg,3,Corn_(maize)___Common_rust_,0.9213483146067416,1.0,0.0786516853932584
linear_probe_s1,jpeg,1,Tomato___Target_Spot,0.8305084745762712,0.9090909090909092,0.07858243451463798
linear_probe_s1,jpeg,1,Potato___Late_blight,0.9090909090909092,0.9873417721518988,0.0782508630609896
linear_probe_s42,jpeg,2,Peach___Bacterial_spot,0.9109947643979056,0.9891304347826086,0.07813567038470304
finetune_s1,motion_blur,3,Blueberry___healthy,0.921875,1.0,0.078125
finetune_s42,jpeg,2,Tomato___Spider_mites_Two-spotted_spider_mite,0.921875,1.0,0.078125
linear_probe_s0,motion_blur,2,Blueberry___healthy,0.921875,1.0,0.078125
linear_probe_s42,motion_blur,1,Peach___Bacterial_spot,0.9112426035502958,0.9891304347826086,0.0778878312323128
finetune_s1,motion_blur,2,Cherry_(including_sour)___healthy,0.9230769230769232,1.0,0.07692307692307676
linear_probe_s0,gaussian_noise,2,Potato___healthy,0.9230769230769232,1.0,0.07692307692307676
finetune_s1,jpeg,2,Potato___healthy,0.9230769230769232,1.0,0.07692307692307676
linear_probe_s0,gaussian_noise,1,Potato___healthy,0.9230769230769232,1.0,0.07692307692307676
finetune_s1,low_light,1,Peach___healthy,0.9230769230769232,1.0,0.07692307692307676
finetune_s0,low_light,1,Potato___healthy,0.9230769230769232,1.0,0.07692307692307676
finetune_s42,jpeg,3,Grape___Black_rot,0.9230769230769232,1.0,0.07692307692307676
finetune_s0,gaussian_noise,1,Potato___healthy,0.9230769230769232,1.0,0.07692307692307676
linear_probe_s0,low_light,1,Potato___healthy,0.9230769230769232,1.0,0.07692307692307676
finetune_s42,low_light,1,Peach___healthy,0.9230769230769232,1.0,0.07692307692307676
linear_probe_s42,low_light,2,Tomato___healthy,0.907563025210084,0.984375,0.07681197478991597
linear_probe_s42,low_light,2,Grape___Esca_(Black_Measles),0.8952380952380953,0.97196261682243,0.07672452158433474
linear_probe_s0,jpeg,1,Tomato___Tomato_mosaic_virus,0.8888888888888888,0.9655172413793104,0.07662835249042155
linear_probe_s1,gaussian_noise,1,Apple___healthy,0.916030534351145,0.9924812030075189,0.07645066865637384
linear_probe_s0,motion_blur,1,Tomato___Tomato_Yellow_Leaf_Curl_Virus,0.91220556745182,0.9883449883449884,0.07613942089316839
finetune_s0,motion_blur,2,Tomato___Tomato_Yellow_Leaf_Curl_Virus,0.9244060475161988,1.0,0.07559395248380119
linear_probe_s1,gaussian_noise,2,Grape___Leaf_blight_(Isariopsis_Leaf_Spot),0.9247311827956988,1.0,0.07526881720430123
finetune_s42,jpeg,2,Tomato___Late_blight,0.9182389937106918,0.9934640522875816,0.07522505857688977
linear_probe_s0,motion_blur,1,Apple___healthy,0.918032786885246,0.9924812030075189,0.07444841612227282
finetune_s1,motion_blur,2,Peach___Bacterial_spot,0.9257142857142856,1.0,0.0742857142857144
finetune_s1,motion_blur,3,Grape___Esca_(Black_Measles),0.925925925925926,1.0,0.07407407407407396
linear_probe_s42,jpeg,1,Apple___Apple_scab,0.925925925925926,1.0,0.07407407407407396
linear_probe_s42,jpeg,2,Squash___Powdery_mildew,0.9264705882352942,1.0,0.07352941176470584
linear_probe_s0,gaussian_noise,2,Grape___Esca_(Black_Measles),0.9174311926605504,0.9908256880733946,0.07339449541284415
finetune_s42,motion_blur,2,Blueberry___healthy,0.926829268292683,1.0,0.07317073170731703
finetune_s0,jpeg,2,Tomato___Early_blight,0.926829268292683,1.0,0.07317073170731703
finetune_s0,jpeg,3,Corn_(maize)___Northern_Leaf_Blight,0.9014084507042254,0.9743589743589745,0.07295052365474908
linear_probe_s1,jpeg,1,Tomato___Spider_mites_Two-spotted_spider_mite,0.8760330578512396,0.948905109489051,0.07287205163781141
finetune_s42,motion_blur,2,Tomato___Tomato_Yellow_Leaf_Curl_Virus,0.9277899343544858,1.0,0.07221006564551424
finetune_s1,motion_blur,2,Peach___healthy,0.9285714285714286,1.0,0.0714285714285714
linear_probe_s42,jpeg,1,Tomato___Tomato_mosaic_virus,0.9285714285714286,1.0,0.0714285714285714
finetune_s42,motion_blur,2,Raspberry___healthy,0.9285714285714286,1.0,0.0714285714285714
linear_probe_s0,gaussian_noise,1,Raspberry___healthy,0.9285714285714286,1.0,0.0714285714285714
finetune_s1,low_light,1,Raspberry___healthy,0.9285714285714286,1.0,0.0714285714285714
linear_probe_s42,motion_blur,1,Raspberry___healthy,0.9285714285714286,1.0,0.0714285714285714
finetune_s0,gaussian_noise,1,Potato___Early_blight,0.9285714285714286,1.0,0.0714285714285714
linear_probe_s42,low_light,1,"Pepper,_bell___healthy",0.9285714285714286,1.0,0.0714285714285714
finetune_s0,motion_blur,2,Tomato___Spider_mites_Two-spotted_spider_mite,0.9291338582677166,1.0,0.07086614173228345
linear_probe_s0,jpeg,1,Apple___Apple_scab,0.9090909090909092,0.979591836734694,0.0705009276437848
finetune_s42,gaussian_noise,1,Corn_(maize)___Northern_Leaf_Blight,0.9047619047619048,0.975,0.07023809523809521
linear_probe_s1,low_light,2,Corn_(maize)___Northern_Leaf_Blight,0.8648648648648649,0.935064935064935,0.07020007020007013
linear_probe_s0,low_light,2,Corn_(maize)___Northern_Leaf_Blight,0.88,0.95,0.06999999999999995
finetune_s0,gaussian_noise,2,Corn_(maize)___healthy,0.9302325581395348,1.0,0.06976744186046524
finetune_s1,jpeg,2,Apple___healthy,0.9302325581395348,1.0,0.06976744186046524
finetune_s1,gaussian_noise,1,Corn_(maize)___Northern_Leaf_Blight,0.9176470588235294,0.9873417721518988,0.0696947133283694
linear_probe_s42,low_light,2,Blueberry___healthy,0.9310344827586208,1.0,0.06896551724137923
linear_probe_s0,jpeg,1,Tomato___Spider_mites_Two-spotted_spider_mite,0.8943089430894309,0.9629629629629628,0.06865401987353192
linear_probe_s1,jpeg,2,Soybean___healthy,0.9290617848970252,0.9975429975429976,0.0684812126459724
finetune_s1,jpeg,2,Grape___Black_rot,0.9318181818181818,1.0,0.06818181818181823
finetune_s0,gaussian_noise,2,Corn_(maize)___Common_rust_,0.9320388349514565,1.0,0.06796116504854355
linear_probe_s1,motion_blur,1,Tomato___healthy,0.9243697478991596,0.9921259842519684,0.06775623635280881
linear_probe_s42,low_light,2,Potato___Early_blight,0.9333333333333332,1.0,0.06666666666666676
linear_probe_s0,low_light,2,Potato___Early_blight,0.9333333333333332,1.0,0.06666666666666676
finetune_s42,motion_blur,2,Grape___Black_rot,0.9333333333333332,1.0,0.06666666666666676
finetune_s0,jpeg,2,Tomato___healthy,0.9333333333333332,1.0,0.06666666666666676
linear_probe_s1,low_light,2,Grape___Leaf_blight_(Isariopsis_Leaf_Spot),0.9333333333333332,1.0,0.06666666666666676
finetune_s0,jpeg,2,Potato___Late_blight,0.9333333333333332,1.0,0.06666666666666676
linear_probe_s0,motion_blur,1,Apple___Black_rot,0.9130434782608696,0.979591836734694,0.06654835847382434
linear_probe_s0,gaussian_noise,2,Grape___healthy,0.9032258064516128,0.9696969696969696,0.06647116324535685
linear_probe_s0,low_light,1,Grape___Black_rot,0.9032258064516128,0.9690721649484536,0.06584635849684084
linear_probe_s0,jpeg,2,Squash___Powdery_mildew,0.9343065693430656,1.0,0.06569343065693445
linear_probe_s1,jpeg,2,Squash___Powdery_mildew,0.9343065693430656,1.0,0.06569343065693445
linear_probe_s1,motion_blur,1,Apple___healthy,0.926829268292683,0.9924812030075189,0.06565193471483588
finetune_s0,gaussian_noise,2,Orange___Haunglongbing_(Citrus_greening),0.9346246973365616,1.0,0.06537530266343838
linear_probe_s1,gaussian_noise,1,Peach___Bacterial_spot,0.9239766081871345,0.989247311827957,0.06527070364082255
linear_probe_s1,low_light,2,Peach___Bacterial_spot,0.9239766081871345,0.989247311827957,0.06527070364082255
linear_probe_s42,gaussian_noise,1,Peach___Bacterial_spot,0.9239766081871345,0.9891304347826086,0.0651538265954742
linear_probe_s0,jpeg,2,Peach___Bacterial_spot,0.9081632653061223,0.9732620320855616,0.06509876677943927
linear_probe_s1,low_light,2,Squash___Powdery_mildew,0.935064935064935,1.0,0.06493506493506496
finetune_s1,jpeg,2,Potato___Late_blight,0.935064935064935,1.0,0.06493506493506496
linear_probe_s0,jpeg,2,Potato___Early_blight,0.935064935064935,1.0,0.06493506493506496
linear_probe_s0,low_light,2,Grape___Esca_(Black_Measles),0.925925925925926,0.9908256880733946,0.06489976214746851
linear_probe_s0,motion_blur,1,Corn_(maize)___Cercospora_leaf_spot_Gray_leaf_spot,0.8,0.8648648648648649,0.06486486486486487
linear_probe_s42,motion_blur,1,Apple___healthy,0.935483870967742,1.0,0.06451612903225801
finetune_s1,motion_blur,3,Orange___Haunglongbing_(Citrus_greening),0.9358669833729216,1.0,0.06413301662707838
linear_probe_s1,motion_blur,1,Apple___Apple_scab,0.9361702127659576,1.0,0.06382978723404242
finetune_s42,jpeg,2,Tomato___healthy,0.9365079365079364,1.0,0.0634920634920636
linear_probe_s1,low_light,2,Cherry_(including_sour)___Powdery_mildew,0.9367088607594936,1.0,0.06329113924050644
finetune_s1,jpeg,2,Tomato___Leaf_Mold,0.9367088607594936,1.0,0.06329113924050644
linear_probe_s1,jpeg,1,Tomato___Septoria_leaf_spot,0.8933333333333333,0.9565217391304348,0.0631884057971015
linear_probe_s42,motion_blur,1,Grape___Black_rot,0.896551724137931,0.9591836734693876,0.06263194933145655
finetune_s0,motion_blur,1,Tomato___Tomato_mosaic_virus,0.9375,1.0,0.0625
linear_probe_s42,jpeg,1,Tomato___Early_blight,0.8533333333333334,0.9156626506024096,0.0623293172690762
finetune_s1,jpeg,2,Soybean___healthy,0.9379310344827586,1.0,0.06206896551724139
linear_probe_s42,jpeg,1,Tomato___Spider_mites_Two-spotted_spider_mite,0.8870967741935484,0.948905109489051,0.06180833529550267
linear_probe_s0,gaussian_noise,2,Cherry_(including_sour)___Powdery_mildew,0.9382716049382716,1.0,0.06172839506172845
finetune_s42,jpeg,3,Orange___Haunglongbing_(Citrus_greening),0.9383886255924172,1.0,0.0616113744075828
finetune_s1,motion_blur,2,Tomato___Spider_mites_Two-spotted_spider_mite,0.9384615384615383,1.0,0.06153846153846165
linear_probe_s1,jpeg,1,Tomato___Early_blight,0.8461538461538461,0.9069767441860463,0.0608228980322002
finetune_s1,low_light,2,Corn_(maize)___Northern_Leaf_Blight,0.926829268292683,0.9873417721518988,0.060512503859215805
linear_probe_s42,low_light,2,Strawberry___Leaf_scorch,0.9397590361445785,1.0,0.06024096385542155
finetune_s0,jpeg,3,Tomato___Tomato_Yellow_Leaf_Curl_Virus,0.9397590361445785,1.0,0.06024096385542155
finetune_s42,motion_blur,2,Grape___Leaf_blight_(Isariopsis_Leaf_Spot),0.9397590361445785,1.0,0.06024096385542155
linear_probe_s42,jpeg,1,Tomato___healthy,0.9243697478991596,0.984375,0.0600052521008404
linear_probe_s0,gaussian_noise,1,Grape___Black_rot,0.9090909090909092,0.9690721649484536,0.059981255857544435
finetune_s1,low_light,2,Grape___Esca_(Black_Measles),0.9401709401709402,1.0,0.05982905982905984
finetune_s1,gaussian_noise,2,Grape___Esca_(Black_Measles),0.9401709401709402,1.0,0.05982905982905984
finetune_s1,low_light,1,Soybean___healthy,0.9402597402597402,1.0,0.05974025974025976
finetune_s1,gaussian_noise,1,Tomato___Tomato_Yellow_Leaf_Curl_Virus,0.9379652605459056,0.9976689976689976,0.05970373712309207
linear_probe_s0,jpeg,1,Tomato___Septoria_leaf_spot,0.89171974522293,0.951048951048951,0.05932920582602108
finetune_s1,jpeg,3,Apple___Black_rot,0.9411764705882352,1.0,0.05882352941176483
linear_probe_s42,jpeg,1,Potato___Late_blight,0.9411764705882352,1.0,0.05882352941176483
linear_probe_s1,jpeg,1,Apple___Apple_scab,0.9411764705882352,1.0,0.05882352941176483
finetune_s1,motion_blur,1,Tomato___Septoria_leaf_spot,0.9411764705882352,1.0,0.05882352941176483
finetune_s1,low_light,3,Corn_(maize)___Common_rust_,0.9411764705882352,1.0,0.05882352941176483
linear_probe_s1,low_light,2,Grape___healthy,0.9411764705882352,1.0,0.05882352941176483
finetune_s0,low_light,2,Corn_(maize)___Common_rust_,0.9411764705882352,1.0,0.05882352941176483
linear_probe_s0,jpeg,1,"Pepper,_bell___Bacterial_spot",0.9411764705882352,1.0,0.05882352941176483
linear_probe_s1,jpeg,1,Tomato___healthy,0.9333333333333332,0.9921259842519684,0.05879265091863517
linear_probe_s42,motion_blur,1,Tomato___healthy,0.9256198347107438,0.984375,0.05875516528925617
linear_probe_s42,jpeg,1,Tomato___Septoria_leaf_spot,0.9054054054054054,0.9640287769784172,0.058623371573011784
finetune_s42,motion_blur,1,Corn_(maize)___Cercospora_leaf_spot_Gray_leaf_spot,0.8888888888888888,0.9473684210526316,0.0584795321637428
linear_probe_s1,low_light,1,Peach___Bacterial_spot,0.9310344827586208,0.989247311827957,0.058212829069336225
linear_probe_s1,gaussian_noise,1,Tomato___healthy,0.9344262295081968,0.9921259842519684,0.05769975474377165
linear_probe_s1,low_light,1,Tomato___Tomato_Yellow_Leaf_Curl_Virus,0.9353233830845772,0.993006993006993,0.057683609922415835
linear_probe_s42,jpeg,2,Grape___Leaf_blight_(Isariopsis_Leaf_Spot),0.942528735632184,1.0,0.05747126436781602
linear_probe_s1,gaussian_noise,1,Apple___Apple_scab,0.9433962264150944,1.0,0.05660377358490565
finetune_s42,motion_blur,1,Tomato___Bacterial_spot,0.9375,0.9940828402366864,0.05658284023668636
linear_probe_s0,motion_blur,1,Tomato___Tomato_mosaic_virus,0.9090909090909092,0.9655172413793104,0.056426332288401215
finetune_s42,motion_blur,2,Strawberry___Leaf_scorch,0.9438202247191012,1.0,0.05617977528089879
linear_probe_s42,low_light,1,Grape___Leaf_blight_(Isariopsis_Leaf_Spot),0.9438202247191012,1.0,0.05617977528089879
finetune_s0,gaussian_noise,1,Blueberry___healthy,0.944,1.0,0.05600000000000005
finetune_s0,jpeg,3,Cherry_(including_sour)___healthy,0.9444444444444444,1.0,0.05555555555555558
linear_probe_s42,low_light,1,Grape___healthy,0.9444444444444444,1.0,0.05555555555555558
linear_probe_s1,jpeg,1,Tomato___Leaf_Mold,0.8888888888888888,0.9444444444444444,0.05555555555555558
linear_probe_s42,motion_blur,1,Cherry_(including_sour)___healthy,0.9444444444444444,1.0,0.05555555555555558
finetune_s1,motion_blur,2,Soybean___healthy,0.944578313253012,1.0,0.055421686746988
finetune_s0,jpeg,1,Corn_(maize)___Cercospora_leaf_spot_Gray_leaf_spot,0.8947368421052632,0.95,0.05526315789473679
finetune_s0,motion_blur,1,Corn_(maize)___Cercospora_leaf_spot_Gray_leaf_spot,0.8947368421052632,0.95,0.05526315789473679
linear_probe_s1,motion_blur,1,Peach___Bacterial_spot,0.934065934065934,0.989247311827957,0.05518137776202303
linear_probe_s1,gaussian_noise,1,Tomato___Tomato_Yellow_Leaf_Curl_Virus,0.9379652605459056,0.993006993006993,0.055041732461087456
finetune_s42,motion_blur,3,Corn_(maize)___Common_rust_,0.945054945054945,1.0,0.05494505494505497
linear_probe_s42,jpeg,2,Corn_(maize)___Northern_Leaf_Blight,0.9066666666666666,0.961038961038961,0.054372294372294405
linear_probe_s42,gaussian_noise,2,Squash___Powdery_mildew,0.945945945945946,1.0,0.054054054054053946
linear_probe_s1,low_light,1,Apple___healthy,0.9384615384615383,0.9924812030075189,0.054019664545980506
linear_probe_s0,motion_blur,1,Cherry_(including_sour)___healthy,0.9315068493150684,0.9855072463768116,0.0540003970617432
finetune_s0,gaussian_noise,1,Strawberry___Leaf_scorch,0.946236559139785,1.0,0.053763440860215006
linear_probe_s1,low_light,1,Grape___Black_rot,0.8958333333333334,0.9494949494949496,0.053661616161616243
finetune_s1,jpeg,2,Tomato___Target_Spot,0.9464285714285714,1.0,0.0535714285714286
finetune_s0,low_light,1,Corn_(maize)___Northern_Leaf_Blight,0.9210526315789472,0.9743589743589745,0.053306342780027216
finetune_s42,jpeg,1,Corn_(maize)___Cercospora_leaf_spot_Gray_leaf_spot,0.8947368421052632,0.9473684210526316,0.052631578947368474
linear_probe_s1,low_light,2,Potato___Early_blight,0.9473684210526316,1.0,0.05263157894736836
finetune_s42,low_light,1,"Pepper,_bell___healthy",0.9473684210526316,1.0,0.05263157894736836
finetune_s1,gaussian_noise,1,Potato___Late_blight,0.9473684210526316,1.0,0.05263157894736836
finetune_s1,jpeg,2,Blueberry___healthy,0.9473684210526316,1.0,0.05263157894736836
linear_probe_s1,low_light,2,Blueberry___healthy,0.9473684210526316,1.0,0.05263157894736836
linear_probe_s0,jpeg,2,Strawberry___healthy,0.9473684210526316,1.0,0.05263157894736836
linear_probe_s0,gaussian_noise,2,Blueberry___healthy,0.9473684210526316,1.0,0.05263157894736836
finetune_s42,gaussian_noise,2,Orange___Haunglongbing_(Citrus_greening),0.9476190476190476,1.0,0.05238095238095242
linear_probe_s0,gaussian_noise,1,Apple___Cedar_apple_rust,0.9,0.9523809523809524,0.05238095238095242
linear_probe_s42,low_light,1,Peach___Bacterial_spot,0.9371428571428572,0.9891304347826086,0.05198757763975148
finetune_s42,low_light,1,Soybean___healthy,0.9484536082474226,1.0,0.05154639175257736
linear_probe_s0,gaussian_noise,1,Tomato___Tomato_Yellow_Leaf_Curl_Virus,0.9379652605459056,0.9883449883449884,0.05037972779908284
linear_probe_s0,low_light,1,Tomato___Tomato_Yellow_Leaf_Curl_Virus,0.9379652605459056,0.9883449883449884,0.05037972779908284
finetune_s42,low_light,1,Squash___Powdery_mildew,0.9496402877697842,1.0,0.05035971223021585
finetune_s42,gaussian_noise,1,Squash___Powdery_mildew,0.9496402877697842,1.0,0.05035971223021585
linear_probe_s42,low_light,2,Corn_(maize)___Cercospora_leaf_spot_Gray_leaf_spot,0.85,0.9,0.050000000000000044
linear_probe_s42,motion_blur,2,Corn_(maize)___Cercospora_leaf_spot_Gray_leaf_spot,0.85,0.9,0.050000000000000044
linear_probe_s0,motion_blur,1,Corn_(maize)___Northern_Leaf_Blight,0.9,0.95,0.04999999999999993
linear_probe_s1,low_light,1,Tomato___healthy,0.9421487603305784,0.9921259842519684,0.049977223921390035
linear_probe_s42,jpeg,3,Orange___Haunglongbing_(Citrus_greening),0.9502262443438914,1.0,0.04977375565610864
finetune_s0,motion_blur,2,Blueberry___healthy,0.9508196721311476,1.0,0.0491803278688524
finetune_s0,low_light,1,Tomato___healthy,0.9508196721311476,1.0,0.0491803278688524
linear_probe_s0,gaussian_noise,1,Tomato___healthy,0.943089430894309,0.992248062015504,0.04915863112119501
linear_probe_s1,motion_blur,1,Grape___Leaf_blight_(Isariopsis_Leaf_Spot),0.951219512195122,1.0,0.04878048780487798
finetune_s0,low_light,2,"Pepper,_bell___Bacterial_spot",0.951219512195122,1.0,0.04878048780487798
linear_probe_s0,low_light,2,Cherry_(including_sour)___Powdery_mildew,0.951219512195122,1.0,0.04878048780487798
finetune_s42,gaussian_noise,1,Potato___Late_blight,0.951219512195122,1.0,0.04878048780487798
linear_probe_s42,gaussian_noise,1,Grape___Black_rot,0.9111111111111112,0.9591836734693876,0.048072562358276394
linear_probe_s0,low_light,2,Cherry_(including_sour)___healthy,0.9375,0.9855072463768116,0.04800724637681164
linear_probe_s1,jpeg,3,Orange___Haunglongbing_(Citrus_greening),0.9521640091116174,1.0,0.04783599088838264
linear_probe_s0,motion_blur,1,Grape___Black_rot,0.9213483146067416,0.9690721649484536,0.047723850341712004
linear_probe_s42,motion_blur,1,Cherry_(including_sour)___Powdery_mildew,0.9523809523809524,1.0,0.04761904761904756
linear_probe_s42,low_light,2,Apple___Cedar_apple_rust,0.9523809523809524,1.0,0.04761904761904756
linear_probe_s42,low_light,2,Cherry_(including_sour)___Powdery_mildew,0.9523809523809524,1.0,0.04761904761904756
linear_probe_s42,low_light,1,Apple___healthy,0.9523809523809524,1.0,0.04761904761904756
linear_probe_s1,motion_blur,1,Cherry_(including_sour)___Powdery_mildew,0.9523809523809524,1.0,0.04761904761904756
linear_probe_s0,motion_blur,1,Grape___Leaf_blight_(Isariopsis_Leaf_Spot),0.9523809523809524,1.0,0.04761904761904756
linear_probe_s1,low_light,2,Strawberry___Leaf_scorch,0.9523809523809524,1.0,0.04761904761904756
finetune_s1,low_light,1,Apple___Cedar_apple_rust,0.9523809523809524,1.0,0.04761904761904756
linear_probe_s42,jpeg,1,"Pepper,_bell___Bacterial_spot",0.9523809523809524,1.0,0.04761904761904756
finetune_s42,motion_blur,2,Apple___Cedar_apple_rust,0.9523809523809524,1.0,0.04761904761904756
finetune_s1,jpeg,2,Potato___Early_blight,0.9523809523809524,1.0,0.04761904761904756
linear_probe_s42,gaussian_noise,1,Apple___Cedar_apple_rust,0.9523809523809524,1.0,0.04761904761904756
finetune_s1,gaussian_noise,1,Apple___Cedar_apple_rust,0.9523809523809524,1.0,0.04761904761904756
finetune_s0,motion_blur,2,Grape___Esca_(Black_Measles),0.9523809523809524,1.0,0.04761904761904756
linear_probe_s42,low_light,1,Apple___Cedar_apple_rust,0.9523809523809524,1.0,0.04761904761904756
linear_probe_s42,gaussian_noise,1,Apple___healthy,0.9523809523809524,1.0,0.04761904761904756
finetune_s1,jpeg,2,Corn_(maize)___Cercospora_leaf_spot_Gray_leaf_spot,0.926829268292683,0.9743589743589745,0.04752970606629148
finetune_s42,motion_blur,1,Tomato___Late_blight,0.945945945945946,0.9934640522875816,0.04751810634163556
linear_probe_s42,jpeg,2,Grape___Esca_(Black_Measles),0.9245283018867924,0.97196261682243,0.047434314935637656
linear_probe_s0,low_light,1,Grape___Esca_(Black_Measles),0.9433962264150944,0.9908256880733946,0.0474294616583002
linear_probe_s0,gaussian_noise,2,Soybean___healthy,0.9505882352941176,0.9975429975429976,0.046954762248879955
finetune_s0,gaussian_noise,1,Peach___Bacterial_spot,0.9533678756476685,1.0,0.04663212435233155
linear_probe_s42,gaussian_noise,2,Cherry_(including_sour)___healthy,0.953846153846154,1.0,0.04615384615384599
linear_probe_s42,low_light,2,Squash___Powdery_mildew,0.954248366013072,1.0,0.04575163398692805
linear_probe_s0,jpeg,2,Grape___Esca_(Black_Measles),0.9454545454545454,0.9908256880733946,0.045371142618849114
linear_probe_s0,jpeg,3,Corn_(maize)___Common_rust_,0.945054945054945,0.9896907216494846,0.044635776594539545
linear_probe_s42,jpeg,3,Corn_(maize)___Common_rust_,0.945054945054945,0.9896907216494846,0.044635776594539545
linear_probe_s42,gaussian_noise,1,Grape___Leaf_blight_(Isariopsis_Leaf_Spot),0.9555555555555556,1.0,0.0444444444444444
finetune_s1,jpeg,3,Grape___Esca_(Black_Measles),0.9557522123893806,1.0,0.04424778761061943
linear_probe_s42,gaussian_noise,1,"Pepper,_bell___healthy",0.9557522123893806,1.0,0.04424778761061943
finetune_s42,motion_blur,1,Tomato___Septoria_leaf_spot,0.9558823529411764,1.0,0.044117647058823595
finetune_s42,jpeg,3,Tomato___Tomato_Yellow_Leaf_Curl_Virus,0.9560975609756096,1.0,0.043902439024390394
linear_probe_s0,jpeg,3,Orange___Haunglongbing_(Citrus_greening),0.9541284403669724,0.9977324263038548,0.04360398593688242
linear_probe_s1,motion_blur,1,"Pepper,_bell___healthy",0.9565217391304348,1.0,0.04347826086956519
linear_probe_s42,gaussian_noise,2,Blueberry___healthy,0.9565217391304348,1.0,0.04347826086956519
linear_probe_s1,jpeg,2,Corn_(maize)___Common_rust_,0.9565217391304348,1.0,0.04347826086956519
finetune_s1,jpeg,3,Corn_(maize)___Common_rust_,0.9565217391304348,1.0,0.04347826086956519
finetune_s1,gaussian_noise,1,Grape___Esca_(Black_Measles),0.9565217391304348,1.0,0.04347826086956519
linear_probe_s0,low_light,2,Blueberry___healthy,0.9565217391304348,1.0,0.04347826086956519
finetune_s42,low_light,1,Strawberry___Leaf_scorch,0.9565217391304348,1.0,0.04347826086956519
finetune_s0,jpeg,2,Apple___Cedar_apple_rust,0.9565217391304348,1.0,0.04347826086956519
linear_probe_s1,jpeg,3,Corn_(maize)___Common_rust_,0.9565217391304348,1.0,0.04347826086956519
linear_probe_s0,motion_blur,1,Grape___Esca_(Black_Measles),0.9473684210526316,0.9908256880733946,0.04345726702076291
linear_probe_s0,low_light,1,Apple___Black_rot,0.9361702127659576,0.979591836734694,0.04342162396873639
linear_probe_s0,jpeg,1,Peach___healthy,0.88,0.9230769230769232,0.043076923076923235
linear_probe_s42,low_light,1,Corn_(maize)___Cercospora_leaf_spot_Gray_leaf_spot,0.8571428571428571,0.9,0.04285714285714293
finetune_s0,jpeg,2,Tomato___Septoria_leaf_spot,0.9571428571428572,1.0,0.042857142857142816
finetune_s1,jpeg,2,Tomato___Late_blight,0.9444444444444444,0.986842105263158,0.042397660818713545
linear_probe_s42,gaussian_noise,1,Tomato___Tomato_Yellow_Leaf_Curl_Virus,0.946078431372549,0.988399071925754,0.04232064055320506
finetune_s42,low_light,1,Cherry_(including_sour)___healthy,0.9577464788732394,1.0,0.04225352112676062
linear_probe_s0,jpeg,1,Tomato___Leaf_Mold,0.9166666666666666,0.958904109589041,0.04223744292237441
linear_probe_s42,low_light,1,Apple___Black_rot,0.9583333333333334,1.0,0.04166666666666663
linear_probe_s42,motion_blur,2,Corn_(maize)___healthy,0.9583333333333334,1.0,0.04166666666666663
linear_probe_s0,jpeg,3,Corn_(maize)___healthy,0.9583333333333334,1.0,0.04166666666666663
finetune_s1,motion_blur,2,Apple___Black_rot,0.9583333333333334,1.0,0.04166666666666663
finetune_s42,motion_blur,2,Apple___Black_rot,0.9583333333333334,1.0,0.04166666666666663
linear_probe_s42,jpeg,1,Apple___Black_rot,0.9583333333333334,1.0,0.04166666666666663
finetune_s1,jpeg,3,Corn_(maize)___healthy,0.9583333333333334,1.0,0.04166666666666663
linear_probe_s42,motion_blur,1,Apple___Black_rot,0.9583333333333334,1.0,0.04166666666666663
linear_probe_s0,jpeg,1,Tomato___healthy,0.9508196721311476,0.992248062015504,0.041428389884356376
finetune_s1,jpeg,3,Corn_(maize)___Northern_Leaf_Blight,0.945945945945946,0.9873417721518988,0.041395826205952724
finetune_s0,jpeg,2,Tomato___Leaf_Mold,0.958904109589041,1.0,0.04109589041095896
finetune_s0,low_light,1,Corn_(maize)___Cercospora_leaf_spot_Gray_leaf_spot,0.9090909090909092,0.95,0.040909090909090784
linear_probe_s0,motion_blur,1,Apple___Apple_scab,0.9387755102040816,0.979591836734694,0.0408163265306124
finetune_s0,low_light,1,Soybean___healthy,0.9593908629441624,1.0,0.040609137055837574
linear_probe_s42,low_light,2,Soybean___healthy,0.9571428571428572,0.9975429975429976,0.040400140400140394
linear_probe_s0,jpeg,1,Apple___healthy,0.9523809523809524,0.9924812030075189,0.040100250626566414
linear_probe_s1,motion_blur,1,Blueberry___healthy,0.96,1.0,0.040000000000000036
finetune_s1,gaussian_noise,1,Apple___Apple_scab,0.96,1.0,0.040000000000000036
linear_probe_s1,jpeg,1,Peach___healthy,0.9230769230769232,0.9629629629629628,0.03988603988603956
linear_probe_s42,jpeg,1,Peach___healthy,0.9230769230769232,0.9629629629629628,0.03988603988603956
finetune_s42,motion_blur,2,Orange___Haunglongbing_(Citrus_greening),0.9605263157894736,1.0,0.03947368421052644
linear_probe_s0,gaussian_noise,2,Peach___Bacterial_spot,0.934065934065934,0.9732620320855616,0.039196098019627645
linear_probe_s42,jpeg,1,Tomato___Bacterial_spot,0.9371428571428572,0.9761904761904762,0.039047619047619
finetune_s42,jpeg,2,"Pepper,_bell___Bacterial_spot",0.961038961038961,1.0,0.038961038961038974
finetune_s0,low_light,1,Potato___Late_blight,0.961038961038961,1.0,0.038961038961038974
finetune_s0,motion_blur,1,Tomato___Leaf_Mold,0.961038961038961,1.0,0.038961038961038974
finetune_s42,motion_blur,1,Tomato___Leaf_Mold,0.961038961038961,1.0,0.038961038961038974
finetune_s42,jpeg,2,Apple___Apple_scab,0.9615384615384616,1.0,0.038461538461538436
finetune_s0,jpeg,2,Apple___Black_rot,0.9615384615384616,1.0,0.038461538461538436
finetune_s0,jpeg,2,Apple___Apple_scab,0.9615384615384616,1.0,0.038461538461538436
finetune_s42,gaussian_noise,1,Apple___Apple_scab,0.9615384615384616,1.0,0.038461538461538436
finetune_s1,jpeg,2,Tomato___Tomato_Yellow_Leaf_Curl_Virus,0.9594594594594594,0.9976689976689976,0.03820953820953821
linear_probe_s0,jpeg,2,Tomato___Tomato_Yellow_Leaf_Curl_Virus,0.950354609929078,0.9883449883449884,0.03799037841591035
finetune_s1,low_light,1,Potato___Late_blight,0.9620253164556962,1.0,0.03797468354430378
finetune_s0,gaussian_noise,1,Soybean___healthy,0.9620253164556962,1.0,0.03797468354430378
finetune_s1,motion_blur,1,Tomato___Leaf_Mold,0.9620253164556962,1.0,0.03797468354430378
finetune_s0,jpeg,3,Grape___Esca_(Black_Measles),0.9622641509433962,1.0,0.037735849056603765
linear_probe_s0,low_light,2,Soybean___healthy,0.9598108747044918,0.9975429975429976,0.0377321228385058
linear_probe_s0,jpeg,1,Tomato___Bacterial_spot,0.9265536723163842,0.9642857142857144,0.03773204196933022
linear_probe_s42,gaussian_noise,2,Grape___Esca_(Black_Measles),0.9345794392523364,0.97196261682243,0.03738317757009357
linear_probe_s0,jpeg,2,Cherry_(including_sour)___Powdery_mildew,0.9629629629629628,1.0,0.0370370370370372
finetune_s0,motion_blur,2,Peach___healthy,0.9629629629629628,1.0,0.0370370370370372
finetune_s0,low_light,1,Potato___Early_blight,0.9629629629629628,1.0,0.0370370370370372
linear_probe_s1,jpeg,2,Cherry_(including_sour)___Powdery_mildew,0.9629629629629628,1.0,0.0370370370370372
linear_probe_s1,motion_blur,2,Orange___Haunglongbing_(Citrus_greening),0.9631336405529954,1.0,0.03686635944700456
finetune_s42,low_light,1,Corn_(maize)___Northern_Leaf_Blight,0.9382716049382716,0.975,0.036728395061728425
finetune_s42,motion_blur,1,Tomato___Target_Spot,0.9636363636363636,1.0,0.036363636363636376
linear_probe_s0,motion_blur,1,Cherry_(including_sour)___Powdery_mildew,0.963855421686747,1.0,0.03614457831325302
linear_probe_s42,low_light,1,Cherry_(including_sour)___Powdery_mildew,0.963855421686747,1.0,0.03614457831325302
finetune_s0,motion_blur,1,Grape___Leaf_blight_(Isariopsis_Leaf_Spot),0.963855421686747,1.0,0.03614457831325302
linear_probe_s42,gaussian_noise,2,Cherry_(including_sour)___Powdery_mildew,0.963855421686747,1.0,0.03614457831325302
finetune_s1,low_light,1,Corn_(maize)___Northern_Leaf_Blight,0.951219512195122,0.9873417721518988,0.03612225995677676
finetune_s0,motion_blur,1,Corn_(maize)___Northern_Leaf_Blight,0.9382716049382716,0.9743589743589745,0.0360873694207029
finetune_s0,motion_blur,1,Tomato___Septoria_leaf_spot,0.9640287769784172,1.0,0.03597122302158284
finetune_s42,jpeg,2,Cherry_(including_sour)___Powdery_mildew,0.9647058823529412,1.0,0.03529411764705881
finetune_s1,jpeg,3,Strawberry___Leaf_scorch,0.9647058823529412,1.0,0.03529411764705881
linear_probe_s42,gaussian_noise,1,Cherry_(including_sour)___Powdery_mildew,0.9647058823529412,1.0,0.03529411764705881
linear_probe_s0,low_light,2,Strawberry___Leaf_scorch,0.9647058823529412,1.0,0.03529411764705881
linear_probe_s1,jpeg,1,"Pepper,_bell___Bacterial_spot",0.9523809523809524,0.9876543209876544,0.03527336860670194
finetune_s42,low_light,2,Orange___Haunglongbing_(Citrus_greening),0.9648711943793912,1.0,0.03512880562060883
linear_probe_s0,gaussian_noise,1,"Pepper,_bell___healthy",0.9649122807017544,1.0,0.03508771929824561
linear_probe_s0,jpeg,1,"Pepper,_bell___healthy",0.9649122807017544,1.0,0.03508771929824561
finetune_s42,jpeg,2,Tomato___Bacterial_spot,0.95906432748538,0.9940828402366864,0.03501851275130641
linear_probe_s42,low_light,1,Tomato___Tomato_Yellow_Leaf_Curl_Virus,0.9537712895377128,0.988399071925754,0.034627782388041206
linear_probe_s0,low_light,1,"Pepper,_bell___healthy",0.9655172413793104,1.0,0.03448275862068961
finetune_s42,motion_blur,1,Peach___healthy,0.9655172413793104,1.0,0.03448275862068961
linear_probe_s0,low_light,1,Grape___Leaf_blight_(Isariopsis_Leaf_Spot),0.9655172413793104,1.0,0.03448275862068961
finetune_s42,jpeg,2,Peach___healthy,0.9655172413793104,1.0,0.03448275862068961
finetune_s0,motion_blur,1,"Pepper,_bell___healthy",0.9655172413793104,1.0,0.03448275862068961
linear_probe_s1,gaussian_noise,2,Blueberry___healthy,0.9655172413793104,1.0,0.03448275862068961
finetune_s0,jpeg,2,Raspberry___healthy,0.9655172413793104,1.0,0.03448275862068961
finetune_s42,jpeg,3,Grape___Leaf_blight_(Isariopsis_Leaf_Spot),0.9655172413793104,1.0,0.03448275862068961
linear_probe_s42,motion_blur,1,"Pepper,_bell___healthy",0.9655172413793104,1.0,0.03448275862068961
finetune_s0,jpeg,2,Tomato___Tomato_mosaic_virus,0.9655172413793104,1.0,0.03448275862068961
finetune_s0,jpeg,1,Raspberry___healthy,0.9655172413793104,1.0,0.03448275862068961
linear_probe_s0,jpeg,1,Tomato___Late_blight,0.913907284768212,0.948051948051948,0.034144663283736
linear_probe_s1,gaussian_noise,2,Soybean___healthy,0.9635036496350364,0.9975429975429976,0.03403934790796115
linear_probe_s1,jpeg,2,Grape___Leaf_blight_(Isariopsis_Leaf_Spot),0.9662921348314608,1.0,0.033707865168539186
linear_probe_s42,gaussian_noise,2,Soybean___healthy,0.9640287769784172,0.9975429975429976,0.03351422056458042
linear_probe_s1,jpeg,1,Tomato___Bacterial_spot,0.9364161849710982,0.9696969696969696,0.03328078472587137
linear_probe_s0,motion_blur,1,Soybean___healthy,0.9643705463182898,0.9975429975429976,0.0331724512247078
linear_probe_s42,motion_blur,3,Corn_(maize)___Common_rust_,0.9565217391304348,0.9896907216494846,0.03316898251904976
linear_probe_s0,jpeg,2,Corn_(maize)___Common_rust_,0.9565217391304348,0.9896907216494846,0.03316898251904976
finetune_s1,gaussian_noise,1,Strawberry___Leaf_scorch,0.967032967032967,1.0,0.03296703296703296
finetune_s0,gaussian_noise,1,Grape___Black_rot,0.967032967032967,1.0,0.03296703296703296
linear_probe_s0,low_light,1,Tomato___healthy,0.959349593495935,0.992248062015504,0.03289846851956901
finetune_s0,low_light,2,Orange___Haunglongbing_(Citrus_greening),0.9671361502347418,1.0,0.032863849765258246
linear_probe_s42,gaussian_noise,1,Tomato___healthy,0.9516129032258064,0.984375,0.032762096774193616
finetune_s42,motion_blur,2,Soybean___healthy,0.9675810473815462,1.0,0.032418952618453845
linear_probe_s1,gaussian_noise,2,Orange___Haunglongbing_(Citrus_greening),0.9675925925925926,1.0,0.03240740740740744
finetune_s42,motion_blur,1,Raspberry___healthy,0.967741935483871,1.0,0.032258064516129004
linear_probe_s42,motion_blur,1,Tomato___Tomato_mosaic_virus,0.967741935483871,1.0,0.032258064516129004
linear_probe_s42,motion_blur,1,Blueberry___healthy,0.967741935483871,1.0,0.032258064516129004
finetune_s1,motion_blur,1,Raspberry___healthy,0.967741935483871,1.0,0.032258064516129004
finetune_s0,motion_blur,1,Raspberry___healthy,0.967741935483871,1.0,0.032258064516129004
finetune_s1,jpeg,2,Raspberry___healthy,0.967741935483871,1.0,0.032258064516129004
finetune_s1,motion_blur,2,Blueberry___healthy,0.967741935483871,1.0,0.032258064516129004
finetune_s42,motion_blur,1,Tomato___Tomato_mosaic_virus,0.967741935483871,1.0,0.032258064516129004
linear_probe_s0,motion_blur,1,Blueberry___healthy,0.967741935483871,1.0,0.032258064516129004
finetune_s42,motion_blur,2,Peach___Bacterial_spot,0.967741935483871,1.0,0.032258064516129004
finetune_s1,low_light,1,Tomato___healthy,0.967741935483871,1.0,0.032258064516129004
linear_probe_s0,low_light,2,Grape___healthy,0.9375,0.9696969696969696,0.03219696969696961
linear_probe_s0,gaussian_noise,1,Apple___healthy,0.9606299212598424,0.9924812030075189,0.031851281747676485
linear_probe_s0,low_light,1,Apple___healthy,0.9606299212598424,0.9924812030075189,0.031851281747676485
linear_probe_s1,gaussian_noise,1,Cherry_(including_sour)___healthy,0.953846153846154,0.9855072463768116,0.03166109253065763
linear_probe_s0,motion_blur,1,Tomato___healthy,0.9606299212598424,0.992248062015504,0.031618140755661606
linear_probe_s42,jpeg,3,Corn_(maize)___healthy,0.968421052631579,1.0,0.03157894736842104
linear_probe_s0,motion_blur,2,Corn_(maize)___healthy,0.968421052631579,1.0,0.03157894736842104
finetune_s1,motion_blur,1,Tomato___Tomato_Yellow_Leaf_Curl_Virus,0.9661399548532732,0.9976689976689976,0.03152904281572444
linear_probe_s42,jpeg,1,Apple___healthy,0.96875,1.0,0.03125
linear_probe_s1,jpeg,1,Apple___healthy,0.9612403100775194,0.9924812030075189,0.03124089292999943
linear_probe_s1,gaussian_noise,1,Corn_(maize)___Northern_Leaf_Blight,0.9041095890410958,0.935064935064935,0.030955346023839203
finetune_s1,motion_blur,1,Grape___healthy,0.9696969696969696,1.0,0.030303030303030387
finetune_s42,motion_blur,1,Grape___healthy,0.9696969696969696,1.0,0.030303030303030387
finetune_s1,gaussian_noise,1,Corn_(maize)___Common_rust_,0.9696969696969696,1.0,0.030303030303030387
finetune_s0,gaussian_noise,1,Grape___healthy,0.9696969696969696,1.0,0.030303030303030387
finetune_s0,low_light,1,Grape___healthy,0.9696969696969696,1.0,0.030303030303030387
finetune_s0,jpeg,1,Apple___healthy,0.9696969696969696,1.0,0.030303030303030387
finetune_s42,gaussian_noise,1,Grape___healthy,0.9696969696969696,1.0,0.030303030303030387
linear_probe_s42,motion_blur,2,Orange___Haunglongbing_(Citrus_greening),0.9698375870069604,1.0,0.030162412993039567
linear_probe_s0,gaussian_noise,2,Corn_(maize)___Common_rust_,0.96,0.9896907216494846,0.029690721649484608
finetune_s1,jpeg,2,Cherry_(including_sour)___healthy,0.9705882352941176,1.0,0.02941176470588236
linear_probe_s1,low_light,1,Grape___Esca_(Black_Measles),0.9333333333333332,0.9622641509433962,0.028930817610062998
finetune_s1,jpeg,2,Strawberry___healthy,0.9714285714285714,1.0,0.02857142857142858
finetune_s42,jpeg,2,Grape___healthy,0.9714285714285714,1.0,0.02857142857142858
finetune_s0,motion_blur,1,Strawberry___healthy,0.9714285714285714,1.0,0.02857142857142858
linear_probe_s0,motion_blur,1,Strawberry___healthy,0.9714285714285714,1.0,0.02857142857142858
finetune_s42,jpeg,1,Grape___healthy,0.9714285714285714,1.0,0.02857142857142858
finetune_s1,gaussian_noise,1,Cherry_(including_sour)___healthy,0.9714285714285714,1.0,0.02857142857142858
linear_probe_s42,gaussian_noise,2,Grape___healthy,0.9714285714285714,1.0,0.02857142857142858
finetune_s0,jpeg,1,Strawberry___healthy,0.9714285714285714,1.0,0.02857142857142858
linear_probe_s1,gaussian_noise,2,Grape___healthy,0.9714285714285714,1.0,0.02857142857142858
linear_probe_s42,motion_blur,1,Corn_(maize)___Cercospora_leaf_spot_Gray_leaf_spot,0.8717948717948718,0.9,0.028205128205128216
finetune_s0,jpeg,3,Orange___Haunglongbing_(Citrus_greening),0.972093023255814,1.0,0.027906976744185963
linear_probe_s42,gaussian_noise,2,Orange___Haunglongbing_(Citrus_greening),0.9722222222222222,1.0,0.02777777777777779
linear_probe_s1,low_light,2,Grape___Esca_(Black_Measles),0.9345794392523364,0.9622641509433962,0.027684711691059793
linear_probe_s1,gaussian_noise,2,Grape___Esca_(Black_Measles),0.9345794392523364,0.9622641509433962,0.027684711691059793
finetune_s42,motion_blur,2,Grape___Esca_(Black_Measles),0.9724770642201837,1.0,0.02752293577981635
finetune_s1,low_light,1,Strawberry___healthy,0.972972972972973,1.0,0.027027027027026973
linear_probe_s42,jpeg,2,Strawberry___healthy,0.972972972972973,1.0,0.027027027027026973
finetune_s42,jpeg,2,Tomato___Leaf_Mold,0.972972972972973,1.0,0.027027027027026973
linear_probe_s42,jpeg,1,Strawberry___healthy,0.972972972972973,1.0,0.027027027027026973
finetune_s1,motion_blur,2,Grape___Esca_(Black_Measles),0.972972972972973,1.0,0.027027027027026973
finetune_s1,low_light,1,Corn_(maize)___Cercospora_leaf_spot_Gray_leaf_spot,0.9473684210526316,0.9743589743589745,0.026990553306342813
finetune_s1,gaussian_noise,1,Corn_(maize)___Cercospora_leaf_spot_Gray_leaf_spot,0.9473684210526316,0.9743589743589745,0.026990553306342813
linear_probe_s1,low_light,2,Soybean___healthy,0.9705882352941176,0.9975429975429976,0.026954762248879938
finetune_s0,jpeg,2,Corn_(maize)___Cercospora_leaf_spot_Gray_leaf_spot,0.9230769230769232,0.95,0.026923076923076716
linear_probe_s0,jpeg,2,Corn_(maize)___Northern_Leaf_Blight,0.9230769230769232,0.95,0.026923076923076716
finetune_s42,gaussian_noise,1,Peach___Bacterial_spot,0.9732620320855616,1.0,0.026737967914438387
linear_probe_s0,gaussian_noise,2,Squash___Powdery_mildew,0.9733333333333334,1.0,0.026666666666666616
finetune_s0,low_light,1,Peach___Bacterial_spot,0.9735449735449736,1.0,0.026455026455026398
linear_probe_s1,jpeg,1,Peach___Bacterial_spot,0.9629629629629628,0.989247311827957,0.0262843488649942
linear_probe_s42,jpeg,2,Tomato___Tomato_Yellow_Leaf_Curl_Virus,0.9622641509433962,0.988399071925754,0.026134920982357812
linear_probe_s1,gaussian_noise,1,"Pepper,_bell___healthy",0.9739130434782608,1.0,0.026086956521739202
linear_probe_s0,motion_blur,1,"Pepper,_bell___healthy",0.9739130434782608,1.0,0.026086956521739202
finetune_s0,motion_blur,1,Tomato___Late_blight,0.974025974025974,1.0,0.025974025974025983
linear_probe_s1,jpeg,2,Corn_(maize)___Northern_Leaf_Blight,0.9090909090909092,0.935064935064935,0.02597402597402587
linear_probe_s1,jpeg,2,Tomato___Tomato_Yellow_Leaf_Curl_Virus,0.9671361502347418,0.993006993006993,0.025870842772251268
linear_probe_s42,gaussian_noise,1,Potato___Early_blight,0.9743589743589745,1.0,0.02564102564102555
finetune_s42,motion_blur,1,Potato___Late_blight,0.9743589743589745,1.0,0.02564102564102555
linear_probe_s42,gaussian_noise,1,Blueberry___healthy,0.9743589743589745,1.0,0.02564102564102555
linear_probe_s1,gaussian_noise,1,Blueberry___healthy,0.9743589743589745,1.0,0.02564102564102555
finetune_s1,low_light,1,Potato___Early_blight,0.9743589743589745,1.0,0.02564102564102555
linear_probe_s42,low_light,1,Potato___Early_blight,0.9743589743589745,1.0,0.02564102564102555
finetune_s1,gaussian_noise,1,"Pepper,_bell___Bacterial_spot",0.9743589743589745,1.0,0.02564102564102555
linear_probe_s0,motion_blur,2,Orange___Haunglongbing_(Citrus_greening),0.9722222222222222,0.9977324263038548,0.025510204081632626
linear_probe_s1,low_light,2,Orange___Haunglongbing_(Citrus_greening),0.9748283752860412,1.0,0.02517162471395884
finetune_s1,motion_blur,1,Tomato___Early_blight,0.975,1.0,0.025000000000000022
finetune_s42,jpeg,1,Corn_(maize)___Northern_Leaf_Blight,0.95,0.975,0.025000000000000022
finetune_s42,jpeg,2,Potato___Late_blight,0.975,1.0,0.025000000000000022
linear_probe_s1,gaussian_noise,1,Cherry_(including_sour)___Powdery_mildew,0.975609756097561,1.0,0.024390243902439046
linear_probe_s42,jpeg,2,Cherry_(including_sour)___Powdery_mildew,0.975609756097561,1.0,0.024390243902439046
linear_probe_s1,low_light,1,Cherry_(including_sour)___Powdery_mildew,0.975609756097561,1.0,0.024390243902439046
linear_probe_s0,low_light,1,Cherry_(including_sour)___Powdery_mildew,0.975609756097561,1.0,0.024390243902439046
finetune_s42,jpeg,2,Potato___Early_blight,0.975609756097561,1.0,0.024390243902439046
finetune_s0,jpeg,1,Corn_(maize)___Northern_Leaf_Blight,0.95,0.9743589743589745,0.024358974358974494
finetune_s0,jpeg,2,Corn_(maize)___Northern_Leaf_Blight,0.95,0.9743589743589745,0.024358974358974494
finetune_s0,gaussian_noise,1,Corn_(maize)___Northern_Leaf_Blight,0.95,0.9743589743589745,0.024358974358974494
finetune_s42,gaussian_noise,1,Corn_(maize)___Cercospora_leaf_spot_Gray_leaf_spot,0.9230769230769232,0.9473684210526316,0.024291497975708398
finetune_s42,low_light,1,Corn_(maize)___Cercospora_leaf_spot_Gray_leaf_spot,0.9230769230769232,0.9473684210526316,0.024291497975708398
finetune_s42,motion_blur,1,Corn_(maize)___Northern_Leaf_Blight,0.951219512195122,0.975,0.02378048780487796
linear_probe_s0,motion_blur,1,Strawberry___Leaf_scorch,0.9767441860465116,1.0,0.023255813953488413
linear_probe_s1,gaussian_noise,2,Strawberry___Leaf_scorch,0.9767441860465116,1.0,0.023255813953488413
linear_probe_s42,gaussian_noise,2,Strawberry___Leaf_scorch,0.9767441860465116,1.0,0.023255813953488413
finetune_s0,low_light,1,Apple___healthy,0.9767441860465116,1.0,0.023255813953488413
linear_probe_s42,gaussian_noise,1,Strawberry___Leaf_scorch,0.9767441860465116,1.0,0.023255813953488413
linear_probe_s42,motion_blur,1,Strawberry___Leaf_scorch,0.9767441860465116,1.0,0.023255813953488413
linear_probe_s42,low_light,2,Orange___Haunglongbing_(Citrus_greening),0.9770642201834864,1.0,0.022935779816513624
linear_probe_s0,gaussian_noise,2,Orange___Haunglongbing_(Citrus_greening),0.9748283752860412,0.9977324263038548,0.022904051017813676
finetune_s0,gaussian_noise,1,Grape___Leaf_blight_(Isariopsis_Leaf_Spot),0.9772727272727272,1.0,0.022727272727272818
linear_probe_s1,low_light,1,Grape___Leaf_blight_(Isariopsis_Leaf_Spot),0.9772727272727272,1.0,0.022727272727272818
linear_probe_s0,gaussian_noise,1,Grape___Leaf_blight_(Isariopsis_Leaf_Spot),0.9772727272727272,1.0,0.022727272727272818
finetune_s0,jpeg,1,Tomato___Spider_mites_Two-spotted_spider_mite,0.9774436090225564,1.0,0.022556390977443552
finetune_s42,motion_blur,1,Apple___healthy,0.9777777777777776,1.0,0.022222222222222365
finetune_s1,motion_blur,1,Strawberry___Leaf_scorch,0.9777777777777776,1.0,0.022222222222222365
finetune_s0,motion_blur,1,Strawberry___Leaf_scorch,0.9777777777777776,1.0,0.022222222222222365
linear_probe_s42,jpeg,1,Corn_(maize)___Cercospora_leaf_spot_Gray_leaf_spot,0.8780487804878049,0.9,0.02195121951219514
linear_probe_s42,jpeg,2,Corn_(maize)___Common_rust_,0.967741935483871,0.9896907216494846,0.021948786165613576
linear_probe_s0,gaussian_noise,1,Soybean___healthy,0.9757281553398058,0.9975429975429976,0.021814842203191742
finetune_s0,motion_blur,2,Peach___Bacterial_spot,0.9782608695652174,1.0,0.021739130434782594
finetune_s1,low_light,1,Grape___Black_rot,0.9782608695652174,1.0,0.021739130434782594
linear_probe_s1,motion_blur,1,Soybean___healthy,0.9759615384615384,0.9975429975429976,0.021581459081459142
linear_probe_s42,motion_blur,1,Soybean___healthy,0.9759615384615384,0.9975429975429976,0.021581459081459142
finetune_s1,gaussian_noise,1,Peach___Bacterial_spot,0.978494623655914,1.0,0.021505376344086002
linear_probe_s42,low_light,1,Corn_(maize)___Northern_Leaf_Blight,0.9397590361445785,0.961038961038961,0.021279924894382574
linear_probe_s1,motion_blur,2,Corn_(maize)___healthy,0.9787234042553192,1.0,0.02127659574468077
linear_probe_s1,jpeg,1,Corn_(maize)___Common_rust_,0.9787234042553192,1.0,0.02127659574468077
finetune_s42,jpeg,3,Corn_(maize)___Common_rust_,0.9787234042553192,1.0,0.02127659574468077
linear_probe_s1,motion_blur,3,Corn_(maize)___Common_rust_,0.9787234042553192,1.0,0.02127659574468077
linear_probe_s0,jpeg,1,Apple___Black_rot,0.9583333333333334,0.979591836734694,0.021258503401360596
linear_probe_s1,motion_blur,1,Apple___Black_rot,0.9583333333333334,0.979591836734694,0.021258503401360596
finetune_s1,gaussian_noise,1,Orange___Haunglongbing_(Citrus_greening),0.9791183294663574,1.0,0.02088167053364265
linear_probe_s1,motion_blur,1,Corn_(maize)___Cercospora_leaf_spot_Gray_leaf_spot,0.8292682926829268,0.85,0.02073170731707319
finetune_s42,low_light,1,Corn_(maize)___Common_rust_,0.979591836734694,1.0,0.020408163265306034
linear_probe_s42,motion_blur,1,Apple___Apple_scab,0.979591836734694,1.0,0.020408163265306034
finetune_s1,gaussian_noise,3,Corn_(maize)___Common_rust_,0.979591836734694,1.0,0.020408163265306034
finetune_s1,low_light,1,Corn_(maize)___Common_rust_,0.979591836734694,1.0,0.020408163265306034
finetune_s1,jpeg,2,Apple___Apple_scab,0.979591836734694,1.0,0.020408163265306034
finetune_s0,motion_blur,1,Apple___Apple_scab,0.979591836734694,1.0,0.020408163265306034
linear_probe_s42,gaussian_noise,1,Apple___Black_rot,0.979591836734694,1.0,0.020408163265306034
linear_probe_s1,gaussian_noise,2,Squash___Powdery_mildew,0.9798657718120806,1.0,0.020134228187919434
linear_probe_s1,gaussian_noise,1,Squash___Powdery_mildew,0.9798657718120806,1.0,0.020134228187919434
linear_probe_s42,low_light,1,Corn_(maize)___Common_rust_,0.9696969696969696,0.9896907216494846,0.01999375195251496
linear_probe_s0,low_light,1,Corn_(maize)___Common_rust_,0.9696969696969696,0.9896907216494846,0.01999375195251496
finetune_s1,jpeg,2,Apple___Black_rot,0.9803921568627452,1.0,0.019607843137254832
finetune_s1,low_light,1,Apple___Apple_scab,0.9803921568627452,1.0,0.019607843137254832
finetune_s42,low_light,1,Apple___Apple_scab,0.9803921568627452,1.0,0.019607843137254832
finetune_s0,motion_blur,1,Apple___Black_rot,0.9803921568627452,1.0,0.019607843137254832
finetune_s0,low_light,1,Apple___Apple_scab,0.9803921568627452,1.0,0.019607843137254832
finetune_s42,jpeg,3,Apple___Black_rot,0.9803921568627452,1.0,0.019607843137254832
finetune_s0,gaussian_noise,1,Apple___Apple_scab,0.9803921568627452,1.0,0.019607843137254832
finetune_s42,jpeg,2,Apple___Black_rot,0.9803921568627452,1.0,0.019607843137254832
finetune_s0,gaussian_noise,1,Tomato___Tomato_Yellow_Leaf_Curl_Virus,0.9809523809523808,1.0,0.019047619047619202
linear_probe_s42,jpeg,1,Tomato___Late_blight,0.935897435897436,0.954248366013072,0.018350930115635933
finetune_s0,jpeg,1,Tomato___Target_Spot,0.9824561403508772,1.0,0.01754385964912275
linear_probe_s0,gaussian_noise,1,Grape___Esca_(Black_Measles),0.9734513274336284,0.9908256880733946,0.017374360639766162
linear_probe_s1,jpeg,1,"Pepper,_bell___healthy",0.9827586206896552,1.0,0.01724137931034475
linear_probe_s42,jpeg,1,"Pepper,_bell___healthy",0.9827586206896552,1.0,0.01724137931034475
finetune_s0,jpeg,1,"Pepper,_bell___healthy",0.9827586206896552,1.0,0.01724137931034475
linear_probe_s1,jpeg,1,Tomato___Late_blight,0.9,0.9171974522292994,0.01719745222929936
finetune_s42,jpeg,2,Corn_(maize)___Cercospora_leaf_spot_Gray_leaf_spot,0.9302325581395348,0.9473684210526316,0.017135862913096878
linear_probe_s42,low_light,1,Blueberry___healthy,0.9830508474576272,1.0,0.016949152542372836
linear_probe_s0,gaussian_noise,1,Blueberry___healthy,0.9830508474576272,1.0,0.016949152542372836
linear_probe_s0,motion_blur,1,Peach___Bacterial_spot,0.9565217391304348,0.9732620320855616,0.0167402929551268
finetune_s42,jpeg,2,Peach___Bacterial_spot,0.9834254143646408,1.0,0.016574585635359185
linear_probe_s42,jpeg,1,Peach___Bacterial_spot,0.9726775956284152,0.9891304347826086,0.016452839154193488
linear_probe_s0,low_light,1,Peach___Bacterial_spot,0.956989247311828,0.9732620320855616,0.016272784773733617
linear_probe_s1,motion_blur,1,Grape___Black_rot,0.9333333333333332,0.9494949494949496,0.016161616161616377
finetune_s0,motion_blur,1,Tomato___Tomato_Yellow_Leaf_Curl_Virus,0.9839080459770116,1.0,0.016091954022988353
finetune_s1,motion_blur,2,Orange___Haunglongbing_(Citrus_greening),0.984126984126984,1.0,0.01587301587301604
linear_probe_s0,low_light,2,Orange___Haunglongbing_(Citrus_greening),0.9819004524886876,0.9977324263038548,0.01583197381516721
linear_probe_s0,gaussian_noise,2,Cherry_(including_sour)___healthy,0.9696969696969696,0.9855072463768116,0.015810276679842028
linear_probe_s42,jpeg,1,Tomato___Leaf_Mold,0.8985507246376812,0.9142857142857144,0.015734989648033215
finetune_s0,motion_blur,1,Tomato___Spider_mites_Two-spotted_spider_mite,0.9848484848484848,1.0,0.015151515151515249
finetune_s1,motion_blur,1,Tomato___Spider_mites_Two-spotted_spider_mite,0.9848484848484848,1.0,0.015151515151515249
finetune_s0,gaussian_noise,1,Cherry_(including_sour)___healthy,0.9850746268656716,1.0,0.014925373134328401
linear_probe_s42,gaussian_noise,1,Cherry_(including_sour)___healthy,0.9850746268656716,1.0,0.014925373134328401
finetune_s0,jpeg,2,Cherry_(including_sour)___healthy,0.9850746268656716,1.0,0.014925373134328401
finetune_s1,low_light,1,Tomato___Spider_mites_Two-spotted_spider_mite,0.9850746268656716,1.0,0.014925373134328401
finetune_s42,motion_blur,2,Cherry_(including_sour)___healthy,0.9850746268656716,1.0,0.014925373134328401
linear_probe_s1,gaussian_noise,1,Soybean___healthy,0.9828009828009828,0.9975429975429976,0.014742014742014753
finetune_s42,motion_blur,1,Tomato___Spider_mites_Two-spotted_spider_mite,0.9852941176470588,1.0,0.014705882352941235
linear_probe_s42,gaussian_noise,1,Soybean___healthy,0.982885085574572,0.9975429975429976,0.014657911968425585
linear_probe_s42,low_light,1,Soybean___healthy,0.9829683698296836,0.9975429975429976,0.01457462771331397
linear_probe_s1,motion_blur,1,Cherry_(including_sour)___healthy,0.9714285714285714,0.9855072463768116,0.014078674948240222
linear_probe_s42,motion_blur,1,Potato___healthy,0.9090909090909092,0.9230769230769232,0.013986013986014068
linear_probe_s42,jpeg,1,Potato___healthy,0.9090909090909092,0.9230769230769232,0.013986013986014068
linear_probe_s42,motion_blur,1,Squash___Powdery_mildew,0.9861111111111112,1.0,0.01388888888888884
finetune_s0,jpeg,2,Squash___Powdery_mildew,0.9861111111111112,1.0,0.01388888888888884
finetune_s1,jpeg,2,Squash___Powdery_mildew,0.9861111111111112,1.0,0.01388888888888884
finetune_s42,motion_blur,1,Tomato___Tomato_Yellow_Leaf_Curl_Virus,0.9861751152073732,1.0,0.01382488479262678
linear_probe_s1,jpeg,1,Tomato___Tomato_Yellow_Leaf_Curl_Virus,0.979214780600462,0.993006993006993,0.013792212406531057
finetune_s0,motion_blur,2,Orange___Haunglongbing_(Citrus_greening),0.9864864864864864,1.0,0.013513513513513598
finetune_s0,gaussian_noise,1,Squash___Powdery_mildew,0.9864864864864864,1.0,0.013513513513513598
linear_probe_s0,gaussian_noise,1,Squash___Powdery_mildew,0.9864864864864864,1.0,0.013513513513513598
linear_probe_s42,low_light,1,Squash___Powdery_mildew,0.9864864864864864,1.0,0.013513513513513598
linear_probe_s42,gaussian_noise,1,Squash___Powdery_mildew,0.9864864864864864,1.0,0.013513513513513598
linear_probe_s0,low_light,1,Orange___Haunglongbing_(Citrus_greening),0.9843400447427292,0.9977324263038548,0.013392381561125655
finetune_s42,jpeg,1,Tomato___Leaf_Mold,0.9866666666666668,1.0,0.013333333333333197
linear_probe_s0,gaussian_noise,1,Corn_(maize)___Northern_Leaf_Blight,0.9367088607594936,0.95,0.0132911392405064
finetune_s1,jpeg,2,Corn_(maize)___Northern_Leaf_Blight,0.9743589743589745,0.9873417721518988,0.012982797792924328
finetune_s0,jpeg,2,"Pepper,_bell___Bacterial_spot",0.9873417721518988,1.0,0.012658227848101222
finetune_s0,motion_blur,1,Potato___Early_blight,0.9873417721518988,1.0,0.012658227848101222
linear_probe_s0,gaussian_noise,1,Potato___Early_blight,0.9873417721518988,1.0,0.012658227848101222
finetune_s1,gaussian_noise,1,Potato___Early_blight,0.9873417721518988,1.0,0.012658227848101222
finetune_s1,motion_blur,1,Potato___Early_blight,0.9873417721518988,1.0,0.012658227848101222
finetune_s1,jpeg,2,"Pepper,_bell___Bacterial_spot",0.9873417721518988,1.0,0.012658227848101222
linear_probe_s0,low_light,1,Potato___Early_blight,0.9873417721518988,1.0,0.012658227848101222
linear_probe_s1,gaussian_noise,1,Potato___Early_blight,0.9873417721518988,1.0,0.012658227848101222
linear_probe_s1,low_light,1,Potato___Early_blight,0.9873417721518988,1.0,0.012658227848101222
finetune_s42,gaussian_noise,1,Potato___Early_blight,0.9873417721518988,1.0,0.012658227848101222
finetune_s42,jpeg,1,Tomato___Early_blight,0.9876543209876544,1.0,0.012345679012345623
finetune_s1,jpeg,1,Potato___Late_blight,0.9876543209876544,1.0,0.012345679012345623
finetune_s42,motion_blur,1,"Pepper,_bell___Bacterial_spot",0.9876543209876544,1.0,0.012345679012345623
finetune_s0,low_light,1,"Pepper,_bell___Bacterial_spot",0.9876543209876544,1.0,0.012345679012345623
finetune_s0,gaussian_noise,1,"Pepper,_bell___Bacterial_spot",0.9876543209876544,1.0,0.012345679012345623
finetune_s42,jpeg,1,Potato___Late_blight,0.9876543209876544,1.0,0.012345679012345623
finetune_s0,jpeg,2,Potato___Early_blight,0.9876543209876544,1.0,0.012345679012345623
finetune_s42,low_light,1,Potato___Late_blight,0.9876543209876544,1.0,0.012345679012345623
linear_probe_s42,jpeg,1,Corn_(maize)___Northern_Leaf_Blight,0.9487179487179488,0.961038961038961,0.012321012321012237
finetune_s0,motion_blur,1,Soybean___healthy,0.9878934624697336,1.0,0.01210653753026636
linear_probe_s0,jpeg,1,Cherry_(including_sour)___Powdery_mildew,0.9879518072289156,1.0,0.012048192771084376
finetune_s42,gaussian_noise,1,Cherry_(including_sour)___Powdery_mildew,0.9879518072289156,1.0,0.012048192771084376
linear_probe_s1,jpeg,1,Cherry_(including_sour)___Powdery_mildew,0.9879518072289156,1.0,0.012048192771084376
linear_probe_s0,gaussian_noise,1,Cherry_(including_sour)___Powdery_mildew,0.9879518072289156,1.0,0.012048192771084376
linear_probe_s1,motion_blur,1,Corn_(maize)___Northern_Leaf_Blight,0.9230769230769232,0.935064935064935,0.011988011988011804
finetune_s42,low_light,1,Tomato___Tomato_Yellow_Leaf_Curl_Virus,0.9881796690307328,1.0,0.011820330969267157
finetune_s1,low_light,1,Cherry_(including_sour)___Powdery_mildew,0.9882352941176472,1.0,0.011764705882352788
finetune_s1,gaussian_noise,1,Cherry_(including_sour)___Powdery_mildew,0.9882352941176472,1.0,0.011764705882352788
finetune_s1,motion_blur,1,Grape___Leaf_blight_(Isariopsis_Leaf_Spot),0.9882352941176472,1.0,0.011764705882352788
finetune_s42,motion_blur,1,Cherry_(including_sour)___Powdery_mildew,0.9882352941176472,1.0,0.011764705882352788
finetune_s1,jpeg,2,Grape___Leaf_blight_(Isariopsis_Leaf_Spot),0.9882352941176472,1.0,0.011764705882352788
finetune_s0,motion_blur,1,Cherry_(including_sour)___Powdery_mildew,0.9882352941176472,1.0,0.011764705882352788
finetune_s0,jpeg,2,Cherry_(including_sour)___Powdery_mildew,0.9882352941176472,1.0,0.011764705882352788
linear_probe_s0,low_light,1,Corn_(maize)___Northern_Leaf_Blight,0.9382716049382716,0.95,0.011728395061728403
linear_probe_s0,low_light,2,Peach___Bacterial_spot,0.9617486338797814,0.9732620320855616,0.011513398205780234
linear_probe_s1,gaussian_noise,1,Grape___Leaf_blight_(Isariopsis_Leaf_Spot),0.9885057471264368,1.0,0.011494252873563204
finetune_s42,jpeg,2,Grape___Leaf_blight_(Isariopsis_Leaf_Spot),0.9885057471264368,1.0,0.011494252873563204
finetune_s0,jpeg,2,Grape___Leaf_blight_(Isariopsis_Leaf_Spot),0.9885057471264368,1.0,0.011494252873563204
linear_probe_s0,gaussian_noise,1,Strawberry___Leaf_scorch,0.9885057471264368,1.0,0.011494252873563204
linear_probe_s42,low_light,1,Strawberry___Leaf_scorch,0.9885057471264368,1.0,0.011494252873563204
linear_probe_s42,jpeg,1,Grape___Leaf_blight_(Isariopsis_Leaf_Spot),0.9885057471264368,1.0,0.011494252873563204
finetune_s1,low_light,1,Grape___Leaf_blight_(Isariopsis_Leaf_Spot),0.9885057471264368,1.0,0.011494252873563204
linear_probe_s1,gaussian_noise,1,Strawberry___Leaf_scorch,0.9885057471264368,1.0,0.011494252873563204
linear_probe_s0,low_light,1,Strawberry___Leaf_scorch,0.9885057471264368,1.0,0.011494252873563204
linear_probe_s1,jpeg,2,Orange___Haunglongbing_(Citrus_greening),0.9886104783599088,1.0,0.011389521640091216
finetune_s1,low_light,1,Strawberry___Leaf_scorch,0.9887640449438202,1.0,0.011235955056179803
linear_probe_s1,motion_blur,1,Strawberry___Leaf_scorch,0.9887640449438202,1.0,0.011235955056179803
linear_probe_s42,motion_blur,1,Corn_(maize)___Northern_Leaf_Blight,0.95,0.961038961038961,0.01103896103896107
linear_probe_s1,gaussian_noise,2,Corn_(maize)___healthy,0.989010989010989,1.0,0.01098901098901095
finetune_s42,jpeg,3,Corn_(maize)___healthy,0.989010989010989,1.0,0.01098901098901095
linear_probe_s0,gaussian_noise,2,Corn_(maize)___healthy,0.989010989010989,1.0,0.01098901098901095
linear_probe_s1,low_light,2,Corn_(maize)___healthy,0.989010989010989,1.0,0.01098901098901095
finetune_s1,jpeg,2,Peach___Bacterial_spot,0.989010989010989,1.0,0.01098901098901095
linear_probe_s0,motion_blur,3,Corn_(maize)___Common_rust_,0.9787234042553192,0.9896907216494846,0.010967317394165343
linear_probe_s42,gaussian_noise,2,Corn_(maize)___healthy,0.989247311827957,1.0,0.010752688172043001
finetune_s42,low_light,1,Peach___Bacterial_spot,0.989247311827957,1.0,0.010752688172043001
finetune_s42,gaussian_noise,1,Grape___Black_rot,0.989247311827957,1.0,0.010752688172043001
finetune_s1,jpeg,2,Corn_(maize)___healthy,0.989247311827957,1.0,0.010752688172043001
finetune_s42,jpeg,2,Grape___Black_rot,0.989247311827957,1.0,0.010752688172043001
finetune_s0,jpeg,3,Corn_(maize)___healthy,0.989247311827957,1.0,0.010752688172043001
finetune_s0,jpeg,2,Corn_(maize)___Common_rust_,0.9894736842105264,1.0,0.010526315789473606
finetune_s42,jpeg,2,Corn_(maize)___Common_rust_,0.9894736842105264,1.0,0.010526315789473606
finetune_s0,motion_blur,1,Grape___Black_rot,0.9894736842105264,1.0,0.010526315789473606
finetune_s1,jpeg,2,Corn_(maize)___Common_rust_,0.9894736842105264,1.0,0.010526315789473606
finetune_s42,motion_blur,2,Corn_(maize)___Common_rust_,0.9894736842105264,1.0,0.010526315789473606
finetune_s0,motion_blur,1,Corn_(maize)___Common_rust_,0.9894736842105264,1.0,0.010526315789473606
finetune_s0,low_light,1,Corn_(maize)___Common_rust_,0.9896907216494846,1.0,0.010309278350515427
finetune_s0,gaussian_noise,1,Corn_(maize)___Common_rust_,0.9896907216494846,1.0,0.010309278350515427
finetune_s42,gaussian_noise,1,Corn_(maize)___Common_rust_,0.9896907216494846,1.0,0.010309278350515427
linear_probe_s42,low_light,2,Corn_(maize)___Common_rust_,0.979591836734694,0.9896907216494846,0.010098884914790607
linear_probe_s42,gaussian_noise,2,Corn_(maize)___Common_rust_,0.979591836734694,0.9896907216494846,0.010098884914790607
linear_probe_s42,gaussian_noise,1,Corn_(maize)___Common_rust_,0.979591836734694,0.9896907216494846,0.010098884914790607
linear_probe_s0,gaussian_noise,1,Corn_(maize)___Common_rust_,0.979591836734694,0.9896907216494846,0.010098884914790607
finetune_s0,jpeg,1,Soybean___healthy,0.9902912621359224,1.0,0.009708737864077555
finetune_s42,gaussian_noise,1,Tomato___Tomato_Yellow_Leaf_Curl_Virus,0.9905660377358492,1.0,0.00943396226415083
finetune_s1,low_light,1,Tomato___Tomato_Yellow_Leaf_Curl_Virus,0.9882352941176472,0.9976689976689976,0.009433703551350425
finetune_s42,jpeg,2,Grape___Esca_(Black_Measles),0.9908256880733946,1.0,0.00917431192660545
finetune_s1,low_light,1,Orange___Haunglongbing_(Citrus_greening),0.9908256880733946,1.0,0.00917431192660545
finetune_s0,motion_blur,1,Grape___Esca_(Black_Measles),0.9908256880733946,1.0,0.00917431192660545
finetune_s1,jpeg,2,Orange___Haunglongbing_(Citrus_greening),0.9908256880733946,1.0,0.00917431192660545
finetune_s0,jpeg,2,Grape___Esca_(Black_Measles),0.9908256880733946,1.0,0.00917431192660545
linear_probe_s42,low_light,1,Orange___Haunglongbing_(Citrus_greening),0.990950226244344,1.0,0.009049773755655965
linear_probe_s1,low_light,1,Orange___Haunglongbing_(Citrus_greening),0.990950226244344,1.0,0.009049773755655965
finetune_s0,gaussian_noise,1,Grape___Esca_(Black_Measles),0.990990990990991,1.0,0.009009009009009028
linear_probe_s0,jpeg,1,Grape___Esca_(Black_Measles),0.9818181818181818,0.9908256880733946,0.009007506255212738
finetune_s42,motion_blur,1,"Pepper,_bell___healthy",0.9914529914529916,1.0,0.008547008547008406
finetune_s42,jpeg,1,"Pepper,_bell___healthy",0.9914529914529916,1.0,0.008547008547008406
finetune_s42,jpeg,1,Blueberry___healthy,0.9915966386554622,1.0,0.008403361344537785
linear_probe_s1,low_light,1,Blueberry___healthy,0.9915966386554622,1.0,0.008403361344537785
linear_probe_s0,low_light,1,Blueberry___healthy,0.9915966386554622,1.0,0.008403361344537785
linear_probe_s1,jpeg,1,Blueberry___healthy,0.9915966386554622,1.0,0.008403361344537785
linear_probe_s42,jpeg,1,Blueberry___healthy,0.9915966386554622,1.0,0.008403361344537785
linear_probe_s42,low_light,1,Tomato___healthy,0.976,0.984375,0.008375000000000021
linear_probe_s42,gaussian_noise,1,Grape___Esca_(Black_Measles),0.9636363636363636,0.97196261682243,0.00832625318606639
finetune_s0,low_light,1,Blueberry___healthy,0.9917355371900828,1.0,0.008264462809917217
finetune_s42,motion_blur,1,Tomato___healthy,0.9921259842519684,1.0,0.007874015748031593
finetune_s1,jpeg,2,Tomato___healthy,0.9921259842519684,1.0,0.007874015748031593
finetune_s0,motion_blur,1,Apple___healthy,0.9923664122137404,1.0,0.007633587786259555
linear_probe_s1,low_light,1,Soybean___healthy,0.9901477832512317,0.9975429975429976,0.007395214291765928
linear_probe_s0,low_light,1,Soybean___healthy,0.9901960784313726,0.9975429975429976,0.007346919111624994
linear_probe_s0,jpeg,1,Soybean___healthy,0.9902912621359224,0.9975429975429976,0.007251735407075133
linear_probe_s42,motion_blur,1,Grape___Esca_(Black_Measles),0.9649122807017544,0.97196261682243,0.0070503361206756265
finetune_s42,jpeg,2,Tomato___Tomato_Yellow_Leaf_Curl_Virus,0.993006993006993,1.0,0.006993006993006978
finetune_s0,jpeg,2,Tomato___Tomato_Yellow_Leaf_Curl_Virus,0.993006993006993,1.0,0.006993006993006978
linear_probe_s0,jpeg,2,Orange___Haunglongbing_(Citrus_greening),0.9908256880733946,0.9977324263038548,0.006906738230460285
linear_probe_s1,jpeg,1,Squash___Powdery_mildew,0.993103448275862,1.0,0.006896551724137945
finetune_s42,jpeg,1,Squash___Powdery_mildew,0.993103448275862,1.0,0.006896551724137945
finetune_s0,motion_blur,1,Squash___Powdery_mildew,0.993103448275862,1.0,0.006896551724137945
finetune_s42,motion_blur,1,Squash___Powdery_mildew,0.993103448275862,1.0,0.006896551724137945
linear_probe_s0,jpeg,1,Squash___Powdery_mildew,0.993103448275862,1.0,0.006896551724137945
finetune_s42,jpeg,2,Squash___Powdery_mildew,0.993103448275862,1.0,0.006896551724137945
linear_probe_s42,jpeg,1,Squash___Powdery_mildew,0.993103448275862,1.0,0.006896551724137945
linear_probe_s0,jpeg,1,Tomato___Tomato_Yellow_Leaf_Curl_Virus,0.9814814814814816,0.9883449883449884,0.006863506863506785
linear_probe_s42,jpeg,2,Orange___Haunglongbing_(Citrus_greening),0.9931662870159452,1.0,0.006833712984054774
linear_probe_s42,jpeg,1,Tomato___Tomato_Yellow_Leaf_Curl_Virus,0.9815668202764976,0.988399071925754,0.006832251649256493
linear_probe_s1,gaussian_noise,1,Orange___Haunglongbing_(Citrus_greening),0.9931972789115646,1.0,0.006802721088435382
linear_probe_s0,low_light,1,Squash___Powdery_mildew,0.9931972789115646,1.0,0.006802721088435382
finetune_s0,low_light,1,Squash___Powdery_mildew,0.9931972789115646,1.0,0.006802721088435382
linear_probe_s42,gaussian_noise,1,Orange___Haunglongbing_(Citrus_greening),0.9931972789115646,1.0,0.006802721088435382
linear_probe_s1,low_light,1,Squash___Powdery_mildew,0.9931972789115646,1.0,0.006802721088435382
finetune_s42,jpeg,1,Tomato___Late_blight,0.9866666666666668,0.9934640522875816,0.006797385620914809
linear_probe_s0,gaussian_noise,1,Orange___Haunglongbing_(Citrus_greening),0.990950226244344,0.9977324263038548,0.006782200059510801
finetune_s0,jpeg,1,Tomato___Late_blight,0.9933774834437086,1.0,0.0066225165562914245
linear_probe_s1,jpeg,2,Grape___Esca_(Black_Measles),0.9557522123893806,0.9622641509433962,0.006511938554015662
linear_probe_s1,gaussian_noise,1,Corn_(maize)___Cercospora_leaf_spot_Gray_leaf_spot,0.8444444444444444,0.85,0.005555555555555536
finetune_s0,motion_blur,1,Peach___Bacterial_spot,0.994535519125683,1.0,0.005464480874316946
finetune_s1,low_light,1,Peach___Bacterial_spot,0.9945945945945946,1.0,0.00540540540540535
finetune_s0,jpeg,2,Peach___Bacterial_spot,0.9945945945945946,1.0,0.00540540540540535
linear_probe_s0,jpeg,1,Peach___Bacterial_spot,0.9680851063829788,0.9732620320855616,0.005176925702582769
finetune_s42,jpeg,1,Soybean___healthy,0.9951219512195122,1.0,0.004878048780487809
linear_probe_s1,jpeg,1,Soybean___healthy,0.9926650366748166,0.9975429975429976,0.0048779608681809306
finetune_s0,jpeg,1,Tomato___Tomato_Yellow_Leaf_Curl_Virus,0.9953271028037384,1.0,0.004672897196261627
finetune_s0,low_light,1,Tomato___Tomato_Yellow_Leaf_Curl_Virus,0.9953271028037384,1.0,0.004672897196261627
finetune_s0,gaussian_noise,1,Orange___Haunglongbing_(Citrus_greening),0.9954545454545456,1.0,0.004545454545454408
finetune_s42,jpeg,2,Orange___Haunglongbing_(Citrus_greening),0.9954545454545456,1.0,0.004545454545454408
finetune_s42,gaussian_noise,1,Orange___Haunglongbing_(Citrus_greening),0.995475113122172,1.0,0.004524886877828038
linear_probe_s1,jpeg,1,Grape___Black_rot,0.945054945054945,0.9494949494949496,0.004440004440004586
linear_probe_s1,gaussian_noise,1,Grape___Black_rot,0.946236559139785,0.9494949494949496,0.00325839035516462
linear_probe_s42,jpeg,1,Grape___Black_rot,0.9565217391304348,0.9591836734693876,0.002661934338952787
finetune_s42,motion_blur,1,Soybean___healthy,0.9975550122249388,1.0,0.0024449877750611915
linear_probe_s42,jpeg,1,Soybean___healthy,0.9951219512195122,0.9975429975429976,0.0024210463234853874
finetune_s42,jpeg,1,Tomato___Tomato_Yellow_Leaf_Curl_Virus,0.9976689976689976,1.0,0.002331002331002363
finetune_s0,jpeg,2,Orange___Haunglongbing_(Citrus_greening),0.9977220956719818,1.0,0.002277904328018221
linear_probe_s1,motion_blur,1,Orange___Haunglongbing_(Citrus_greening),0.9977220956719818,1.0,0.002277904328018221
linear_probe_s42,motion_blur,1,Orange___Haunglongbing_(Citrus_greening),0.9977220956719818,1.0,0.002277904328018221
linear_probe_s1,jpeg,1,Orange___Haunglongbing_(Citrus_greening),0.9977220956719818,1.0,0.002277904328018221
linear_probe_s42,jpeg,1,Orange___Haunglongbing_(Citrus_greening),0.9977220956719818,1.0,0.002277904328018221
finetune_s42,low_light,1,Orange___Haunglongbing_(Citrus_greening),0.9977324263038548,1.0,0.0022675736961451642
linear_probe_s0,jpeg,1,Grape___Black_rot,0.967741935483871,0.9690721649484536,0.0013302294645826107
finetune_s42,jpeg,2,Corn_(maize)___Northern_Leaf_Blight,0.9743589743589745,0.975,0.0006410256410255277
linear_probe_s0,gaussian_noise,1,Peach___Bacterial_spot,0.9726775956284152,0.9732620320855616,0.0005844364571464533
linear_probe_s1,jpeg,1,Cherry_(including_sour)___healthy,0.9850746268656716,0.9855072463768116,0.00043261951114004216
linear_probe_s1,low_light,1,Cherry_(including_sour)___healthy,0.9850746268656716,0.9855072463768116,0.00043261951114004216
linear_probe_s42,jpeg,1,Corn_(maize)___Common_rust_,0.9894736842105264,0.9896907216494846,0.00021703743895817862
finetune_s1,jpeg,1,Tomato___Late_blight,0.9866666666666668,0.986842105263158,0.000175438596491162
linear_probe_s0,motion_blur,1,Orange___Haunglongbing_(Citrus_greening),0.9977220956719818,0.9977324263038548,1.0330631873056717e-05
linear_probe_s0,jpeg,1,Orange___Haunglongbing_(Citrus_greening),0.9977220956719818,0.9977324263038548,1.0330631873056717e-05
finetune_s1,motion_blur,1,Corn_(maize)___Cercospora_leaf_spot_Gray_leaf_spot,0.9743589743589745,0.9743589743589745,0.0
finetune_s1,motion_blur,1,Corn_(maize)___Common_rust_,1.0,1.0,0.0
finetune_s1,motion_blur,1,Corn_(maize)___Northern_Leaf_Blight,0.9873417721518988,0.9873417721518988,0.0
finetune_s1,motion_blur,1,Corn_(maize)___healthy,1.0,1.0,0.0
finetune_s1,motion_blur,1,Grape___Black_rot,1.0,1.0,0.0
finetune_s1,motion_blur,1,Grape___Esca_(Black_Measles),1.0,1.0,0.0
finetune_s1,motion_blur,1,Orange___Haunglongbing_(Citrus_greening),1.0,1.0,0.0
finetune_s42,jpeg,1,Apple___Cedar_apple_rust,1.0,1.0,0.0
finetune_s1,motion_blur,1,Apple___Black_rot,1.0,1.0,0.0
linear_probe_s1,jpeg,1,Apple___Black_rot,0.979591836734694,0.979591836734694,0.0
finetune_s42,jpeg,1,Orange___Haunglongbing_(Citrus_greening),1.0,1.0,0.0
finetune_s42,jpeg,1,Peach___Bacterial_spot,1.0,1.0,0.0
finetune_s42,jpeg,1,Peach___healthy,1.0,1.0,0.0
finetune_s42,jpeg,1,"Pepper,_bell___Bacterial_spot",1.0,1.0,0.0
finetune_s1,low_light,1,Corn_(maize)___healthy,1.0,1.0,0.0
finetune_s1,low_light,1,Grape___Esca_(Black_Measles),1.0,1.0,0.0
finetune_s42,jpeg,1,Apple___healthy,1.0,1.0,0.0
finetune_s1,low_light,1,"Pepper,_bell___healthy",1.0,1.0,0.0
finetune_s42,jpeg,1,Apple___Apple_scab,1.0,1.0,0.0
finetune_s42,jpeg,1,Apple___Black_rot,1.0,1.0,0.0
finetune_s1,motion_blur,1,Peach___Bacterial_spot,1.0,1.0,0.0
finetune_s1,motion_blur,1,Peach___healthy,1.0,1.0,0.0
finetune_s0,motion_blur,1,Tomato___Target_Spot,1.0,1.0,0.0
finetune_s0,motion_blur,1,Tomato___healthy,1.0,1.0,0.0
finetune_s1,motion_blur,1,Apple___Apple_scab,1.0,1.0,0.0
finetune_s1,low_light,1,"Pepper,_bell___Bacterial_spot",1.0,1.0,0.0
finetune_s1,motion_blur,1,Blueberry___healthy,1.0,1.0,0.0
finetune_s1,motion_blur,1,Cherry_(including_sour)___Powdery_mildew,1.0,1.0,0.0
finetune_s1,motion_blur,1,Cherry_(including_sour)___healthy,1.0,1.0,0.0
finetune_s0,jpeg,1,Grape___Black_rot,1.0,1.0,0.0
finetune_s0,jpeg,1,Grape___Esca_(Black_Measles),1.0,1.0,0.0
finetune_s0,jpeg,1,Grape___Leaf_blight_(Isariopsis_Leaf_Spot),1.0,1.0,0.0
finetune_s1,motion_blur,1,Tomato___Target_Spot,1.0,1.0,0.0
finetune_s1,motion_blur,1,Tomato___healthy,1.0,1.0,0.0
finetune_s42,jpeg,1,Grape___Esca_(Black_Measles),1.0,1.0,0.0
finetune_s1,motion_blur,1,"Pepper,_bell___healthy",1.0,1.0,0.0
finetune_s1,motion_blur,1,Potato___Late_blight,1.0,1.0,0.0
finetune_s1,motion_blur,1,Potato___healthy,1.0,1.0,0.0
finetune_s1,motion_blur,1,Soybean___healthy,1.0,1.0,0.0
finetune_s1,motion_blur,1,Squash___Powdery_mildew,1.0,1.0,0.0
finetune_s42,jpeg,1,Potato___Early_blight,1.0,1.0,0.0
finetune_s42,jpeg,1,Potato___healthy,1.0,1.0,0.0
finetune_s42,jpeg,1,Raspberry___healthy,1.0,1.0,0.0
finetune_s1,motion_blur,1,"Pepper,_bell___Bacterial_spot",1.0,1.0,0.0
finetune_s42,jpeg,1,Cherry_(including_sour)___Powdery_mildew,1.0,1.0,0.0
finetune_s42,jpeg,1,Cherry_(including_sour)___healthy,1.0,1.0,0.0
finetune_s42,jpeg,1,Corn_(maize)___Common_rust_,1.0,1.0,0.0
finetune_s42,jpeg,1,Corn_(maize)___healthy,1.0,1.0,0.0
finetune_s42,jpeg,1,Grape___Black_rot,1.0,1.0,0.0
linear_probe_s0,jpeg,1,Strawberry___healthy,1.0,1.0,0.0
finetune_s42,jpeg,1,Grape___Leaf_blight_(Isariopsis_Leaf_Spot),1.0,1.0,0.0
finetune_s42,jpeg,1,Strawberry___Leaf_scorch,1.0,1.0,0.0
finetune_s1,motion_blur,1,Apple___healthy,1.0,1.0,0.0
finetune_s42,jpeg,1,Tomato___Septoria_leaf_spot,1.0,1.0,0.0
finetune_s42,jpeg,1,Tomato___Spider_mites_Two-spotted_spider_mite,1.0,1.0,0.0
finetune_s42,jpeg,1,Tomato___Target_Spot,1.0,1.0,0.0
finetune_s1,motion_blur,1,Strawberry___healthy,1.0,1.0,0.0
finetune_s1,motion_blur,1,Tomato___Late_blight,0.986842105263158,0.986842105263158,0.0
finetune_s1,gaussian_noise,1,Corn_(maize)___healthy,1.0,1.0,0.0
finetune_s1,gaussian_noise,1,"Pepper,_bell___healthy",1.0,1.0,0.0
finetune_s1,gaussian_noise,1,Potato___healthy,1.0,1.0,0.0
finetune_s1,motion_blur,1,Apple___Cedar_apple_rust,1.0,1.0,0.0
finetune_s42,jpeg,1,Strawberry___healthy,1.0,1.0,0.0
linear_probe_s0,jpeg,1,Potato___Early_blight,1.0,1.0,0.0
linear_probe_s42,jpeg,1,Cherry_(including_sour)___healthy,1.0,1.0,0.0
linear_probe_s42,jpeg,1,Cherry_(including_sour)___Powdery_mildew,1.0,1.0,0.0
linear_probe_s0,gaussian_noise,2,Strawberry___Leaf_scorch,1.0,1.0,0.0
finetune_s42,motion_blur,1,Corn_(maize)___healthy,1.0,1.0,0.0
finetune_s42,motion_blur,1,Corn_(maize)___Common_rust_,1.0,1.0,0.0
finetune_s42,motion_blur,1,Cherry_(including_sour)___healthy,1.0,1.0,0.0
finetune_s42,motion_blur,1,Blueberry___healthy,1.0,1.0,0.0
linear_probe_s0,jpeg,1,Blueberry___healthy,1.0,1.0,0.0
linear_probe_s42,jpeg,1,Strawberry___Leaf_scorch,1.0,1.0,0.0
linear_probe_s42,jpeg,1,Raspberry___healthy,1.0,1.0,0.0
linear_probe_s42,jpeg,1,Potato___Early_blight,1.0,1.0,0.0
linear_probe_s0,gaussian_noise,1,Corn_(maize)___healthy,1.0,1.0,0.0
linear_probe_s0,motion_blur,1,Grape___healthy,0.9696969696969696,0.9696969696969696,0.0
linear_probe_s1,motion_blur,1,Grape___healthy,1.0,1.0,0.0
linear_probe_s1,jpeg,1,Strawberry___Leaf_scorch,1.0,1.0,0.0
linear_probe_s0,motion_blur,1,Squash___Powdery_mildew,1.0,1.0,0.0
linear_probe_s1,jpeg,2,Grape___healthy,1.0,1.0,0.0
linear_probe_s1,jpeg,2,Strawberry___Leaf_scorch,1.0,1.0,0.0
linear_probe_s1,jpeg,2,Strawberry___healthy,1.0,1.0,0.0
linear_probe_s0,low_light,1,Grape___healthy,0.9696969696969696,0.9696969696969696,0.0
finetune_s42,jpeg,2,Apple___Cedar_apple_rust,1.0,1.0,0.0
finetune_s42,jpeg,2,Cherry_(including_sour)___healthy,1.0,1.0,0.0
linear_probe_s1,low_light,2,Corn_(maize)___Common_rust_,1.0,1.0,0.0
linear_probe_s1,gaussian_noise,1,Potato___healthy,1.0,1.0,0.0
linear_probe_s1,low_light,1,Corn_(maize)___Common_rust_,1.0,1.0,0.0
linear_probe_s42,low_light,2,Corn_(maize)___healthy,1.0,1.0,0.0
finetune_s1,low_light,1,Potato___healthy,1.0,1.0,0.0
linear_probe_s0,low_light,2,Corn_(maize)___healthy,1.0,1.0,0.0
linear_probe_s0,gaussian_noise,1,Apple___Black_rot,0.979591836734694,0.979591836734694,0.0
linear_probe_s42,motion_blur,1,Strawberry___healthy,1.0,1.0,0.0
finetune_s1,low_light,2,Corn_(maize)___healthy,1.0,1.0,0.0
finetune_s42,jpeg,2,Corn_(maize)___healthy,1.0,1.0,0.0
finetune_s0,motion_blur,1,Potato___Late_blight,1.0,1.0,0.0
finetune_s0,motion_blur,1,"Pepper,_bell___Bacterial_spot",1.0,1.0,0.0
finetune_s0,motion_blur,1,Peach___healthy,1.0,1.0,0.0
finetune_s0,motion_blur,1,Orange___Haunglongbing_(Citrus_greening),1.0,1.0,0.0
finetune_s0,motion_blur,1,Grape___healthy,1.0,1.0,0.0
finetune_s0,motion_blur,1,Corn_(maize)___healthy,1.0,1.0,0.0
finetune_s1,low_light,1,Cherry_(including_sour)___healthy,1.0,1.0,0.0
linear_probe_s1,jpeg,1,Strawberry___healthy,1.0,1.0,0.0
finetune_s0,jpeg,1,Tomato___Bacterial_spot,1.0,1.0,0.0
linear_probe_s1,jpeg,1,Raspberry___healthy,1.0,1.0,0.0
linear_probe_s1,jpeg,1,Potato___Early_blight,1.0,1.0,0.0
linear_probe_s1,jpeg,1,Grape___healthy,1.0,1.0,0.0
linear_probe_s1,jpeg,1,Grape___Leaf_blight_(Isariopsis_Leaf_Spot),1.0,1.0,0.0
linear_probe_s0,jpeg,1,Grape___healthy,0.9696969696969696,0.9696969696969696,0.0
linear_probe_s0,jpeg,1,Grape___Leaf_blight_(Isariopsis_Leaf_Spot),1.0,1.0,0.0
linear_probe_s0,jpeg,1,Raspberry___healthy,1.0,1.0,0.0
linear_probe_s0,jpeg,1,Strawberry___Leaf_scorch,1.0,1.0,0.0
finetune_s42,motion_blur,1,Orange___Haunglongbing_(Citrus_greening),1.0,1.0,0.0
finetune_s42,motion_blur,1,Peach___Bacterial_spot,1.0,1.0,0.0
finetune_s42,motion_blur,1,Potato___Early_blight,1.0,1.0,0.0
finetune_s42,motion_blur,1,Potato___healthy,1.0,1.0,0.0
finetune_s42,motion_blur,1,Strawberry___Leaf_scorch,1.0,1.0,0.0
finetune_s42,motion_blur,1,Apple___Apple_scab,1.0,1.0,0.0
linear_probe_s0,jpeg,1,Corn_(maize)___healthy,1.0,1.0,0.0
finetune_s42,motion_blur,1,Apple___Cedar_apple_rust,1.0,1.0,0.0
linear_probe_s0,jpeg,1,Cherry_(including_sour)___healthy,0.9855072463768116,0.9855072463768116,0.0
linear_probe_s1,jpeg,1,Corn_(maize)___healthy,1.0,1.0,0.0
finetune_s0,motion_blur,1,Apple___Cedar_apple_rust,1.0,1.0,0.0
finetune_s0,motion_blur,1,Blueberry___healthy,1.0,1.0,0.0
finetune_s0,motion_blur,1,Cherry_(including_sour)___healthy,1.0,1.0,0.0
linear_probe_s0,gaussian_noise,1,Grape___healthy,0.9696969696969696,0.9696969696969696,0.0
linear_probe_s0,jpeg,1,Corn_(maize)___Northern_Leaf_Blight,0.95,0.95,0.0
finetune_s42,motion_blur,1,Apple___Black_rot,1.0,1.0,0.0
finetune_s42,low_light,1,Grape___Leaf_blight_(Isariopsis_Leaf_Spot),1.0,1.0,0.0
finetune_s42,low_light,1,Grape___healthy,1.0,1.0,0.0
finetune_s0,low_light,1,Apple___Black_rot,1.0,1.0,0.0
finetune_s0,low_light,1,Cherry_(including_sour)___Powdery_mildew,1.0,1.0,0.0
finetune_s0,low_light,1,Cherry_(including_sour)___healthy,1.0,1.0,0.0
finetune_s0,low_light,1,Corn_(maize)___healthy,1.0,1.0,0.0
finetune_s0,low_light,1,Grape___Black_rot,1.0,1.0,0.0
linear_probe_s1,motion_blur,2,Corn_(maize)___Common_rust_,1.0,1.0,0.0
finetune_s42,low_light,1,Potato___Early_blight,1.0,1.0,0.0
finetune_s42,jpeg,2,Raspberry___healthy,1.0,1.0,0.0
finetune_s42,jpeg,2,Strawberry___Leaf_scorch,1.0,1.0,0.0
finetune_s42,jpeg,2,Tomato___Tomato_mosaic_virus,1.0,1.0,0.0
linear_probe_s42,low_light,1,Potato___healthy,0.9230769230769232,0.9230769230769232,0.0
finetune_s0,low_light,1,Orange___Haunglongbing_(Citrus_greening),1.0,1.0,0.0
linear_probe_s1,low_light,1,Corn_(maize)___healthy,1.0,1.0,0.0
linear_probe_s1,low_light,1,Grape___healthy,1.0,1.0,0.0
linear_probe_s42,jpeg,2,Strawberry___Leaf_scorch,1.0,1.0,0.0
linear_probe_s42,low_light,1,Cherry_(including_sour)___healthy,1.0,1.0,0.0
linear_probe_s42,low_light,1,Corn_(maize)___healthy,1.0,1.0,0.0
finetune_s0,gaussian_noise,1,Corn_(maize)___healthy,1.0,1.0,0.0
finetune_s0,low_light,1,"Pepper,_bell___healthy",1.0,1.0,0.0
finetune_s0,low_light,1,Strawberry___Leaf_scorch,1.0,1.0,0.0
linear_probe_s42,jpeg,2,Corn_(maize)___healthy,1.0,1.0,0.0
linear_probe_s42,jpeg,2,Grape___healthy,1.0,1.0,0.0
finetune_s1,jpeg,1,Tomato___Tomato_mosaic_virus,1.0,1.0,0.0
finetune_s42,low_light,1,Grape___Esca_(Black_Measles),1.0,1.0,0.0
finetune_s0,low_light,1,Grape___Esca_(Black_Measles),1.0,1.0,0.0
finetune_s0,low_light,1,Grape___Leaf_blight_(Isariopsis_Leaf_Spot),1.0,1.0,0.0
linear_probe_s1,gaussian_noise,1,Corn_(maize)___Common_rust_,1.0,1.0,0.0
linear_probe_s1,gaussian_noise,1,Corn_(maize)___healthy,1.0,1.0,0.0
finetune_s0,jpeg,2,Corn_(maize)___healthy,1.0,1.0,0.0
finetune_s0,jpeg,2,Grape___healthy,1.0,1.0,0.0
finetune_s0,jpeg,2,Peach___healthy,1.0,1.0,0.0
finetune_s1,jpeg,1,Soybean___healthy,1.0,1.0,0.0
finetune_s1,jpeg,1,Tomato___healthy,1.0,1.0,0.0
linear_probe_s1,motion_blur,1,Strawberry___healthy,1.0,1.0,0.0
linear_probe_s1,motion_blur,1,Corn_(maize)___Common_rust_,1.0,1.0,0.0
linear_probe_s1,motion_blur,1,Corn_(maize)___healthy,1.0,1.0,0.0
linear_probe_s42,gaussian_noise,1,Corn_(maize)___healthy,1.0,1.0,0.0
linear_probe_s42,gaussian_noise,1,Grape___healthy,1.0,1.0,0.0
linear_probe_s0,low_light,2,Corn_(maize)___Common_rust_,0.9896907216494846,0.9896907216494846,0.0
linear_probe_s0,motion_blur,1,Corn_(maize)___healthy,1.0,1.0,0.0
linear_probe_s1,low_light,1,Potato___healthy,1.0,1.0,0.0
linear_probe_s1,gaussian_noise,2,Potato___healthy,1.0,1.0,0.0
linear_probe_s1,gaussian_noise,2,Corn_(maize)___Common_rust_,1.0,1.0,0.0
linear_probe_s0,motion_blur,1,Apple___Cedar_apple_rust,0.9523809523809524,0.9523809523809524,0.0
finetune_s1,gaussian_noise,2,Corn_(maize)___healthy,1.0,1.0,0.0
finetune_s1,jpeg,3,Potato___healthy,1.0,1.0,0.0
linear_probe_s42,motion_blur,1,Grape___healthy,1.0,1.0,0.0
linear_probe_s42,motion_blur,1,Corn_(maize)___healthy,1.0,1.0,0.0
linear_probe_s42,motion_blur,1,Apple___Cedar_apple_rust,1.0,1.0,0.0
linear_probe_s1,motion_blur,1,Apple___Cedar_apple_rust,1.0,1.0,0.0
linear_probe_s1,jpeg,2,Corn_(maize)___healthy,1.0,1.0,0.0
linear_probe_s1,low_light,1,Strawberry___Leaf_scorch,1.0,1.0,0.0
linear_probe_s0,jpeg,2,Strawberry___Leaf_scorch,1.0,1.0,0.0
linear_probe_s1,gaussian_noise,1,Grape___healthy,1.0,1.0,0.0
linear_probe_s0,low_light,1,Corn_(maize)___Cercospora_leaf_spot_Gray_leaf_spot,0.8648648648648649,0.8648648648648649,0.0
linear_probe_s0,low_light,1,Corn_(maize)___healthy,1.0,1.0,0.0
linear_probe_s0,jpeg,2,Corn_(maize)___healthy,1.0,1.0,0.0
linear_probe_s0,jpeg,2,Grape___healthy,0.9696969696969696,0.9696969696969696,0.0
linear_probe_s1,motion_blur,1,Squash___Powdery_mildew,1.0,1.0,0.0
finetune_s42,low_light,1,Corn_(maize)___healthy,1.0,1.0,0.0
finetune_s42,low_light,1,Grape___Black_rot,1.0,1.0,0.0
linear_probe_s42,jpeg,1,Corn_(maize)___healthy,1.0,1.0,0.0
linear_probe_s42,jpeg,1,Grape___healthy,1.0,1.0,0.0
finetune_s42,motion_blur,1,Grape___Black_rot,1.0,1.0,0.0
finetune_s42,motion_blur,1,Grape___Esca_(Black_Measles),1.0,1.0,0.0
finetune_s42,motion_blur,1,Grape___Leaf_blight_(Isariopsis_Leaf_Spot),1.0,1.0,0.0
linear_probe_s1,motion_blur,1,Raspberry___healthy,1.0,1.0,0.0
finetune_s42,low_light,1,Cherry_(including_sour)___Powdery_mildew,1.0,1.0,0.0
finetune_s0,jpeg,1,Grape___healthy,1.0,1.0,0.0
finetune_s0,jpeg,1,Orange___Haunglongbing_(Citrus_greening),1.0,1.0,0.0
finetune_s0,jpeg,1,Peach___Bacterial_spot,1.0,1.0,0.0
finetune_s0,jpeg,1,Peach___healthy,1.0,1.0,0.0
finetune_s0,jpeg,1,"Pepper,_bell___Bacterial_spot",1.0,1.0,0.0
finetune_s0,jpeg,1,Potato___Early_blight,1.0,1.0,0.0
finetune_s0,jpeg,1,Potato___Late_blight,1.0,1.0,0.0
finetune_s0,jpeg,2,Strawberry___Leaf_scorch,1.0,1.0,0.0
finetune_s0,jpeg,1,Squash___Powdery_mildew,1.0,1.0,0.0
finetune_s0,jpeg,1,Strawberry___Leaf_scorch,1.0,1.0,0.0
finetune_s1,jpeg,1,Potato___healthy,1.0,1.0,0.0
finetune_s1,jpeg,1,Raspberry___healthy,1.0,1.0,0.0
finetune_s1,jpeg,2,Grape___Esca_(Black_Measles),1.0,1.0,0.0
finetune_s1,jpeg,2,Peach___healthy,1.0,1.0,0.0
finetune_s1,jpeg,2,Strawberry___Leaf_scorch,1.0,1.0,0.0
finetune_s0,jpeg,1,Tomato___Leaf_Mold,1.0,1.0,0.0
finetune_s0,jpeg,1,Potato___healthy,1.0,1.0,0.0
finetune_s0,jpeg,1,Tomato___Early_blight,1.0,1.0,0.0
finetune_s0,motion_blur,2,Apple___Cedar_apple_rust,1.0,1.0,0.0
linear_probe_s42,jpeg,3,Peach___healthy,0.9629629629629628,0.9629629629629628,0.0
finetune_s42,jpeg,1,Tomato___Tomato_mosaic_virus,1.0,1.0,0.0
finetune_s42,jpeg,1,Tomato___healthy,1.0,1.0,0.0
finetune_s0,jpeg,1,Apple___Apple_scab,1.0,1.0,0.0
finetune_s0,jpeg,1,Apple___Black_rot,1.0,1.0,0.0
finetune_s0,jpeg,1,Apple___Cedar_apple_rust,1.0,1.0,0.0
finetune_s0,gaussian_noise,1,Cherry_(including_sour)___Powdery_mildew,1.0,1.0,0.0
finetune_s0,jpeg,1,Cherry_(including_sour)___Powdery_mildew,1.0,1.0,0.0
finetune_s0,jpeg,1,Cherry_(including_sour)___healthy,1.0,1.0,0.0
finetune_s0,jpeg,1,Corn_(maize)___Common_rust_,1.0,1.0,0.0
finetune_s0,jpeg,1,Corn_(maize)___healthy,1.0,1.0,0.0
finetune_s1,jpeg,1,Corn_(maize)___Cercospora_leaf_spot_Gray_leaf_spot,0.9743589743589745,0.9743589743589745,0.0
finetune_s1,jpeg,2,Tomato___Spider_mites_Two-spotted_spider_mite,1.0,1.0,0.0
finetune_s1,jpeg,2,Tomato___Tomato_mosaic_virus,1.0,1.0,0.0
finetune_s0,gaussian_noise,1,"Pepper,_bell___healthy",1.0,1.0,0.0
finetune_s0,jpeg,1,Blueberry___healthy,1.0,1.0,0.0
finetune_s1,jpeg,1,Grape___healthy,1.0,1.0,0.0
finetune_s1,jpeg,1,Orange___Haunglongbing_(Citrus_greening),1.0,1.0,0.0
finetune_s1,jpeg,1,Peach___Bacterial_spot,1.0,1.0,0.0
finetune_s1,jpeg,1,Peach___healthy,1.0,1.0,0.0
finetune_s1,jpeg,1,"Pepper,_bell___Bacterial_spot",1.0,1.0,0.0
finetune_s1,jpeg,1,"Pepper,_bell___healthy",1.0,1.0,0.0
finetune_s1,jpeg,1,Potato___Early_blight,1.0,1.0,0.0
finetune_s1,jpeg,1,Squash___Powdery_mildew,1.0,1.0,0.0
finetune_s0,jpeg,1,Tomato___Septoria_leaf_spot,1.0,1.0,0.0
finetune_s1,jpeg,1,Strawberry___healthy,1.0,1.0,0.0
finetune_s1,jpeg,1,Tomato___Early_blight,1.0,1.0,0.0
finetune_s1,low_light,1,Apple___Black_rot,1.0,1.0,0.0
finetune_s1,jpeg,1,Tomato___Leaf_Mold,1.0,1.0,0.0
finetune_s1,jpeg,1,Tomato___Septoria_leaf_spot,1.0,1.0,0.0
finetune_s1,jpeg,1,Tomato___Spider_mites_Two-spotted_spider_mite,1.0,1.0,0.0
finetune_s1,jpeg,1,Tomato___Target_Spot,1.0,1.0,0.0
finetune_s1,jpeg,1,Tomato___Tomato_Yellow_Leaf_Curl_Virus,0.9976689976689976,0.9976689976689976,0.0
finetune_s1,jpeg,1,Strawberry___Leaf_scorch,1.0,1.0,0.0
finetune_s0,jpeg,1,Tomato___Tomato_mosaic_virus,1.0,1.0,0.0
finetune_s0,jpeg,1,Tomato___healthy,1.0,1.0,0.0
finetune_s1,jpeg,1,Apple___Apple_scab,1.0,1.0,0.0
finetune_s1,jpeg,1,Apple___Black_rot,1.0,1.0,0.0
finetune_s1,jpeg,1,Apple___Cedar_apple_rust,1.0,1.0,0.0
finetune_s1,jpeg,1,Apple___healthy,1.0,1.0,0.0
finetune_s1,jpeg,1,Blueberry___healthy,1.0,1.0,0.0
finetune_s1,jpeg,1,Cherry_(including_sour)___Powdery_mildew,1.0,1.0,0.0
finetune_s1,jpeg,1,Grape___Leaf_blight_(Isariopsis_Leaf_Spot),1.0,1.0,0.0
finetune_s42,gaussian_noise,1,Corn_(maize)___healthy,1.0,1.0,0.0
finetune_s42,gaussian_noise,1,Grape___Esca_(Black_Measles),1.0,1.0,0.0
finetune_s42,gaussian_noise,1,Grape___Leaf_blight_(Isariopsis_Leaf_Spot),1.0,1.0,0.0
finetune_s1,jpeg,1,Corn_(maize)___Common_rust_,1.0,1.0,0.0
finetune_s1,jpeg,1,Corn_(maize)___Northern_Leaf_Blight,0.9873417721518988,0.9873417721518988,0.0
finetune_s1,jpeg,1,Corn_(maize)___healthy,1.0,1.0,0.0
finetune_s1,jpeg,1,Grape___Black_rot,1.0,1.0,0.0
finetune_s1,jpeg,1,Grape___Esca_(Black_Measles),1.0,1.0,0.0
finetune_s1,jpeg,1,Cherry_(including_sour)___healthy,1.0,1.0,0.0
linear_probe_s1,motion_blur,1,Grape___Esca_(Black_Measles),0.9629629629629628,0.9622641509433962,-0.0006988120195665637
finetune_s1,jpeg,1,Tomato___Bacterial_spot,1.0,0.9940828402366864,-0.00591715976331364
finetune_s42,jpeg,1,Tomato___Bacterial_spot,1.0,0.9940828402366864,-0.00591715976331364
linear_probe_s0,gaussian_noise,1,Corn_(maize)___Cercospora_leaf_spot_Gray_leaf_spot,0.8717948717948718,0.8648648648648649,-0.006930006930006893
linear_probe_s1,jpeg,1,Corn_(maize)___Cercospora_leaf_spot_Gray_leaf_spot,0.8571428571428571,0.85,-0.0071428571428571175
linear_probe_s42,jpeg,1,Grape___Esca_(Black_Measles),0.9818181818181818,0.97196261682243,-0.009855564995751798
linear_probe_s1,gaussian_noise,1,Grape___Esca_(Black_Measles),0.9724770642201837,0.9622641509433962,-0.010212913276787416
linear_probe_s0,motion_blur,2,Corn_(maize)___Common_rust_,1.0,0.9896907216494846,-0.010309278350515427
linear_probe_s42,motion_blur,1,Corn_(maize)___Common_rust_,1.0,0.9896907216494846,-0.010309278350515427
linear_probe_s42,motion_blur,2,Corn_(maize)___Common_rust_,1.0,0.9896907216494846,-0.010309278350515427
linear_probe_s0,motion_blur,1,Corn_(maize)___Common_rust_,1.0,0.9896907216494846,-0.010309278350515427
linear_probe_s0,jpeg,1,Corn_(maize)___Common_rust_,1.0,0.9896907216494846,-0.010309278350515427
linear_probe_s1,low_light,1,Corn_(maize)___Northern_Leaf_Blight,0.9473684210526316,0.935064935064935,-0.012303485987696594
linear_probe_s1,jpeg,1,Corn_(maize)___Northern_Leaf_Blight,0.9487179487179488,0.935064935064935,-0.013653013653013746
linear_probe_s42,gaussian_noise,1,Corn_(maize)___Northern_Leaf_Blight,0.975,0.961038961038961,-0.013961038961038952
linear_probe_s0,low_light,1,Cherry_(including_sour)___healthy,1.0,0.9855072463768116,-0.01449275362318836
linear_probe_s0,gaussian_noise,1,Cherry_(including_sour)___healthy,1.0,0.9855072463768116,-0.01449275362318836
linear_probe_s42,gaussian_noise,1,Corn_(maize)___Cercospora_leaf_spot_Gray_leaf_spot,0.918918918918919,0.9,-0.018918918918918948
linear_probe_s1,jpeg,1,Grape___Esca_(Black_Measles),0.9818181818181818,0.9622641509433962,-0.019554030874785577
finetune_s0,gaussian_noise,1,Corn_(maize)___Cercospora_leaf_spot_Gray_leaf_spot,0.975609756097561,0.95,-0.025609756097561
linear_probe_s0,jpeg,1,Corn_(maize)___Cercospora_leaf_spot_Gray_leaf_spot,0.8947368421052632,0.8648648648648649,-0.02987197724039825
linear_probe_s1,low_light,1,Corn_(maize)___Cercospora_leaf_spot_Gray_leaf_spot,0.9047619047619048,0.85,-0.05476190476190479
linear_probe_s42,low_light,2,Potato___healthy,1.0,0.9230769230769232,-0.07692307692307676
linear_probe_s42,gaussian_noise,1,Potato___healthy,1.0,0.9230769230769232,-0.07692307692307676
linear_probe_s42,gaussian_noise,2,Potato___healthy,1.0,0.9230769230769232,-0.07692307692307676
