path,true_class,predicted_class,confidence,correct
/clearml_agent_cache/storage_manager/datasets/ds_687ee9f1c8dd4af98240e55e4b18258a/test/Apple___Apple_scab/06cf74b6-d895-4a09-b3b1-bc63579f8c33___FREC_Scab_3128.JPG,Apple___Apple_scab,Apple___Apple_scab,0.99979,True
/clearml_agent_cache/storage_manager/datasets/ds_687ee9f1c8dd4af98240e55e4b18258a/test/Apple___Apple_scab/073b509f-c1ea-4e61-881b-2e874c5f4199___FREC_Scab_3286.JPG,Apple___Apple_scab,Apple___Apple_scab,0.9999888,True
/clearml_agent_cache/storage_manager/datasets/ds_687ee9f1c8dd4af98240e55e4b18258a/test/Apple___Apple_scab/0812e1e4-6d1b-4264-8f23-6519354fc5a6___FREC_Scab_3293.JPG,Apple___Apple_scab,Apple___Apple_scab,0.99999523,True
/clearml_agent_cache/storage_manager/datasets/ds_687ee9f1c8dd4af98240e55e4b18258a/test/Apple___Apple_scab/0896ecbc-1af2-4868-8279-ed302acb29bc___FREC_Scab_3339.JPG,Apple___Apple_scab,Apple___Apple_scab,0.9999994,True
/clearml_agent_cache/storage_manager/datasets/ds_687ee9f1c8dd4af98240e55e4b18258a/test/Apple___Apple_scab/18e95262-fb0a-472c-93ab-e03138a360dc___FREC_Scab_3366.JPG,Apple___Apple_scab,Apple___Apple_scab,0.9999671,True
/clearml_agent_cache/storage_manager/datasets/ds_687ee9f1c8dd4af98240e55e4b18258a/test/Apple___Apple_scab/1a21aabb-6f74-4644-8d9e-a517568b7e9c___FREC_Scab_3095.JPG,Apple___Apple_scab,Apple___Apple_scab,0.9999677,True
/clearml_agent_cache/storage_manager/datasets/ds_687ee9f1c8dd4af98240e55e4b18258a/test/Apple___Apple_scab/1bc60205-27cc-4d10-bc87-7e968573e5d5___FREC_Scab_3531.JPG,Apple___Apple_scab,Apple___Apple_scab,0.9994098,True
/clearml_agent_cache/storage_manager/datasets/ds_687ee9f1c8dd4af98240e55e4b18258a/test/Apple___Apple_scab/1d9d67e2-5603-4710-ae2b-6cb0b922ae61___FREC_Scab_3122.JPG,Apple___Apple_scab,Apple___Apple_scab,0.9999888,True
/clearml_agent_cache/storage_manager/datasets/ds_687ee9f1c8dd4af98240e55e4b18258a/test/Apple___Apple_scab/26a31865-1d42-4bd6-8b67-02cbedfd6f64___FREC_Scab_3516.JPG,Apple___Apple_scab,Apple___Apple_scab,0.9998287,True
/clearml_agent_cache/storage_manager/datasets/ds_687ee9f1c8dd4af98240e55e4b18258a/test/Apple___Apple_scab/40a5e87c-ee32-4d67-9b28-926e94638a1d___FREC_Scab_3251.JPG,Apple___Apple_scab,Apple___Apple_scab,0.99999654,True
/clearml_agent_cache/storage_manager/datasets/ds_687ee9f1c8dd4af98240e55e4b18258a/test/Apple___Apple_scab/4151028c-c8bc-4394-b4a7-aff414864c15___FREC_Scab_3418.JPG,Apple___Apple_scab,Apple___Apple_scab,0.9999987,True
/clearml_agent_cache/storage_manager/datasets/ds_687ee9f1c8dd4af98240e55e4b18258a/test/Apple___Apple_scab/4442b558-4db4-4de3-82c3-7524b59bb315___FREC_Scab_2961.JPG,Apple___Apple_scab,Apple___Apple_scab,0.9999714,True
/clearml_agent_cache/storage_manager/datasets/ds_687ee9f1c8dd4af98240e55e4b18258a/test/Apple___Apple_scab/4512edee-9d3b-451e-845d-86666feebe99___FREC_Scab_3328.JPG,Apple___Apple_scab,Apple___Apple_scab,0.9999832,True
/clearml_agent_cache/storage_manager/datasets/ds_687ee9f1c8dd4af98240e55e4b18258a/test/Apple___Apple_scab/4abca5eb-2376-4551-be42-25bbb5400fc7___FREC_Scab_3268.JPG,Apple___Apple_scab,Apple___Apple_scab,0.9999999,True
/clearml_agent_cache/storage_manager/datasets/ds_687ee9f1c8dd4af98240e55e4b18258a/test/Apple___Apple_scab/7308b9c4-3408-48ff-bd4a-b07350421e60___FREC_Scab_3508.JPG,Apple___Apple_scab,Apple___Apple_scab,0.9999989,True
/clearml_agent_cache/storage_manager/datasets/ds_687ee9f1c8dd4af98240e55e4b18258a/test/Apple___Apple_scab/82488f15-ffb8-495f-b09f-3810e447681a___FREC_Scab_3007.JPG,Apple___Apple_scab,Apple___Apple_scab,0.9999999,True
/clearml_agent_cache/storage_manager/datasets/ds_687ee9f1c8dd4af98240e55e4b18258a/test/Apple___Apple_scab/8e04135b-2279-43a7-af41-147d96395478___FREC_Scab_3143.JPG,Apple___Apple_scab,Apple___Apple_scab,0.99999,True
/clearml_agent_cache/storage_manager/datasets/ds_687ee9f1c8dd4af98240e55e4b18258a/test/Apple___Apple_scab/9474d631-06bc-45e0-bdcc-2aff28b34856___FREC_Scab_3358.JPG,Apple___Apple_scab,Apple___Apple_scab,0.9999713,True
/clearml_agent_cache/storage_manager/datasets/ds_687ee9f1c8dd4af98240e55e4b18258a/test/Apple___Apple_scab/9ac984f5-d42c-4321-ae2e-7fbde038aa38___FREC_Scab_3369.JPG,Apple___Apple_scab,Apple___Apple_scab,0.99999547,True
/clearml_agent_cache/storage_manager/datasets/ds_687ee9f1c8dd4af98240e55e4b18258a/test/Apple___Apple_scab/9e399a72-a81f-4a43-8542-ebc4e96ba346___FREC_Scab_2930.JPG,Apple___Apple_scab,Apple___Apple_scab,0.99999976,True
/clearml_agent_cache/storage_manager/datasets/ds_687ee9f1c8dd4af98240e55e4b18258a/test/Apple___Apple_scab/ab7d0d06-b45c-4472-a708-c2a1d65ee748___FREC_Scab_3152.JPG,Apple___Apple_scab,Apple___Apple_scab,0.99999833,True
/clearml_agent_cache/storage_manager/datasets/ds_687ee9f1c8dd4af98240e55e4b18258a/test/Apple___Apple_scab/b0b2a38c-396d-4d25-b346-5947e2c787d9___FREC_Scab_3077.JPG,Apple___Apple_scab,Apple___Apple_scab,0.99992335,True
/clearml_agent_cache/storage_manager/datasets/ds_687ee9f1c8dd4af98240e55e4b18258a/test/Apple___Apple_scab/be10c6a0-b99b-4c91-b78f-141a12beb70c___FREC_Scab_3106.JPG,Apple___Apple_scab,Apple___Apple_scab,0.99999464,True
/clearml_agent_cache/storage_manager/datasets/ds_687ee9f1c8dd4af98240e55e4b18258a/test/Apple___Apple_scab/be517ff5-5e63-4f6a-9f55-1522c9ec972b___FREC_Scab_3123.JPG,Apple___Apple_scab,Apple___Apple_scab,0.9999938,True
/clearml_agent_cache/storage_manager/datasets/ds_687ee9f1c8dd4af98240e55e4b18258a/test/Apple___Apple_scab/e9155e73-7f58-441b-a36b-d513bd051742___FREC_Scab_3509.JPG,Apple___Apple_scab,Apple___Apple_scab,0.99999964,True
/clearml_agent_cache/storage_manager/datasets/ds_687ee9f1c8dd4af98240e55e4b18258a/test/Apple___Black_rot/02168189-aa75-4284-a7f0-8ca5901ea783___JR_FrgE.S_2948.JPG,Apple___Black_rot,Apple___Black_rot,1.0,True
/clearml_agent_cache/storage_manager/datasets/ds_687ee9f1c8dd4af98240e55e4b18258a/test/Apple___Black_rot/1ce9343f-125e-4abb-9cd4-fddf761504da___JR_FrgE.S_3096.JPG,Apple___Black_rot,Apple___Black_rot,0.99999964,True
/clearml_agent_cache/storage_manager/datasets/ds_687ee9f1c8dd4af98240e55e4b18258a/test/Apple___Black_rot/30aebb07-bde6-44c8-bee2-a06ff42a948d___JR_FrgE.S_3071.JPG,Apple___Black_rot,Apple___Black_rot,0.9999964,True
/clearml_agent_cache/storage_manager/datasets/ds_687ee9f1c8dd4af98240e55e4b18258a/test/Apple___Black_rot/3235339f-7b7b-423a-850a-0fd58ded4725___JR_FrgE.S_2791.JPG,Apple___Black_rot,Apple___Black_rot,0.9987301,True
/clearml_agent_cache/storage_manager/datasets/ds_687ee9f1c8dd4af98240e55e4b18258a/test/Apple___Black_rot/3b364e42-9120-4ece-b0ea-2c39ce883cbb___JR_FrgE.S_2774.JPG,Apple___Black_rot,Apple___Black_rot,0.9999963,True
/clearml_agent_cache/storage_manager/datasets/ds_687ee9f1c8dd4af98240e55e4b18258a/test/Apple___Black_rot/4231e86c-5f4c-439c-be0f-1fa0274581c6___JR_FrgE.S_3067.JPG,Apple___Black_rot,Apple___Black_rot,0.999995,True
/clearml_agent_cache/storage_manager/datasets/ds_687ee9f1c8dd4af98240e55e4b18258a/test/Apple___Black_rot/43baab18-d60b-49df-b2d5-a27d16164317___JR_FrgE.S_8604.JPG,Apple___Black_rot,Apple___Black_rot,0.99999964,True
/clearml_agent_cache/storage_manager/datasets/ds_687ee9f1c8dd4af98240e55e4b18258a/test/Apple___Black_rot/4fcfd5b0-e312-41f4-a8cf-16976b5882fd___JR_FrgE.S_8589.JPG,Apple___Black_rot,Apple___Black_rot,0.99999285,True
/clearml_agent_cache/storage_manager/datasets/ds_687ee9f1c8dd4af98240e55e4b18258a/test/Apple___Black_rot/58ebc44b-c9b7-441b-9aa1-bfcc1b90e21e___JR_FrgE.S_8582.JPG,Apple___Black_rot,Apple___Black_rot,0.9999559,True
/clearml_agent_cache/storage_manager/datasets/ds_687ee9f1c8dd4af98240e55e4b18258a/test/Apple___Black_rot/5984db18-75d7-4c3a-be4b-74c3c0351887___JR_FrgE.S_8685.JPG,Apple___Black_rot,Apple___Black_rot,0.99999785,True
/clearml_agent_cache/storage_manager/datasets/ds_687ee9f1c8dd4af98240e55e4b18258a/test/Apple___Black_rot/6dfd829f-aca0-459d-aa67-ed4636a66033___JR_FrgE.S_8653.JPG,Apple___Black_rot,Apple___Black_rot,0.9998259,True
/clearml_agent_cache/storage_manager/datasets/ds_687ee9f1c8dd4af98240e55e4b18258a/test/Apple___Black_rot/6f38c615-281d-4bf5-8d92-7c02d3ef9e1b___JR_FrgE.S_8753.JPG,Apple___Black_rot,Apple___Black_rot,0.9999993,True
/clearml_agent_cache/storage_manager/datasets/ds_687ee9f1c8dd4af98240e55e4b18258a/test/Apple___Black_rot/73fcc7b8-b884-45ef-a52f-6ed6b2f93c27___JR_FrgE.S_8642.JPG,Apple___Black_rot,Apple___Black_rot,0.99996626,True
/clearml_agent_cache/storage_manager/datasets/ds_687ee9f1c8dd4af98240e55e4b18258a/test/Apple___Black_rot/954d8d3f-c11e-4202-b5e5-501d5e41752b___JR_FrgE.S_2942.JPG,Apple___Black_rot,Apple___Black_rot,0.99999857,True
/clearml_agent_cache/storage_manager/datasets/ds_687ee9f1c8dd4af98240e55e4b18258a/test/Apple___Black_rot/9dd36e5e-2ca6-4ab3-8f5f-4ffb594a6023___JR_FrgE.S_2745.JPG,Apple___Black_rot,Apple___Black_rot,0.999995,True
/clearml_agent_cache/storage_manager/datasets/ds_687ee9f1c8dd4af98240e55e4b18258a/test/Apple___Black_rot/ab496771-c3b7-4c15-8cf1-d90455ab05cc___JR_FrgE.S_8573.JPG,Apple___Black_rot,Apple___Black_rot,0.9999571,True
/clearml_agent_cache/storage_manager/datasets/ds_687ee9f1c8dd4af98240e55e4b18258a/test/Apple___Black_rot/bb1f1f60-cd69-4661-aca2-bcb19eb1def2___JR_FrgE.S_8785.JPG,Apple___Black_rot,Apple___Black_rot,0.99938357,True
/clearml_agent_cache/storage_manager/datasets/ds_687ee9f1c8dd4af98240e55e4b18258a/test/Apple___Black_rot/bbf0af8f-62fc-4b41-9b4a-e1f7e15974c7___JR_FrgE.S_2788.JPG,Apple___Black_rot,Apple___Black_rot,0.99999595,True
/clearml_agent_cache/storage_manager/datasets/ds_687ee9f1c8dd4af98240e55e4b18258a/test/Apple___Black_rot/c18a2d5a-4160-48de-8e9e-7ccc047aeddc___JR_FrgE.S_8805.JPG,Apple___Black_rot,Apple___Black_rot,0.9999943,True
/clearml_agent_cache/storage_manager/datasets/ds_687ee9f1c8dd4af98240e55e4b18258a/test/Apple___Black_rot/cda99dd8-c509-4825-a35d-d71cb35d3d4c___JR_FrgE.S_8695.JPG,Apple___Black_rot,Apple___Black_rot,0.9999603,True
/clearml_agent_cache/storage_manager/datasets/ds_687ee9f1c8dd4af98240e55e4b18258a/test/Apple___Black_rot/ce675478-f624-4536-b4ba-b0c43d134ae8___JR_FrgE.S_8595.JPG,Apple___Black_rot,Apple___Black_rot,0.99999976,True
/clearml_agent_cache/storage_manager/datasets/ds_687ee9f1c8dd4af98240e55e4b18258a/test/Apple___Black_rot/d7927614-3b3e-4ba5-8564-2ae4a1f25132___JR_FrgE.S_2812.JPG,Apple___Black_rot,Apple___Black_rot,0.99999964,True
/clearml_agent_cache/storage_manager/datasets/ds_687ee9f1c8dd4af98240e55e4b18258a/test/Apple___Black_rot/d962745e-a8b7-414a-a9f8-f47e945e3be9___JR_FrgE.S_2881.JPG,Apple___Black_rot,Apple___Black_rot,1.0,True
/clearml_agent_cache/storage_manager/datasets/ds_687ee9f1c8dd4af98240e55e4b18258a/test/Apple___Black_rot/ebe0af1e-91e2-4f41-bea2-179e720da94b___JR_FrgE.S_8750.JPG,Apple___Black_rot,Apple___Black_rot,0.99999714,True
/clearml_agent_cache/storage_manager/datasets/ds_687ee9f1c8dd4af98240e55e4b18258a/test/Apple___Black_rot/fe588823-1009-4181-88e6-bdbf70fe33c3___JR_FrgE.S_8655.JPG,Apple___Black_rot,Apple___Black_rot,0.9999964,True
/clearml_agent_cache/storage_manager/datasets/ds_687ee9f1c8dd4af98240e55e4b18258a/test/Apple___Cedar_apple_rust/1440b8ad-ba66-44dc-aeff-13515fe5eb68___FREC_C.Rust_3816.JPG,Apple___Cedar_apple_rust,Apple___Cedar_apple_rust,1.0,True
/clearml_agent_cache/storage_manager/datasets/ds_687ee9f1c8dd4af98240e55e4b18258a/test/Apple___Cedar_apple_rust/24f68f21-8edb-49df-b0f1-d75ac66631fd___FREC_C.Rust_9937.JPG,Apple___Cedar_apple_rust,Apple___Cedar_apple_rust,1.0,True
/clearml_agent_cache/storage_manager/datasets/ds_687ee9f1c8dd4af98240e55e4b18258a/test/Apple___Cedar_apple_rust/2770fd33-4612-4c09-80a7-dbac2ec8ff82___FREC_C.Rust_4049.JPG,Apple___Cedar_apple_rust,Apple___Cedar_apple_rust,1.0,True
/clearml_agent_cache/storage_manager/datasets/ds_687ee9f1c8dd4af98240e55e4b18258a/test/Apple___Cedar_apple_rust/4fe22d35-3e93-414a-83fc-1be230cec721___FREC_C.Rust_4424.JPG,Apple___Cedar_apple_rust,Apple___Cedar_apple_rust,0.9997522,True
/clearml_agent_cache/storage_manager/datasets/ds_687ee9f1c8dd4af98240e55e4b18258a/test/Apple___Cedar_apple_rust/743ddf7b-a620-436d-b69b-125044a0d9fc___FREC_C.Rust_0037.JPG,Apple___Cedar_apple_rust,Apple___Cedar_apple_rust,1.0,True
/clearml_agent_cache/storage_manager/datasets/ds_687ee9f1c8dd4af98240e55e4b18258a/test/Apple___Cedar_apple_rust/78821840-5d27-43ae-b830-c54e9f84432d___FREC_C.Rust_9891.JPG,Apple___Cedar_apple_rust,Apple___Cedar_apple_rust,0.98780614,True
/clearml_agent_cache/storage_manager/datasets/ds_687ee9f1c8dd4af98240e55e4b18258a/test/Apple___Cedar_apple_rust/7ddc6bbf-42d1-4c84-b695-88077058656f___FREC_C.Rust_4079.JPG,Apple___Cedar_apple_rust,Apple___Cedar_apple_rust,1.0,True
/clearml_agent_cache/storage_manager/datasets/ds_687ee9f1c8dd4af98240e55e4b18258a/test/Apple___Cedar_apple_rust/b14f7df6-7a6c-44e6-80a4-c0c11318a9a9___FREC_C.Rust_4260.JPG,Apple___Cedar_apple_rust,Apple___Cedar_apple_rust,0.99999976,True
/clearml_agent_cache/storage_manager/datasets/ds_687ee9f1c8dd4af98240e55e4b18258a/test/Apple___Cedar_apple_rust/dc75b693-0cd6-4a48-b0a0-e442070df2cc___FREC_C.Rust_9951.JPG,Apple___Cedar_apple_rust,Apple___Cedar_apple_rust,1.0,True
/clearml_agent_cache/storage_manager/datasets/ds_687ee9f1c8dd4af98240e55e4b18258a/test/Apple___Cedar_apple_rust/f6af5eb5-6338-48a2-8b23-c7143b7f4a62___FREC_C.Rust_0016.JPG,Apple___Cedar_apple_rust,Apple___Cedar_apple_rust,0.99999976,True
/clearml_agent_cache/storage_manager/datasets/ds_687ee9f1c8dd4af98240e55e4b18258a/test/Apple___Cedar_apple_rust/fdaecc2c-c48c-447d-9cdc-5d52efdc979a___FREC_C.Rust_3858.JPG,Apple___Cedar_apple_rust,Apple___Cedar_apple_rust,1.0,True
/clearml_agent_cache/storage_manager/datasets/ds_687ee9f1c8dd4af98240e55e4b18258a/test/Apple___healthy/0ca762d0-3853-4018-896e-8f01e29cb144___RS_HL_7558.JPG,Apple___healthy,Apple___healthy,0.99999976,True
/clearml_agent_cache/storage_manager/datasets/ds_687ee9f1c8dd4af98240e55e4b18258a/test/Apple___healthy/11636fd2-75f3-40e5-99c4-777589bfc392___RS_HL_8203.JPG,Apple___healthy,Apple___healthy,0.99999344,True
/clearml_agent_cache/storage_manager/datasets/ds_687ee9f1c8dd4af98240e55e4b18258a/test/Apple___healthy/14009d84-bca8-4054-b09d-7fd4241c74a6___RS_HL_7907.JPG,Apple___healthy,Apple___healthy,0.99999785,True
/clearml_agent_cache/storage_manager/datasets/ds_687ee9f1c8dd4af98240e55e4b18258a/test/Apple___healthy/16b2b778-a864-496e-b292-3e9b4029902b___RS_HL_6178.JPG,Apple___healthy,Apple___healthy,0.99999905,True
/clearml_agent_cache/storage_manager/datasets/ds_687ee9f1c8dd4af98240e55e4b18258a/test/Apple___healthy/18571abd-0d3c-42de-a257-f46c1a6d1517___RS_HL_6126.JPG,Apple___healthy,Apple___healthy,1.0,True
/clearml_agent_cache/storage_manager/datasets/ds_687ee9f1c8dd4af98240e55e4b18258a/test/Apple___healthy/19b3dc29-de7d-46e8-af14-7451d779f424___RS_HL_7373.JPG,Apple___healthy,Apple___healthy,0.9999981,True
/clearml_agent_cache/storage_manager/datasets/ds_687ee9f1c8dd4af98240e55e4b18258a/test/Apple___healthy/1c2b0674-384b-4cad-8704-80781a89d78a___RS_HL_5848.JPG,Apple___healthy,Apple___healthy,0.9350775,True
/clearml_agent_cache/storage_manager/datasets/ds_687ee9f1c8dd4af98240e55e4b18258a/test/Apple___healthy/1c807ca4-b6f5-4123-8d3b-cd44238df38d___RS_HL_6140.JPG,Apple___healthy,Apple___healthy,0.9993351,True
/clearml_agent_cache/storage_manager/datasets/ds_687ee9f1c8dd4af98240e55e4b18258a/test/Apple___healthy/22ccba73-f485-4c4d-a6a8-faaaa7c90e1f___RS_HL_7824.JPG,Apple___healthy,Apple___healthy,0.99999976,True
/clearml_agent_cache/storage_manager/datasets/ds_687ee9f1c8dd4af98240e55e4b18258a/test/Apple___healthy/2b3fa6ff-a37a-497e-b122-5b29ae419bec___RS_HL_5979.JPG,Apple___healthy,Apple___healthy,0.9999989,True
/clearml_agent_cache/storage_manager/datasets/ds_687ee9f1c8dd4af98240e55e4b18258a/test/Apple___healthy/336a5bb9-179f-44fb-a4d1-c59a40d90306___RS_HL_5978.JPG,Apple___healthy,Apple___healthy,0.99999976,True
/clearml_agent_cache/storage_manager/datasets/ds_687ee9f1c8dd4af98240e55e4b18258a/test/Apple___healthy/349251ed-2e99-4af9-b432-2a63202a0985___RS_HL_6120.JPG,Apple___healthy,Apple___healthy,0.999995,True
/clearml_agent_cache/storage_manager/datasets/ds_687ee9f1c8dd4af98240e55e4b18258a/test/Apple___healthy/3abb0d3f-f131-4025-af6d-68bd6f4d253e___RS_HL_8110.JPG,Apple___healthy,Apple___healthy,0.99999976,True
/clearml_agent_cache/storage_manager/datasets/ds_687ee9f1c8dd4af98240e55e4b18258a/test/Apple___healthy/3aff0cab-c5f0-4fd5-8a7a-2a81160da701___RS_HL_7392.JPG,Apple___healthy,Apple___healthy,0.99999595,True
/clearml_agent_cache/storage_manager/datasets/ds_687ee9f1c8dd4af98240e55e4b18258a/test/Apple___healthy/3df0da99-6c5d-4520-b396-9616e81f8935___RS_HL_6031.JPG,Apple___healthy,Apple___healthy,0.9999707,True
/clearml_agent_cache/storage_manager/datasets/ds_687ee9f1c8dd4af98240e55e4b18258a/test/Apple___healthy/48cdfda2-59c7-4de9-96e2-a38dffd80754___RS_HL_6158.JPG,Apple___healthy,Apple___healthy,0.9999765,True
/clearml_agent_cache/storage_manager/datasets/ds_687ee9f1c8dd4af98240e55e4b18258a/test/Apple___healthy/4eae8d4c-d3d9-4109-8637-76b68e1a5b66___RS_HL_5975.JPG,Apple___healthy,Apple___healthy,0.99949396,True
/clearml_agent_cache/storage_manager/datasets/ds_687ee9f1c8dd4af98240e55e4b18258a/test/Apple___healthy/4f9b8500-4510-4d79-bcbf-d9b680cd8fe8___RS_HL_6304.JPG,Apple___healthy,Apple___healthy,0.99999964,True
/clearml_agent_cache/storage_manager/datasets/ds_687ee9f1c8dd4af98240e55e4b18258a/test/Apple___healthy/50477370-452c-4dd9-bdad-f270011e9094___RS_HL_6183.JPG,Apple___healthy,Apple___healthy,0.99992406,True
/clearml_agent_cache/storage_manager/datasets/ds_687ee9f1c8dd4af98240e55e4b18258a/test/Apple___healthy/531fbf24-8362-445d-ba13-6ece16d53de7___RS_HL_6206.JPG,Apple___healthy,Apple___healthy,1.0,True
/clearml_agent_cache/storage_manager/datasets/ds_687ee9f1c8dd4af98240e55e4b18258a/test/Apple___healthy/56357993-94b9-4ed2-bc6e-22d4245f958e___RS_HL_7313.JPG,Apple___healthy,Apple___healthy,0.9999969,True
/clearml_agent_cache/storage_manager/datasets/ds_687ee9f1c8dd4af98240e55e4b18258a/test/Apple___healthy/56bc065a-e27d-4ec9-a15b-63188f6ddf66___RS_HL_7933.JPG,Apple___healthy,Apple___healthy,0.99971884,True
/clearml_agent_cache/storage_manager/datasets/ds_687ee9f1c8dd4af98240e55e4b18258a/test/Apple___healthy/58200f54-e3ef-4546-9378-0700a030e697___RS_HL_8005.JPG,Apple___healthy,Apple___healthy,0.99999976,True
/clearml_agent_cache/storage_manager/datasets/ds_687ee9f1c8dd4af98240e55e4b18258a/test/Apple___healthy/5d1bb18d-dda0-4079-b3c5-62bc50c3ce35___RS_HL_7560.JPG,Apple___healthy,Apple___healthy,0.9999999,True
/clearml_agent_cache/storage_manager/datasets/ds_687ee9f1c8dd4af98240e55e4b18258a/test/Apple___healthy/5db8c857-6f3a-4066-9bd6-e245e725d03e___RS_HL_8016.JPG,Apple___healthy,Apple___healthy,0.9999981,True
/clearml_agent_cache/storage_manager/datasets/ds_687ee9f1c8dd4af98240e55e4b18258a/test/Apple___healthy/62d3964c-3cc9-495c-94d5-0558f5fe3063___RS_HL_7607.JPG,Apple___healthy,Apple___healthy,0.9999999,True
/clearml_agent_cache/storage_manager/datasets/ds_687ee9f1c8dd4af98240e55e4b18258a/test/Apple___healthy/63f2f961-ac3f-4a2d-9fc1-6987e8da97cc___RS_HL_7447.JPG,Apple___healthy,Apple___healthy,0.9999517,True
/clearml_agent_cache/storage_manager/datasets/ds_687ee9f1c8dd4af98240e55e4b18258a/test/Apple___healthy/647ab085-3f32-4ff1-9972-bef63cb4085e___RS_HL_7595.JPG,Apple___healthy,Apple___healthy,1.0,True
/clearml_agent_cache/storage_manager/datasets/ds_687ee9f1c8dd4af98240e55e4b18258a/test/Apple___healthy/6519f187-e99f-4a02-9a28-eb4e167ea35c___RS_HL_6015.JPG,Apple___healthy,Apple___healthy,0.99936134,True
/clearml_agent_cache/storage_manager/datasets/ds_687ee9f1c8dd4af98240e55e4b18258a/test/Apple___healthy/65f9450e-cd32-465c-b2cd-e24111798fb1___RS_HL_7950.JPG,Apple___healthy,Apple___healthy,0.99999976,True
/clearml_agent_cache/storage_manager/datasets/ds_687ee9f1c8dd4af98240e55e4b18258a/test/Apple___healthy/6a2b2664-0e91-455c-8978-64c097631604___RS_HL_7808.JPG,Apple___healthy,Apple___healthy,1.0,True
/clearml_agent_cache/storage_manager/datasets/ds_687ee9f1c8dd4af98240e55e4b18258a/test/Apple___healthy/70e5bc17-eaff-43e3-b198-2658561b63b1___RS_HL_5866.JPG,Apple___healthy,Apple___healthy,0.9994684,True
/clearml_agent_cache/storage_manager/datasets/ds_687ee9f1c8dd4af98240e55e4b18258a/test/Apple___healthy/725e9b8f-f55c-44ce-a0d8-7b6829f86630___RS_HL_7532.JPG,Apple___healthy,Apple___healthy,0.99999976,True
/clearml_agent_cache/storage_manager/datasets/ds_687ee9f1c8dd4af98240e55e4b18258a/test/Apple___healthy/79d597cf-e046-4b0e-b489-a9d24b3a8f8e___RS_HL_8014.JPG,Apple___healthy,Apple___healthy,0.99999976,True
/clearml_agent_cache/storage_manager/datasets/ds_687ee9f1c8dd4af98240e55e4b18258a/test/Apple___healthy/7a193736-ff69-4887-8cd6-44e4639de68f___RS_HL_5996.JPG,Apple___healthy,Apple___healthy,1.0,True
/clearml_agent_cache/storage_manager/datasets/ds_687ee9f1c8dd4af98240e55e4b18258a/test/Apple___healthy/7cbd343b-9af0-47cb-9aa5-e19e675b3057___RS_HL_7265.JPG,Apple___healthy,Apple___healthy,0.99996877,True
/clearml_agent_cache/storage_manager/datasets/ds_687ee9f1c8dd4af98240e55e4b18258a/test/Apple___healthy/885dd825-a34b-4149-bbb0-445fa62a4e64___RS_HL_7814.JPG,Apple___healthy,Apple___healthy,0.9999907,True
/clearml_agent_cache/storage_manager/datasets/ds_687ee9f1c8dd4af98240e55e4b18258a/test/Apple___healthy/8acb2f43-d1ff-4a60-8462-04e578be3be2___RS_HL_7753.JPG,Apple___healthy,Apple___healthy,0.9999821,True
/clearml_agent_cache/storage_manager/datasets/ds_687ee9f1c8dd4af98240e55e4b18258a/test/Apple___healthy/8c00ea10-bfc2-4d26-9dcf-afbf2dcd377a___RS_HL_7326.JPG,Apple___healthy,Apple___healthy,0.99999976,True
/clearml_agent_cache/storage_manager/datasets/ds_687ee9f1c8dd4af98240e55e4b18258a/test/Apple___healthy/8e11b695-ac84-42c4-926a-b48b311bcfe8___RS_HL_7782.JPG,Apple___healthy,Apple___healthy,1.0,True
/clearml_agent_cache/storage_manager/datasets/ds_687ee9f1c8dd4af98240e55e4b18258a/test/Apple___healthy/925d0f0f-08ae-4f20-a528-0f78bf27b9e7___RS_HL_8032.JPG,Apple___healthy,Apple___healthy,0.99999964,True
/clearml_agent_cache/storage_manager/datasets/ds_687ee9f1c8dd4af98240e55e4b18258a/test/Apple___healthy/9290b98f-6984-44d4-b2d5-6eca9177156e___RS_HL_7458.JPG,Apple___healthy,Apple___healthy,0.9977186,True
/clearml_agent_cache/storage_manager/datasets/ds_687ee9f1c8dd4af98240e55e4b18258a/test/Apple___healthy/92effbbb-c662-40c8-8aa9-a5a453d859df___RS_HL_5899.JPG,Apple___healthy,Apple___healthy,0.9999988,True
/clearml_agent_cache/storage_manager/datasets/ds_687ee9f1c8dd4af98240e55e4b18258a/test/Apple___healthy/9aa3bace-83a4-4572-a2b2-cc12dcb4cafa___RS_HL_5742.JPG,Apple___healthy,Apple___healthy,0.9999995,True
/clearml_agent_cache/storage_manager/datasets/ds_687ee9f1c8dd4af98240e55e4b18258a/test/Apple___healthy/9d3bb139-5177-4d08-914b-5fe232cff065___RS_HL_6011.JPG,Apple___healthy,Apple___healthy,0.99997485,True
/clearml_agent_cache/storage_manager/datasets/ds_687ee9f1c8dd4af98240e55e4b18258a/test/Apple___healthy/a61c6603-0f78-4fb9-b917-99eaf0d67c3f___RS_HL_5853.JPG,Apple___healthy,Apple___healthy,0.9999993,True
/clearml_agent_cache/storage_manager/datasets/ds_687ee9f1c8dd4af98240e55e4b18258a/test/Apple___healthy/b17878ef-2476-4eba-9bdf-0a7950edae2a___RS_HL_7957.JPG,Apple___healthy,Apple___healthy,0.9995976,True
/clearml_agent_cache/storage_manager/datasets/ds_687ee9f1c8dd4af98240e55e4b18258a/test/Apple___healthy/b55fbd6e-955c-4016-acff-4829df8a2f0f___RS_HL_7399.JPG,Apple___healthy,Apple___healthy,0.99999297,True
/clearml_agent_cache/storage_manager/datasets/ds_687ee9f1c8dd4af98240e55e4b18258a/test/Apple___healthy/b5ff5168-38d9-4a8b-b5bb-94c310e77b53___RS_HL_6083.JPG,Apple___healthy,Apple___healthy,0.99999666,True
/clearml_agent_cache/storage_manager/datasets/ds_687ee9f1c8dd4af98240e55e4b18258a/test/Apple___healthy/b78fc35e-44b6-4e89-8a23-54becf423e0c___RS_HL_5964.JPG,Apple___healthy,Apple___healthy,0.99999917,True
/clearml_agent_cache/storage_manager/datasets/ds_687ee9f1c8dd4af98240e55e4b18258a/test/Apple___healthy/c475ca60-0635-4bd9-8d2f-d3e7003304c0___RS_HL_5814.JPG,Apple___healthy,Apple___healthy,1.0,True
/clearml_agent_cache/storage_manager/datasets/ds_687ee9f1c8dd4af98240e55e4b18258a/test/Apple___healthy/d2ec850e-20f3-40dc-917a-641424016b92___RS_HL_6217.JPG,Apple___healthy,Apple___healthy,0.9999999,True
/clearml_agent_cache/storage_manager/datasets/ds_687ee9f1c8dd4af98240e55e4b18258a/test/Apple___healthy/d39e5813-55e2-40e1-a305-5d549efa46f4___RS_HL_8112.JPG,Apple___healthy,Apple___healthy,1.0,True
/clearml_agent_cache/storage_manager/datasets/ds_687ee9f1c8dd4af98240e55e4b18258a/test/Apple___healthy/d43caafc-79b9-43fb-ad92-d72d56a98494___RS_HL_7398.JPG,Apple___healthy,Apple___healthy,0.9999982,True
/clearml_agent_cache/storage_manager/datasets/ds_687ee9f1c8dd4af98240e55e4b18258a/test/Apple___healthy/d80a4d8f-c6a6-41e9-92d0-ba21894f8c64___RS_HL_5794.JPG,Apple___healthy,Apple___healthy,0.99999976,True
/clearml_agent_cache/storage_manager/datasets/ds_687ee9f1c8dd4af98240e55e4b18258a/test/Apple___healthy/d8bd2900-b811-43a1-9ed7-05aa5f3f2649___RS_HL_7794.JPG,Apple___healthy,Apple___healthy,0.99995077,True
/clearml_agent_cache/storage_manager/datasets/ds_687ee9f1c8dd4af98240e55e4b18258a/test/Apple___healthy/da4815d7-03f0-44f0-bc35-8d28c578cbc2___RS_HL_5990.JPG,Apple___healthy,Apple___healthy,1.0,True
/clearml_agent_cache/storage_manager/datasets/ds_687ee9f1c8dd4af98240e55e4b18258a/test/Apple___healthy/dbea92a9-9473-4cb1-b181-341789de0681___RS_HL_5708.JPG,Apple___healthy,Apple___healthy,1.0,True
/clearml_agent_cache/storage_manager/datasets/ds_687ee9f1c8dd4af98240e55e4b18258a/test/Apple___healthy/e1571e9e-b373-4d7d-9106-a0b1e4e89bd9___RS_HL_7342.JPG,Apple___healthy,Apple___healthy,0.9999987,True
/clearml_agent_cache/storage_manager/datasets/ds_687ee9f1c8dd4af98240e55e4b18258a/test/Apple___healthy/e3aa227f-1e49-4a2a-8e10-6a1c5c985214___RS_HL_6057.JPG,Apple___healthy,Apple___healthy,0.9999933,True
/clearml_agent_cache/storage_manager/datasets/ds_687ee9f1c8dd4af98240e55e4b18258a/test/Apple___healthy/f09b090f-bff1-4fc9-87ad-1b9e05373698___RS_HL_6035.JPG,Apple___healthy,Apple___healthy,0.9998766,True
/clearml_agent_cache/storage_manager/datasets/ds_687ee9f1c8dd4af98240e55e4b18258a/test/Apple___healthy/f43cffa7-756c-40c1-ad67-8924692019a1___RS_HL_6187.JPG,Apple___healthy,Apple___healthy,0.9999989,True
/clearml_agent_cache/storage_manager/datasets/ds_687ee9f1c8dd4af98240e55e4b18258a/test/Apple___healthy/f902a6a0-a38b-441d-bd7e-5deb16ed709c___RS_HL_7727.JPG,Apple___healthy,Apple___healthy,0.9999844,True
/clearml_agent_cache/storage_manager/datasets/ds_687ee9f1c8dd4af98240e55e4b18258a/test/Apple___healthy/fca87ead-171e-4dd8-9b2d-669f69158dc5___RS_HL_6113.JPG,Apple___healthy,Apple___healthy,1.0,True
/clearml_agent_cache/storage_manager/datasets/ds_687ee9f1c8dd4af98240e55e4b18258a/test/Apple___healthy/fcc4c8a4-2177-4a08-a785-063497dfd121___RS_HL_5844.JPG,Apple___healthy,Apple___healthy,0.9999974,True
/clearml_agent_cache/storage_manager/datasets/ds_687ee9f1c8dd4af98240e55e4b18258a/test/Apple___healthy/feaf718b-59f2-4aa4-b36a-2b2786ee8b46___RS_HL_6141.JPG,Apple___healthy,Apple___healthy,0.9999981,True
/clearml_agent_cache/storage_manager/datasets/ds_687ee9f1c8dd4af98240e55e4b18258a/test/Blueberry___healthy/011405e4-a92a-44b6-9f04-10fec28d93f5___RS_HL_2311.JPG,Blueberry___healthy,Blueberry___healthy,0.99999964,True
/clearml_agent_cache/storage_manager/datasets/ds_687ee9f1c8dd4af98240e55e4b18258a/test/Blueberry___healthy/022c53af-7964-4692-8dee-04a563d352bf___RS_HL_2317.JPG,Blueberry___healthy,Blueberry___healthy,0.99998677,True
/clearml_agent_cache/storage_manager/datasets/ds_687ee9f1c8dd4af98240e55e4b18258a/test/Blueberry___healthy/052943a4-b7d9-4e81-af03-3228f922c579___RS_HL_2644.JPG,Blueberry___healthy,Blueberry___healthy,0.99999917,True
/clearml_agent_cache/storage_manager/datasets/ds_687ee9f1c8dd4af98240e55e4b18258a/test/Blueberry___healthy/09a40924-9724-44e2-bac8-ba788a756e84___RS_HL_4922.JPG,Blueberry___healthy,Blueberry___healthy,0.99999905,True
/clearml_agent_cache/storage_manager/datasets/ds_687ee9f1c8dd4af98240e55e4b18258a/test/Blueberry___healthy/1775f774-ea3a-45b5-9295-42a64d933600___RS_HL_5370.JPG,Blueberry___healthy,Blueberry___healthy,0.9999964,True
/clearml_agent_cache/storage_manager/datasets/ds_687ee9f1c8dd4af98240e55e4b18258a/test/Blueberry___healthy/1ba73a2b-d6ab-4e45-b66a-b1174659194e___RS_HL_0392.JPG,Blueberry___healthy,Blueberry___healthy,1.0,True
/clearml_agent_cache/storage_manager/datasets/ds_687ee9f1c8dd4af98240e55e4b18258a/test/Blueberry___healthy/1e5dd6a5-2673-4258-8ca9-829a357119b9___RS_HL_0566.JPG,Blueberry___healthy,Blueberry___healthy,0.99999976,True
/clearml_agent_cache/storage_manager/datasets/ds_687ee9f1c8dd4af98240e55e4b18258a/test/Blueberry___healthy/1fcae89c-5c2b-421e-b176-d99d1db62147___RS_HL_5271.JPG,Blueberry___healthy,Blueberry___healthy,0.9999999,True
/clearml_agent_cache/storage_manager/datasets/ds_687ee9f1c8dd4af98240e55e4b18258a/test/Blueberry___healthy/2334df59-2b20-423b-8a02-8ea999b39ac2___RS_HL_2656.JPG,Blueberry___healthy,Blueberry___healthy,0.9999889,True
/clearml_agent_cache/storage_manager/datasets/ds_687ee9f1c8dd4af98240e55e4b18258a/test/Blueberry___healthy/2749aae1-3d24-4a4f-8671-5161025553d7___RS_HL_5060.JPG,Blueberry___healthy,Blueberry___healthy,0.99999285,True
/clearml_agent_cache/storage_manager/datasets/ds_687ee9f1c8dd4af98240e55e4b18258a/test/Blueberry___healthy/2ad79d48-24ec-4f16-b3d9-a39e8095592b___RS_HL_2635.JPG,Blueberry___healthy,Blueberry___healthy,0.9999999,True
/clearml_agent_cache/storage_manager/datasets/ds_687ee9f1c8dd4af98240e55e4b18258a/test/Blueberry___healthy/352f6ab6-4e31-4c70-8ef3-12f370406f46___RS_HL_5357.JPG,Blueberry___healthy,Blueberry___healthy,1.0,True
/clearml_agent_cache/storage_manager/datasets/ds_687ee9f1c8dd4af98240e55e4b18258a/test/Blueberry___healthy/36193f6e-9233-4358-a441-664b38f0f5d6___RS_HL_2263.JPG,Blueberry___healthy,Blueberry___healthy,0.99999976,True
/clearml_agent_cache/storage_manager/datasets/ds_687ee9f1c8dd4af98240e55e4b18258a/test/Blueberry___healthy/37310fde-5db4-4799-903c-8d54dfcc822c___RS_HL_2595.JPG,Blueberry___healthy,Blueberry___healthy,1.0,True
/clearml_agent_cache/storage_manager/datasets/ds_687ee9f1c8dd4af98240e55e4b18258a/test/Blueberry___healthy/37601437-b722-48c8-a38c-119e308ca86d___RS_HL_2388.JPG,Blueberry___healthy,Blueberry___healthy,0.99999976,True
/clearml_agent_cache/storage_manager/datasets/ds_687ee9f1c8dd4af98240e55e4b18258a/test/Blueberry___healthy/3831cd3e-d357-4b53-8d26-0fae86f08d4e___RS_HL_0472.JPG,Blueberry___healthy,Blueberry___healthy,1.0,True
/clearml_agent_cache/storage_manager/datasets/ds_687ee9f1c8dd4af98240e55e4b18258a/test/Blueberry___healthy/3d666ccc-a8d2-45df-8030-3252e2b72422___RS_HL_4914.JPG,Blueberry___healthy,Blueberry___healthy,0.9999981,True
/clearml_agent_cache/storage_manager/datasets/ds_687ee9f1c8dd4af98240e55e4b18258a/test/Blueberry___healthy/3e43d296-bb3d-48d6-a0a2-8f4527622aeb___RS_HL_4939.JPG,Blueberry___healthy,Blueberry___healthy,0.9999993,True
/clearml_agent_cache/storage_manager/datasets/ds_687ee9f1c8dd4af98240e55e4b18258a/test/Blueberry___healthy/43fccc16-ae58-49ab-bccf-196e272a02f8___RS_HL_2606.JPG,Blueberry___healthy,Blueberry___healthy,0.9999993,True
/clearml_agent_cache/storage_manager/datasets/ds_687ee9f1c8dd4af98240e55e4b18258a/test/Blueberry___healthy/47d40ab4-2e5f-40ac-afb5-1ff6fa85efc2___RS_HL_5002.JPG,Blueberry___healthy,Blueberry___healthy,0.9999993,True
/clearml_agent_cache/storage_manager/datasets/ds_687ee9f1c8dd4af98240e55e4b18258a/test/Blueberry___healthy/4a1c874d-bde1-4f0d-b06a-16ea76246a9d___RS_HL_5023.JPG,Blueberry___healthy,Blueberry___healthy,0.9999943,True
/clearml_agent_cache/storage_manager/datasets/ds_687ee9f1c8dd4af98240e55e4b18258a/test/Blueberry___healthy/4ae506bd-92db-458d-8953-3c01c1f574a7___RS_HL_2565.JPG,Blueberry___healthy,Blueberry___healthy,0.99999964,True
/clearml_agent_cache/storage_manager/datasets/ds_687ee9f1c8dd4af98240e55e4b18258a/test/Blueberry___healthy/4c67dc60-7ffe-4cc2-81fa-f7c6c8291cdf___RS_HL_5126.JPG,Blueberry___healthy,Blueberry___healthy,0.99999785,True
/clearml_agent_cache/storage_manager/datasets/ds_687ee9f1c8dd4af98240e55e4b18258a/test/Blueberry___healthy/5494cb95-f14a-4a7a-9ff0-97bf1d3cfc5d___RS_HL_2423.JPG,Blueberry___healthy,Blueberry___healthy,0.99999964,True
/clearml_agent_cache/storage_manager/datasets/ds_687ee9f1c8dd4af98240e55e4b18258a/test/Blueberry___healthy/5f794546-04ad-4178-bec4-3feb529a2709___RS_HL_5076.JPG,Blueberry___healthy,Blueberry___healthy,0.9999994,True
/clearml_agent_cache/storage_manager/datasets/ds_687ee9f1c8dd4af98240e55e4b18258a/test/Blueberry___healthy/65a39bbb-6053-4e7d-8c6d-c84eb6a170fe___RS_HL_5484.JPG,Blueberry___healthy,Blueberry___healthy,0.99999964,True
/clearml_agent_cache/storage_manager/datasets/ds_687ee9f1c8dd4af98240e55e4b18258a/test/Blueberry___healthy/7187cb8b-fc9b-443e-901a-5c1d43c2498b___RS_HL_5226.JPG,Blueberry___healthy,Blueberry___healthy,0.9999999,True
/clearml_agent_cache/storage_manager/datasets/ds_687ee9f1c8dd4af98240e55e4b18258a/test/Blueberry___healthy/71f821c8-a80c-40a2-8d4f-37c829962571___RS_HL_5067.JPG,Blueberry___healthy,Blueberry___healthy,0.9999993,True
/clearml_agent_cache/storage_manager/datasets/ds_687ee9f1c8dd4af98240e55e4b18258a/test/Blueberry___healthy/755c8e75-3907-4cbe-8c65-a25f61fc3f8b___RS_HL_2661.JPG,Blueberry___healthy,Blueberry___healthy,0.9999447,True
/clearml_agent_cache/storage_manager/datasets/ds_687ee9f1c8dd4af98240e55e4b18258a/test/Blueberry___healthy/7849b390-4e3e-47ab-b481-94fc04b35ebe___RS_HL_5472.JPG,Blueberry___healthy,Blueberry___healthy,1.0,True
/clearml_agent_cache/storage_manager/datasets/ds_687ee9f1c8dd4af98240e55e4b18258a/test/Blueberry___healthy/79f69c78-9de6-4abc-bc0f-a12fc6a3a580___RS_HL_2269.JPG,Blueberry___healthy,Blueberry___healthy,0.9999999,True
/clearml_agent_cache/storage_manager/datasets/ds_687ee9f1c8dd4af98240e55e4b18258a/test/Blueberry___healthy/885d65ce-526a-4d67-88ae-b02bf055242a___RS_HL_2578.JPG,Blueberry___healthy,Blueberry___healthy,1.0,True
/clearml_agent_cache/storage_manager/datasets/ds_687ee9f1c8dd4af98240e55e4b18258a/test/Blueberry___healthy/8adbdd1e-b609-4038-833d-41f5b193484e___RS_HL_5334.JPG,Blueberry___healthy,Blueberry___healthy,0.99997365,True
/clearml_agent_cache/storage_manager/datasets/ds_687ee9f1c8dd4af98240e55e4b18258a/test/Blueberry___healthy/8e19f70e-e275-4050-a69e-cae988f00d97___RS_HL_5113.JPG,Blueberry___healthy,Blueberry___healthy,1.0,True
/clearml_agent_cache/storage_manager/datasets/ds_687ee9f1c8dd4af98240e55e4b18258a/test/Blueberry___healthy/94ba47f7-70b9-41ec-92ac-9fdb9e71193f___RS_HL_0739.JPG,Blueberry___healthy,Blueberry___healthy,0.9993537,True
/clearml_agent_cache/storage_manager/datasets/ds_687ee9f1c8dd4af98240e55e4b18258a/test/Blueberry___healthy/9aff4599-9cfa-4385-a203-425bbed6fb3a___RS_HL_5290.JPG,Blueberry___healthy,Blueberry___healthy,1.0,True
/clearml_agent_cache/storage_manager/datasets/ds_687ee9f1c8dd4af98240e55e4b18258a/test/Blueberry___healthy/a5974588-2d12-48d1-b167-708e7b725684___RS_HL_5453.JPG,Blueberry___healthy,Blueberry___healthy,0.9999976,True
/clearml_agent_cache/storage_manager/datasets/ds_687ee9f1c8dd4af98240e55e4b18258a/test/Blueberry___healthy/a5edd6ba-b643-4829-b037-f13dc6ad8e7a___RS_HL_0486.JPG,Blueberry___healthy,Blueberry___healthy,0.9999989,True
/clearml_agent_cache/storage_manager/datasets/ds_687ee9f1c8dd4af98240e55e4b18258a/test/Blueberry___healthy/ab376f6d-a5a3-4ba4-b41d-f06b1f4e373e___RS_HL_2296.JPG,Blueberry___healthy,Blueberry___healthy,0.9999999,True
/clearml_agent_cache/storage_manager/datasets/ds_687ee9f1c8dd4af98240e55e4b18258a/test/Blueberry___healthy/ae0b77d4-c2a2-4f33-9dc7-306e848da47b___RS_HL_4988.JPG,Blueberry___healthy,Blueberry___healthy,0.9999999,True
/clearml_agent_cache/storage_manager/datasets/ds_687ee9f1c8dd4af98240e55e4b18258a/test/Blueberry___healthy/af800ed4-140a-44e1-b47d-0d15678617b4___RS_HL_4968.JPG,Blueberry___healthy,Blueberry___healthy,0.99999976,True
/clearml_agent_cache/storage_manager/datasets/ds_687ee9f1c8dd4af98240e55e4b18258a/test/Blueberry___healthy/b4c124c8-9c3c-4669-be78-b91ea43ca6be___RS_HL_2450.JPG,Blueberry___healthy,Blueberry___healthy,0.9999995,True
/clearml_agent_cache/storage_manager/datasets/ds_687ee9f1c8dd4af98240e55e4b18258a/test/Blueberry___healthy/be359185-6775-43a6-8958-2d3b72e846f0___RS_HL_2539.JPG,Blueberry___healthy,Blueberry___healthy,0.9999988,True
/clearml_agent_cache/storage_manager/datasets/ds_687ee9f1c8dd4af98240e55e4b18258a/test/Blueberry___healthy/c3f57681-48c1-4b07-bb15-c8e378c3f0de___RS_HL_2353.JPG,Blueberry___healthy,Blueberry___healthy,0.9999372,True
/clearml_agent_cache/storage_manager/datasets/ds_687ee9f1c8dd4af98240e55e4b18258a/test/Blueberry___healthy/cbb11fd2-ac7a-4e0b-8624-6cbd8aa9b7d4___RS_HL_2441.JPG,Blueberry___healthy,Blueberry___healthy,0.9999999,True
/clearml_agent_cache/storage_manager/datasets/ds_687ee9f1c8dd4af98240e55e4b18258a/test/Blueberry___healthy/d23782f5-02a6-4ec9-ad3b-a926e274b4bd___RS_HL_0509.JPG,Blueberry___healthy,Blueberry___healthy,0.99998665,True
/clearml_agent_cache/storage_manager/datasets/ds_687ee9f1c8dd4af98240e55e4b18258a/test/Blueberry___healthy/da888d41-52ef-4a29-bf48-2a5c6bbb10de___RS_HL_0668.JPG,Blueberry___healthy,Blueberry___healthy,0.999997,True
/clearml_agent_cache/storage_manager/datasets/ds_687ee9f1c8dd4af98240e55e4b18258a/test/Blueberry___healthy/db2779ce-7f0d-4463-9109-9b884270c15e___RS_HL_5053.JPG,Blueberry___healthy,Blueberry___healthy,0.9999993,True
/clearml_agent_cache/storage_manager/datasets/ds_687ee9f1c8dd4af98240e55e4b18258a/test/Blueberry___healthy/de2ad47e-a619-4fce-aeed-074dc4c359f3___RS_HL_2460.JPG,Blueberry___healthy,Blueberry___healthy,0.99999833,True
/clearml_agent_cache/storage_manager/datasets/ds_687ee9f1c8dd4af98240e55e4b18258a/test/Blueberry___healthy/e0bc5390-7104-41c5-94ae-ffbf3bd9a090___RS_HL_2531.JPG,Blueberry___healthy,Blueberry___healthy,0.9999974,True
/clearml_agent_cache/storage_manager/datasets/ds_687ee9f1c8dd4af98240e55e4b18258a/test/Blueberry___healthy/e308a6c9-4637-430f-844d-cc94a0e7fbfa___RS_HL_2323.JPG,Blueberry___healthy,Blueberry___healthy,0.9999993,True
/clearml_agent_cache/storage_manager/datasets/ds_687ee9f1c8dd4af98240e55e4b18258a/test/Blueberry___healthy/e3aa97af-12eb-4f5e-8205-40e4535172e0___RS_HL_5409.JPG,Blueberry___healthy,Blueberry___healthy,0.99999905,True
/clearml_agent_cache/storage_manager/datasets/ds_687ee9f1c8dd4af98240e55e4b18258a/test/Blueberry___healthy/ebeb6e44-f48b-40d6-b7d0-3a1dbfb4d2f8___RS_HL_2568.JPG,Blueberry___healthy,Blueberry___healthy,0.9999999,True
/clearml_agent_cache/storage_manager/datasets/ds_687ee9f1c8dd4af98240e55e4b18258a/test/Blueberry___healthy/ec0039c4-0ec8-451e-8a83-b5d998a552e9___RS_HL_4897.JPG,Blueberry___healthy,Blueberry___healthy,0.99999976,True
/clearml_agent_cache/storage_manager/datasets/ds_687ee9f1c8dd4af98240e55e4b18258a/test/Blueberry___healthy/ed1662da-a95c-4335-b3d4-ddab584cf3e3___RS_HL_2410.JPG,Blueberry___healthy,Blueberry___healthy,0.99999964,True
/clearml_agent_cache/storage_manager/datasets/ds_687ee9f1c8dd4af98240e55e4b18258a/test/Blueberry___healthy/ee2ab356-a54d-4f55-be53-2e32c6de6e94___RS_HL_5085.JPG,Blueberry___healthy,Blueberry___healthy,0.99974304,True
/clearml_agent_cache/storage_manager/datasets/ds_687ee9f1c8dd4af98240e55e4b18258a/test/Blueberry___healthy/ee79ac35-7160-4925-92c3-ffba0a33e92c___RS_HL_4915.JPG,Blueberry___healthy,Blueberry___healthy,0.9999876,True
/clearml_agent_cache/storage_manager/datasets/ds_687ee9f1c8dd4af98240e55e4b18258a/test/Blueberry___healthy/f3d5a32f-d06f-4b82-b99a-8f9d95e83cce___RS_HL_0626.JPG,Blueberry___healthy,Blueberry___healthy,1.0,True
/clearml_agent_cache/storage_manager/datasets/ds_687ee9f1c8dd4af98240e55e4b18258a/test/Blueberry___healthy/f947ba11-68bf-4238-a5e1-ee1c8e912326___RS_HL_0492.JPG,Blueberry___healthy,Blueberry___healthy,0.9999964,True
/clearml_agent_cache/storage_manager/datasets/ds_687ee9f1c8dd4af98240e55e4b18258a/test/Blueberry___healthy/ff009ddb-9b4d-4e16-959d-2bc9b299968d___RS_HL_0696.JPG,Blueberry___healthy,Blueberry___healthy,0.9999938,True
/clearml_agent_cache/storage_manager/datasets/ds_687ee9f1c8dd4af98240e55e4b18258a/test/Cherry_(including_sour)___Powdery_mildew/0a283423-3a6d-43a4-92e5-267c8153ca45___FREC_Pwd.M_4921.JPG,Cherry_(including_sour)___Powdery_mildew,Cherry_(including_sour)___Powdery_mildew,0.9999968,True
/clearml_agent_cache/storage_manager/datasets/ds_687ee9f1c8dd4af98240e55e4b18258a/test/Cherry_(including_sour)___Powdery_mildew/118fc556-d623-4ac9-95e3-e42052930df4___FREC_Pwd.M_5040.JPG,Cherry_(including_sour)___Powdery_mildew,Cherry_(including_sour)___Powdery_mildew,0.9999974,True
/clearml_agent_cache/storage_manager/datasets/ds_687ee9f1c8dd4af98240e55e4b18258a/test/Cherry_(including_sour)___Powdery_mildew/13dd1b68-a54b-465f-aee5-5d1a30109786___FREC_Pwd.M_0244.JPG,Cherry_(including_sour)___Powdery_mildew,Cherry_(including_sour)___Powdery_mildew,1.0,True
/clearml_agent_cache/storage_manager/datasets/ds_687ee9f1c8dd4af98240e55e4b18258a/test/Cherry_(including_sour)___Powdery_mildew/16842219-4e88-460a-bdf0-36bea112a8b6___FREC_Pwd.M_0343.JPG,Cherry_(including_sour)___Powdery_mildew,Cherry_(including_sour)___Powdery_mildew,0.9999999,True
/clearml_agent_cache/storage_manager/datasets/ds_687ee9f1c8dd4af98240e55e4b18258a/test/Cherry_(including_sour)___Powdery_mildew/1e41d6af-63c2-47c2-8a71-f41e558eadbf___FREC_Pwd.M_4557.JPG,Cherry_(including_sour)___Powdery_mildew,Cherry_(including_sour)___Powdery_mildew,0.99999976,True
/clearml_agent_cache/storage_manager/datasets/ds_687ee9f1c8dd4af98240e55e4b18258a/test/Cherry_(including_sour)___Powdery_mildew/1e9cbbdb-4760-4218-881c-9ef0c25e396c___FREC_Pwd.M_5054.JPG,Cherry_(including_sour)___Powdery_mildew,Cherry_(including_sour)___Powdery_mildew,0.9999919,True
/clearml_agent_cache/storage_manager/datasets/ds_687ee9f1c8dd4af98240e55e4b18258a/test/Cherry_(including_sour)___Powdery_mildew/1ec4000c-0a5a-4a9c-8af8-986421967119___FREC_Pwd.M_4529.JPG,Cherry_(including_sour)___Powdery_mildew,Cherry_(including_sour)___Powdery_mildew,0.9999994,True
/clearml_agent_cache/storage_manager/datasets/ds_687ee9f1c8dd4af98240e55e4b18258a/test/Cherry_(including_sour)___Powdery_mildew/220722bd-e1c2-4c24-98a3-030e93663161___FREC_Pwd.M_4990.JPG,Cherry_(including_sour)___Powdery_mildew,Cherry_(including_sour)___Powdery_mildew,1.0,True
/clearml_agent_cache/storage_manager/datasets/ds_687ee9f1c8dd4af98240e55e4b18258a/test/Cherry_(including_sour)___Powdery_mildew/298721d3-169b-46d0-bf19-c54f7c07e0c9___FREC_Pwd.M_5148.JPG,Cherry_(including_sour)___Powdery_mildew,Cherry_(including_sour)___Powdery_mildew,0.97945845,True
/clearml_agent_cache/storage_manager/datasets/ds_687ee9f1c8dd4af98240e55e4b18258a/test/Cherry_(including_sour)___Powdery_mildew/3928d15a-b841-4524-a5be-b34546c358f2___FREC_Pwd.M_0324.JPG,Cherry_(including_sour)___Powdery_mildew,Cherry_(including_sour)___Powdery_mildew,0.99999964,True
/clearml_agent_cache/storage_manager/datasets/ds_687ee9f1c8dd4af98240e55e4b18258a/test/Cherry_(including_sour)___Powdery_mildew/3983b22e-b3b0-464f-b623-bf9131cb513a___FREC_Pwd.M_4741.JPG,Cherry_(including_sour)___Powdery_mildew,Cherry_(including_sour)___Powdery_mildew,0.9999994,True
/clearml_agent_cache/storage_manager/datasets/ds_687ee9f1c8dd4af98240e55e4b18258a/test/Cherry_(including_sour)___Powdery_mildew/40f6e95a-837c-4d31-a1b4-14351c25bd25___FREC_Pwd.M_4621.JPG,Cherry_(including_sour)___Powdery_mildew,Cherry_(including_sour)___Powdery_mildew,0.9999999,True
/clearml_agent_cache/storage_manager/datasets/ds_687ee9f1c8dd4af98240e55e4b18258a/test/Cherry_(including_sour)___Powdery_mildew/498a52a4-eb74-42bf-9209-1bbb5d803342___FREC_Pwd.M_0567.JPG,Cherry_(including_sour)___Powdery_mildew,Cherry_(including_sour)___Powdery_mildew,0.9999993,True
/clearml_agent_cache/storage_manager/datasets/ds_687ee9f1c8dd4af98240e55e4b18258a/test/Cherry_(including_sour)___Powdery_mildew/4b2f2df6-06e4-46c2-9c45-268ddbea8477___FREC_Pwd.M_0375.JPG,Cherry_(including_sour)___Powdery_mildew,Cherry_(including_sour)___Powdery_mildew,0.99999964,True
/clearml_agent_cache/storage_manager/datasets/ds_687ee9f1c8dd4af98240e55e4b18258a/test/Cherry_(including_sour)___Powdery_mildew/4cc877f9-6253-4b54-886c-c5cc5fd5e62c___FREC_Pwd.M_4717.JPG,Cherry_(including_sour)___Powdery_mildew,Cherry_(including_sour)___Powdery_mildew,0.99999595,True
/clearml_agent_cache/storage_manager/datasets/ds_687ee9f1c8dd4af98240e55e4b18258a/test/Cherry_(including_sour)___Powdery_mildew/54b4c0b5-c1e6-445b-8cdf-9c11c3b76e0d___FREC_Pwd.M_5145.JPG,Cherry_(including_sour)___Powdery_mildew,Cherry_(including_sour)___Powdery_mildew,0.9999596,True
/clearml_agent_cache/storage_manager/datasets/ds_687ee9f1c8dd4af98240e55e4b18258a/test/Cherry_(including_sour)___Powdery_mildew/649736d0-34ae-4764-b959-8fd67989a038___FREC_Pwd.M_0361.JPG,Cherry_(including_sour)___Powdery_mildew,Cherry_(including_sour)___Powdery_mildew,0.999998,True
/clearml_agent_cache/storage_manager/datasets/ds_687ee9f1c8dd4af98240e55e4b18258a/test/Cherry_(including_sour)___Powdery_mildew/683ff209-2360-44c5-bc28-7ae288869562___FREC_Pwd.M_4740.JPG,Cherry_(including_sour)___Powdery_mildew,Cherry_(including_sour)___Powdery_mildew,1.0,True
/clearml_agent_cache/storage_manager/datasets/ds_687ee9f1c8dd4af98240e55e4b18258a/test/Cherry_(including_sour)___Powdery_mildew/6ca92452-78c5-422b-bec6-afe04e862a62___FREC_Pwd.M_0341.JPG,Cherry_(including_sour)___Powdery_mildew,Cherry_(including_sour)___Powdery_mildew,0.99999976,True
/clearml_agent_cache/storage_manager/datasets/ds_687ee9f1c8dd4af98240e55e4b18258a/test/Cherry_(including_sour)___Powdery_mildew/7ce9d6bf-c6c3-4be4-a5f1-b6f133691f4a___FREC_Pwd.M_4572.JPG,Cherry_(including_sour)___Powdery_mildew,Cherry_(including_sour)___Powdery_mildew,1.0,True
/clearml_agent_cache/storage_manager/datasets/ds_687ee9f1c8dd4af98240e55e4b18258a/test/Cherry_(including_sour)___Powdery_mildew/7fdf71f5-9de9-4a09-b8e4-a20d15c9b9af___FREC_Pwd.M_0417.JPG,Cherry_(including_sour)___Powdery_mildew,Cherry_(including_sour)___Powdery_mildew,1.0,True
/clearml_agent_cache/storage_manager/datasets/ds_687ee9f1c8dd4af98240e55e4b18258a/test/Cherry_(including_sour)___Powdery_mildew/8197f614-82e6-440a-bb94-74322b7c0b4c___FREC_Pwd.M_0425.JPG,Cherry_(including_sour)___Powdery_mildew,Cherry_(including_sour)___Powdery_mildew,0.9999999,True
/clearml_agent_cache/storage_manager/datasets/ds_687ee9f1c8dd4af98240e55e4b18258a/test/Cherry_(including_sour)___Powdery_mildew/85447316-1260-4088-9121-3b1d69c533f1___FREC_Pwd.M_5141.JPG,Cherry_(including_sour)___Powdery_mildew,Cherry_(including_sour)___Powdery_mildew,0.99891484,True
/clearml_agent_cache/storage_manager/datasets/ds_687ee9f1c8dd4af98240e55e4b18258a/test/Cherry_(including_sour)___Powdery_mildew/87b1168d-39cf-4e31-966b-53a9fc8b8917___FREC_Pwd.M_4956.JPG,Cherry_(including_sour)___Powdery_mildew,Cherry_(including_sour)___Powdery_mildew,0.9999999,True
/clearml_agent_cache/storage_manager/datasets/ds_687ee9f1c8dd4af98240e55e4b18258a/test/Cherry_(including_sour)___Powdery_mildew/937668de-0516-4a8a-870b-9cbaaf83d0fa___FREC_Pwd.M_0437.JPG,Cherry_(including_sour)___Powdery_mildew,Cherry_(including_sour)___Powdery_mildew,0.9999995,True
/clearml_agent_cache/storage_manager/datasets/ds_687ee9f1c8dd4af98240e55e4b18258a/test/Cherry_(including_sour)___Powdery_mildew/9573e36f-a55b-4011-87bb-dadd511b8f7d___FREC_Pwd.M_4639.JPG,Cherry_(including_sour)___Powdery_mildew,Cherry_(including_sour)___Powdery_mildew,0.99999976,True
/clearml_agent_cache/storage_manager/datasets/ds_687ee9f1c8dd4af98240e55e4b18258a/test/Cherry_(including_sour)___Powdery_mildew/994dde28-a70f-4fd9-86db-49151166eb1d___FREC_Pwd.M_4477.JPG,Cherry_(including_sour)___Powdery_mildew,Cherry_(including_sour)___Powdery_mildew,0.9999999,True
/clearml_agent_cache/storage_manager/datasets/ds_687ee9f1c8dd4af98240e55e4b18258a/test/Cherry_(including_sour)___Powdery_mildew/a3e55d23-0e8e-4653-b037-0ee783a5ca84___FREC_Pwd.M_4905.JPG,Cherry_(including_sour)___Powdery_mildew,Cherry_(including_sour)___Powdery_mildew,0.99999094,True
/clearml_agent_cache/storage_manager/datasets/ds_687ee9f1c8dd4af98240e55e4b18258a/test/Cherry_(including_sour)___Powdery_mildew/ac3e6824-a60e-4c8f-a844-4e97abc983a7___FREC_Pwd.M_4801.JPG,Cherry_(including_sour)___Powdery_mildew,Cherry_(including_sour)___Powdery_mildew,0.9999994,True
/clearml_agent_cache/storage_manager/datasets/ds_687ee9f1c8dd4af98240e55e4b18258a/test/Cherry_(including_sour)___Powdery_mildew/b696bdf0-4c75-40e6-a980-000f8d75c654___FREC_Pwd.M_5061.JPG,Cherry_(including_sour)___Powdery_mildew,Cherry_(including_sour)___Powdery_mildew,0.9999951,True
/clearml_agent_cache/storage_manager/datasets/ds_687ee9f1c8dd4af98240e55e4b18258a/test/Cherry_(including_sour)___Powdery_mildew/b94ee91a-27c4-4eca-ab18-f1f6f7a0c495___FREC_Pwd.M_0335.JPG,Cherry_(including_sour)___Powdery_mildew,Cherry_(including_sour)___Powdery_mildew,0.99999774,True
/clearml_agent_cache/storage_manager/datasets/ds_687ee9f1c8dd4af98240e55e4b18258a/test/Cherry_(including_sour)___Powdery_mildew/cfafb471-f8ce-4887-97c6-28363fa5164b___FREC_Pwd.M_4571.JPG,Cherry_(including_sour)___Powdery_mildew,Cherry_(including_sour)___Powdery_mildew,1.0,True
/clearml_agent_cache/storage_manager/datasets/ds_687ee9f1c8dd4af98240e55e4b18258a/test/Cherry_(including_sour)___Powdery_mildew/d1ba4536-2485-4096-a4a9-b29ee62d05d6___FREC_Pwd.M_0344.JPG,Cherry_(including_sour)___Powdery_mildew,Cherry_(including_sour)___Powdery_mildew,0.99999976,True
/clearml_agent_cache/storage_manager/datasets/ds_687ee9f1c8dd4af98240e55e4b18258a/test/Cherry_(including_sour)___Powdery_mildew/d404ee44-8dad-4806-881d-bd607e54f9b2___FREC_Pwd.M_0389.JPG,Cherry_(including_sour)___Powdery_mildew,Cherry_(including_sour)___Powdery_mildew,0.9999994,True
/clearml_agent_cache/storage_manager/datasets/ds_687ee9f1c8dd4af98240e55e4b18258a/test/Cherry_(including_sour)___Powdery_mildew/d5a1ac22-21ee-48d8-b5a0-1fb3b788a4b5___FREC_Pwd.M_5159.JPG,Cherry_(including_sour)___Powdery_mildew,Cherry_(including_sour)___Powdery_mildew,0.9992155,True
/clearml_agent_cache/storage_manager/datasets/ds_687ee9f1c8dd4af98240e55e4b18258a/test/Cherry_(including_sour)___Powdery_mildew/d70696ef-e9b2-418a-b729-51b4abad93d1___FREC_Pwd.M_0274.JPG,Cherry_(including_sour)___Powdery_mildew,Cherry_(including_sour)___Powdery_mildew,0.999995,True
/clearml_agent_cache/storage_manager/datasets/ds_687ee9f1c8dd4af98240e55e4b18258a/test/Cherry_(including_sour)___Powdery_mildew/e62db0eb-95cf-4470-87b8-25e046323c79___FREC_Pwd.M_4766.JPG,Cherry_(including_sour)___Powdery_mildew,Cherry_(including_sour)___Powdery_mildew,0.99998367,True
/clearml_agent_cache/storage_manager/datasets/ds_687ee9f1c8dd4af98240e55e4b18258a/test/Cherry_(including_sour)___Powdery_mildew/e794c6d4-20ea-4643-87dc-34f87db6cafd___FREC_Pwd.M_4967.JPG,Cherry_(including_sour)___Powdery_mildew,Cherry_(including_sour)___Powdery_mildew,0.9999999,True
/clearml_agent_cache/storage_manager/datasets/ds_687ee9f1c8dd4af98240e55e4b18258a/test/Cherry_(including_sour)___Powdery_mildew/e79eda22-9c31-4e34-87e1-e1c9ae2d6449___FREC_Pwd.M_4988.JPG,Cherry_(including_sour)___Powdery_mildew,Cherry_(including_sour)___Powdery_mildew,0.9999989,True
/clearml_agent_cache/storage_manager/datasets/ds_687ee9f1c8dd4af98240e55e4b18258a/test/Cherry_(including_sour)___Powdery_mildew/f60d6eac-3014-44cf-b11b-c4c99ef4b0ba___FREC_Pwd.M_4715.JPG,Cherry_(including_sour)___Powdery_mildew,Cherry_(including_sour)___Powdery_mildew,0.99997175,True
/clearml_agent_cache/storage_manager/datasets/ds_687ee9f1c8dd4af98240e55e4b18258a/test/Cherry_(including_sour)___Powdery_mildew/f9dfbedf-66b4-4493-9ce9-6f6aca0cb152___FREC_Pwd.M_4926.JPG,Cherry_(including_sour)___Powdery_mildew,Cherry_(including_sour)___Powdery_mildew,0.99999964,True
/clearml_agent_cache/storage_manager/datasets/ds_687ee9f1c8dd4af98240e55e4b18258a/test/Cherry_(including_sour)___Powdery_mildew/fc82d54d-ebc6-47d7-8036-2c308524e259___FREC_Pwd.M_4566.JPG,Cherry_(including_sour)___Powdery_mildew,Cherry_(including_sour)___Powdery_mildew,0.99999976,True
/clearml_agent_cache/storage_manager/datasets/ds_687ee9f1c8dd4af98240e55e4b18258a/test/Cherry_(including_sour)___healthy/01958ee7-f585-4956-90aa-a40dc79102d4___JR_HL_9836.JPG,Cherry_(including_sour)___healthy,Cherry_(including_sour)___healthy,0.99999976,True
/clearml_agent_cache/storage_manager/datasets/ds_687ee9f1c8dd4af98240e55e4b18258a/test/Cherry_(including_sour)___healthy/069996a8-8cdb-4837-a5fe-c5a957b5677a___JR_HL_3938.JPG,Cherry_(including_sour)___healthy,Cherry_(including_sour)___healthy,0.9999999,True
/clearml_agent_cache/storage_manager/datasets/ds_687ee9f1c8dd4af98240e55e4b18258a/test/Cherry_(including_sour)___healthy/167f246d-d93a-4a00-bcb0-5b189400a0ee___JR_HL_9547.JPG,Cherry_(including_sour)___healthy,Cherry_(including_sour)___healthy,0.9999962,True
/clearml_agent_cache/storage_manager/datasets/ds_687ee9f1c8dd4af98240e55e4b18258a/test/Cherry_(including_sour)___healthy/17ced140-3575-471d-9a52-9d37a9e4fccd___JR_HL_4266.JPG,Cherry_(including_sour)___healthy,Cherry_(including_sour)___healthy,0.9999944,True
/clearml_agent_cache/storage_manager/datasets/ds_687ee9f1c8dd4af98240e55e4b18258a/test/Cherry_(including_sour)___healthy/190c64b8-b621-4b74-b5f3-f6576fd46cf5___JR_HL_4315.JPG,Cherry_(including_sour)___healthy,Cherry_(including_sour)___healthy,0.9999999,True
/clearml_agent_cache/storage_manager/datasets/ds_687ee9f1c8dd4af98240e55e4b18258a/test/Cherry_(including_sour)___healthy/1a6504f0-c1ee-40be-a789-c9399fb90eee___JR_HL_9549.JPG,Cherry_(including_sour)___healthy,Cherry_(including_sour)___healthy,0.9999976,True
/clearml_agent_cache/storage_manager/datasets/ds_687ee9f1c8dd4af98240e55e4b18258a/test/Cherry_(including_sour)___healthy/2ba65d50-5906-436a-9dee-f23a7e82484f___JR_HL_3991.JPG,Cherry_(including_sour)___healthy,Cherry_(including_sour)___healthy,0.9999999,True
/clearml_agent_cache/storage_manager/datasets/ds_687ee9f1c8dd4af98240e55e4b18258a/test/Cherry_(including_sour)___healthy/3c3e26f4-6a9e-4d98-9e4c-1bed9d51e7b3___JR_HL_4225.JPG,Cherry_(including_sour)___healthy,Cherry_(including_sour)___healthy,0.9999993,True
/clearml_agent_cache/storage_manager/datasets/ds_687ee9f1c8dd4af98240e55e4b18258a/test/Cherry_(including_sour)___healthy/46453b7e-1b79-468b-9678-e761d6967c66___JR_HL_9746.JPG,Cherry_(including_sour)___healthy,Cherry_(including_sour)___healthy,1.0,True
/clearml_agent_cache/storage_manager/datasets/ds_687ee9f1c8dd4af98240e55e4b18258a/test/Cherry_(including_sour)___healthy/4b59856f-7264-4328-a7a3-0a84649f8e89___JR_HL_9642.JPG,Cherry_(including_sour)___healthy,Cherry_(including_sour)___healthy,0.9999999,True
/clearml_agent_cache/storage_manager/datasets/ds_687ee9f1c8dd4af98240e55e4b18258a/test/Cherry_(including_sour)___healthy/501a9e53-250c-4ba7-b216-2295f4883aba___JR_HL_9575.JPG,Cherry_(including_sour)___healthy,Cherry_(including_sour)___healthy,0.9999999,True
/clearml_agent_cache/storage_manager/datasets/ds_687ee9f1c8dd4af98240e55e4b18258a/test/Cherry_(including_sour)___healthy/517b275d-ef1e-49b1-be9e-c7dcc95dab00___JR_HL_3988.JPG,Cherry_(including_sour)___healthy,Cherry_(including_sour)___healthy,0.9999994,True
/clearml_agent_cache/storage_manager/datasets/ds_687ee9f1c8dd4af98240e55e4b18258a/test/Cherry_(including_sour)___healthy/534159ca-ce41-470a-bce3-729af336d250___JR_HL_9809.JPG,Cherry_(including_sour)___healthy,Cherry_(including_sour)___healthy,0.9999999,True
/clearml_agent_cache/storage_manager/datasets/ds_687ee9f1c8dd4af98240e55e4b18258a/test/Cherry_(including_sour)___healthy/53e48eeb-608e-4660-9297-a5ff6f193e48___JR_HL_9792.JPG,Cherry_(including_sour)___healthy,Cherry_(including_sour)___healthy,0.99999654,True
/clearml_agent_cache/storage_manager/datasets/ds_687ee9f1c8dd4af98240e55e4b18258a/test/Cherry_(including_sour)___healthy/5dcf6a68-ca6d-4814-a50d-4b55cd0a11da___JR_HL_9562.JPG,Cherry_(including_sour)___healthy,Cherry_(including_sour)___healthy,0.99999905,True
/clearml_agent_cache/storage_manager/datasets/ds_687ee9f1c8dd4af98240e55e4b18258a/test/Cherry_(including_sour)___healthy/69f4388a-774e-450b-88ae-40e21ebe18d9___JR_HL_4040.JPG,Cherry_(including_sour)___healthy,Cherry_(including_sour)___healthy,0.99999917,True
/clearml_agent_cache/storage_manager/datasets/ds_687ee9f1c8dd4af98240e55e4b18258a/test/Cherry_(including_sour)___healthy/7e88d72b-2f03-4220-afbf-060984a9eec9___JR_HL_4114.JPG,Cherry_(including_sour)___healthy,Cherry_(including_sour)___healthy,0.99999964,True
/clearml_agent_cache/storage_manager/datasets/ds_687ee9f1c8dd4af98240e55e4b18258a/test/Cherry_(including_sour)___healthy/8aacd48c-7710-4171-9738-7105a075cf22___JR_HL_4227.JPG,Cherry_(including_sour)___healthy,Cherry_(including_sour)___healthy,1.0,True
/clearml_agent_cache/storage_manager/datasets/ds_687ee9f1c8dd4af98240e55e4b18258a/test/Cherry_(including_sour)___healthy/9705f45b-e0e3-4d0e-a0f0-ad1c9b3b32a0___JR_HL_4311.JPG,Cherry_(including_sour)___healthy,Cherry_(including_sour)___healthy,0.99997926,True
/clearml_agent_cache/storage_manager/datasets/ds_687ee9f1c8dd4af98240e55e4b18258a/test/Cherry_(including_sour)___healthy/a0f50c57-dd13-45a8-b9d3-b8f270e496f0___JR_HL_4314.JPG,Cherry_(including_sour)___healthy,Cherry_(including_sour)___healthy,0.9999831,True
/clearml_agent_cache/storage_manager/datasets/ds_687ee9f1c8dd4af98240e55e4b18258a/test/Cherry_(including_sour)___healthy/a86c3594-fe38-4647-9642-0695ce9ec40e___JR_HL_9688.JPG,Cherry_(including_sour)___healthy,Cherry_(including_sour)___healthy,0.9999999,True
/clearml_agent_cache/storage_manager/datasets/ds_687ee9f1c8dd4af98240e55e4b18258a/test/Cherry_(including_sour)___healthy/af395454-9418-4504-ad49-a678f9d63302___JR_HL_4161.JPG,Cherry_(including_sour)___healthy,Cherry_(including_sour)___healthy,1.0,True
/clearml_agent_cache/storage_manager/datasets/ds_687ee9f1c8dd4af98240e55e4b18258a/test/Cherry_(including_sour)___healthy/b4ac3179-6fd4-4b2a-bf8c-479de4348ff4___JR_HL_9535.JPG,Cherry_(including_sour)___healthy,Cherry_(including_sour)___healthy,0.9999988,True
/clearml_agent_cache/storage_manager/datasets/ds_687ee9f1c8dd4af98240e55e4b18258a/test/Cherry_(including_sour)___healthy/bc109929-69b5-4b84-9b45-b127ea8c3ca5___JR_HL_4014.JPG,Cherry_(including_sour)___healthy,Cherry_(including_sour)___healthy,1.0,True
/clearml_agent_cache/storage_manager/datasets/ds_687ee9f1c8dd4af98240e55e4b18258a/test/Cherry_(including_sour)___healthy/ccb0e9ab-f7d0-4a63-9ab3-d1653a807f09___JR_HL_3946.JPG,Cherry_(including_sour)___healthy,Cherry_(including_sour)___healthy,1.0,True
/clearml_agent_cache/storage_manager/datasets/ds_687ee9f1c8dd4af98240e55e4b18258a/test/Cherry_(including_sour)___healthy/d0ce3993-5ee6-4745-97de-eaf810eec402___JR_HL_9784.JPG,Cherry_(including_sour)___healthy,Cherry_(including_sour)___healthy,0.99999964,True
/clearml_agent_cache/storage_manager/datasets/ds_687ee9f1c8dd4af98240e55e4b18258a/test/Cherry_(including_sour)___healthy/d3dbee67-a252-467c-bb41-8df8d78ec476___JR_HL_9447.JPG,Cherry_(including_sour)___healthy,Cherry_(including_sour)___healthy,0.9999995,True
/clearml_agent_cache/storage_manager/datasets/ds_687ee9f1c8dd4af98240e55e4b18258a/test/Cherry_(including_sour)___healthy/d88e4a8d-fd1c-41a4-b307-2615ba6783c2___JR_HL_9584.JPG,Cherry_(including_sour)___healthy,Cherry_(including_sour)___healthy,1.0,True
/clearml_agent_cache/storage_manager/datasets/ds_687ee9f1c8dd4af98240e55e4b18258a/test/Cherry_(including_sour)___healthy/daaf49b5-413b-4dca-ab0e-ecd772d8b909___JR_HL_9454.JPG,Cherry_(including_sour)___healthy,Cherry_(including_sour)___healthy,0.9999999,True
/clearml_agent_cache/storage_manager/datasets/ds_687ee9f1c8dd4af98240e55e4b18258a/test/Cherry_(including_sour)___healthy/e4c7c7dc-cf01-41cc-86e6-d68552194785___JR_HL_4293.JPG,Cherry_(including_sour)___healthy,Cherry_(including_sour)___healthy,0.9999571,True
/clearml_agent_cache/storage_manager/datasets/ds_687ee9f1c8dd4af98240e55e4b18258a/test/Cherry_(including_sour)___healthy/ea747458-cad6-409a-8de1-8fc2d5d83c25___JR_HL_9793.JPG,Cherry_(including_sour)___healthy,Cherry_(including_sour)___healthy,0.99999154,True
/clearml_agent_cache/storage_manager/datasets/ds_687ee9f1c8dd4af98240e55e4b18258a/test/Cherry_(including_sour)___healthy/f2808c4d-e64c-4bbf-a1be-86f97247f2e7___JR_HL_9564.JPG,Cherry_(including_sour)___healthy,Cherry_(including_sour)___healthy,0.99999964,True
/clearml_agent_cache/storage_manager/datasets/ds_687ee9f1c8dd4af98240e55e4b18258a/test/Cherry_(including_sour)___healthy/f9b20931-a503-421f-a8d2-59fa99d0b41a___JR_HL_4221.JPG,Cherry_(including_sour)___healthy,Cherry_(including_sour)___healthy,0.99999976,True
/clearml_agent_cache/storage_manager/datasets/ds_687ee9f1c8dd4af98240e55e4b18258a/test/Cherry_(including_sour)___healthy/fcbfc642-292b-4929-aa92-79457994c64f___JR_HL_4030.JPG,Cherry_(including_sour)___healthy,Cherry_(including_sour)___healthy,1.0,True
/clearml_agent_cache/storage_manager/datasets/ds_687ee9f1c8dd4af98240e55e4b18258a/test/Corn_(maize)___Cercospora_leaf_spot_Gray_leaf_spot/045080ca-8b98-4320-adcc-e431f88c1aaa___RS_GLSp_7313.JPG,Corn_(maize)___Cercospora_leaf_spot_Gray_leaf_spot,Corn_(maize)___Cercospora_leaf_spot_Gray_leaf_spot,0.9996611,True
/clearml_agent_cache/storage_manager/datasets/ds_687ee9f1c8dd4af98240e55e4b18258a/test/Corn_(maize)___Cercospora_leaf_spot_Gray_leaf_spot/0f08ab4f-caf6-4e50-a399-000e4e9841a0___RS_GLSp_4623.JPG,Corn_(maize)___Cercospora_leaf_spot_Gray_leaf_spot,Corn_(maize)___Cercospora_leaf_spot_Gray_leaf_spot,0.9999578,True
/clearml_agent_cache/storage_manager/datasets/ds_687ee9f1c8dd4af98240e55e4b18258a/test/Corn_(maize)___Cercospora_leaf_spot_Gray_leaf_spot/1b1991ac-4e5c-4528-ac3d-096d63fb05aa___RS_GLSp_4491.JPG,Corn_(maize)___Cercospora_leaf_spot_Gray_leaf_spot,Corn_(maize)___Cercospora_leaf_spot_Gray_leaf_spot,0.9992036,True
/clearml_agent_cache/storage_manager/datasets/ds_687ee9f1c8dd4af98240e55e4b18258a/test/Corn_(maize)___Cercospora_leaf_spot_Gray_leaf_spot/2162861c-60d9-4831-b922-362d70a47b92___RS_GLSp_4554.JPG,Corn_(maize)___Cercospora_leaf_spot_Gray_leaf_spot,Corn_(maize)___Northern_Leaf_Blight,0.97843367,False
/clearml_agent_cache/storage_manager/datasets/ds_687ee9f1c8dd4af98240e55e4b18258a/test/Corn_(maize)___Cercospora_leaf_spot_Gray_leaf_spot/22e876a7-46e4-4b87-b2ac-0668117fb455___RS_GLSp_4469.JPG,Corn_(maize)___Cercospora_leaf_spot_Gray_leaf_spot,Corn_(maize)___Cercospora_leaf_spot_Gray_leaf_spot,0.99991584,True
/clearml_agent_cache/storage_manager/datasets/ds_687ee9f1c8dd4af98240e55e4b18258a/test/Corn_(maize)___Cercospora_leaf_spot_Gray_leaf_spot/2b6bb6a5-3f70-48da-a968-13d840815bbb___RS_GLSp_9277.JPG,Corn_(maize)___Cercospora_leaf_spot_Gray_leaf_spot,Corn_(maize)___Cercospora_leaf_spot_Gray_leaf_spot,0.99992144,True
/clearml_agent_cache/storage_manager/datasets/ds_687ee9f1c8dd4af98240e55e4b18258a/test/Corn_(maize)___Cercospora_leaf_spot_Gray_leaf_spot/3c70ede6-fd2c-4e9c-8c2c-2d6a369564d4___RS_GLSp_4345.JPG,Corn_(maize)___Cercospora_leaf_spot_Gray_leaf_spot,Corn_(maize)___Cercospora_leaf_spot_Gray_leaf_spot,0.99886537,True
/clearml_agent_cache/storage_manager/datasets/ds_687ee9f1c8dd4af98240e55e4b18258a/test/Corn_(maize)___Cercospora_leaf_spot_Gray_leaf_spot/3e21011f-edbd-4a4a-ae6d-16e08552169a___RS_GLSp_7310.JPG,Corn_(maize)___Cercospora_leaf_spot_Gray_leaf_spot,Corn_(maize)___Cercospora_leaf_spot_Gray_leaf_spot,0.9991442,True
/clearml_agent_cache/storage_manager/datasets/ds_687ee9f1c8dd4af98240e55e4b18258a/test/Corn_(maize)___Cercospora_leaf_spot_Gray_leaf_spot/53ef1232-f812-41e7-bb8c-190241c11fc3___RS_GLSp_4617.JPG,Corn_(maize)___Cercospora_leaf_spot_Gray_leaf_spot,Corn_(maize)___Northern_Leaf_Blight,0.7729353,False
/clearml_agent_cache/storage_manager/datasets/ds_687ee9f1c8dd4af98240e55e4b18258a/test/Corn_(maize)___Cercospora_leaf_spot_Gray_leaf_spot/59726309-40b6-498d-a487-ff2d8fc455a8___RS_GLSp_4686.JPG,Corn_(maize)___Cercospora_leaf_spot_Gray_leaf_spot,Corn_(maize)___Cercospora_leaf_spot_Gray_leaf_spot,0.74022365,True
/clearml_agent_cache/storage_manager/datasets/ds_687ee9f1c8dd4af98240e55e4b18258a/test/Corn_(maize)___Cercospora_leaf_spot_Gray_leaf_spot/62e5f367-b111-478b-a187-88c298dc83be___RS_GLSp_9320.JPG,Corn_(maize)___Cercospora_leaf_spot_Gray_leaf_spot,Corn_(maize)___Cercospora_leaf_spot_Gray_leaf_spot,0.9999989,True
/clearml_agent_cache/storage_manager/datasets/ds_687ee9f1c8dd4af98240e55e4b18258a/test/Corn_(maize)___Cercospora_leaf_spot_Gray_leaf_spot/950e2b3f-a007-48c5-bb85-8c68336a7e76___RS_GLSp_4453.JPG,Corn_(maize)___Cercospora_leaf_spot_Gray_leaf_spot,Corn_(maize)___Cercospora_leaf_spot_Gray_leaf_spot,0.9258996,True
/clearml_agent_cache/storage_manager/datasets/ds_687ee9f1c8dd4af98240e55e4b18258a/test/Corn_(maize)___Cercospora_leaf_spot_Gray_leaf_spot/9c78e47a-8ed7-4b8f-8230-499e2d135a0a___RS_GLSp_4335.JPG,Corn_(maize)___Cercospora_leaf_spot_Gray_leaf_spot,Corn_(maize)___Cercospora_leaf_spot_Gray_leaf_spot,0.9987264,True
/clearml_agent_cache/storage_manager/datasets/ds_687ee9f1c8dd4af98240e55e4b18258a/test/Corn_(maize)___Cercospora_leaf_spot_Gray_leaf_spot/9e6ca942-064a-49ec-b7f9-8a1e25b5c0fe___RS_GLSp_4435.JPG,Corn_(maize)___Cercospora_leaf_spot_Gray_leaf_spot,Corn_(maize)___Cercospora_leaf_spot_Gray_leaf_spot,0.9999999,True
/clearml_agent_cache/storage_manager/datasets/ds_687ee9f1c8dd4af98240e55e4b18258a/test/Corn_(maize)___Cercospora_leaf_spot_Gray_leaf_spot/a23ba9aa-4f37-4d07-b4ef-396fcaf6514d___RS_GLSp_4553.JPG,Corn_(maize)___Cercospora_leaf_spot_Gray_leaf_spot,Corn_(maize)___Cercospora_leaf_spot_Gray_leaf_spot,0.68101954,True
/clearml_agent_cache/storage_manager/datasets/ds_687ee9f1c8dd4af98240e55e4b18258a/test/Corn_(maize)___Cercospora_leaf_spot_Gray_leaf_spot/b1a62b73-9ab9-464a-99dc-b6fb11130dde___RS_GLSp_4382.JPG,Corn_(maize)___Cercospora_leaf_spot_Gray_leaf_spot,Corn_(maize)___Cercospora_leaf_spot_Gray_leaf_spot,0.9996213,True
/clearml_agent_cache/storage_manager/datasets/ds_687ee9f1c8dd4af98240e55e4b18258a/test/Corn_(maize)___Cercospora_leaf_spot_Gray_leaf_spot/b2601912-33a1-4fb5-915a-d09d9808c7a1___RS_GLSp_7340.JPG,Corn_(maize)___Cercospora_leaf_spot_Gray_leaf_spot,Corn_(maize)___Cercospora_leaf_spot_Gray_leaf_spot,0.99879694,True
/clearml_agent_cache/storage_manager/datasets/ds_687ee9f1c8dd4af98240e55e4b18258a/test/Corn_(maize)___Cercospora_leaf_spot_Gray_leaf_spot/b60e5a26-af11-4e63-aecf-e526cb61ec5a___RS_GLSp_4341.JPG,Corn_(maize)___Cercospora_leaf_spot_Gray_leaf_spot,Corn_(maize)___Cercospora_leaf_spot_Gray_leaf_spot,0.99998,True
/clearml_agent_cache/storage_manager/datasets/ds_687ee9f1c8dd4af98240e55e4b18258a/test/Corn_(maize)___Cercospora_leaf_spot_Gray_leaf_spot/d072dd28-bda5-4666-bffc-2a70f7fbccb3___RS_GLSp_4651.JPG,Corn_(maize)___Cercospora_leaf_spot_Gray_leaf_spot,Corn_(maize)___Cercospora_leaf_spot_Gray_leaf_spot,0.99882513,True
/clearml_agent_cache/storage_manager/datasets/ds_687ee9f1c8dd4af98240e55e4b18258a/test/Corn_(maize)___Cercospora_leaf_spot_Gray_leaf_spot/ee4db8d4-db61-49b3-85d9-bb8f52518815___RS_GLSp_4687.JPG,Corn_(maize)___Cercospora_leaf_spot_Gray_leaf_spot,Corn_(maize)___Cercospora_leaf_spot_Gray_leaf_spot,0.999984,True
/clearml_agent_cache/storage_manager/datasets/ds_687ee9f1c8dd4af98240e55e4b18258a/test/Corn_(maize)___Common_rust_/RS_Rust_1565.JPG,Corn_(maize)___Common_rust_,Corn_(maize)___Common_rust_,1.0,True
/clearml_agent_cache/storage_manager/datasets/ds_687ee9f1c8dd4af98240e55e4b18258a/test/Corn_(maize)___Common_rust_/RS_Rust_1627.JPG,Corn_(maize)___Common_rust_,Corn_(maize)___Common_rust_,1.0,True
/clearml_agent_cache/storage_manager/datasets/ds_687ee9f1c8dd4af98240e55e4b18258a/test/Corn_(maize)___Common_rust_/RS_Rust_1634.JPG,Corn_(maize)___Common_rust_,Corn_(maize)___Common_rust_,1.0,True
/clearml_agent_cache/storage_manager/datasets/ds_687ee9f1c8dd4af98240e55e4b18258a/test/Corn_(maize)___Common_rust_/RS_Rust_1636.JPG,Corn_(maize)___Common_rust_,Corn_(maize)___Common_rust_,1.0,True
/clearml_agent_cache/storage_manager/datasets/ds_687ee9f1c8dd4af98240e55e4b18258a/test/Corn_(maize)___Common_rust_/RS_Rust_1638.JPG,Corn_(maize)___Common_rust_,Corn_(maize)___Common_rust_,1.0,True
/clearml_agent_cache/storage_manager/datasets/ds_687ee9f1c8dd4af98240e55e4b18258a/test/Corn_(maize)___Common_rust_/RS_Rust_1640.JPG,Corn_(maize)___Common_rust_,Corn_(maize)___Common_rust_,1.0,True
/clearml_agent_cache/storage_manager/datasets/ds_687ee9f1c8dd4af98240e55e4b18258a/test/Corn_(maize)___Common_rust_/RS_Rust_1667.JPG,Corn_(maize)___Common_rust_,Corn_(maize)___Common_rust_,1.0,True
/clearml_agent_cache/storage_manager/datasets/ds_687ee9f1c8dd4af98240e55e4b18258a/test/Corn_(maize)___Common_rust_/RS_Rust_1758.JPG,Corn_(maize)___Common_rust_,Corn_(maize)___Common_rust_,1.0,True
/clearml_agent_cache/storage_manager/datasets/ds_687ee9f1c8dd4af98240e55e4b18258a/test/Corn_(maize)___Common_rust_/RS_Rust_1762.JPG,Corn_(maize)___Common_rust_,Corn_(maize)___Common_rust_,1.0,True
/clearml_agent_cache/storage_manager/datasets/ds_687ee9f1c8dd4af98240e55e4b18258a/test/Corn_(maize)___Common_rust_/RS_Rust_1771.JPG,Corn_(maize)___Common_rust_,Corn_(maize)___Common_rust_,1.0,True
/clearml_agent_cache/storage_manager/datasets/ds_687ee9f1c8dd4af98240e55e4b18258a/test/Corn_(maize)___Common_rust_/RS_Rust_1775.JPG,Corn_(maize)___Common_rust_,Corn_(maize)___Common_rust_,1.0,True
/clearml_agent_cache/storage_manager/datasets/ds_687ee9f1c8dd4af98240e55e4b18258a/test/Corn_(maize)___Common_rust_/RS_Rust_1802.JPG,Corn_(maize)___Common_rust_,Corn_(maize)___Common_rust_,1.0,True
/clearml_agent_cache/storage_manager/datasets/ds_687ee9f1c8dd4af98240e55e4b18258a/test/Corn_(maize)___Common_rust_/RS_Rust_1831.JPG,Corn_(maize)___Common_rust_,Corn_(maize)___Common_rust_,1.0,True
/clearml_agent_cache/storage_manager/datasets/ds_687ee9f1c8dd4af98240e55e4b18258a/test/Corn_(maize)___Common_rust_/RS_Rust_1838.JPG,Corn_(maize)___Common_rust_,Corn_(maize)___Common_rust_,1.0,True
/clearml_agent_cache/storage_manager/datasets/ds_687ee9f1c8dd4af98240e55e4b18258a/test/Corn_(maize)___Common_rust_/RS_Rust_1900.JPG,Corn_(maize)___Common_rust_,Corn_(maize)___Common_rust_,1.0,True
/clearml_agent_cache/storage_manager/datasets/ds_687ee9f1c8dd4af98240e55e4b18258a/test/Corn_(maize)___Common_rust_/RS_Rust_1922.JPG,Corn_(maize)___Common_rust_,Corn_(maize)___Common_rust_,1.0,True
/clearml_agent_cache/storage_manager/datasets/ds_687ee9f1c8dd4af98240e55e4b18258a/test/Corn_(maize)___Common_rust_/RS_Rust_1935.JPG,Corn_(maize)___Common_rust_,Corn_(maize)___Common_rust_,0.9999993,True
/clearml_agent_cache/storage_manager/datasets/ds_687ee9f1c8dd4af98240e55e4b18258a/test/Corn_(maize)___Common_rust_/RS_Rust_1958.JPG,Corn_(maize)___Common_rust_,Corn_(maize)___Common_rust_,1.0,True
/clearml_agent_cache/storage_manager/datasets/ds_687ee9f1c8dd4af98240e55e4b18258a/test/Corn_(maize)___Common_rust_/RS_Rust_2049.JPG,Corn_(maize)___Common_rust_,Corn_(maize)___Common_rust_,1.0,True
/clearml_agent_cache/storage_manager/datasets/ds_687ee9f1c8dd4af98240e55e4b18258a/test/Corn_(maize)___Common_rust_/RS_Rust_2064.JPG,Corn_(maize)___Common_rust_,Corn_(maize)___Common_rust_,1.0,True
/clearml_agent_cache/storage_manager/datasets/ds_687ee9f1c8dd4af98240e55e4b18258a/test/Corn_(maize)___Common_rust_/RS_Rust_2078.JPG,Corn_(maize)___Common_rust_,Corn_(maize)___Common_rust_,1.0,True
/clearml_agent_cache/storage_manager/datasets/ds_687ee9f1c8dd4af98240e55e4b18258a/test/Corn_(maize)___Common_rust_/RS_Rust_2086.JPG,Corn_(maize)___Common_rust_,Corn_(maize)___Common_rust_,0.9832132,True
/clearml_agent_cache/storage_manager/datasets/ds_687ee9f1c8dd4af98240e55e4b18258a/test/Corn_(maize)___Common_rust_/RS_Rust_2112.JPG,Corn_(maize)___Common_rust_,Corn_(maize)___Common_rust_,0.9999999,True
/clearml_agent_cache/storage_manager/datasets/ds_687ee9f1c8dd4af98240e55e4b18258a/test/Corn_(maize)___Common_rust_/RS_Rust_2156.JPG,Corn_(maize)___Common_rust_,Corn_(maize)___Common_rust_,1.0,True
/clearml_agent_cache/storage_manager/datasets/ds_687ee9f1c8dd4af98240e55e4b18258a/test/Corn_(maize)___Common_rust_/RS_Rust_2187.JPG,Corn_(maize)___Common_rust_,Corn_(maize)___Common_rust_,1.0,True
/clearml_agent_cache/storage_manager/datasets/ds_687ee9f1c8dd4af98240e55e4b18258a/test/Corn_(maize)___Common_rust_/RS_Rust_2192.JPG,Corn_(maize)___Common_rust_,Corn_(maize)___Common_rust_,1.0,True
/clearml_agent_cache/storage_manager/datasets/ds_687ee9f1c8dd4af98240e55e4b18258a/test/Corn_(maize)___Common_rust_/RS_Rust_2197.JPG,Corn_(maize)___Common_rust_,Corn_(maize)___Common_rust_,1.0,True
/clearml_agent_cache/storage_manager/datasets/ds_687ee9f1c8dd4af98240e55e4b18258a/test/Corn_(maize)___Common_rust_/RS_Rust_2198.JPG,Corn_(maize)___Common_rust_,Corn_(maize)___Common_rust_,1.0,True
/clearml_agent_cache/storage_manager/datasets/ds_687ee9f1c8dd4af98240e55e4b18258a/test/Corn_(maize)___Common_rust_/RS_Rust_2216.JPG,Corn_(maize)___Common_rust_,Corn_(maize)___Common_rust_,1.0,True
/clearml_agent_cache/storage_manager/datasets/ds_687ee9f1c8dd4af98240e55e4b18258a/test/Corn_(maize)___Common_rust_/RS_Rust_2223.JPG,Corn_(maize)___Common_rust_,Corn_(maize)___Common_rust_,1.0,True
/clearml_agent_cache/storage_manager/datasets/ds_687ee9f1c8dd4af98240e55e4b18258a/test/Corn_(maize)___Common_rust_/RS_Rust_2256.JPG,Corn_(maize)___Common_rust_,Corn_(maize)___Common_rust_,1.0,True
/clearml_agent_cache/storage_manager/datasets/ds_687ee9f1c8dd4af98240e55e4b18258a/test/Corn_(maize)___Common_rust_/RS_Rust_2271.JPG,Corn_(maize)___Common_rust_,Corn_(maize)___Common_rust_,1.0,True
/clearml_agent_cache/storage_manager/datasets/ds_687ee9f1c8dd4af98240e55e4b18258a/test/Corn_(maize)___Common_rust_/RS_Rust_2289.JPG,Corn_(maize)___Common_rust_,Corn_(maize)___Common_rust_,1.0,True
/clearml_agent_cache/storage_manager/datasets/ds_687ee9f1c8dd4af98240e55e4b18258a/test/Corn_(maize)___Common_rust_/RS_Rust_2322.JPG,Corn_(maize)___Common_rust_,Corn_(maize)___Common_rust_,0.99998975,True
/clearml_agent_cache/storage_manager/datasets/ds_687ee9f1c8dd4af98240e55e4b18258a/test/Corn_(maize)___Common_rust_/RS_Rust_2329.JPG,Corn_(maize)___Common_rust_,Corn_(maize)___Common_rust_,1.0,True
/clearml_agent_cache/storage_manager/datasets/ds_687ee9f1c8dd4af98240e55e4b18258a/test/Corn_(maize)___Common_rust_/RS_Rust_2429.JPG,Corn_(maize)___Common_rust_,Corn_(maize)___Common_rust_,1.0,True
/clearml_agent_cache/storage_manager/datasets/ds_687ee9f1c8dd4af98240e55e4b18258a/test/Corn_(maize)___Common_rust_/RS_Rust_2468.JPG,Corn_(maize)___Common_rust_,Corn_(maize)___Common_rust_,1.0,True
/clearml_agent_cache/storage_manager/datasets/ds_687ee9f1c8dd4af98240e55e4b18258a/test/Corn_(maize)___Common_rust_/RS_Rust_2497.JPG,Corn_(maize)___Common_rust_,Corn_(maize)___Common_rust_,1.0,True
/clearml_agent_cache/storage_manager/datasets/ds_687ee9f1c8dd4af98240e55e4b18258a/test/Corn_(maize)___Common_rust_/RS_Rust_2513.JPG,Corn_(maize)___Common_rust_,Corn_(maize)___Common_rust_,1.0,True
/clearml_agent_cache/storage_manager/datasets/ds_687ee9f1c8dd4af98240e55e4b18258a/test/Corn_(maize)___Common_rust_/RS_Rust_2519.JPG,Corn_(maize)___Common_rust_,Corn_(maize)___Common_rust_,0.9999993,True
/clearml_agent_cache/storage_manager/datasets/ds_687ee9f1c8dd4af98240e55e4b18258a/test/Corn_(maize)___Common_rust_/RS_Rust_2537.JPG,Corn_(maize)___Common_rust_,Corn_(maize)___Common_rust_,1.0,True
/clearml_agent_cache/storage_manager/datasets/ds_687ee9f1c8dd4af98240e55e4b18258a/test/Corn_(maize)___Common_rust_/RS_Rust_2582.JPG,Corn_(maize)___Common_rust_,Corn_(maize)___Common_rust_,1.0,True
/clearml_agent_cache/storage_manager/datasets/ds_687ee9f1c8dd4af98240e55e4b18258a/test/Corn_(maize)___Common_rust_/RS_Rust_2583.JPG,Corn_(maize)___Common_rust_,Corn_(maize)___Common_rust_,1.0,True
/clearml_agent_cache/storage_manager/datasets/ds_687ee9f1c8dd4af98240e55e4b18258a/test/Corn_(maize)___Common_rust_/RS_Rust_2672.JPG,Corn_(maize)___Common_rust_,Corn_(maize)___Common_rust_,1.0,True
/clearml_agent_cache/storage_manager/datasets/ds_687ee9f1c8dd4af98240e55e4b18258a/test/Corn_(maize)___Common_rust_/RS_Rust_2684.JPG,Corn_(maize)___Common_rust_,Corn_(maize)___Common_rust_,1.0,True
/clearml_agent_cache/storage_manager/datasets/ds_687ee9f1c8dd4af98240e55e4b18258a/test/Corn_(maize)___Common_rust_/RS_Rust_2734.JPG,Corn_(maize)___Common_rust_,Corn_(maize)___Common_rust_,1.0,True
/clearml_agent_cache/storage_manager/datasets/ds_687ee9f1c8dd4af98240e55e4b18258a/test/Corn_(maize)___Common_rust_/RS_Rust_2754.JPG,Corn_(maize)___Common_rust_,Corn_(maize)___Common_rust_,1.0,True
/clearml_agent_cache/storage_manager/datasets/ds_687ee9f1c8dd4af98240e55e4b18258a/test/Corn_(maize)___Common_rust_/RS_Rust_2765.JPG,Corn_(maize)___Common_rust_,Corn_(maize)___Common_rust_,1.0,True
/clearml_agent_cache/storage_manager/datasets/ds_687ee9f1c8dd4af98240e55e4b18258a/test/Corn_(maize)___Northern_Leaf_Blight/02eee796-1a1e-4d63-8247-a6aac6bfb272___RS_NLB_3546.JPG,Corn_(maize)___Northern_Leaf_Blight,Corn_(maize)___Northern_Leaf_Blight,0.9999964,True
/clearml_agent_cache/storage_manager/datasets/ds_687ee9f1c8dd4af98240e55e4b18258a/test/Corn_(maize)___Northern_Leaf_Blight/1600d5c2-b322-475d-bdf2-5609095bee27___RS_NLB_3499.JPG,Corn_(maize)___Northern_Leaf_Blight,Corn_(maize)___Northern_Leaf_Blight,0.9999664,True
/clearml_agent_cache/storage_manager/datasets/ds_687ee9f1c8dd4af98240e55e4b18258a/test/Corn_(maize)___Northern_Leaf_Blight/236182d1-2b87-43d0-ac15-73c7059c70b8___RS_NLB_4239.JPG,Corn_(maize)___Northern_Leaf_Blight,Corn_(maize)___Northern_Leaf_Blight,0.9998363,True
/clearml_agent_cache/storage_manager/datasets/ds_687ee9f1c8dd4af98240e55e4b18258a/test/Corn_(maize)___Northern_Leaf_Blight/2418712a-bebb-45ca-b632-4f0548133221___RS_NLB_3477.JPG,Corn_(maize)___Northern_Leaf_Blight,Corn_(maize)___Northern_Leaf_Blight,0.9999143,True
/clearml_agent_cache/storage_manager/datasets/ds_687ee9f1c8dd4af98240e55e4b18258a/test/Corn_(maize)___Northern_Leaf_Blight/2646db6b-dba9-4de7-b569-adbc96d3f127___RS_NLB_4269_copy.jpg,Corn_(maize)___Northern_Leaf_Blight,Corn_(maize)___Northern_Leaf_Blight,0.9999902,True
/clearml_agent_cache/storage_manager/datasets/ds_687ee9f1c8dd4af98240e55e4b18258a/test/Corn_(maize)___Northern_Leaf_Blight/2bad1ec2-1bd5-431c-919d-31247d9f32e2___RS_NLB_4180.JPG,Corn_(maize)___Northern_Leaf_Blight,Corn_(maize)___Northern_Leaf_Blight,0.99414486,True
/clearml_agent_cache/storage_manager/datasets/ds_687ee9f1c8dd4af98240e55e4b18258a/test/Corn_(maize)___Northern_Leaf_Blight/2e1013a9-88bb-494f-9ed5-7e8e79f9a7ca___RS_NLB_3606_copy.jpg,Corn_(maize)___Northern_Leaf_Blight,Corn_(maize)___Northern_Leaf_Blight,0.9987264,True
/clearml_agent_cache/storage_manager/datasets/ds_687ee9f1c8dd4af98240e55e4b18258a/test/Corn_(maize)___Northern_Leaf_Blight/320dcbe6-2ac8-47bb-a5ac-06c966674732___RS_NLB_4281.JPG,Corn_(maize)___Northern_Leaf_Blight,Corn_(maize)___Northern_Leaf_Blight,0.9999974,True
/clearml_agent_cache/storage_manager/datasets/ds_687ee9f1c8dd4af98240e55e4b18258a/test/Corn_(maize)___Northern_Leaf_Blight/32a99994-e15d-460c-818c-4b02afa5c880___RS_NLB_4179.JPG,Corn_(maize)___Northern_Leaf_Blight,Corn_(maize)___Northern_Leaf_Blight,0.99934584,True
/clearml_agent_cache/storage_manager/datasets/ds_687ee9f1c8dd4af98240e55e4b18258a/test/Corn_(maize)___Northern_Leaf_Blight/429213c9-31f8-49e0-bf27-5ffe7c43100d___RS_NLB_0802.JPG,Corn_(maize)___Northern_Leaf_Blight,Corn_(maize)___Northern_Leaf_Blight,0.9999981,True
/clearml_agent_cache/storage_manager/datasets/ds_687ee9f1c8dd4af98240e55e4b18258a/test/Corn_(maize)___Northern_Leaf_Blight/4454fe11-5b0f-48b2-9c16-090100c6332e___RS_NLB_4037.JPG,Corn_(maize)___Northern_Leaf_Blight,Corn_(maize)___Northern_Leaf_Blight,0.99991786,True
/clearml_agent_cache/storage_manager/datasets/ds_687ee9f1c8dd4af98240e55e4b18258a/test/Corn_(maize)___Northern_Leaf_Blight/4750f625-023b-46c8-8236-9a3c6bb93c73___RS_NLB_3471.JPG,Corn_(maize)___Northern_Leaf_Blight,Corn_(maize)___Northern_Leaf_Blight,0.9999995,True
/clearml_agent_cache/storage_manager/datasets/ds_687ee9f1c8dd4af98240e55e4b18258a/test/Corn_(maize)___Northern_Leaf_Blight/5376d36b-07e3-42b8-9b5f-1ec2d9e720ed___RS_NLB_3684.JPG,Corn_(maize)___Northern_Leaf_Blight,Corn_(maize)___Northern_Leaf_Blight,0.9997224,True
/clearml_agent_cache/storage_manager/datasets/ds_687ee9f1c8dd4af98240e55e4b18258a/test/Corn_(maize)___Northern_Leaf_Blight/59b2c9f9-6a26-4870-aaf9-a613d960efe8___RS_NLB_3875.JPG,Corn_(maize)___Northern_Leaf_Blight,Corn_(maize)___Northern_Leaf_Blight,0.9999902,True
/clearml_agent_cache/storage_manager/datasets/ds_687ee9f1c8dd4af98240e55e4b18258a/test/Corn_(maize)___Northern_Leaf_Blight/59bc212e-6b39-4712-b9c9-6edc3fa3e05f___RS_NLB_3604_copy_2.jpg,Corn_(maize)___Northern_Leaf_Blight,Corn_(maize)___Northern_Leaf_Blight,0.9999881,True
/clearml_agent_cache/storage_manager/datasets/ds_687ee9f1c8dd4af98240e55e4b18258a/test/Corn_(maize)___Northern_Leaf_Blight/5b019e22-e0b0-4430-b238-50876180cd07___RS_NLB_3717.JPG,Corn_(maize)___Northern_Leaf_Blight,Corn_(maize)___Northern_Leaf_Blight,0.9999962,True
/clearml_agent_cache/storage_manager/datasets/ds_687ee9f1c8dd4af98240e55e4b18258a/test/Corn_(maize)___Northern_Leaf_Blight/5cfb5a57-6c25-41a8-b953-a8f8c11b5665___RS_NLB_4134.JPG,Corn_(maize)___Northern_Leaf_Blight,Corn_(maize)___Northern_Leaf_Blight,0.9999217,True
/clearml_agent_cache/storage_manager/datasets/ds_687ee9f1c8dd4af98240e55e4b18258a/test/Corn_(maize)___Northern_Leaf_Blight/5d8533b8-c57e-49af-aa9e-e4ab9f28f92b___RS_NLB_3691.JPG,Corn_(maize)___Northern_Leaf_Blight,Corn_(maize)___Northern_Leaf_Blight,0.99999726,True
/clearml_agent_cache/storage_manager/datasets/ds_687ee9f1c8dd4af98240e55e4b18258a/test/Corn_(maize)___Northern_Leaf_Blight/6313736d-ff6e-4180-8f38-8c9e635d9da9___RS_NLB_3865.JPG,Corn_(maize)___Northern_Leaf_Blight,Corn_(maize)___Northern_Leaf_Blight,0.99999976,True
/clearml_agent_cache/storage_manager/datasets/ds_687ee9f1c8dd4af98240e55e4b18258a/test/Corn_(maize)___Northern_Leaf_Blight/63d75f8e-ad04-46d0-bc14-9c40a6961a80___RS_NLB_4185.JPG,Corn_(maize)___Northern_Leaf_Blight,Corn_(maize)___Northern_Leaf_Blight,0.99984765,True
/clearml_agent_cache/storage_manager/datasets/ds_687ee9f1c8dd4af98240e55e4b18258a/test/Corn_(maize)___Northern_Leaf_Blight/73a8b159-a494-458e-8177-225cf3cb4618___RS_NLB_3846.JPG,Corn_(maize)___Northern_Leaf_Blight,Corn_(maize)___Northern_Leaf_Blight,0.9836885,True
/clearml_agent_cache/storage_manager/datasets/ds_687ee9f1c8dd4af98240e55e4b18258a/test/Corn_(maize)___Northern_Leaf_Blight/751475e8-516b-4708-8509-7137931ad7ae___RS_NLB_3597.JPG,Corn_(maize)___Northern_Leaf_Blight,Corn_(maize)___Northern_Leaf_Blight,0.99514425,True
/clearml_agent_cache/storage_manager/datasets/ds_687ee9f1c8dd4af98240e55e4b18258a/test/Corn_(maize)___Northern_Leaf_Blight/7c2262ee-b83a-4f5c-97d8-e1bf57ac4a60___RS_NLB_3681.JPG,Corn_(maize)___Northern_Leaf_Blight,Corn_(maize)___Northern_Leaf_Blight,0.99999464,True
/clearml_agent_cache/storage_manager/datasets/ds_687ee9f1c8dd4af98240e55e4b18258a/test/Corn_(maize)___Northern_Leaf_Blight/948adb0d-8641-48ee-ba43-53e34b33bece___RS_NLB_3590.JPG,Corn_(maize)___Northern_Leaf_Blight,Corn_(maize)___Northern_Leaf_Blight,0.9999999,True
/clearml_agent_cache/storage_manager/datasets/ds_687ee9f1c8dd4af98240e55e4b18258a/test/Corn_(maize)___Northern_Leaf_Blight/aab5319c-f249-41e2-86c1-ce96c4c89ca0___RS_NLB_3504.JPG,Corn_(maize)___Northern_Leaf_Blight,Corn_(maize)___Northern_Leaf_Blight,0.9999945,True
/clearml_agent_cache/storage_manager/datasets/ds_687ee9f1c8dd4af98240e55e4b18258a/test/Corn_(maize)___Northern_Leaf_Blight/b3828c2f-54ca-4673-91e0-3c531a5a8be5___RS_NLB_4282.JPG,Corn_(maize)___Northern_Leaf_Blight,Corn_(maize)___Northern_Leaf_Blight,0.999959,True
/clearml_agent_cache/storage_manager/datasets/ds_687ee9f1c8dd4af98240e55e4b18258a/test/Corn_(maize)___Northern_Leaf_Blight/b7fc574e-e12e-4dc5-94c2-698892884e66___RS_NLB_0817.JPG,Corn_(maize)___Northern_Leaf_Blight,Corn_(maize)___Northern_Leaf_Blight,0.9999912,True
/clearml_agent_cache/storage_manager/datasets/ds_687ee9f1c8dd4af98240e55e4b18258a/test/Corn_(maize)___Northern_Leaf_Blight/ba99509a-8a3b-48b5-b298-748ab3c2bb63___RS_NLB_3719.JPG,Corn_(maize)___Northern_Leaf_Blight,Corn_(maize)___Northern_Leaf_Blight,0.9752729,True
/clearml_agent_cache/storage_manager/datasets/ds_687ee9f1c8dd4af98240e55e4b18258a/test/Corn_(maize)___Northern_Leaf_Blight/bacc8c75-6b9e-4d50-a4f2-4c543b759b71___RS_NLB_4273.JPG,Corn_(maize)___Northern_Leaf_Blight,Corn_(maize)___Northern_Leaf_Blight,0.9999356,True
/clearml_agent_cache/storage_manager/datasets/ds_687ee9f1c8dd4af98240e55e4b18258a/test/Corn_(maize)___Northern_Leaf_Blight/cce27cf2-5ec0-4418-bbc1-493c1f899a38___RS_NLB_4204.JPG,Corn_(maize)___Northern_Leaf_Blight,Corn_(maize)___Northern_Leaf_Blight,0.9999504,True
/clearml_agent_cache/storage_manager/datasets/ds_687ee9f1c8dd4af98240e55e4b18258a/test/Corn_(maize)___Northern_Leaf_Blight/cea4e177-947e-466f-9b0f-fc2adae6a02e___RS_NLB_4198.JPG,Corn_(maize)___Northern_Leaf_Blight,Corn_(maize)___Northern_Leaf_Blight,0.99963474,True
/clearml_agent_cache/storage_manager/datasets/ds_687ee9f1c8dd4af98240e55e4b18258a/test/Corn_(maize)___Northern_Leaf_Blight/d40ae12e-eb1f-405e-b266-8a9970f4cd75___RS_NLB_3874.JPG,Corn_(maize)___Northern_Leaf_Blight,Corn_(maize)___Northern_Leaf_Blight,0.9997098,True
/clearml_agent_cache/storage_manager/datasets/ds_687ee9f1c8dd4af98240e55e4b18258a/test/Corn_(maize)___Northern_Leaf_Blight/d9987503-f4fb-4ed8-a766-dcc4bc973fb0___RS_NLB_4070.JPG,Corn_(maize)___Northern_Leaf_Blight,Corn_(maize)___Northern_Leaf_Blight,0.9999958,True
/clearml_agent_cache/storage_manager/datasets/ds_687ee9f1c8dd4af98240e55e4b18258a/test/Corn_(maize)___Northern_Leaf_Blight/db43f70c-19bc-4913-b8ae-90c7dca09411___RS_NLB_4035.JPG,Corn_(maize)___Northern_Leaf_Blight,Corn_(maize)___Northern_Leaf_Blight,0.5086559,True
/clearml_agent_cache/storage_manager/datasets/ds_687ee9f1c8dd4af98240e55e4b18258a/test/Corn_(maize)___Northern_Leaf_Blight/dd75c294-d976-4be5-8efc-889f8b00883f___RS_NLB_4030.JPG,Corn_(maize)___Northern_Leaf_Blight,Corn_(maize)___Northern_Leaf_Blight,0.9999963,True
/clearml_agent_cache/storage_manager/datasets/ds_687ee9f1c8dd4af98240e55e4b18258a/test/Corn_(maize)___Northern_Leaf_Blight/e521bbbd-09cd-4ff3-9060-60491b8128b0___RS_NLB_4005.JPG,Corn_(maize)___Northern_Leaf_Blight,Corn_(maize)___Northern_Leaf_Blight,0.99454886,True
/clearml_agent_cache/storage_manager/datasets/ds_687ee9f1c8dd4af98240e55e4b18258a/test/Corn_(maize)___Northern_Leaf_Blight/ea5341a5-d8b9-4e96-a3c8-7785e02d0341___RS_NLB_3816.JPG,Corn_(maize)___Northern_Leaf_Blight,Corn_(maize)___Northern_Leaf_Blight,0.9999833,True
/clearml_agent_cache/storage_manager/datasets/ds_687ee9f1c8dd4af98240e55e4b18258a/test/Corn_(maize)___Northern_Leaf_Blight/ed700cb4-fa84-4c56-bcf4-f2c21ce53e12___RS_NLB_4040.JPG,Corn_(maize)___Northern_Leaf_Blight,Corn_(maize)___Northern_Leaf_Blight,0.99988675,True
/clearml_agent_cache/storage_manager/datasets/ds_687ee9f1c8dd4af98240e55e4b18258a/test/Corn_(maize)___Northern_Leaf_Blight/f3a574c8-043a-4804-bdba-addb50450720___RS_NLB_3553_copy.jpg,Corn_(maize)___Northern_Leaf_Blight,Corn_(maize)___Northern_Leaf_Blight,0.9271436,True
/clearml_agent_cache/storage_manager/datasets/ds_687ee9f1c8dd4af98240e55e4b18258a/test/Corn_(maize)___healthy/03297f41-30ff-42db-a482-84665adfe4da___R.S_HL_8260_copy_2.jpg,Corn_(maize)___healthy,Corn_(maize)___healthy,0.99998295,True
/clearml_agent_cache/storage_manager/datasets/ds_687ee9f1c8dd4af98240e55e4b18258a/test/Corn_(maize)___healthy/0a966c0b-85d0-41ea-82d2-3121f9325460___R.S_HL_8180_copy_2.jpg,Corn_(maize)___healthy,Corn_(maize)___healthy,0.9999888,True
/clearml_agent_cache/storage_manager/datasets/ds_687ee9f1c8dd4af98240e55e4b18258a/test/Corn_(maize)___healthy/11c1e3ce-73d1-4338-8939-473087e9dcbb___R.S_HL_0604.JPG,Corn_(maize)___healthy,Corn_(maize)___healthy,0.99999845,True
/clearml_agent_cache/storage_manager/datasets/ds_687ee9f1c8dd4af98240e55e4b18258a/test/Corn_(maize)___healthy/11dcda6d-bfdf-457d-8fad-ad169be1501e___R.S_HL_8199_copy.jpg,Corn_(maize)___healthy,Corn_(maize)___healthy,0.9999962,True
/clearml_agent_cache/storage_manager/datasets/ds_687ee9f1c8dd4af98240e55e4b18258a/test/Corn_(maize)___healthy/13b74f08-faed-40d7-8771-b1fc384e5e4a___R.S_HL_8259_copy_2.jpg,Corn_(maize)___healthy,Corn_(maize)___healthy,0.99998164,True
/clearml_agent_cache/storage_manager/datasets/ds_687ee9f1c8dd4af98240e55e4b18258a/test/Corn_(maize)___healthy/13e2289b-7e83-417f-90e5-d42f4796ecbf___R.S_HL_8140_copy_2.jpg,Corn_(maize)___healthy,Corn_(maize)___healthy,0.99995315,True
/clearml_agent_cache/storage_manager/datasets/ds_687ee9f1c8dd4af98240e55e4b18258a/test/Corn_(maize)___healthy/15e8fdce-816e-4a57-ae54-10ba5638fb0a___R.S_HL_0618_copy.jpg,Corn_(maize)___healthy,Corn_(maize)___healthy,0.99999774,True
/clearml_agent_cache/storage_manager/datasets/ds_687ee9f1c8dd4af98240e55e4b18258a/test/Corn_(maize)___healthy/1921de47-d028-4212-ada1-bdcf8a16e52e___R.S_HL_8343_copy_3.jpg,Corn_(maize)___healthy,Corn_(maize)___healthy,0.9999976,True
/clearml_agent_cache/storage_manager/datasets/ds_687ee9f1c8dd4af98240e55e4b18258a/test/Corn_(maize)___healthy/1e79939c-ad56-48fe-b742-bee115562523___R.S_HL_8060_copy.jpg,Corn_(maize)___healthy,Corn_(maize)___healthy,0.99999845,True
/clearml_agent_cache/storage_manager/datasets/ds_687ee9f1c8dd4af98240e55e4b18258a/test/Corn_(maize)___healthy/216cc3ea-7af3-4fa5-a2f6-b3845b749c85___R.S_HL_8113_copy.jpg,Corn_(maize)___healthy,Corn_(maize)___healthy,0.9999988,True
/clearml_agent_cache/storage_manager/datasets/ds_687ee9f1c8dd4af98240e55e4b18258a/test/Corn_(maize)___healthy/30c4edae-2957-43ea-b522-88f0f1822fbd___R.S_HL_8209_copy_2.jpg,Corn_(maize)___healthy,Corn_(maize)___healthy,0.9999999,True
/clearml_agent_cache/storage_manager/datasets/ds_687ee9f1c8dd4af98240e55e4b18258a/test/Corn_(maize)___healthy/38618a59-09e8-48d9-93a8-3911040d224f___R.S_HL_8195_copy_3.jpg,Corn_(maize)___healthy,Corn_(maize)___healthy,0.9999982,True
/clearml_agent_cache/storage_manager/datasets/ds_687ee9f1c8dd4af98240e55e4b18258a/test/Corn_(maize)___healthy/40016f08-81b6-462f-b6f5-f1c8cf9cc519___R.S_HL_8084_copy.jpg,Corn_(maize)___healthy,Corn_(maize)___healthy,1.0,True
/clearml_agent_cache/storage_manager/datasets/ds_687ee9f1c8dd4af98240e55e4b18258a/test/Corn_(maize)___healthy/4072df91-b71d-4b65-abc9-e843f61a9544___R.S_HL_8210_copy_2.jpg,Corn_(maize)___healthy,Corn_(maize)___healthy,0.9999982,True
/clearml_agent_cache/storage_manager/datasets/ds_687ee9f1c8dd4af98240e55e4b18258a/test/Corn_(maize)___healthy/4375eeae-d9d5-49de-be1e-d58d0909013d___R.S_HL_8078_copy_2.jpg,Corn_(maize)___healthy,Corn_(maize)___healthy,0.99999964,True
/clearml_agent_cache/storage_manager/datasets/ds_687ee9f1c8dd4af98240e55e4b18258a/test/Corn_(maize)___healthy/4634067c-4205-49d6-adc6-94e34e71374b___R.S_HL_8341_copy_2.jpg,Corn_(maize)___healthy,Corn_(maize)___healthy,0.99999785,True
/clearml_agent_cache/storage_manager/datasets/ds_687ee9f1c8dd4af98240e55e4b18258a/test/Corn_(maize)___healthy/482efe83-cbc6-474d-87c5-e28a3a528541___R.S_HL_8273_copy_2.jpg,Corn_(maize)___healthy,Corn_(maize)___healthy,0.99999344,True
/clearml_agent_cache/storage_manager/datasets/ds_687ee9f1c8dd4af98240e55e4b18258a/test/Corn_(maize)___healthy/512c7244-c0d0-4900-9b23-2f0256fd1d1d___R.S_HL_8165_copy.jpg,Corn_(maize)___healthy,Corn_(maize)___healthy,0.9999949,True
/clearml_agent_cache/storage_manager/datasets/ds_687ee9f1c8dd4af98240e55e4b18258a/test/Corn_(maize)___healthy/55ea99a3-17b3-4971-8159-0fa4e369c0d7___R.S_HL_8219_copy_2.jpg,Corn_(maize)___healthy,Corn_(maize)___healthy,0.99999976,True
/clearml_agent_cache/storage_manager/datasets/ds_687ee9f1c8dd4af98240e55e4b18258a/test/Corn_(maize)___healthy/56e3464d-39d5-4694-b34a-2af5866c949a___R.S_HL_5563_copy.jpg,Corn_(maize)___healthy,Corn_(maize)___healthy,0.99999964,True
/clearml_agent_cache/storage_manager/datasets/ds_687ee9f1c8dd4af98240e55e4b18258a/test/Corn_(maize)___healthy/6aaf943e-fb16-4f8f-86c5-dc36724e25e5___R.S_HL_0607.JPG,Corn_(maize)___healthy,Corn_(maize)___healthy,0.9999994,True
/clearml_agent_cache/storage_manager/datasets/ds_687ee9f1c8dd4af98240e55e4b18258a/test/Corn_(maize)___healthy/6cfd6ab1-91fa-4b07-ab39-d3fba8b174cb___R.S_HL_7889_copy.jpg,Corn_(maize)___healthy,Corn_(maize)___healthy,0.9999987,True
/clearml_agent_cache/storage_manager/datasets/ds_687ee9f1c8dd4af98240e55e4b18258a/test/Corn_(maize)___healthy/7252dde0-c959-483b-a17e-5b3aac4100ab___R.S_HL_7995_copy.jpg,Corn_(maize)___healthy,Corn_(maize)___healthy,1.0,True
/clearml_agent_cache/storage_manager/datasets/ds_687ee9f1c8dd4af98240e55e4b18258a/test/Corn_(maize)___healthy/7ebb0c77-b07d-421f-b593-3e2dc3f92254___R.S_HL_8306_copy_2.jpg,Corn_(maize)___healthy,Corn_(maize)___healthy,0.9999826,True
/clearml_agent_cache/storage_manager/datasets/ds_687ee9f1c8dd4af98240e55e4b18258a/test/Corn_(maize)___healthy/7f350929-dc92-4c8d-a01c-ab561579bfb8___R.S_HL_7999_copy.jpg,Corn_(maize)___healthy,Corn_(maize)___healthy,1.0,True
/clearml_agent_cache/storage_manager/datasets/ds_687ee9f1c8dd4af98240e55e4b18258a/test/Corn_(maize)___healthy/8d87d0de-3d92-4927-8c76-c8873c58f24d___R.S_HL_8047_copy_2.jpg,Corn_(maize)___healthy,Corn_(maize)___healthy,0.9999999,True
/clearml_agent_cache/storage_manager/datasets/ds_687ee9f1c8dd4af98240e55e4b18258a/test/Corn_(maize)___healthy/9275afa7-daf0-4052-b092-47d36132e69d___R.S_HL_8189_copy_2.jpg,Corn_(maize)___healthy,Corn_(maize)___healthy,0.99999714,True
/clearml_agent_cache/storage_manager/datasets/ds_687ee9f1c8dd4af98240e55e4b18258a/test/Corn_(maize)___healthy/9b75245d-d020-4508-a032-f7aa0e8d5589___R.S_HL_7995_copy_2.jpg,Corn_(maize)___healthy,Corn_(maize)___healthy,1.0,True
/clearml_agent_cache/storage_manager/datasets/ds_687ee9f1c8dd4af98240e55e4b18258a/test/Corn_(maize)___healthy/9c105dce-7d64-426d-ae77-bdbe703f1815___R.S_HL_8096_copy_2.jpg,Corn_(maize)___healthy,Corn_(maize)___healthy,0.9999995,True
/clearml_agent_cache/storage_manager/datasets/ds_687ee9f1c8dd4af98240e55e4b18258a/test/Corn_(maize)___healthy/9d37aa23-994e-41b8-8f4c-1e11a05506cf___R.S_HL_8046_copy.jpg,Corn_(maize)___healthy,Corn_(maize)___healthy,0.99999905,True
/clearml_agent_cache/storage_manager/datasets/ds_687ee9f1c8dd4af98240e55e4b18258a/test/Corn_(maize)___healthy/9faacf6a-f638-435a-8994-f1418b332199___R.S_HL_8102_copy_2.jpg,Corn_(maize)___healthy,Corn_(maize)___healthy,0.9999962,True
/clearml_agent_cache/storage_manager/datasets/ds_687ee9f1c8dd4af98240e55e4b18258a/test/Corn_(maize)___healthy/a0737ce0-3cdb-4773-95eb-377efa68bc06___R.S_HL_8174_copy.jpg,Corn_(maize)___healthy,Corn_(maize)___healthy,0.9999896,True
/clearml_agent_cache/storage_manager/datasets/ds_687ee9f1c8dd4af98240e55e4b18258a/test/Corn_(maize)___healthy/a4314e17-4aab-4f16-9ab2-78450618f178___R.S_HL_7910_copy.jpg,Corn_(maize)___healthy,Corn_(maize)___healthy,0.99999714,True
/clearml_agent_cache/storage_manager/datasets/ds_687ee9f1c8dd4af98240e55e4b18258a/test/Corn_(maize)___healthy/a4403c1b-ad05-4b03-9d13-7367a2d16a16___R.S_HL_8272_copy.jpg,Corn_(maize)___healthy,Corn_(maize)___healthy,0.99999607,True
/clearml_agent_cache/storage_manager/datasets/ds_687ee9f1c8dd4af98240e55e4b18258a/test/Corn_(maize)___healthy/ab077499-4113-4aec-b483-e2e23f9ff109___R.S_HL_7931_copy.jpg,Corn_(maize)___healthy,Corn_(maize)___healthy,0.99999905,True
/clearml_agent_cache/storage_manager/datasets/ds_687ee9f1c8dd4af98240e55e4b18258a/test/Corn_(maize)___healthy/ab90a3d7-ab29-4efe-a5f1-b9817b09d4e2___R.S_HL_5541_copy_2.jpg,Corn_(maize)___healthy,Corn_(maize)___healthy,0.99996936,True
/clearml_agent_cache/storage_manager/datasets/ds_687ee9f1c8dd4af98240e55e4b18258a/test/Corn_(maize)___healthy/afa06f0f-ee50-4291-bb66-fe535affef23___R.S_HL_8225_copy.jpg,Corn_(maize)___healthy,Corn_(maize)___healthy,0.9999883,True
/clearml_agent_cache/storage_manager/datasets/ds_687ee9f1c8dd4af98240e55e4b18258a/test/Corn_(maize)___healthy/b16d14f2-4fb2-42dd-a6d1-08bbb242fccb___R.S_HL_8082_copy.jpg,Corn_(maize)___healthy,Corn_(maize)___healthy,0.9999995,True
/clearml_agent_cache/storage_manager/datasets/ds_687ee9f1c8dd4af98240e55e4b18258a/test/Corn_(maize)___healthy/b4f7d270-984f-4bac-807c-d804ae7b7de2___R.S_HL_8241_copy.jpg,Corn_(maize)___healthy,Corn_(maize)___healthy,0.99999976,True
/clearml_agent_cache/storage_manager/datasets/ds_687ee9f1c8dd4af98240e55e4b18258a/test/Corn_(maize)___healthy/b557da0d-48ca-4f2c-b820-7dc94f3d907d___R.S_HL_0604_copy.jpg,Corn_(maize)___healthy,Corn_(maize)___healthy,0.99999905,True
/clearml_agent_cache/storage_manager/datasets/ds_687ee9f1c8dd4af98240e55e4b18258a/test/Corn_(maize)___healthy/b5ec1705-1a9d-40c2-ad94-9aa3ef4852f3___R.S_HL_5500_copy_2.jpg,Corn_(maize)___healthy,Corn_(maize)___healthy,0.99999917,True
/clearml_agent_cache/storage_manager/datasets/ds_687ee9f1c8dd4af98240e55e4b18258a/test/Corn_(maize)___healthy/c479a63d-cd2c-450b-807b-e85bce7a0af8___R.S_HL_8213_copy_3.jpg,Corn_(maize)___healthy,Corn_(maize)___healthy,0.9999957,True
/clearml_agent_cache/storage_manager/datasets/ds_687ee9f1c8dd4af98240e55e4b18258a/test/Corn_(maize)___healthy/d12e9409-9a3d-4045-9042-729b5c29a7cd___R.S_HL_8090_copy.jpg,Corn_(maize)___healthy,Corn_(maize)___healthy,0.99999166,True
/clearml_agent_cache/storage_manager/datasets/ds_687ee9f1c8dd4af98240e55e4b18258a/test/Corn_(maize)___healthy/f0fedb37-88fb-4631-a69c-573c849ced9c___R.S_HL_7892_copy.jpg,Corn_(maize)___healthy,Corn_(maize)___healthy,0.99999964,True
/clearml_agent_cache/storage_manager/datasets/ds_687ee9f1c8dd4af98240e55e4b18258a/test/Corn_(maize)___healthy/f3ab8b7c-5cb0-4802-bd1e-4c0003d4569c___R.S_HL_7917_copy.jpg,Corn_(maize)___healthy,Corn_(maize)___healthy,0.9999976,True
/clearml_agent_cache/storage_manager/datasets/ds_687ee9f1c8dd4af98240e55e4b18258a/test/Corn_(maize)___healthy/fb9ebab9-26e6-459c-8b74-8fd04fbf0f89___R.S_HL_7960_copy.jpg,Corn_(maize)___healthy,Corn_(maize)___healthy,0.999998,True
/clearml_agent_cache/storage_manager/datasets/ds_687ee9f1c8dd4af98240e55e4b18258a/test/Grape___Black_rot/0093ee81-2439-414c-bfb5-a5b6cd6aea72___FAM_B.Rot_3429.JPG,Grape___Black_rot,Grape___Black_rot,0.9999969,True
/clearml_agent_cache/storage_manager/datasets/ds_687ee9f1c8dd4af98240e55e4b18258a/test/Grape___Black_rot/02e135dd-a02e-40a5-a049-4b5fa978445c___FAM_B.Rot_3063.JPG,Grape___Black_rot,Grape___Black_rot,0.999987,True
/clearml_agent_cache/storage_manager/datasets/ds_687ee9f1c8dd4af98240e55e4b18258a/test/Grape___Black_rot/09e87756-a12b-47fe-830d-fe1eddb42cae___FAM_B.Rot_0449.JPG,Grape___Black_rot,Grape___Black_rot,0.9999999,True
/clearml_agent_cache/storage_manager/datasets/ds_687ee9f1c8dd4af98240e55e4b18258a/test/Grape___Black_rot/0b9d95bb-51c7-40f1-8a4b-f9838becb418___FAM_B.Rot_0493.JPG,Grape___Black_rot,Grape___Black_rot,0.9999994,True
/clearml_agent_cache/storage_manager/datasets/ds_687ee9f1c8dd4af98240e55e4b18258a/test/Grape___Black_rot/0c7369b1-b8f1-4287-8875-fef5f1a5b3ac___FAM_B.Rot_3156.JPG,Grape___Black_rot,Grape___Black_rot,0.9999993,True
/clearml_agent_cache/storage_manager/datasets/ds_687ee9f1c8dd4af98240e55e4b18258a/test/Grape___Black_rot/0e143d33-adc0-41af-92e2-d0bb712d7b72___FAM_B.Rot_5047.JPG,Grape___Black_rot,Grape___Black_rot,0.9994967,True
/clearml_agent_cache/storage_manager/datasets/ds_687ee9f1c8dd4af98240e55e4b18258a/test/Grape___Black_rot/143e8197-a7d6-48a7-8e9e-05cd7dd1323f___FAM_B.Rot_0421.JPG,Grape___Black_rot,Grape___Black_rot,0.9999703,True
/clearml_agent_cache/storage_manager/datasets/ds_687ee9f1c8dd4af98240e55e4b18258a/test/Grape___Black_rot/1a1ba048-3ecb-4ad3-9ccf-87ee96b9a75e___FAM_B.Rot_3628.JPG,Grape___Black_rot,Grape___Black_rot,0.9999926,True
/clearml_agent_cache/storage_manager/datasets/ds_687ee9f1c8dd4af98240e55e4b18258a/test/Grape___Black_rot/1fd3808a-4e87-4cc0-8b5a-5e12de26c538___FAM_B.Rot_3253.JPG,Grape___Black_rot,Grape___Black_rot,0.9999814,True
/clearml_agent_cache/storage_manager/datasets/ds_687ee9f1c8dd4af98240e55e4b18258a/test/Grape___Black_rot/2442faf8-279d-44a3-9b81-22db5be3d477___FAM_B.Rot_0555.JPG,Grape___Black_rot,Grape___Black_rot,0.99999857,True
/clearml_agent_cache/storage_manager/datasets/ds_687ee9f1c8dd4af98240e55e4b18258a/test/Grape___Black_rot/24bb2117-b963-419d-af41-87ebd4cb204f___FAM_B.Rot_3275.JPG,Grape___Black_rot,Grape___Black_rot,0.99999917,True
/clearml_agent_cache/storage_manager/datasets/ds_687ee9f1c8dd4af98240e55e4b18258a/test/Grape___Black_rot/2aaa0d89-c8cd-458c-9419-cbe916c1b4da___FAM_B.Rot_0403.JPG,Grape___Black_rot,Grape___Black_rot,0.9999981,True
/clearml_agent_cache/storage_manager/datasets/ds_687ee9f1c8dd4af98240e55e4b18258a/test/Grape___Black_rot/2aca8f4c-4538-459d-8b6e-c84dfa0baa58___FAM_B.Rot_3247.JPG,Grape___Black_rot,Grape___Black_rot,0.99998915,True
/clearml_agent_cache/storage_manager/datasets/ds_687ee9f1c8dd4af98240e55e4b18258a/test/Grape___Black_rot/2e7b7a8c-8ba2-404a-91f6-8b9e6bcd903b___FAM_B.Rot_0414.JPG,Grape___Black_rot,Grape___Black_rot,0.99956864,True
/clearml_agent_cache/storage_manager/datasets/ds_687ee9f1c8dd4af98240e55e4b18258a/test/Grape___Black_rot/4a73015b-dbd0-417f-98b3-2016561c9bae___FAM_B.Rot_3577.JPG,Grape___Black_rot,Grape___Black_rot,0.9999697,True
/clearml_agent_cache/storage_manager/datasets/ds_687ee9f1c8dd4af98240e55e4b18258a/test/Grape___Black_rot/4d8e130b-809c-4f17-b724-83463c8fbbab___FAM_B.Rot_3092.JPG,Grape___Black_rot,Grape___Black_rot,0.99999917,True
/clearml_agent_cache/storage_manager/datasets/ds_687ee9f1c8dd4af98240e55e4b18258a/test/Grape___Black_rot/4dca234a-1cf7-4524-ade0-7aadda601943___FAM_B.Rot_0525.JPG,Grape___Black_rot,Grape___Black_rot,0.9999994,True
/clearml_agent_cache/storage_manager/datasets/ds_687ee9f1c8dd4af98240e55e4b18258a/test/Grape___Black_rot/50e831d2-ba5d-4955-bd33-578299a6a446___FAM_B.Rot_3458.JPG,Grape___Black_rot,Grape___Black_rot,0.9999993,True
/clearml_agent_cache/storage_manager/datasets/ds_687ee9f1c8dd4af98240e55e4b18258a/test/Grape___Black_rot/58ae8c77-be8d-4d37-a521-cca064e464de___FAM_B.Rot_3058.JPG,Grape___Black_rot,Grape___Black_rot,0.9999968,True
/clearml_agent_cache/storage_manager/datasets/ds_687ee9f1c8dd4af98240e55e4b18258a/test/Grape___Black_rot/61d82157-b873-457a-ae37-0ed62d6e8c51___FAM_B.Rot_3135.JPG,Grape___Black_rot,Grape___Black_rot,0.9999994,True
/clearml_agent_cache/storage_manager/datasets/ds_687ee9f1c8dd4af98240e55e4b18258a/test/Grape___Black_rot/69b68016-b0a9-437f-b8a2-3cec7b1ced89___FAM_B.Rot_0370.JPG,Grape___Black_rot,Grape___Black_rot,0.99999917,True
/clearml_agent_cache/storage_manager/datasets/ds_687ee9f1c8dd4af98240e55e4b18258a/test/Grape___Black_rot/6acf2de1-9910-489e-b856-95bc36d5e37d___FAM_B.Rot_0754.JPG,Grape___Black_rot,Grape___Black_rot,0.99999976,True
/clearml_agent_cache/storage_manager/datasets/ds_687ee9f1c8dd4af98240e55e4b18258a/test/Grape___Black_rot/7c074ced-f3b9-4fcb-81ae-7fea89fe30ca___FAM_B.Rot_0448.JPG,Grape___Black_rot,Grape___Black_rot,1.0,True
/clearml_agent_cache/storage_manager/datasets/ds_687ee9f1c8dd4af98240e55e4b18258a/test/Grape___Black_rot/7d8c7eed-ab84-4864-aa8d-a0b0621e7dcd___FAM_B.Rot_3529.JPG,Grape___Black_rot,Grape___Black_rot,0.9999976,True
/clearml_agent_cache/storage_manager/datasets/ds_687ee9f1c8dd4af98240e55e4b18258a/test/Grape___Black_rot/7e623a79-a7da-48b1-afeb-09e9962d2813___FAM_B.Rot_0365.JPG,Grape___Black_rot,Grape___Black_rot,0.99999726,True
/clearml_agent_cache/storage_manager/datasets/ds_687ee9f1c8dd4af98240e55e4b18258a/test/Grape___Black_rot/80e2b366-11a2-45b7-8031-a68653b5913f___FAM_B.Rot_5032.JPG,Grape___Black_rot,Grape___Black_rot,0.9999771,True
/clearml_agent_cache/storage_manager/datasets/ds_687ee9f1c8dd4af98240e55e4b18258a/test/Grape___Black_rot/8faec254-2c75-4edd-bfd7-65e8415ea893___FAM_B.Rot_3278.JPG,Grape___Black_rot,Grape___Black_rot,0.9999552,True
/clearml_agent_cache/storage_manager/datasets/ds_687ee9f1c8dd4af98240e55e4b18258a/test/Grape___Black_rot/91d6b325-610c-4a72-952f-f996581f7809___FAM_B.Rot_0391.JPG,Grape___Black_rot,Grape___Black_rot,0.99999976,True
/clearml_agent_cache/storage_manager/datasets/ds_687ee9f1c8dd4af98240e55e4b18258a/test/Grape___Black_rot/9b842706-f8e6-4092-850d-0a7feb068b4c___FAM_B.Rot_3535.JPG,Grape___Black_rot,Grape___Black_rot,0.9999994,True
/clearml_agent_cache/storage_manager/datasets/ds_687ee9f1c8dd4af98240e55e4b18258a/test/Grape___Black_rot/9d4bbf00-5ef1-4bd1-b7bc-deb45d3deed8___FAM_B.Rot_0692.JPG,Grape___Black_rot,Grape___Black_rot,0.9999987,True
/clearml_agent_cache/storage_manager/datasets/ds_687ee9f1c8dd4af98240e55e4b18258a/test/Grape___Black_rot/9d7b70dc-6454-46db-88a5-85cb61c56663___FAM_B.Rot_3095.JPG,Grape___Black_rot,Grape___Black_rot,0.9999964,True
/clearml_agent_cache/storage_manager/datasets/ds_687ee9f1c8dd4af98240e55e4b18258a/test/Grape___Black_rot/a04ef5e3-e968-442b-92f9-289052a7604d___FAM_B.Rot_0653.JPG,Grape___Black_rot,Grape___Black_rot,0.99999666,True
/clearml_agent_cache/storage_manager/datasets/ds_687ee9f1c8dd4af98240e55e4b18258a/test/Grape___Black_rot/a53b51da-7502-44cb-bfe9-bff2207e01ac___FAM_B.Rot_0483.JPG,Grape___Black_rot,Grape___Black_rot,0.9999999,True
/clearml_agent_cache/storage_manager/datasets/ds_687ee9f1c8dd4af98240e55e4b18258a/test/Grape___Black_rot/aebd67f2-eeb7-4330-8690-5cc18772e344___FAM_B.Rot_0737.JPG,Grape___Black_rot,Grape___Black_rot,0.9999869,True
/clearml_agent_cache/storage_manager/datasets/ds_687ee9f1c8dd4af98240e55e4b18258a/test/Grape___Black_rot/aef971a6-e839-4caf-bab9-a3daf714ca1a___FAM_B.Rot_3553.JPG,Grape___Black_rot,Grape___Black_rot,0.99997973,True
/clearml_agent_cache/storage_manager/datasets/ds_687ee9f1c8dd4af98240e55e4b18258a/test/Grape___Black_rot/bb4d2497-0f5d-419e-84d3-685883e333b6___FAM_B.Rot_3375.JPG,Grape___Black_rot,Grape___Black_rot,0.9999261,True
/clearml_agent_cache/storage_manager/datasets/ds_687ee9f1c8dd4af98240e55e4b18258a/test/Grape___Black_rot/bf1ff91d-aa47-4517-b52c-b0310dc0e727___FAM_B.Rot_3284.JPG,Grape___Black_rot,Grape___Black_rot,0.9999994,True
/clearml_agent_cache/storage_manager/datasets/ds_687ee9f1c8dd4af98240e55e4b18258a/test/Grape___Black_rot/c813333e-eed5-4934-8e83-39ffd9a52d3f___FAM_B.Rot_0371.JPG,Grape___Black_rot,Grape___Black_rot,0.9994259,True
/clearml_agent_cache/storage_manager/datasets/ds_687ee9f1c8dd4af98240e55e4b18258a/test/Grape___Black_rot/d336d448-b524-4596-ab0b-8267f4936135___FAM_B.Rot_3364.JPG,Grape___Black_rot,Grape___Black_rot,0.9999759,True
/clearml_agent_cache/storage_manager/datasets/ds_687ee9f1c8dd4af98240e55e4b18258a/test/Grape___Black_rot/e29dff4c-302a-4424-8f53-6d20931342a0___FAM_B.Rot_0590.JPG,Grape___Black_rot,Grape___Black_rot,0.99949276,True
/clearml_agent_cache/storage_manager/datasets/ds_687ee9f1c8dd4af98240e55e4b18258a/test/Grape___Black_rot/e433b682-23e6-4618-8bdf-94e198c22858___FAM_B.Rot_3348.JPG,Grape___Black_rot,Grape___Black_rot,0.999979,True
/clearml_agent_cache/storage_manager/datasets/ds_687ee9f1c8dd4af98240e55e4b18258a/test/Grape___Black_rot/e7cae881-171d-442c-aa19-04b82b6c055d___FAM_B.Rot_0534.JPG,Grape___Black_rot,Grape___Black_rot,0.9999887,True
/clearml_agent_cache/storage_manager/datasets/ds_687ee9f1c8dd4af98240e55e4b18258a/test/Grape___Black_rot/e9ffb2b5-89f7-4bdd-9404-1797d9d4bbb3___FAM_B.Rot_0379.JPG,Grape___Black_rot,Grape___Black_rot,0.9999881,True
/clearml_agent_cache/storage_manager/datasets/ds_687ee9f1c8dd4af98240e55e4b18258a/test/Grape___Black_rot/f4dde5d3-619c-465e-9e9a-0cf0bf763580___FAM_B.Rot_5036.JPG,Grape___Black_rot,Grape___Black_rot,0.9998437,True
/clearml_agent_cache/storage_manager/datasets/ds_687ee9f1c8dd4af98240e55e4b18258a/test/Grape___Black_rot/fa07010a-ee0b-49a7-909e-4c72cb079a9d___FAM_B.Rot_0336.JPG,Grape___Black_rot,Grape___Black_rot,0.999798,True
/clearml_agent_cache/storage_manager/datasets/ds_687ee9f1c8dd4af98240e55e4b18258a/test/Grape___Black_rot/fa7dafca-d9a3-4d58-aa56-da5feae6f6da___FAM_B.Rot_3312.JPG,Grape___Black_rot,Grape___Black_rot,0.99999,True
/clearml_agent_cache/storage_manager/datasets/ds_687ee9f1c8dd4af98240e55e4b18258a/test/Grape___Black_rot/fab089b2-764f-4ac9-9e90-bfce48d92431___FAM_B.Rot_0526.JPG,Grape___Black_rot,Grape___Black_rot,0.9999988,True
/clearml_agent_cache/storage_manager/datasets/ds_687ee9f1c8dd4af98240e55e4b18258a/test/Grape___Esca_(Black_Measles)/0bf809ec-841e-4668-b875-adeb73d60de0___FAM_B.Msls_4057.JPG,Grape___Esca_(Black_Measles),Grape___Esca_(Black_Measles),0.9999974,True
/clearml_agent_cache/storage_manager/datasets/ds_687ee9f1c8dd4af98240e55e4b18258a/test/Grape___Esca_(Black_Measles)/0ca3b914-f951-485e-897d-ed75dc3c423f___FAM_B.Msls_3844.JPG,Grape___Esca_(Black_Measles),Grape___Esca_(Black_Measles),1.0,True
/clearml_agent_cache/storage_manager/datasets/ds_687ee9f1c8dd4af98240e55e4b18258a/test/Grape___Esca_(Black_Measles)/0de65785-c601-41dc-8099-83c73cac21c2___FAM_B.Msls_4094.JPG,Grape___Esca_(Black_Measles),Grape___Esca_(Black_Measles),0.9999999,True
/clearml_agent_cache/storage_manager/datasets/ds_687ee9f1c8dd4af98240e55e4b18258a/test/Grape___Esca_(Black_Measles)/12bc502a-e3c4-4748-8715-2d757997e344___FAM_B.Msls_1857.JPG,Grape___Esca_(Black_Measles),Grape___Esca_(Black_Measles),0.99992645,True
/clearml_agent_cache/storage_manager/datasets/ds_687ee9f1c8dd4af98240e55e4b18258a/test/Grape___Esca_(Black_Measles)/12ee472b-9386-4d02-80d5-9d947f82a819___FAM_B.Msls_1340.JPG,Grape___Esca_(Black_Measles),Grape___Esca_(Black_Measles),0.9999994,True
/clearml_agent_cache/storage_manager/datasets/ds_687ee9f1c8dd4af98240e55e4b18258a/test/Grape___Esca_(Black_Measles)/13d3c455-69c6-4c14-be5c-7d905b24d93e___FAM_B.Msls_4467.JPG,Grape___Esca_(Black_Measles),Grape___Esca_(Black_Measles),1.0,True
/clearml_agent_cache/storage_manager/datasets/ds_687ee9f1c8dd4af98240e55e4b18258a/test/Grape___Esca_(Black_Measles)/1f8270ac-8016-457e-8e81-bca5bbcaa784___FAM_B.Msls_1338.JPG,Grape___Esca_(Black_Measles),Grape___Esca_(Black_Measles),0.9999788,True
/clearml_agent_cache/storage_manager/datasets/ds_687ee9f1c8dd4af98240e55e4b18258a/test/Grape___Esca_(Black_Measles)/305b038a-47d1-4684-9973-b62e4e893744___FAM_B.Msls_1189.JPG,Grape___Esca_(Black_Measles),Grape___Esca_(Black_Measles),0.99997616,True
/clearml_agent_cache/storage_manager/datasets/ds_687ee9f1c8dd4af98240e55e4b18258a/test/Grape___Esca_(Black_Measles)/327d4657-b463-4bb5-86be-cd7d482557d0___FAM_B.Msls_4451.JPG,Grape___Esca_(Black_Measles),Grape___Esca_(Black_Measles),1.0,True
/clearml_agent_cache/storage_manager/datasets/ds_687ee9f1c8dd4af98240e55e4b18258a/test/Grape___Esca_(Black_Measles)/3288cfd7-1989-4154-89ba-d20eba66a9d5___FAM_B.Msls_4004.JPG,Grape___Esca_(Black_Measles),Grape___Esca_(Black_Measles),0.99927515,True
/clearml_agent_cache/storage_manager/datasets/ds_687ee9f1c8dd4af98240e55e4b18258a/test/Grape___Esca_(Black_Measles)/3473ab58-5217-4ab7-bfda-8d8683c5700d___FAM_B.Msls_4262.JPG,Grape___Esca_(Black_Measles),Grape___Esca_(Black_Measles),0.9999987,True
/clearml_agent_cache/storage_manager/datasets/ds_687ee9f1c8dd4af98240e55e4b18258a/test/Grape___Esca_(Black_Measles)/47274876-8fe2-4ad8-8e5d-08e3b96ac5d0___FAM_B.Msls_1341.JPG,Grape___Esca_(Black_Measles),Grape___Esca_(Black_Measles),0.9999883,True
/clearml_agent_cache/storage_manager/datasets/ds_687ee9f1c8dd4af98240e55e4b18258a/test/Grape___Esca_(Black_Measles)/49c6ee9e-8bc4-4187-82db-b9caba8bb168___FAM_B.Msls_1134.JPG,Grape___Esca_(Black_Measles),Grape___Esca_(Black_Measles),1.0,True
/clearml_agent_cache/storage_manager/datasets/ds_687ee9f1c8dd4af98240e55e4b18258a/test/Grape___Esca_(Black_Measles)/4bef5630-93d6-4fe6-b814-a2320bfee67e___FAM_B.Msls_0859.JPG,Grape___Esca_(Black_Measles),Grape___Esca_(Black_Measles),0.9999902,True
/clearml_agent_cache/storage_manager/datasets/ds_687ee9f1c8dd4af98240e55e4b18258a/test/Grape___Esca_(Black_Measles)/51ddfcf4-af6b-46aa-9c5c-7052c056023e___FAM_B.Msls_1762.JPG,Grape___Esca_(Black_Measles),Grape___Esca_(Black_Measles),0.99970514,True
/clearml_agent_cache/storage_manager/datasets/ds_687ee9f1c8dd4af98240e55e4b18258a/test/Grape___Esca_(Black_Measles)/524266ea-5c83-4de4-8e36-f98293427349___FAM_B.Msls_1112.JPG,Grape___Esca_(Black_Measles),Grape___Esca_(Black_Measles),1.0,True
/clearml_agent_cache/storage_manager/datasets/ds_687ee9f1c8dd4af98240e55e4b18258a/test/Grape___Esca_(Black_Measles)/528cda88-683f-4fe6-b039-fba2fc93add7___FAM_B.Msls_0830.JPG,Grape___Esca_(Black_Measles),Grape___Esca_(Black_Measles),1.0,True
/clearml_agent_cache/storage_manager/datasets/ds_687ee9f1c8dd4af98240e55e4b18258a/test/Grape___Esca_(Black_Measles)/597cfe27-4ddb-462f-810e-2c66ed1621af___FAM_B.Msls_1307.JPG,Grape___Esca_(Black_Measles),Grape___Esca_(Black_Measles),0.9999906,True
/clearml_agent_cache/storage_manager/datasets/ds_687ee9f1c8dd4af98240e55e4b18258a/test/Grape___Esca_(Black_Measles)/5d1043ef-6d7c-4c8f-9d5b-bfb5b776c828___FAM_B.Msls_0832.JPG,Grape___Esca_(Black_Measles),Grape___Esca_(Black_Measles),1.0,True
/clearml_agent_cache/storage_manager/datasets/ds_687ee9f1c8dd4af98240e55e4b18258a/test/Grape___Esca_(Black_Measles)/630ccfb4-cc9e-483d-849f-44e39c209200___FAM_B.Msls_4310.JPG,Grape___Esca_(Black_Measles),Grape___Esca_(Black_Measles),0.9999999,True
/clearml_agent_cache/storage_manager/datasets/ds_687ee9f1c8dd4af98240e55e4b18258a/test/Grape___Esca_(Black_Measles)/6825b6f0-01f5-45b3-aabb-9f96d3192c6f___FAM_B.Msls_4115.JPG,Grape___Esca_(Black_Measles),Grape___Esca_(Black_Measles),0.9999994,True
/clearml_agent_cache/storage_manager/datasets/ds_687ee9f1c8dd4af98240e55e4b18258a/test/Grape___Esca_(Black_Measles)/68508b25-aff4-4a35-959b-31acd9e42430___FAM_B.Msls_1810.JPG,Grape___Esca_(Black_Measles),Grape___Esca_(Black_Measles),0.9999988,True
/clearml_agent_cache/storage_manager/datasets/ds_687ee9f1c8dd4af98240e55e4b18258a/test/Grape___Esca_(Black_Measles)/6a5edc74-e8d4-45f3-b5cf-00d7a841780f___FAM_B.Msls_3924.JPG,Grape___Esca_(Black_Measles),Grape___Esca_(Black_Measles),0.9999881,True
/clearml_agent_cache/storage_manager/datasets/ds_687ee9f1c8dd4af98240e55e4b18258a/test/Grape___Esca_(Black_Measles)/6fb636da-e737-43d3-95eb-0b334208ab10___FAM_B.Msls_4491.JPG,Grape___Esca_(Black_Measles),Grape___Esca_(Black_Measles),0.9999914,True
/clearml_agent_cache/storage_manager/datasets/ds_687ee9f1c8dd4af98240e55e4b18258a/test/Grape___Esca_(Black_Measles)/745199f2-8c97-4889-b8c7-48fc4959546d___FAM_B.Msls_0984.JPG,Grape___Esca_(Black_Measles),Grape___Esca_(Black_Measles),0.99999976,True
/clearml_agent_cache/storage_manager/datasets/ds_687ee9f1c8dd4af98240e55e4b18258a/test/Grape___Esca_(Black_Measles)/74b8a767-7073-47e0-b30d-1c087d080fc0___FAM_B.Msls_3901.JPG,Grape___Esca_(Black_Measles),Grape___Esca_(Black_Measles),1.0,True
/clearml_agent_cache/storage_manager/datasets/ds_687ee9f1c8dd4af98240e55e4b18258a/test/Grape___Esca_(Black_Measles)/7b179702-2225-4942-8ef9-6acb6e80a373___FAM_B.Msls_4052.JPG,Grape___Esca_(Black_Measles),Grape___Esca_(Black_Measles),1.0,True
/clearml_agent_cache/storage_manager/datasets/ds_687ee9f1c8dd4af98240e55e4b18258a/test/Grape___Esca_(Black_Measles)/7db69eb6-9a9c-4e8b-9ebf-6b5eb6fe9053___FAM_B.Msls_4304.JPG,Grape___Esca_(Black_Measles),Grape___Esca_(Black_Measles),0.999998,True
/clearml_agent_cache/storage_manager/datasets/ds_687ee9f1c8dd4af98240e55e4b18258a/test/Grape___Esca_(Black_Measles)/7e4dd9a1-0581-443f-99de-f43b837ee6e6___FAM_B.Msls_0856.JPG,Grape___Esca_(Black_Measles),Grape___Esca_(Black_Measles),0.99999976,True
/clearml_agent_cache/storage_manager/datasets/ds_687ee9f1c8dd4af98240e55e4b18258a/test/Grape___Esca_(Black_Measles)/83691e0b-04e0-4a8f-bf76-0924614c4ce6___FAM_B.Msls_0943.JPG,Grape___Esca_(Black_Measles),Grape___Esca_(Black_Measles),0.99999285,True
/clearml_agent_cache/storage_manager/datasets/ds_687ee9f1c8dd4af98240e55e4b18258a/test/Grape___Esca_(Black_Measles)/836b3c31-1f58-4b27-8333-91bfcd61cbf9___FAM_B.Msls_4199.JPG,Grape___Esca_(Black_Measles),Grape___Esca_(Black_Measles),0.9912013,True
/clearml_agent_cache/storage_manager/datasets/ds_687ee9f1c8dd4af98240e55e4b18258a/test/Grape___Esca_(Black_Measles)/913fb01a-40e2-454b-bc87-aba0669633cf___FAM_B.Msls_3910.JPG,Grape___Esca_(Black_Measles),Grape___Esca_(Black_Measles),0.99999595,True
/clearml_agent_cache/storage_manager/datasets/ds_687ee9f1c8dd4af98240e55e4b18258a/test/Grape___Esca_(Black_Measles)/96642ae2-81d8-4b4e-bda8-ac2c221253e9___FAM_B.Msls_1229.JPG,Grape___Esca_(Black_Measles),Grape___Esca_(Black_Measles),1.0,True
/clearml_agent_cache/storage_manager/datasets/ds_687ee9f1c8dd4af98240e55e4b18258a/test/Grape___Esca_(Black_Measles)/9e47aad4-8bce-410c-80d3-8dad4c565114___FAM_B.Msls_4336.JPG,Grape___Esca_(Black_Measles),Grape___Esca_(Black_Measles),1.0,True
/clearml_agent_cache/storage_manager/datasets/ds_687ee9f1c8dd4af98240e55e4b18258a/test/Grape___Esca_(Black_Measles)/9f6e3bec-dac0-4807-9f96-72dcb67e93a8___FAM_B.Msls_1333.JPG,Grape___Esca_(Black_Measles),Grape___Esca_(Black_Measles),0.99999964,True
/clearml_agent_cache/storage_manager/datasets/ds_687ee9f1c8dd4af98240e55e4b18258a/test/Grape___Esca_(Black_Measles)/9fc987e0-a8b8-46c7-bee6-d00986c82399___FAM_B.Msls_1088.JPG,Grape___Esca_(Black_Measles),Grape___Esca_(Black_Measles),0.99999917,True
/clearml_agent_cache/storage_manager/datasets/ds_687ee9f1c8dd4af98240e55e4b18258a/test/Grape___Esca_(Black_Measles)/a6183ab0-4b4a-4b00-ba1c-f8fd75aae97c___FAM_B.Msls_1846.JPG,Grape___Esca_(Black_Measles),Grape___Esca_(Black_Measles),0.9999995,True
/clearml_agent_cache/storage_manager/datasets/ds_687ee9f1c8dd4af98240e55e4b18258a/test/Grape___Esca_(Black_Measles)/a8a0b6d4-66b5-4632-b593-646a0ecec674___FAM_B.Msls_1285.JPG,Grape___Esca_(Black_Measles),Grape___Esca_(Black_Measles),0.9999981,True
/clearml_agent_cache/storage_manager/datasets/ds_687ee9f1c8dd4af98240e55e4b18258a/test/Grape___Esca_(Black_Measles)/a937a241-8f93-457f-a937-c90bf974f40e___FAM_B.Msls_0980.JPG,Grape___Esca_(Black_Measles),Grape___Esca_(Black_Measles),0.9999939,True
/clearml_agent_cache/storage_manager/datasets/ds_687ee9f1c8dd4af98240e55e4b18258a/test/Grape___Esca_(Black_Measles)/aa84c232-fb90-4c59-89a8-5911dbe4f5a0___FAM_B.Msls_4214.JPG,Grape___Esca_(Black_Measles),Grape___Esca_(Black_Measles),1.0,True
/clearml_agent_cache/storage_manager/datasets/ds_687ee9f1c8dd4af98240e55e4b18258a/test/Grape___Esca_(Black_Measles)/ac480b93-9c90-41d4-820d-71edf3ac7127___FAM_B.Msls_3916.JPG,Grape___Esca_(Black_Measles),Grape___Esca_(Black_Measles),0.99999905,True
/clearml_agent_cache/storage_manager/datasets/ds_687ee9f1c8dd4af98240e55e4b18258a/test/Grape___Esca_(Black_Measles)/ba2b24ba-0752-415c-bb3e-0faa772c267c___FAM_B.Msls_4168.JPG,Grape___Esca_(Black_Measles),Grape___Esca_(Black_Measles),0.99997723,True
/clearml_agent_cache/storage_manager/datasets/ds_687ee9f1c8dd4af98240e55e4b18258a/test/Grape___Esca_(Black_Measles)/bc040aef-bf6f-4c97-abe3-cabce76ee304___FAM_B.Msls_0842.JPG,Grape___Esca_(Black_Measles),Grape___Esca_(Black_Measles),0.9999995,True
/clearml_agent_cache/storage_manager/datasets/ds_687ee9f1c8dd4af98240e55e4b18258a/test/Grape___Esca_(Black_Measles)/c0f5d565-c0a7-4f1c-be61-d1c004a7faa2___FAM_B.Msls_4342.JPG,Grape___Esca_(Black_Measles),Grape___Esca_(Black_Measles),1.0,True
/clearml_agent_cache/storage_manager/datasets/ds_687ee9f1c8dd4af98240e55e4b18258a/test/Grape___Esca_(Black_Measles)/c10673eb-614d-4de2-855d-5da995a2d69b___FAM_B.Msls_1103.JPG,Grape___Esca_(Black_Measles),Grape___Esca_(Black_Measles),0.9999999,True
/clearml_agent_cache/storage_manager/datasets/ds_687ee9f1c8dd4af98240e55e4b18258a/test/Grape___Esca_(Black_Measles)/c27a3770-619e-43e6-a14b-39431dccd27d___FAM_B.Msls_4483.JPG,Grape___Esca_(Black_Measles),Grape___Esca_(Black_Measles),0.9999981,True
/clearml_agent_cache/storage_manager/datasets/ds_687ee9f1c8dd4af98240e55e4b18258a/test/Grape___Esca_(Black_Measles)/c495c21c-1ce4-4da9-a737-56d2f30d4ab0___FAM_B.Msls_4072.JPG,Grape___Esca_(Black_Measles),Grape___Esca_(Black_Measles),0.9999894,True
/clearml_agent_cache/storage_manager/datasets/ds_687ee9f1c8dd4af98240e55e4b18258a/test/Grape___Esca_(Black_Measles)/c4a4638d-6d9f-491f-a41d-12793d184d1d___FAM_B.Msls_0894.JPG,Grape___Esca_(Black_Measles),Grape___Esca_(Black_Measles),0.9999721,True
/clearml_agent_cache/storage_manager/datasets/ds_687ee9f1c8dd4af98240e55e4b18258a/test/Grape___Esca_(Black_Measles)/cd1f81ce-181a-4fb2-82e9-5f3dbdb184a1___FAM_B.Msls_1302.JPG,Grape___Esca_(Black_Measles),Grape___Esca_(Black_Measles),1.0,True
/clearml_agent_cache/storage_manager/datasets/ds_687ee9f1c8dd4af98240e55e4b18258a/test/Grape___Esca_(Black_Measles)/cf0f8293-858a-4605-beda-aef20d97af2b___FAM_B.Msls_1087.JPG,Grape___Esca_(Black_Measles),Grape___Esca_(Black_Measles),0.99999976,True
/clearml_agent_cache/storage_manager/datasets/ds_687ee9f1c8dd4af98240e55e4b18258a/test/Grape___Esca_(Black_Measles)/d8e9f89c-61a3-4bb6-afc9-630f6498e8d6___FAM_B.Msls_1291.JPG,Grape___Esca_(Black_Measles),Grape___Esca_(Black_Measles),1.0,True
/clearml_agent_cache/storage_manager/datasets/ds_687ee9f1c8dd4af98240e55e4b18258a/test/Grape___Esca_(Black_Measles)/dd48c60e-0d52-41c3-b1a9-9fe110afcb78___FAM_B.Msls_1207.JPG,Grape___Esca_(Black_Measles),Grape___Esca_(Black_Measles),0.9999999,True
/clearml_agent_cache/storage_manager/datasets/ds_687ee9f1c8dd4af98240e55e4b18258a/test/Grape___Esca_(Black_Measles)/f10ec576-aad3-4976-a572-40c555487f0c___FAM_B.Msls_1850.JPG,Grape___Esca_(Black_Measles),Grape___Esca_(Black_Measles),0.99998844,True
/clearml_agent_cache/storage_manager/datasets/ds_687ee9f1c8dd4af98240e55e4b18258a/test/Grape___Esca_(Black_Measles)/f17a309c-7c2c-4af2-9241-554535e7f857___FAM_B.Msls_4217.JPG,Grape___Esca_(Black_Measles),Grape___Esca_(Black_Measles),0.99999976,True
/clearml_agent_cache/storage_manager/datasets/ds_687ee9f1c8dd4af98240e55e4b18258a/test/Grape___Esca_(Black_Measles)/fe2a34b4-5689-499c-a608-adb5d7877c77___FAM_B.Msls_4424.JPG,Grape___Esca_(Black_Measles),Grape___Esca_(Black_Measles),0.9999999,True
/clearml_agent_cache/storage_manager/datasets/ds_687ee9f1c8dd4af98240e55e4b18258a/test/Grape___Leaf_blight_(Isariopsis_Leaf_Spot)/0001aa74-bbd7-433b-a900-1dccab39d521___FAM_L.Blight_4508.JPG,Grape___Leaf_blight_(Isariopsis_Leaf_Spot),Grape___Leaf_blight_(Isariopsis_Leaf_Spot),1.0,True
/clearml_agent_cache/storage_manager/datasets/ds_687ee9f1c8dd4af98240e55e4b18258a/test/Grape___Leaf_blight_(Isariopsis_Leaf_Spot)/28d02209-b7f5-4404-b083-54c359c99022___FAM_L.Blight_1708.JPG,Grape___Leaf_blight_(Isariopsis_Leaf_Spot),Grape___Leaf_blight_(Isariopsis_Leaf_Spot),0.99999654,True
/clearml_agent_cache/storage_manager/datasets/ds_687ee9f1c8dd4af98240e55e4b18258a/test/Grape___Leaf_blight_(Isariopsis_Leaf_Spot)/3580241f-2a73-45cb-9f96-866189380c6c___FAM_L.Blight_4547.JPG,Grape___Leaf_blight_(Isariopsis_Leaf_Spot),Grape___Leaf_blight_(Isariopsis_Leaf_Spot),0.9999999,True
/clearml_agent_cache/storage_manager/datasets/ds_687ee9f1c8dd4af98240e55e4b18258a/test/Grape___Leaf_blight_(Isariopsis_Leaf_Spot)/3639e4e9-8913-4701-a512-730ae73cdbfe___FAM_L.Blight_1439.JPG,Grape___Leaf_blight_(Isariopsis_Leaf_Spot),Grape___Leaf_blight_(Isariopsis_Leaf_Spot),0.9999995,True
/clearml_agent_cache/storage_manager/datasets/ds_687ee9f1c8dd4af98240e55e4b18258a/test/Grape___Leaf_blight_(Isariopsis_Leaf_Spot)/3a864d40-54f3-493c-9b05-4b0205dd7c82___FAM_L.Blight_1620.JPG,Grape___Leaf_blight_(Isariopsis_Leaf_Spot),Grape___Leaf_blight_(Isariopsis_Leaf_Spot),0.9999999,True
/clearml_agent_cache/storage_manager/datasets/ds_687ee9f1c8dd4af98240e55e4b18258a/test/Grape___Leaf_blight_(Isariopsis_Leaf_Spot)/3f24c8d0-6ceb-4e38-99f1-bb5cc4665a7d___FAM_L.Blight_1643.JPG,Grape___Leaf_blight_(Isariopsis_Leaf_Spot),Grape___Leaf_blight_(Isariopsis_Leaf_Spot),1.0,True
/clearml_agent_cache/storage_manager/datasets/ds_687ee9f1c8dd4af98240e55e4b18258a/test/Grape___Leaf_blight_(Isariopsis_Leaf_Spot)/402e809f-6fed-46a4-bf4d-3a78431c1555___FAM_L.Blight_4577.JPG,Grape___Leaf_blight_(Isariopsis_Leaf_Spot),Grape___Leaf_blight_(Isariopsis_Leaf_Spot),0.99999976,True
/clearml_agent_cache/storage_manager/datasets/ds_687ee9f1c8dd4af98240e55e4b18258a/test/Grape___Leaf_blight_(Isariopsis_Leaf_Spot)/5632bcb7-db7a-40b2-9e2e-2d7a7a24a110___FAM_L.Blight_4745.JPG,Grape___Leaf_blight_(Isariopsis_Leaf_Spot),Grape___Leaf_blight_(Isariopsis_Leaf_Spot),1.0,True
/clearml_agent_cache/storage_manager/datasets/ds_687ee9f1c8dd4af98240e55e4b18258a/test/Grape___Leaf_blight_(Isariopsis_Leaf_Spot)/58d319d5-99c7-4cd1-9584-b24797c2ad8d___FAM_L.Blight_3720.JPG,Grape___Leaf_blight_(Isariopsis_Leaf_Spot),Grape___Leaf_blight_(Isariopsis_Leaf_Spot),0.9999995,True
/clearml_agent_cache/storage_manager/datasets/ds_687ee9f1c8dd4af98240e55e4b18258a/test/Grape___Leaf_blight_(Isariopsis_Leaf_Spot)/5944b318-9a85-4b97-a873-32366cb30c54___FAM_L.Blight_4612.JPG,Grape___Leaf_blight_(Isariopsis_Leaf_Spot),Grape___Leaf_blight_(Isariopsis_Leaf_Spot),1.0,True
/clearml_agent_cache/storage_manager/datasets/ds_687ee9f1c8dd4af98240e55e4b18258a/test/Grape___Leaf_blight_(Isariopsis_Leaf_Spot)/59844fea-12bc-40e6-8cfd-bbce5d87a982___FAM_L.Blight_4772.JPG,Grape___Leaf_blight_(Isariopsis_Leaf_Spot),Grape___Leaf_blight_(Isariopsis_Leaf_Spot),0.999997,True
/clearml_agent_cache/storage_manager/datasets/ds_687ee9f1c8dd4af98240e55e4b18258a/test/Grape___Leaf_blight_(Isariopsis_Leaf_Spot)/5aa99110-2021-4c1c-ab61-a8a5201cffb7___FAM_L.Blight_4688.JPG,Grape___Leaf_blight_(Isariopsis_Leaf_Spot),Grape___Leaf_blight_(Isariopsis_Leaf_Spot),1.0,True
/clearml_agent_cache/storage_manager/datasets/ds_687ee9f1c8dd4af98240e55e4b18258a/test/Grape___Leaf_blight_(Isariopsis_Leaf_Spot)/601931a2-281b-4cdb-8871-6bc87f101eaf___FAM_L.Blight_4787.JPG,Grape___Leaf_blight_(Isariopsis_Leaf_Spot),Grape___Leaf_blight_(Isariopsis_Leaf_Spot),0.99999595,True
/clearml_agent_cache/storage_manager/datasets/ds_687ee9f1c8dd4af98240e55e4b18258a/test/Grape___Leaf_blight_(Isariopsis_Leaf_Spot)/6163597f-f7bc-4802-a9b8-cda506a1857a___FAM_L.Blight_1707.JPG,Grape___Leaf_blight_(Isariopsis_Leaf_Spot),Grape___Leaf_blight_(Isariopsis_Leaf_Spot),0.9999969,True
/clearml_agent_cache/storage_manager/datasets/ds_687ee9f1c8dd4af98240e55e4b18258a/test/Grape___Leaf_blight_(Isariopsis_Leaf_Spot)/6fff9ba3-40b8-460e-abae-f7a22d890047___FAM_L.Blight_4585.JPG,Grape___Leaf_blight_(Isariopsis_Leaf_Spot),Grape___Leaf_blight_(Isariopsis_Leaf_Spot),1.0,True
/clearml_agent_cache/storage_manager/datasets/ds_687ee9f1c8dd4af98240e55e4b18258a/test/Grape___Leaf_blight_(Isariopsis_Leaf_Spot)/774c7133-c768-4a72-8add-c4368c029cfe___FAM_L.Blight_1655.JPG,Grape___Leaf_blight_(Isariopsis_Leaf_Spot),Grape___Leaf_blight_(Isariopsis_Leaf_Spot),0.9999993,True
/clearml_agent_cache/storage_manager/datasets/ds_687ee9f1c8dd4af98240e55e4b18258a/test/Grape___Leaf_blight_(Isariopsis_Leaf_Spot)/7840bdb2-d326-4fe4-8afb-968636c209b7___FAM_L.Blight_4568.JPG,Grape___Leaf_blight_(Isariopsis_Leaf_Spot),Grape___Leaf_blight_(Isariopsis_Leaf_Spot),1.0,True
/clearml_agent_cache/storage_manager/datasets/ds_687ee9f1c8dd4af98240e55e4b18258a/test/Grape___Leaf_blight_(Isariopsis_Leaf_Spot)/791fbbb4-087e-4a00-9694-de48028f8d1f___FAM_L.Blight_4724.JPG,Grape___Leaf_blight_(Isariopsis_Leaf_Spot),Grape___Leaf_blight_(Isariopsis_Leaf_Spot),1.0,True
/clearml_agent_cache/storage_manager/datasets/ds_687ee9f1c8dd4af98240e55e4b18258a/test/Grape___Leaf_blight_(Isariopsis_Leaf_Spot)/7abb01f9-fba8-4f04-a8b4-aacbe78adf77___FAM_L.Blight_4993.JPG,Grape___Leaf_blight_(Isariopsis_Leaf_Spot),Grape___Leaf_blight_(Isariopsis_Leaf_Spot),0.9999999,True
/clearml_agent_cache/storage_manager/datasets/ds_687ee9f1c8dd4af98240e55e4b18258a/test/Grape___Leaf_blight_(Isariopsis_Leaf_Spot)/7eb0dd89-22d2-4ce0-9db0-76cc5b048927___FAM_L.Blight_4865.JPG,Grape___Leaf_blight_(Isariopsis_Leaf_Spot),Grape___Leaf_blight_(Isariopsis_Leaf_Spot),1.0,True
/clearml_agent_cache/storage_manager/datasets/ds_687ee9f1c8dd4af98240e55e4b18258a/test/Grape___Leaf_blight_(Isariopsis_Leaf_Spot)/84801951-2cec-4d78-b8d6-0b948f555ccd___FAM_L.Blight_4541.JPG,Grape___Leaf_blight_(Isariopsis_Leaf_Spot),Grape___Leaf_blight_(Isariopsis_Leaf_Spot),1.0,True
/clearml_agent_cache/storage_manager/datasets/ds_687ee9f1c8dd4af98240e55e4b18258a/test/Grape___Leaf_blight_(Isariopsis_Leaf_Spot)/8d009d9c-3ce5-4420-83bd-0274c75accfd___FAM_L.Blight_1467.JPG,Grape___Leaf_blight_(Isariopsis_Leaf_Spot),Grape___Leaf_blight_(Isariopsis_Leaf_Spot),0.9999957,True
/clearml_agent_cache/storage_manager/datasets/ds_687ee9f1c8dd4af98240e55e4b18258a/test/Grape___Leaf_blight_(Isariopsis_Leaf_Spot)/8fa8ac17-605c-4477-9876-5b94d10b9d92___FAM_L.Blight_4965.JPG,Grape___Leaf_blight_(Isariopsis_Leaf_Spot),Grape___Leaf_blight_(Isariopsis_Leaf_Spot),0.99999094,True
/clearml_agent_cache/storage_manager/datasets/ds_687ee9f1c8dd4af98240e55e4b18258a/test/Grape___Leaf_blight_(Isariopsis_Leaf_Spot)/9efcc427-cf1c-4db8-88de-02251ea43ed5___FAM_L.Blight_1657.JPG,Grape___Leaf_blight_(Isariopsis_Leaf_Spot),Grape___Leaf_blight_(Isariopsis_Leaf_Spot),1.0,True
/clearml_agent_cache/storage_manager/datasets/ds_687ee9f1c8dd4af98240e55e4b18258a/test/Grape___Leaf_blight_(Isariopsis_Leaf_Spot)/9fc3318a-5678-4428-902d-8c9e9e821d24___FAM_L.Blight_0798.JPG,Grape___Leaf_blight_(Isariopsis_Leaf_Spot),Grape___Leaf_blight_(Isariopsis_Leaf_Spot),1.0,True
/clearml_agent_cache/storage_manager/datasets/ds_687ee9f1c8dd4af98240e55e4b18258a/test/Grape___Leaf_blight_(Isariopsis_Leaf_Spot)/aabfd287-1fb1-4002-b193-8bcc729e1c07___FAM_L.Blight_1526.JPG,Grape___Leaf_blight_(Isariopsis_Leaf_Spot),Grape___Leaf_blight_(Isariopsis_Leaf_Spot),0.9999999,True
/clearml_agent_cache/storage_manager/datasets/ds_687ee9f1c8dd4af98240e55e4b18258a/test/Grape___Leaf_blight_(Isariopsis_Leaf_Spot)/ac025db6-6342-4dd6-9ea0-19ffc2d112ef___FAM_L.Blight_4939.JPG,Grape___Leaf_blight_(Isariopsis_Leaf_Spot),Grape___Leaf_blight_(Isariopsis_Leaf_Spot),1.0,True
/clearml_agent_cache/storage_manager/datasets/ds_687ee9f1c8dd4af98240e55e4b18258a/test/Grape___Leaf_blight_(Isariopsis_Leaf_Spot)/af71e14d-bbc7-41e0-b717-23d029cd279f___FAM_L.Blight_4565.JPG,Grape___Leaf_blight_(Isariopsis_Leaf_Spot),Grape___Leaf_blight_(Isariopsis_Leaf_Spot),1.0,True
/clearml_agent_cache/storage_manager/datasets/ds_687ee9f1c8dd4af98240e55e4b18258a/test/Grape___Leaf_blight_(Isariopsis_Leaf_Spot)/b366cb97-22ed-4347-99a4-8c9586728662___FAM_L.Blight_4800.JPG,Grape___Leaf_blight_(Isariopsis_Leaf_Spot),Grape___Leaf_blight_(Isariopsis_Leaf_Spot),1.0,True
/clearml_agent_cache/storage_manager/datasets/ds_687ee9f1c8dd4af98240e55e4b18258a/test/Grape___Leaf_blight_(Isariopsis_Leaf_Spot)/be5bf9f6-5a93-4cec-a7cd-b94c865ecf0c___FAM_L.Blight_4908.JPG,Grape___Leaf_blight_(Isariopsis_Leaf_Spot),Grape___Leaf_blight_(Isariopsis_Leaf_Spot),1.0,True
/clearml_agent_cache/storage_manager/datasets/ds_687ee9f1c8dd4af98240e55e4b18258a/test/Grape___Leaf_blight_(Isariopsis_Leaf_Spot)/c08c3e56-4192-40a6-9b51-8733e642dafa___FAM_L.Blight_1422.JPG,Grape___Leaf_blight_(Isariopsis_Leaf_Spot),Grape___Leaf_blight_(Isariopsis_Leaf_Spot),1.0,True
/clearml_agent_cache/storage_manager/datasets/ds_687ee9f1c8dd4af98240e55e4b18258a/test/Grape___Leaf_blight_(Isariopsis_Leaf_Spot)/cc8509da-37a1-4bae-9773-a4eace66631a___FAM_L.Blight_1703.JPG,Grape___Leaf_blight_(Isariopsis_Leaf_Spot),Grape___Leaf_blight_(Isariopsis_Leaf_Spot),1.0,True
/clearml_agent_cache/storage_manager/datasets/ds_687ee9f1c8dd4af98240e55e4b18258a/test/Grape___Leaf_blight_(Isariopsis_Leaf_Spot)/cedfa3b4-05cd-461c-9c2e-df95573fdeb4___FAM_L.Blight_1421.JPG,Grape___Leaf_blight_(Isariopsis_Leaf_Spot),Grape___Leaf_blight_(Isariopsis_Leaf_Spot),1.0,True
/clearml_agent_cache/storage_manager/datasets/ds_687ee9f1c8dd4af98240e55e4b18258a/test/Grape___Leaf_blight_(Isariopsis_Leaf_Spot)/cf510134-1e40-4c98-9f83-d959e44d653b___FAM_L.Blight_3732.JPG,Grape___Leaf_blight_(Isariopsis_Leaf_Spot),Grape___Leaf_blight_(Isariopsis_Leaf_Spot),0.9999999,True
/clearml_agent_cache/storage_manager/datasets/ds_687ee9f1c8dd4af98240e55e4b18258a/test/Grape___Leaf_blight_(Isariopsis_Leaf_Spot)/d105b10e-c737-461d-aac2-d2eda9733ce9___FAM_L.Blight_4520.JPG,Grape___Leaf_blight_(Isariopsis_Leaf_Spot),Grape___Leaf_blight_(Isariopsis_Leaf_Spot),1.0,True
/clearml_agent_cache/storage_manager/datasets/ds_687ee9f1c8dd4af98240e55e4b18258a/test/Grape___Leaf_blight_(Isariopsis_Leaf_Spot)/d1b02612-baa1-4ee3-8b9f-9163effa59e0___FAM_L.Blight_1498.JPG,Grape___Leaf_blight_(Isariopsis_Leaf_Spot),Grape___Leaf_blight_(Isariopsis_Leaf_Spot),0.99999464,True
/clearml_agent_cache/storage_manager/datasets/ds_687ee9f1c8dd4af98240e55e4b18258a/test/Grape___Leaf_blight_(Isariopsis_Leaf_Spot)/d6236498-7c4d-40cd-9f1b-476816ab3c85___FAM_L.Blight_3693.JPG,Grape___Leaf_blight_(Isariopsis_Leaf_Spot),Grape___Leaf_blight_(Isariopsis_Leaf_Spot),1.0,True
/clearml_agent_cache/storage_manager/datasets/ds_687ee9f1c8dd4af98240e55e4b18258a/test/Grape___Leaf_blight_(Isariopsis_Leaf_Spot)/e34c6ed4-8dfe-4595-87ca-a4260d07a7eb___FAM_L.Blight_1387.JPG,Grape___Leaf_blight_(Isariopsis_Leaf_Spot),Grape___Leaf_blight_(Isariopsis_Leaf_Spot),1.0,True
/clearml_agent_cache/storage_manager/datasets/ds_687ee9f1c8dd4af98240e55e4b18258a/test/Grape___Leaf_blight_(Isariopsis_Leaf_Spot)/e6e1375d-9479-4f14-8803-53fd7f926a76___FAM_L.Blight_3785.JPG,Grape___Leaf_blight_(Isariopsis_Leaf_Spot),Grape___Leaf_blight_(Isariopsis_Leaf_Spot),0.99999976,True
/clearml_agent_cache/storage_manager/datasets/ds_687ee9f1c8dd4af98240e55e4b18258a/test/Grape___Leaf_blight_(Isariopsis_Leaf_Spot)/f013402b-5de4-43a1-b5e3-f04d1ce11e4d___FAM_L.Blight_1726.JPG,Grape___Leaf_blight_(Isariopsis_Leaf_Spot),Grape___Leaf_blight_(Isariopsis_Leaf_Spot),1.0,True
/clearml_agent_cache/storage_manager/datasets/ds_687ee9f1c8dd4af98240e55e4b18258a/test/Grape___Leaf_blight_(Isariopsis_Leaf_Spot)/f1924a89-fb27-466d-9f08-b9b838a7833e___FAM_L.Blight_1405.JPG,Grape___Leaf_blight_(Isariopsis_Leaf_Spot),Grape___Leaf_blight_(Isariopsis_Leaf_Spot),0.9999999,True
/clearml_agent_cache/storage_manager/datasets/ds_687ee9f1c8dd4af98240e55e4b18258a/test/Grape___Leaf_blight_(Isariopsis_Leaf_Spot)/f217425f-4318-4f3d-9222-a2c6e20c0393___FAM_L.Blight_4762.JPG,Grape___Leaf_blight_(Isariopsis_Leaf_Spot),Grape___Leaf_blight_(Isariopsis_Leaf_Spot),0.9999999,True
/clearml_agent_cache/storage_manager/datasets/ds_687ee9f1c8dd4af98240e55e4b18258a/test/Grape___Leaf_blight_(Isariopsis_Leaf_Spot)/fd4cc5e9-99e1-4b98-ae03-4c5ff0286356___FAM_L.Blight_1457.JPG,Grape___Leaf_blight_(Isariopsis_Leaf_Spot),Grape___Leaf_blight_(Isariopsis_Leaf_Spot),0.99999976,True
/clearml_agent_cache/storage_manager/datasets/ds_687ee9f1c8dd4af98240e55e4b18258a/test/Grape___healthy/00e00912-bf75-4cf8-8b7d-ad64b73bea5f___Mt.N.V_HL_6067.JPG,Grape___healthy,Grape___healthy,0.9999969,True
/clearml_agent_cache/storage_manager/datasets/ds_687ee9f1c8dd4af98240e55e4b18258a/test/Grape___healthy/103b436c-40f5-40e7-b292-ae1bc619e194___Mt.N.V_HL_6084.JPG,Grape___healthy,Grape___healthy,0.9999355,True
/clearml_agent_cache/storage_manager/datasets/ds_687ee9f1c8dd4af98240e55e4b18258a/test/Grape___healthy/18fd5d50-f80c-426c-bfdb-5ca325065f24___Mt.N.V_HL_6024.JPG,Grape___healthy,Grape___healthy,0.9999949,True
/clearml_agent_cache/storage_manager/datasets/ds_687ee9f1c8dd4af98240e55e4b18258a/test/Grape___healthy/2b4a92e2-a039-45eb-ad1a-ee9914dfeefe___Mt.N.V_HL_6177.JPG,Grape___healthy,Grape___healthy,0.9999459,True
/clearml_agent_cache/storage_manager/datasets/ds_687ee9f1c8dd4af98240e55e4b18258a/test/Grape___healthy/4abb1e67-c8e6-4313-a9e5-119fe08b4be3___Mt.N.V_HL_9029.JPG,Grape___healthy,Grape___healthy,0.99999297,True
/clearml_agent_cache/storage_manager/datasets/ds_687ee9f1c8dd4af98240e55e4b18258a/test/Grape___healthy/4b837c0f-15e7-4896-9a4c-2f5ea9fbb5de___Mt.N.V_HL_6195.JPG,Grape___healthy,Grape___healthy,0.9999896,True
/clearml_agent_cache/storage_manager/datasets/ds_687ee9f1c8dd4af98240e55e4b18258a/test/Grape___healthy/5fccb358-a1fd-4cdb-a9a8-da8b2a3e184c___Mt.N.V_HL_8954.JPG,Grape___healthy,Grape___healthy,0.9999913,True
/clearml_agent_cache/storage_manager/datasets/ds_687ee9f1c8dd4af98240e55e4b18258a/test/Grape___healthy/7042c2f6-b859-41ec-8ee0-b058f9e9e906___Mt.N.V_HL_6164.JPG,Grape___healthy,Grape___healthy,0.99997365,True
/clearml_agent_cache/storage_manager/datasets/ds_687ee9f1c8dd4af98240e55e4b18258a/test/Grape___healthy/75ad9d58-7f7e-4a4c-8ced-fec8d23d9a7e___Mt.N.V_HL_6170.JPG,Grape___healthy,Grape___healthy,0.99998534,True
/clearml_agent_cache/storage_manager/datasets/ds_687ee9f1c8dd4af98240e55e4b18258a/test/Grape___healthy/7d75ec5d-6b46-4017-85f6-0d559a349e9f___Mt.N.V_HL_9104.JPG,Grape___healthy,Grape___healthy,0.9999995,True
/clearml_agent_cache/storage_manager/datasets/ds_687ee9f1c8dd4af98240e55e4b18258a/test/Grape___healthy/8a5dff69-180d-4a14-b8e1-b9e1374202c5___Mt.N.V_HL_6098.JPG,Grape___healthy,Grape___healthy,0.9999995,True
/clearml_agent_cache/storage_manager/datasets/ds_687ee9f1c8dd4af98240e55e4b18258a/test/Grape___healthy/9d78272e-303b-4fcc-af33-ff47d89a312d___Mt.N.V_HL_8959.JPG,Grape___healthy,Grape___healthy,0.99981505,True
/clearml_agent_cache/storage_manager/datasets/ds_687ee9f1c8dd4af98240e55e4b18258a/test/Grape___healthy/9f569d96-a582-4c82-827a-b4467382cc64___Mt.N.V_HL_9067.JPG,Grape___healthy,Grape___healthy,0.9999683,True
/clearml_agent_cache/storage_manager/datasets/ds_687ee9f1c8dd4af98240e55e4b18258a/test/Grape___healthy/c48a4277-3bd4-45c8-be06-8bdc4404f252___Mt.N.V_HL_6137.JPG,Grape___healthy,Grape___healthy,0.99997866,True
/clearml_agent_cache/storage_manager/datasets/ds_687ee9f1c8dd4af98240e55e4b18258a/test/Grape___healthy/cad08b01-b03c-4bee-a786-a6118ec09c37___Mt.N.V_HL_6081.JPG,Grape___healthy,Grape___healthy,0.99994695,True
/clearml_agent_cache/storage_manager/datasets/ds_687ee9f1c8dd4af98240e55e4b18258a/test/Grape___healthy/daf0e2e3-1d2b-4fcf-9dba-1ffa7605766e___Mt.N.V_HL_6210.JPG,Grape___healthy,Grape___healthy,0.99999535,True
/clearml_agent_cache/storage_manager/datasets/ds_687ee9f1c8dd4af98240e55e4b18258a/test/Grape___healthy/f21a88fa-5ee6-4e27-b9c1-d3a263b8cea5___Mt.N.V_HL_9024.JPG,Grape___healthy,Grape___healthy,0.9999714,True
/clearml_agent_cache/storage_manager/datasets/ds_687ee9f1c8dd4af98240e55e4b18258a/test/Orange___Haunglongbing_(Citrus_greening)/037036c8-5396-48b2-b598-e08ef7b87d1d___UF.Citrus_HLB_Lab_1617.JPG,Orange___Haunglongbing_(Citrus_greening),Orange___Haunglongbing_(Citrus_greening),0.99999905,True
/clearml_agent_cache/storage_manager/datasets/ds_687ee9f1c8dd4af98240e55e4b18258a/test/Orange___Haunglongbing_(Citrus_greening)/0379b4be-a414-48c9-be6a-fac91adf4228___CREC_HLB_5158.JPG,Orange___Haunglongbing_(Citrus_greening),Orange___Haunglongbing_(Citrus_greening),0.99999976,True
/clearml_agent_cache/storage_manager/datasets/ds_687ee9f1c8dd4af98240e55e4b18258a/test/Orange___Haunglongbing_(Citrus_greening)/05750d9d-4344-41b9-b864-8abc961917a8___CREC_HLB_5050.JPG,Orange___Haunglongbing_(Citrus_greening),Orange___Haunglongbing_(Citrus_greening),0.9999995,True
/clearml_agent_cache/storage_manager/datasets/ds_687ee9f1c8dd4af98240e55e4b18258a/test/Orange___Haunglongbing_(Citrus_greening)/06e2a188-da4a-4266-a9f3-13582800d151___CREC_HLB_5481.JPG,Orange___Haunglongbing_(Citrus_greening),Orange___Haunglongbing_(Citrus_greening),0.9999994,True
/clearml_agent_cache/storage_manager/datasets/ds_687ee9f1c8dd4af98240e55e4b18258a/test/Orange___Haunglongbing_(Citrus_greening)/08bfe790-4fb6-4d78-b572-714dc8c18c69___CREC_HLB_4413.JPG,Orange___Haunglongbing_(Citrus_greening),Orange___Haunglongbing_(Citrus_greening),0.99999964,True
/clearml_agent_cache/storage_manager/datasets/ds_687ee9f1c8dd4af98240e55e4b18258a/test/Orange___Haunglongbing_(Citrus_greening)/09bf191e-c87b-41f3-a106-606f47d5897b___UF.Citrus_HLB_Lab_1658.JPG,Orange___Haunglongbing_(Citrus_greening),Orange___Haunglongbing_(Citrus_greening),0.9999982,True
/clearml_agent_cache/storage_manager/datasets/ds_687ee9f1c8dd4af98240e55e4b18258a/test/Orange___Haunglongbing_(Citrus_greening)/09e263a1-e330-4361-89a8-f8ded6d665d4___UF.Citrus_HLB_Lab_1122.JPG,Orange___Haunglongbing_(Citrus_greening),Orange___Haunglongbing_(Citrus_greening),0.99998593,True
/clearml_agent_cache/storage_manager/datasets/ds_687ee9f1c8dd4af98240e55e4b18258a/test/Orange___Haunglongbing_(Citrus_greening)/0a0e1e0f-e0d2-4a9b-9265-ec636592d0b2___CREC_HLB_7565.JPG,Orange___Haunglongbing_(Citrus_greening),Orange___Haunglongbing_(Citrus_greening),0.99999034,True
/clearml_agent_cache/storage_manager/datasets/ds_687ee9f1c8dd4af98240e55e4b18258a/test/Orange___Haunglongbing_(Citrus_greening)/0bbd2f9d-f0a8-4a94-ac16-900c82bff75f___UF.Citrus_HLB_Lab_1682.JPG,Orange___Haunglongbing_(Citrus_greening),Orange___Haunglongbing_(Citrus_greening),0.99999833,True
/clearml_agent_cache/storage_manager/datasets/ds_687ee9f1c8dd4af98240e55e4b18258a/test/Orange___Haunglongbing_(Citrus_greening)/0c621f86-bcdf-4281-b43b-2de1bc01fa07___UF.Citrus_HLB_Lab_1061.JPG,Orange___Haunglongbing_(Citrus_greening),Orange___Haunglongbing_(Citrus_greening),0.9999987,True
/clearml_agent_cache/storage_manager/datasets/ds_687ee9f1c8dd4af98240e55e4b18258a/test/Orange___Haunglongbing_(Citrus_greening)/0cc7539b-8301-47af-8567-3c4fcd031cf2___CREC_HLB_7568.JPG,Orange___Haunglongbing_(Citrus_greening),Orange___Haunglongbing_(Citrus_greening),0.9999995,True
/clearml_agent_cache/storage_manager/datasets/ds_687ee9f1c8dd4af98240e55e4b18258a/test/Orange___Haunglongbing_(Citrus_greening)/0ce155a3-b7df-4bc7-99b2-530dbc03b129___CREC_HLB_7921.JPG,Orange___Haunglongbing_(Citrus_greening),Orange___Haunglongbing_(Citrus_greening),0.9999976,True
/clearml_agent_cache/storage_manager/datasets/ds_687ee9f1c8dd4af98240e55e4b18258a/test/Orange___Haunglongbing_(Citrus_greening)/0d4fa412-1030-4a20-9dbf-41a7fa5b2779___CREC_HLB_4559.JPG,Orange___Haunglongbing_(Citrus_greening),Orange___Haunglongbing_(Citrus_greening),0.9999994,True
/clearml_agent_cache/storage_manager/datasets/ds_687ee9f1c8dd4af98240e55e4b18258a/test/Orange___Haunglongbing_(Citrus_greening)/0d536079-46aa-41ce-b2e9-34a29210275d___CREC_HLB_6634.JPG,Orange___Haunglongbing_(Citrus_greening),Orange___Haunglongbing_(Citrus_greening),0.9999995,True
/clearml_agent_cache/storage_manager/datasets/ds_687ee9f1c8dd4af98240e55e4b18258a/test/Orange___Haunglongbing_(Citrus_greening)/0e3ac014-1e9c-4957-a6e1-c46a42ec2609___UF.Citrus_HLB_Lab_0865.JPG,Orange___Haunglongbing_(Citrus_greening),Orange___Haunglongbing_(Citrus_greening),0.999997,True
/clearml_agent_cache/storage_manager/datasets/ds_687ee9f1c8dd4af98240e55e4b18258a/test/Orange___Haunglongbing_(Citrus_greening)/11b4a4de-c43d-48ac-a5a3-00b0875f6959___CREC_HLB_5583.JPG,Orange___Haunglongbing_(Citrus_greening),Orange___Haunglongbing_(Citrus_greening),0.99999595,True
/clearml_agent_cache/storage_manager/datasets/ds_687ee9f1c8dd4af98240e55e4b18258a/test/Orange___Haunglongbing_(Citrus_greening)/12096d47-fcab-4b84-b808-2cc8b8c8170f___CREC_HLB_7230.JPG,Orange___Haunglongbing_(Citrus_greening),Orange___Haunglongbing_(Citrus_greening),0.999998,True
/clearml_agent_cache/storage_manager/datasets/ds_687ee9f1c8dd4af98240e55e4b18258a/test/Orange___Haunglongbing_(Citrus_greening)/147cd1dc-666e-4267-a480-21035a9422d6___CREC_HLB_6424.JPG,Orange___Haunglongbing_(Citrus_greening),Orange___Haunglongbing_(Citrus_greening),0.9999944,True
/clearml_agent_cache/storage_manager/datasets/ds_687ee9f1c8dd4af98240e55e4b18258a/test/Orange___Haunglongbing_(Citrus_greening)/173bd3c0-37d8-4cc3-ae61-7a4f4cbbd993___UF.Citrus_HLB_Lab_0957.JPG,Orange___Haunglongbing_(Citrus_greening),Orange___Haunglongbing_(Citrus_greening),0.99998844,True
/clearml_agent_cache/storage_manager/datasets/ds_687ee9f1c8dd4af98240e55e4b18258a/test/Orange___Haunglongbing_(Citrus_greening)/18488536-6f53-43db-8d2e-f12267b456f5___CREC_HLB_6566.JPG,Orange___Haunglongbing_(Citrus_greening),Orange___Haunglongbing_(Citrus_greening),1.0,True
/clearml_agent_cache/storage_manager/datasets/ds_687ee9f1c8dd4af98240e55e4b18258a/test/Orange___Haunglongbing_(Citrus_greening)/1da25e9c-543e-44ab-8ed7-578cc4c218db___CREC_HLB_6656.JPG,Orange___Haunglongbing_(Citrus_greening),Orange___Haunglongbing_(Citrus_greening),0.9999989,True
/clearml_agent_cache/storage_manager/datasets/ds_687ee9f1c8dd4af98240e55e4b18258a/test/Orange___Haunglongbing_(Citrus_greening)/1e818f74-de95-4329-9c1a-1d8a05ce49f5___CREC_HLB_6593.JPG,Orange___Haunglongbing_(Citrus_greening),Orange___Haunglongbing_(Citrus_greening),0.9999995,True
/clearml_agent_cache/storage_manager/datasets/ds_687ee9f1c8dd4af98240e55e4b18258a/test/Orange___Haunglongbing_(Citrus_greening)/20f60ac6-d1ac-49c1-bbc7-e147e2123d79___CREC_HLB_3943.JPG,Orange___Haunglongbing_(Citrus_greening),Orange___Haunglongbing_(Citrus_greening),0.99999833,True
/clearml_agent_cache/storage_manager/datasets/ds_687ee9f1c8dd4af98240e55e4b18258a/test/Orange___Haunglongbing_(Citrus_greening)/2145b6ab-992a-435d-b8ca-9096de47c9d1___UF.Citrus_HLB_Lab_9809.JPG,Orange___Haunglongbing_(Citrus_greening),Orange___Haunglongbing_(Citrus_greening),0.99999774,True
/clearml_agent_cache/storage_manager/datasets/ds_687ee9f1c8dd4af98240e55e4b18258a/test/Orange___Haunglongbing_(Citrus_greening)/23978af5-e4f8-4096-8b47-254e0503b620___UF.Citrus_HLB_Lab_1708.JPG,Orange___Haunglongbing_(Citrus_greening),Orange___Haunglongbing_(Citrus_greening),0.99999857,True
/clearml_agent_cache/storage_manager/datasets/ds_687ee9f1c8dd4af98240e55e4b18258a/test/Orange___Haunglongbing_(Citrus_greening)/25155cfe-d51b-47b7-80e5-e70efed9634a___UF.Citrus_HLB_Lab_1748.JPG,Orange___Haunglongbing_(Citrus_greening),Orange___Haunglongbing_(Citrus_greening),0.9999999,True
/clearml_agent_cache/storage_manager/datasets/ds_687ee9f1c8dd4af98240e55e4b18258a/test/Orange___Haunglongbing_(Citrus_greening)/2594eb49-8ace-4ced-976c-279f589c85eb___UF.Citrus_HLB_Lab_9709.JPG,Orange___Haunglongbing_(Citrus_greening),Orange___Haunglongbing_(Citrus_greening),0.9999914,True
/clearml_agent_cache/storage_manager/datasets/ds_687ee9f1c8dd4af98240e55e4b18258a/test/Orange___Haunglongbing_(Citrus_greening)/27707f15-71b4-47fc-a85a-a486467aef32___CREC_HLB_7644.JPG,Orange___Haunglongbing_(Citrus_greening),Orange___Haunglongbing_(Citrus_greening),0.9999994,True
/clearml_agent_cache/storage_manager/datasets/ds_687ee9f1c8dd4af98240e55e4b18258a/test/Orange___Haunglongbing_(Citrus_greening)/27f19dc0-e399-4e50-8fa4-59c963083c20___CREC_HLB_4048.JPG,Orange___Haunglongbing_(Citrus_greening),Orange___Haunglongbing_(Citrus_greening),0.9999999,True
/clearml_agent_cache/storage_manager/datasets/ds_687ee9f1c8dd4af98240e55e4b18258a/test/Orange___Haunglongbing_(Citrus_greening)/2938d3b3-8925-4071-9717-eeb90af7f7a5___UF.Citrus_HLB_Lab_0445.JPG,Orange___Haunglongbing_(Citrus_greening),Orange___Haunglongbing_(Citrus_greening),0.9999908,True
/clearml_agent_cache/storage_manager/datasets/ds_687ee9f1c8dd4af98240e55e4b18258a/test/Orange___Haunglongbing_(Citrus_greening)/299263fc-e1b2-4124-b6a8-cbd9336ea558___CREC_HLB_5112.JPG,Orange___Haunglongbing_(Citrus_greening),Orange___Haunglongbing_(Citrus_greening),0.99999976,True
/clearml_agent_cache/storage_manager/datasets/ds_687ee9f1c8dd4af98240e55e4b18258a/test/Orange___Haunglongbing_(Citrus_greening)/29b6e232-6f25-4e39-8388-e4d306afae5f___UF.Citrus_HLB_Lab_1735.JPG,Orange___Haunglongbing_(Citrus_greening),Orange___Haunglongbing_(Citrus_greening),0.9999962,True
/clearml_agent_cache/storage_manager/datasets/ds_687ee9f1c8dd4af98240e55e4b18258a/test/Orange___Haunglongbing_(Citrus_greening)/2a5f0c78-b0d6-43d8-a7d0-7609bdee9e46___CREC_HLB_5425.JPG,Orange___Haunglongbing_(Citrus_greening),Orange___Haunglongbing_(Citrus_greening),0.99999726,True
/clearml_agent_cache/storage_manager/datasets/ds_687ee9f1c8dd4af98240e55e4b18258a/test/Orange___Haunglongbing_(Citrus_greening)/2cc5373b-0589-454f-a496-4af5c92e2207___UF.Citrus_HLB_Lab_0755.JPG,Orange___Haunglongbing_(Citrus_greening),Orange___Haunglongbing_(Citrus_greening),0.9999993,True
/clearml_agent_cache/storage_manager/datasets/ds_687ee9f1c8dd4af98240e55e4b18258a/test/Orange___Haunglongbing_(Citrus_greening)/2cf2736c-ce4d-4367-a434-9162c1dbacc4___UF.Citrus_HLB_Lab_0425.JPG,Orange___Haunglongbing_(Citrus_greening),Orange___Haunglongbing_(Citrus_greening),0.99999917,True
/clearml_agent_cache/storage_manager/datasets/ds_687ee9f1c8dd4af98240e55e4b18258a/test/Orange___Haunglongbing_(Citrus_greening)/3094d5f6-5c19-4a33-83fc-c563858bb39c___CREC_HLB_4539.JPG,Orange___Haunglongbing_(Citrus_greening),Orange___Haunglongbing_(Citrus_greening),0.9999993,True
/clearml_agent_cache/storage_manager/datasets/ds_687ee9f1c8dd4af98240e55e4b18258a/test/Orange___Haunglongbing_(Citrus_greening)/32d6896a-b08a-461c-a45f-87007a7e50d8___UF.Citrus_HLB_Lab_1534.JPG,Orange___Haunglongbing_(Citrus_greening),Orange___Haunglongbing_(Citrus_greening),0.9999963,True
/clearml_agent_cache/storage_manager/datasets/ds_687ee9f1c8dd4af98240e55e4b18258a/test/Orange___Haunglongbing_(Citrus_greening)/33434e69-40f9-4ab7-ab93-2bd48470de1f___CREC_HLB_7437.JPG,Orange___Haunglongbing_(Citrus_greening),Orange___Haunglongbing_(Citrus_greening),0.99999964,True
/clearml_agent_cache/storage_manager/datasets/ds_687ee9f1c8dd4af98240e55e4b18258a/test/Orange___Haunglongbing_(Citrus_greening)/33cd05c5-d3c8-4e9d-a278-8ff41b532fa0___UF.Citrus_HLB_Lab_0802.JPG,Orange___Haunglongbing_(Citrus_greening),Orange___Haunglongbing_(Citrus_greening),0.9999987,True
/clearml_agent_cache/storage_manager/datasets/ds_687ee9f1c8dd4af98240e55e4b18258a/test/Orange___Haunglongbing_(Citrus_greening)/36e355b5-10c2-4250-8030-ad5c42832cfd___UF.Citrus_HLB_Lab_9703.JPG,Orange___Haunglongbing_(Citrus_greening),Orange___Haunglongbing_(Citrus_greening),0.9999951,True
/clearml_agent_cache/storage_manager/datasets/ds_687ee9f1c8dd4af98240e55e4b18258a/test/Orange___Haunglongbing_(Citrus_greening)/36e85df3-17a5-466d-be25-e0698ff1f566___CREC_HLB_6632.JPG,Orange___Haunglongbing_(Citrus_greening),Orange___Haunglongbing_(Citrus_greening),0.9999995,True
/clearml_agent_cache/storage_manager/datasets/ds_687ee9f1c8dd4af98240e55e4b18258a/test/Orange___Haunglongbing_(Citrus_greening)/3a7644f8-2863-4281-b25d-2cc153fb847b___CREC_HLB_5547.JPG,Orange___Haunglongbing_(Citrus_greening),Orange___Haunglongbing_(Citrus_greening),0.9999982,True
/clearml_agent_cache/storage_manager/datasets/ds_687ee9f1c8dd4af98240e55e4b18258a/test/Orange___Haunglongbing_(Citrus_greening)/3a8db1a9-8eb9-4a0b-b31a-ba6684a464a0___CREC_HLB_4975.JPG,Orange___Haunglongbing_(Citrus_greening),Orange___Haunglongbing_(Citrus_greening),0.99998784,True
/clearml_agent_cache/storage_manager/datasets/ds_687ee9f1c8dd4af98240e55e4b18258a/test/Orange___Haunglongbing_(Citrus_greening)/3c6918df-e98a-4570-ae14-64c3b1e0333b___CREC_HLB_7631.JPG,Orange___Haunglongbing_(Citrus_greening),Orange___Haunglongbing_(Citrus_greening),0.99999964,True
/clearml_agent_cache/storage_manager/datasets/ds_687ee9f1c8dd4af98240e55e4b18258a/test/Orange___Haunglongbing_(Citrus_greening)/3d27e9ab-e392-43d8-9507-b42973388485___UF.Citrus_HLB_Lab_1091.JPG,Orange___Haunglongbing_(Citrus_greening),Orange___Haunglongbing_(Citrus_greening),0.9999995,True
/clearml_agent_cache/storage_manager/datasets/ds_687ee9f1c8dd4af98240e55e4b18258a/test/Orange___Haunglongbing_(Citrus_greening)/4056f64a-a93c-49c8-923a-ff14dc235a92___UF.Citrus_HLB_Lab_9697.JPG,Orange___Haunglongbing_(Citrus_greening),Orange___Haunglongbing_(Citrus_greening),0.9999944,True
/clearml_agent_cache/storage_manager/datasets/ds_687ee9f1c8dd4af98240e55e4b18258a/test/Orange___Haunglongbing_(Citrus_greening)/41c1e20e-8a04-4d78-a117-6f53f1f912c6___UF.Citrus_HLB_Lab_0763.JPG,Orange___Haunglongbing_(Citrus_greening),Orange___Haunglongbing_(Citrus_greening),0.999998,True
/clearml_agent_cache/storage_manager/datasets/ds_687ee9f1c8dd4af98240e55e4b18258a/test/Orange___Haunglongbing_(Citrus_greening)/43064e65-08d1-43a0-9d33-430f4f820580___UF.Citrus_HLB_Lab_1129.JPG,Orange___Haunglongbing_(Citrus_greening),Orange___Haunglongbing_(Citrus_greening),0.9999981,True
/clearml_agent_cache/storage_manager/datasets/ds_687ee9f1c8dd4af98240e55e4b18258a/test/Orange___Haunglongbing_(Citrus_greening)/4743194c-038b-4e26-a77d-d9ef6fd1e153___UF.Citrus_HLB_Lab_0172.JPG,Orange___Haunglongbing_(Citrus_greening),Orange___Haunglongbing_(Citrus_greening),0.9998375,True
/clearml_agent_cache/storage_manager/datasets/ds_687ee9f1c8dd4af98240e55e4b18258a/test/Orange___Haunglongbing_(Citrus_greening)/4759513c-74cf-4222-b5e2-8116f04ef545___UF.Citrus_HLB_Lab_1314.JPG,Orange___Haunglongbing_(Citrus_greening),Orange___Haunglongbing_(Citrus_greening),0.99999785,True
/clearml_agent_cache/storage_manager/datasets/ds_687ee9f1c8dd4af98240e55e4b18258a/test/Orange___Haunglongbing_(Citrus_greening)/49c47b9b-8532-4be0-b1d3-e9f86e93f05a___CREC_HLB_4617.JPG,Orange___Haunglongbing_(Citrus_greening),Orange___Haunglongbing_(Citrus_greening),0.9999995,True
/clearml_agent_cache/storage_manager/datasets/ds_687ee9f1c8dd4af98240e55e4b18258a/test/Orange___Haunglongbing_(Citrus_greening)/4a877c35-c023-45a4-8d80-1e8e671ff140___CREC_HLB_7488.JPG,Orange___Haunglongbing_(Citrus_greening),Orange___Haunglongbing_(Citrus_greening),0.9999988,True
/clearml_agent_cache/storage_manager/datasets/ds_687ee9f1c8dd4af98240e55e4b18258a/test/Orange___Haunglongbing_(Citrus_greening)/4aab6dd7-eafc-443e-bfec-e2e9a3476e81___UF.Citrus_HLB_Lab_0920.JPG,Orange___Haunglongbing_(Citrus_greening),Orange___Haunglongbing_(Citrus_greening),0.9999918,True
/clearml_agent_cache/storage_manager/datasets/ds_687ee9f1c8dd4af98240e55e4b18258a/test/Orange___Haunglongbing_(Citrus_greening)/4abd98cf-0178-4db2-a9b7-7c7dc7278e16___CREC_HLB_4736.JPG,Orange___Haunglongbing_(Citrus_greening),Orange___Haunglongbing_(Citrus_greening),0.99999464,True
/clearml_agent_cache/storage_manager/datasets/ds_687ee9f1c8dd4af98240e55e4b18258a/test/Orange___Haunglongbing_(Citrus_greening)/4d6bfdc3-d096-48f0-ba21-3a58f6ff9bc3___CREC_HLB_4996.JPG,Orange___Haunglongbing_(Citrus_greening),Orange___Haunglongbing_(Citrus_greening),0.9999783,True
/clearml_agent_cache/storage_manager/datasets/ds_687ee9f1c8dd4af98240e55e4b18258a/test/Orange___Haunglongbing_(Citrus_greening)/4f909917-b6ff-45c6-bf4d-2726f8ebe0ff___UF.Citrus_HLB_Lab_0965.JPG,Orange___Haunglongbing_(Citrus_greening),Orange___Haunglongbing_(Citrus_greening),0.9999988,True
/clearml_agent_cache/storage_manager/datasets/ds_687ee9f1c8dd4af98240e55e4b18258a/test/Orange___Haunglongbing_(Citrus_greening)/50215586-e197-45da-b7d0-bee941b4e3ef___CREC_HLB_4949.JPG,Orange___Haunglongbing_(Citrus_greening),Orange___Haunglongbing_(Citrus_greening),0.99999654,True
/clearml_agent_cache/storage_manager/datasets/ds_687ee9f1c8dd4af98240e55e4b18258a/test/Orange___Haunglongbing_(Citrus_greening)/5172e26a-37ff-4b40-9f67-f033c4d8a6b7___CREC_HLB_4182.JPG,Orange___Haunglongbing_(Citrus_greening),Orange___Haunglongbing_(Citrus_greening),0.9999995,True
/clearml_agent_cache/storage_manager/datasets/ds_687ee9f1c8dd4af98240e55e4b18258a/test/Orange___Haunglongbing_(Citrus_greening)/54a38d44-0f61-4939-b48f-4936191e9c5f___CREC_HLB_7932.JPG,Orange___Haunglongbing_(Citrus_greening),Orange___Haunglongbing_(Citrus_greening),0.9999989,True
/clearml_agent_cache/storage_manager/datasets/ds_687ee9f1c8dd4af98240e55e4b18258a/test/Orange___Haunglongbing_(Citrus_greening)/54ab3cd2-0fff-41a6-b938-223e1ea25a39___CREC_HLB_7915.JPG,Orange___Haunglongbing_(Citrus_greening),Orange___Haunglongbing_(Citrus_greening),0.99999917,True
/clearml_agent_cache/storage_manager/datasets/ds_687ee9f1c8dd4af98240e55e4b18258a/test/Orange___Haunglongbing_(Citrus_greening)/56fb1c70-41f2-4c68-93e7-8b1990769380___CREC_HLB_6420.JPG,Orange___Haunglongbing_(Citrus_greening),Orange___Haunglongbing_(Citrus_greening),0.99999976,True
/clearml_agent_cache/storage_manager/datasets/ds_687ee9f1c8dd4af98240e55e4b18258a/test/Orange___Haunglongbing_(Citrus_greening)/5702b749-05df-4ef4-8e13-a60db62ca9af___UF.Citrus_HLB_Lab_0083.JPG,Orange___Haunglongbing_(Citrus_greening),Orange___Haunglongbing_(Citrus_greening),0.99997723,True
/clearml_agent_cache/storage_manager/datasets/ds_687ee9f1c8dd4af98240e55e4b18258a/test/Orange___Haunglongbing_(Citrus_greening)/5c5fbafd-80f4-4389-b2d9-088f76677898___CREC_HLB_4858.JPG,Orange___Haunglongbing_(Citrus_greening),Orange___Haunglongbing_(Citrus_greening),0.99999857,True
/clearml_agent_cache/storage_manager/datasets/ds_687ee9f1c8dd4af98240e55e4b18258a/test/Orange___Haunglongbing_(Citrus_greening)/5d8c045e-a685-4e8f-b58b-30fa07f56800___CREC_HLB_4552.JPG,Orange___Haunglongbing_(Citrus_greening),Orange___Haunglongbing_(Citrus_greening),0.9999994,True
/clearml_agent_cache/storage_manager/datasets/ds_687ee9f1c8dd4af98240e55e4b18258a/test/Orange___Haunglongbing_(Citrus_greening)/5f3726ab-a0d3-4a26-b6c4-e72c4df6360d___UF.Citrus_HLB_Lab_1687.JPG,Orange___Haunglongbing_(Citrus_greening),Orange___Haunglongbing_(Citrus_greening),0.99999905,True
/clearml_agent_cache/storage_manager/datasets/ds_687ee9f1c8dd4af98240e55e4b18258a/test/Orange___Haunglongbing_(Citrus_greening)/5faa095a-f2da-4ef4-a94c-f1872177264d___UF.Citrus_HLB_Lab_9971.JPG,Orange___Haunglongbing_(Citrus_greening),Orange___Haunglongbing_(Citrus_greening),0.9999987,True
/clearml_agent_cache/storage_manager/datasets/ds_687ee9f1c8dd4af98240e55e4b18258a/test/Orange___Haunglongbing_(Citrus_greening)/5fb67cb6-c318-4119-a545-de6fe46afc81___CREC_HLB_4032.JPG,Orange___Haunglongbing_(Citrus_greening),Orange___Haunglongbing_(Citrus_greening),0.9999989,True
/clearml_agent_cache/storage_manager/datasets/ds_687ee9f1c8dd4af98240e55e4b18258a/test/Orange___Haunglongbing_(Citrus_greening)/62d09f64-6f62-4599-b71c-fd7ea08d99c4___CREC_HLB_4965.JPG,Orange___Haunglongbing_(Citrus_greening),Orange___Haunglongbing_(Citrus_greening),0.9999951,True
/clearml_agent_cache/storage_manager/datasets/ds_687ee9f1c8dd4af98240e55e4b18258a/test/Orange___Haunglongbing_(Citrus_greening)/650df505-0101-4003-bdf3-0bbaa0cc2ea6___CREC_HLB_6781.JPG,Orange___Haunglongbing_(Citrus_greening),Orange___Haunglongbing_(Citrus_greening),0.99999595,True
/clearml_agent_cache/storage_manager/datasets/ds_687ee9f1c8dd4af98240e55e4b18258a/test/Orange___Haunglongbing_(Citrus_greening)/652836d3-70db-475e-a218-fe4a7cd72ed5___CREC_HLB_4020.JPG,Orange___Haunglongbing_(Citrus_greening),Orange___Haunglongbing_(Citrus_greening),1.0,True
/clearml_agent_cache/storage_manager/datasets/ds_687ee9f1c8dd4af98240e55e4b18258a/test/Orange___Haunglongbing_(Citrus_greening)/65f87983-4e94-4f0c-afc2-5f0399096e48___CREC_HLB_6421.JPG,Orange___Haunglongbing_(Citrus_greening),Orange___Haunglongbing_(Citrus_greening),0.99999905,True
/clearml_agent_cache/storage_manager/datasets/ds_687ee9f1c8dd4af98240e55e4b18258a/test/Orange___Haunglongbing_(Citrus_greening)/67e65af1-8ce3-442b-a53c-0fafa10db86c___CREC_HLB_5120.JPG,Orange___Haunglongbing_(Citrus_greening),Orange___Haunglongbing_(Citrus_greening),0.99999774,True
/clearml_agent_cache/storage_manager/datasets/ds_687ee9f1c8dd4af98240e55e4b18258a/test/Orange___Haunglongbing_(Citrus_greening)/68d870cd-20f3-44b2-a724-fca1978c897e___UF.Citrus_HLB_Lab_0257.JPG,Orange___Haunglongbing_(Citrus_greening),Orange___Haunglongbing_(Citrus_greening),0.9999999,True
/clearml_agent_cache/storage_manager/datasets/ds_687ee9f1c8dd4af98240e55e4b18258a/test/Orange___Haunglongbing_(Citrus_greening)/68fb961b-259b-4664-9f06-34a5f837203b___CREC_HLB_4832.JPG,Orange___Haunglongbing_(Citrus_greening),Orange___Haunglongbing_(Citrus_greening),0.9999995,True
/clearml_agent_cache/storage_manager/datasets/ds_687ee9f1c8dd4af98240e55e4b18258a/test/Orange___Haunglongbing_(Citrus_greening)/69aeb554-f4d6-4585-a001-63873457549f___CREC_HLB_3963.JPG,Orange___Haunglongbing_(Citrus_greening),Orange___Haunglongbing_(Citrus_greening),1.0,True
/clearml_agent_cache/storage_manager/datasets/ds_687ee9f1c8dd4af98240e55e4b18258a/test/Orange___Haunglongbing_(Citrus_greening)/6a5bdbf6-0e37-494d-978b-9ea81f2f0df3___CREC_HLB_5711.JPG,Orange___Haunglongbing_(Citrus_greening),Orange___Haunglongbing_(Citrus_greening),0.9999976,True
/clearml_agent_cache/storage_manager/datasets/ds_687ee9f1c8dd4af98240e55e4b18258a/test/Orange___Haunglongbing_(Citrus_greening)/6bdfff1d-b9fc-4dad-b4cb-4568db091be1___UF.Citrus_HLB_Lab_1382.JPG,Orange___Haunglongbing_(Citrus_greening),Orange___Haunglongbing_(Citrus_greening),0.9999939,True
/clearml_agent_cache/storage_manager/datasets/ds_687ee9f1c8dd4af98240e55e4b18258a/test/Orange___Haunglongbing_(Citrus_greening)/6c3c0c0d-649f-4869-9009-697d77a35d41___CREC_HLB_5575.JPG,Orange___Haunglongbing_(Citrus_greening),Orange___Haunglongbing_(Citrus_greening),0.99999964,True
/clearml_agent_cache/storage_manager/datasets/ds_687ee9f1c8dd4af98240e55e4b18258a/test/Orange___Haunglongbing_(Citrus_greening)/6f142a37-8a5c-437c-b588-698dfa654fd8___CREC_HLB_7833.JPG,Orange___Haunglongbing_(Citrus_greening),Orange___Haunglongbing_(Citrus_greening),0.99999714,True
/clearml_agent_cache/storage_manager/datasets/ds_687ee9f1c8dd4af98240e55e4b18258a/test/Orange___Haunglongbing_(Citrus_greening)/70a422c5-56b5-4d07-ba7a-9d92efd84cc6___CREC_HLB_5701.JPG,Orange___Haunglongbing_(Citrus_greening),Orange___Haunglongbing_(Citrus_greening),0.9999995,True
/clearml_agent_cache/storage_manager/datasets/ds_687ee9f1c8dd4af98240e55e4b18258a/test/Orange___Haunglongbing_(Citrus_greening)/70dd0997-4438-43d0-85f0-1bf861283815___CREC_HLB_4025.JPG,Orange___Haunglongbing_(Citrus_greening),Orange___Haunglongbing_(Citrus_greening),0.9999999,True
/clearml_agent_cache/storage_manager/datasets/ds_687ee9f1c8dd4af98240e55e4b18258a/test/Orange___Haunglongbing_(Citrus_greening)/72b71174-321b-4813-839e-69aeab827972___CREC_HLB_5019.JPG,Orange___Haunglongbing_(Citrus_greening),Orange___Haunglongbing_(Citrus_greening),0.9999789,True
/clearml_agent_cache/storage_manager/datasets/ds_687ee9f1c8dd4af98240e55e4b18258a/test/Orange___Haunglongbing_(Citrus_greening)/72fbe104-2bcb-4fe7-8be0-b86e392b3a78___CREC_HLB_7255.JPG,Orange___Haunglongbing_(Citrus_greening),Orange___Haunglongbing_(Citrus_greening),0.9999958,True
/clearml_agent_cache/storage_manager/datasets/ds_687ee9f1c8dd4af98240e55e4b18258a/test/Orange___Haunglongbing_(Citrus_greening)/7385ea50-db60-4316-a4ad-0944e4774b3d___CREC_HLB_5264.JPG,Orange___Haunglongbing_(Citrus_greening),Orange___Haunglongbing_(Citrus_greening),0.9999999,True
/clearml_agent_cache/storage_manager/datasets/ds_687ee9f1c8dd4af98240e55e4b18258a/test/Orange___Haunglongbing_(Citrus_greening)/73d5d354-621f-4c9f-8a9f-a964c41a337d___CREC_HLB_3878.JPG,Orange___Haunglongbing_(Citrus_greening),Orange___Haunglongbing_(Citrus_greening),0.99999905,True
/clearml_agent_cache/storage_manager/datasets/ds_687ee9f1c8dd4af98240e55e4b18258a/test/Orange___Haunglongbing_(Citrus_greening)/74c1ff11-54d2-4f73-8ae6-0c0e76fca1aa___UF.Citrus_HLB_Lab_1665.JPG,Orange___Haunglongbing_(Citrus_greening),Orange___Haunglongbing_(Citrus_greening),0.99999595,True
/clearml_agent_cache/storage_manager/datasets/ds_687ee9f1c8dd4af98240e55e4b18258a/test/Orange___Haunglongbing_(Citrus_greening)/74fd8c46-9cdb-4b53-a5c3-7890fd43a6aa___UF.Citrus_HLB_Lab_1431.JPG,Orange___Haunglongbing_(Citrus_greening),Orange___Haunglongbing_(Citrus_greening),0.99999857,True
/clearml_agent_cache/storage_manager/datasets/ds_687ee9f1c8dd4af98240e55e4b18258a/test/Orange___Haunglongbing_(Citrus_greening)/752a6137-d47a-4271-aa0e-85cbe6801208___CREC_HLB_4196.JPG,Orange___Haunglongbing_(Citrus_greening),Orange___Haunglongbing_(Citrus_greening),0.99999964,True
/clearml_agent_cache/storage_manager/datasets/ds_687ee9f1c8dd4af98240e55e4b18258a/test/Orange___Haunglongbing_(Citrus_greening)/753f6dea-e751-4b14-93ec-359de01e9497___UF.Citrus_HLB_Lab_0629.JPG,Orange___Haunglongbing_(Citrus_greening),Orange___Haunglongbing_(Citrus_greening),0.9999994,True
/clearml_agent_cache/storage_manager/datasets/ds_687ee9f1c8dd4af98240e55e4b18258a/test/Orange___Haunglongbing_(Citrus_greening)/75633221-bf5e-42de-8ef1-d5375ab4dc6f___UF.Citrus_HLB_Lab_0785.JPG,Orange___Haunglongbing_(Citrus_greening),Orange___Haunglongbing_(Citrus_greening),0.99999774,True
/clearml_agent_cache/storage_manager/datasets/ds_687ee9f1c8dd4af98240e55e4b18258a/test/Orange___Haunglongbing_(Citrus_greening)/75b5bb73-6f94-4f79-b86e-33ae8060b8c3___CREC_HLB_4409.JPG,Orange___Haunglongbing_(Citrus_greening),Orange___Haunglongbing_(Citrus_greening),0.99999976,True
/clearml_agent_cache/storage_manager/datasets/ds_687ee9f1c8dd4af98240e55e4b18258a/test/Orange___Haunglongbing_(Citrus_greening)/766c136e-d923-4998-ace3-a650d402e360___CREC_HLB_4687.JPG,Orange___Haunglongbing_(Citrus_greening),Orange___Haunglongbing_(Citrus_greening),0.99999774,True
/clearml_agent_cache/storage_manager/datasets/ds_687ee9f1c8dd4af98240e55e4b18258a/test/Orange___Haunglongbing_(Citrus_greening)/771b3a6c-77ff-4a0d-917c-2eb935b02fe0___CREC_HLB_6877.JPG,Orange___Haunglongbing_(Citrus_greening),Orange___Haunglongbing_(Citrus_greening),0.9999994,True
/clearml_agent_cache/storage_manager/datasets/ds_687ee9f1c8dd4af98240e55e4b18258a/test/Orange___Haunglongbing_(Citrus_greening)/77bbb0a3-5939-444e-83ac-cd56a518ab9d___UF.Citrus_HLB_Lab_0271.JPG,Orange___Haunglongbing_(Citrus_greening),Orange___Haunglongbing_(Citrus_greening),0.9999988,True
/clearml_agent_cache/storage_manager/datasets/ds_687ee9f1c8dd4af98240e55e4b18258a/test/Orange___Haunglongbing_(Citrus_greening)/77f9ae9f-3170-4df8-8027-5199ffde6a4d___CREC_HLB_6966.JPG,Orange___Haunglongbing_(Citrus_greening),Orange___Haunglongbing_(Citrus_greening),0.9999974,True
/clearml_agent_cache/storage_manager/datasets/ds_687ee9f1c8dd4af98240e55e4b18258a/test/Orange___Haunglongbing_(Citrus_greening)/79571b34-43ab-4b56-b61d-0cc2e4411f7a___CREC_HLB_3936.JPG,Orange___Haunglongbing_(Citrus_greening),Orange___Haunglongbing_(Citrus_greening),1.0,True
/clearml_agent_cache/storage_manager/datasets/ds_687ee9f1c8dd4af98240e55e4b18258a/test/Orange___Haunglongbing_(Citrus_greening)/7a16042a-03e2-40b0-9530-be3c350c4e2d___UF.Citrus_HLB_Lab_0632.JPG,Orange___Haunglongbing_(Citrus_greening),Orange___Haunglongbing_(Citrus_greening),0.9999994,True
/clearml_agent_cache/storage_manager/datasets/ds_687ee9f1c8dd4af98240e55e4b18258a/test/Orange___Haunglongbing_(Citrus_greening)/7a4861ce-3c05-47b5-b10e-b7b4dba2b5e5___CREC_HLB_7300.JPG,Orange___Haunglongbing_(Citrus_greening),Orange___Haunglongbing_(Citrus_greening),0.9999982,True
/clearml_agent_cache/storage_manager/datasets/ds_687ee9f1c8dd4af98240e55e4b18258a/test/Orange___Haunglongbing_(Citrus_greening)/7ad7a47b-09ff-42ab-88f2-660cf8cce5ac___CREC_HLB_4990.JPG,Orange___Haunglongbing_(Citrus_greening),Orange___Haunglongbing_(Citrus_greening),0.9999987,True
/clearml_agent_cache/storage_manager/datasets/ds_687ee9f1c8dd4af98240e55e4b18258a/test/Orange___Haunglongbing_(Citrus_greening)/7ed4ab40-6d16-4524-bced-de909fb8f271___UF.Citrus_HLB_Lab_9909.JPG,Orange___Haunglongbing_(Citrus_greening),Orange___Haunglongbing_(Citrus_greening),0.9999981,True
/clearml_agent_cache/storage_manager/datasets/ds_687ee9f1c8dd4af98240e55e4b18258a/test/Orange___Haunglongbing_(Citrus_greening)/7f78e310-3b1b-4cb2-ab91-359e2dc2c4a7___UF.Citrus_HLB_Lab_1647.JPG,Orange___Haunglongbing_(Citrus_greening),Orange___Haunglongbing_(Citrus_greening),0.99999964,True
/clearml_agent_cache/storage_manager/datasets/ds_687ee9f1c8dd4af98240e55e4b18258a/test/Orange___Haunglongbing_(Citrus_greening)/7fd72dc3-7e5f-4235-bd2f-74627108fbc3___UF.Citrus_HLB_Lab_0279.JPG,Orange___Haunglongbing_(Citrus_greening),Orange___Haunglongbing_(Citrus_greening),0.9999993,True
/clearml_agent_cache/storage_manager/datasets/ds_687ee9f1c8dd4af98240e55e4b18258a/test/Orange___Haunglongbing_(Citrus_greening)/806d425a-560f-4eb1-8059-66b7d76fa25c___CREC_HLB_7143.JPG,Orange___Haunglongbing_(Citrus_greening),Orange___Haunglongbing_(Citrus_greening),0.99999917,True
/clearml_agent_cache/storage_manager/datasets/ds_687ee9f1c8dd4af98240e55e4b18258a/test/Orange___Haunglongbing_(Citrus_greening)/81262885-399b-476e-8987-85b156adf949___CREC_HLB_7064.JPG,Orange___Haunglongbing_(Citrus_greening),Orange___Haunglongbing_(Citrus_greening),0.9999981,True
/clearml_agent_cache/storage_manager/datasets/ds_687ee9f1c8dd4af98240e55e4b18258a/test/Orange___Haunglongbing_(Citrus_greening)/81b08e95-b231-4f08-baa0-ec6fad4faed9___CREC_HLB_6860.JPG,Orange___Haunglongbing_(Citrus_greening),Orange___Haunglongbing_(Citrus_greening),0.9999968,True
/clearml_agent_cache/storage_manager/datasets/ds_687ee9f1c8dd4af98240e55e4b18258a/test/Orange___Haunglongbing_(Citrus_greening)/821d1ea9-84bf-434c-8ab0-d63968b5a167___UF.Citrus_HLB_Lab_0571.JPG,Orange___Haunglongbing_(Citrus_greening),Orange___Haunglongbing_(Citrus_greening),0.9999944,True
/clearml_agent_cache/storage_manager/datasets/ds_687ee9f1c8dd4af98240e55e4b18258a/test/Orange___Haunglongbing_(Citrus_greening)/82a73e58-9b60-4ba9-ad65-4035880a28cc___CREC_HLB_4983.JPG,Orange___Haunglongbing_(Citrus_greening),Orange___Haunglongbing_(Citrus_greening),0.99999905,True
/clearml_agent_cache/storage_manager/datasets/ds_687ee9f1c8dd4af98240e55e4b18258a/test/Orange___Haunglongbing_(Citrus_greening)/836f124c-c420-40d0-9101-f888ce2b6aea___CREC_HLB_4777.JPG,Orange___Haunglongbing_(Citrus_greening),Orange___Haunglongbing_(Citrus_greening),0.999998,True
/clearml_agent_cache/storage_manager/datasets/ds_687ee9f1c8dd4af98240e55e4b18258a/test/Orange___Haunglongbing_(Citrus_greening)/83cbd514-0162-45d9-a77b-94f3c7334998___CREC_HLB_7521.JPG,Orange___Haunglongbing_(Citrus_greening),Orange___Haunglongbing_(Citrus_greening),0.99999905,True
/clearml_agent_cache/storage_manager/datasets/ds_687ee9f1c8dd4af98240e55e4b18258a/test/Orange___Haunglongbing_(Citrus_greening)/840a96e2-d64d-457a-91b9-5806f7945244___CREC_HLB_5248.JPG,Orange___Haunglongbing_(Citrus_greening),Orange___Haunglongbing_(Citrus_greening),0.99999976,True
/clearml_agent_cache/storage_manager/datasets/ds_687ee9f1c8dd4af98240e55e4b18258a/test/Orange___Haunglongbing_(Citrus_greening)/86a30d9d-e57f-4b55-874f-9a77d9da13d9___UF.Citrus_HLB_Lab_0519.JPG,Orange___Haunglongbing_(Citrus_greening),Orange___Haunglongbing_(Citrus_greening),0.999998,True
/clearml_agent_cache/storage_manager/datasets/ds_687ee9f1c8dd4af98240e55e4b18258a/test/Orange___Haunglongbing_(Citrus_greening)/87a4b216-190a-4c0b-80d6-17428bba46f2___UF.Citrus_HLB_Lab_9987.JPG,Orange___Haunglongbing_(Citrus_greening),Orange___Haunglongbing_(Citrus_greening),0.999984,True
/clearml_agent_cache/storage_manager/datasets/ds_687ee9f1c8dd4af98240e55e4b18258a/test/Orange___Haunglongbing_(Citrus_greening)/8bb687d0-46bb-4dc2-b01c-e5275ef75064___UF.Citrus_HLB_Lab_0109.JPG,Orange___Haunglongbing_(Citrus_greening),Orange___Haunglongbing_(Citrus_greening),0.9999945,True
/clearml_agent_cache/storage_manager/datasets/ds_687ee9f1c8dd4af98240e55e4b18258a/test/Orange___Haunglongbing_(Citrus_greening)/8d91a918-90e7-45bf-aada-6a13d39a6d5f___UF.Citrus_HLB_Lab_0526.JPG,Orange___Haunglongbing_(Citrus_greening),Orange___Haunglongbing_(Citrus_greening),0.99999976,True
/clearml_agent_cache/storage_manager/datasets/ds_687ee9f1c8dd4af98240e55e4b18258a/test/Orange___Haunglongbing_(Citrus_greening)/8eed356c-f6bf-4384-9d4e-1afef5d8040e___CREC_HLB_5209.JPG,Orange___Haunglongbing_(Citrus_greening),Orange___Haunglongbing_(Citrus_greening),0.99999857,True
/clearml_agent_cache/storage_manager/datasets/ds_687ee9f1c8dd4af98240e55e4b18258a/test/Orange___Haunglongbing_(Citrus_greening)/911ec91a-c9e3-4d93-baff-24f02c7f8110___CREC_HLB_4548.JPG,Orange___Haunglongbing_(Citrus_greening),Orange___Haunglongbing_(Citrus_greening),0.9999993,True
/clearml_agent_cache/storage_manager/datasets/ds_687ee9f1c8dd4af98240e55e4b18258a/test/Orange___Haunglongbing_(Citrus_greening)/9135147d-58f3-4656-b651-d0d7275911e8___UF.Citrus_HLB_Lab_0638.JPG,Orange___Haunglongbing_(Citrus_greening),Orange___Haunglongbing_(Citrus_greening),0.99999845,True
/clearml_agent_cache/storage_manager/datasets/ds_687ee9f1c8dd4af98240e55e4b18258a/test/Orange___Haunglongbing_(Citrus_greening)/92b86a67-3fd9-4fe9-97f5-1a9973f2d731___UF.Citrus_HLB_Lab_1227.JPG,Orange___Haunglongbing_(Citrus_greening),Orange___Haunglongbing_(Citrus_greening),0.99999976,True
/clearml_agent_cache/storage_manager/datasets/ds_687ee9f1c8dd4af98240e55e4b18258a/test/Orange___Haunglongbing_(Citrus_greening)/93468651-f2e8-4b8a-96a1-708b59710715___UF.Citrus_HLB_Lab_0074.JPG,Orange___Haunglongbing_(Citrus_greening),Orange___Haunglongbing_(Citrus_greening),0.99995863,True
/clearml_agent_cache/storage_manager/datasets/ds_687ee9f1c8dd4af98240e55e4b18258a/test/Orange___Haunglongbing_(Citrus_greening)/93b28346-0fda-4719-96b3-c53d67a4b708___CREC_HLB_7170.JPG,Orange___Haunglongbing_(Citrus_greening),Orange___Haunglongbing_(Citrus_greening),0.9999995,True
/clearml_agent_cache/storage_manager/datasets/ds_687ee9f1c8dd4af98240e55e4b18258a/test/Orange___Haunglongbing_(Citrus_greening)/9632e0be-46b9-403c-a07b-fa0076429136___CREC_HLB_7912.JPG,Orange___Haunglongbing_(Citrus_greening),Orange___Haunglongbing_(Citrus_greening),0.9999995,True
/clearml_agent_cache/storage_manager/datasets/ds_687ee9f1c8dd4af98240e55e4b18258a/test/Orange___Haunglongbing_(Citrus_greening)/973fda5c-9ce6-47e8-8799-d761aa64fefb___CREC_HLB_4675.JPG,Orange___Haunglongbing_(Citrus_greening),Orange___Haunglongbing_(Citrus_greening),0.9999999,True
/clearml_agent_cache/storage_manager/datasets/ds_687ee9f1c8dd4af98240e55e4b18258a/test/Orange___Haunglongbing_(Citrus_greening)/987df944-ac48-4b0c-9287-dfa8e3019471___CREC_HLB_7599.JPG,Orange___Haunglongbing_(Citrus_greening),Orange___Haunglongbing_(Citrus_greening),0.9999962,True
/clearml_agent_cache/storage_manager/datasets/ds_687ee9f1c8dd4af98240e55e4b18258a/test/Orange___Haunglongbing_(Citrus_greening)/995d11db-d81b-4786-8e00-c4b1b4cf677e___UF.Citrus_HLB_Lab_0290.JPG,Orange___Haunglongbing_(Citrus_greening),Orange___Haunglongbing_(Citrus_greening),0.99999917,True
/clearml_agent_cache/storage_manager/datasets/ds_687ee9f1c8dd4af98240e55e4b18258a/test/Orange___Haunglongbing_(Citrus_greening)/9a37d81f-0bd6-4f64-a231-f544a07449a0___UF.Citrus_HLB_Lab_1150.JPG,Orange___Haunglongbing_(Citrus_greening),Orange___Haunglongbing_(Citrus_greening),0.9999988,True
/clearml_agent_cache/storage_manager/datasets/ds_687ee9f1c8dd4af98240e55e4b18258a/test/Orange___Haunglongbing_(Citrus_greening)/9a55f92b-7070-4910-b582-8efe1a6aead8___UF.Citrus_HLB_Lab_0166.JPG,Orange___Haunglongbing_(Citrus_greening),Orange___Haunglongbing_(Citrus_greening),0.999998,True
/clearml_agent_cache/storage_manager/datasets/ds_687ee9f1c8dd4af98240e55e4b18258a/test/Orange___Haunglongbing_(Citrus_greening)/9b95a55c-1769-4023-a5cd-a5f0b7abb299___CREC_HLB_5526.JPG,Orange___Haunglongbing_(Citrus_greening),Orange___Haunglongbing_(Citrus_greening),0.99999964,True
/clearml_agent_cache/storage_manager/datasets/ds_687ee9f1c8dd4af98240e55e4b18258a/test/Orange___Haunglongbing_(Citrus_greening)/9ba3d1a5-cf7e-4979-a98c-d6ac98cde17c___UF.Citrus_HLB_Lab_0621.JPG,Orange___Haunglongbing_(Citrus_greening),Orange___Haunglongbing_(Citrus_greening),0.99999976,True
/clearml_agent_cache/storage_manager/datasets/ds_687ee9f1c8dd4af98240e55e4b18258a/test/Orange___Haunglongbing_(Citrus_greening)/9da84c41-f7ba-463a-b268-3c0e2b383f7c___CREC_HLB_4988.JPG,Orange___Haunglongbing_(Citrus_greening),Orange___Haunglongbing_(Citrus_greening),0.9999908,True
/clearml_agent_cache/storage_manager/datasets/ds_687ee9f1c8dd4af98240e55e4b18258a/test/Orange___Haunglongbing_(Citrus_greening)/9de3a547-3313-4e5b-a9a7-843e9c3e1b95___UF.Citrus_HLB_Lab_9876.JPG,Orange___Haunglongbing_(Citrus_greening),Orange___Haunglongbing_(Citrus_greening),0.9998975,True
/clearml_agent_cache/storage_manager/datasets/ds_687ee9f1c8dd4af98240e55e4b18258a/test/Orange___Haunglongbing_(Citrus_greening)/9e34716b-984a-4dd1-9799-fc4e0a93af12___UF.Citrus_HLB_Lab_9913.JPG,Orange___Haunglongbing_(Citrus_greening),Orange___Haunglongbing_(Citrus_greening),0.99999976,True
/clearml_agent_cache/storage_manager/datasets/ds_687ee9f1c8dd4af98240e55e4b18258a/test/Orange___Haunglongbing_(Citrus_greening)/9e465197-844b-4c84-bbb7-c9a9891eb756___CREC_HLB_5639.JPG,Orange___Haunglongbing_(Citrus_greening),Orange___Haunglongbing_(Citrus_greening),1.0,True
/clearml_agent_cache/storage_manager/datasets/ds_687ee9f1c8dd4af98240e55e4b18258a/test/Orange___Haunglongbing_(Citrus_greening)/9ed656ef-72f8-4cd7-906a-e17f027cb01d___CREC_HLB_7681.JPG,Orange___Haunglongbing_(Citrus_greening),Orange___Haunglongbing_(Citrus_greening),0.99999845,True
/clearml_agent_cache/storage_manager/datasets/ds_687ee9f1c8dd4af98240e55e4b18258a/test/Orange___Haunglongbing_(Citrus_greening)/9fe8f6a6-c1de-4897-9e30-66125ace4a31___UF.Citrus_HLB_Lab_1136.JPG,Orange___Haunglongbing_(Citrus_greening),Orange___Haunglongbing_(Citrus_greening),0.9999976,True
/clearml_agent_cache/storage_manager/datasets/ds_687ee9f1c8dd4af98240e55e4b18258a/test/Orange___Haunglongbing_(Citrus_greening)/a0859d76-d443-4b16-a963-b9c9dbc90abf___CREC_HLB_7937.JPG,Orange___Haunglongbing_(Citrus_greening),Orange___Haunglongbing_(Citrus_greening),0.9999969,True
/clearml_agent_cache/storage_manager/datasets/ds_687ee9f1c8dd4af98240e55e4b18258a/test/Orange___Haunglongbing_(Citrus_greening)/a156d005-1dab-4166-9fc3-c747a6253e5a___CREC_HLB_4627.JPG,Orange___Haunglongbing_(Citrus_greening),Orange___Haunglongbing_(Citrus_greening),0.9999571,True
/clearml_agent_cache/storage_manager/datasets/ds_687ee9f1c8dd4af98240e55e4b18258a/test/Orange___Haunglongbing_(Citrus_greening)/a2dc477a-723d-4b2f-b7a2-95cb0e4d4244___CREC_HLB_7204.JPG,Orange___Haunglongbing_(Citrus_greening),Orange___Haunglongbing_(Citrus_greening),0.999998,True
/clearml_agent_cache/storage_manager/datasets/ds_687ee9f1c8dd4af98240e55e4b18258a/test/Orange___Haunglongbing_(Citrus_greening)/a3d2cb2c-1649-46ea-8273-67454b035af2___CREC_HLB_4332.JPG,Orange___Haunglongbing_(Citrus_greening),Orange___Haunglongbing_(Citrus_greening),0.99999976,True
/clearml_agent_cache/storage_manager/datasets/ds_687ee9f1c8dd4af98240e55e4b18258a/test/Orange___Haunglongbing_(Citrus_greening)/a4d039d2-edf6-4534-87b3-4217ddc57f8a___UF.Citrus_HLB_Lab_9836.JPG,Orange___Haunglongbing_(Citrus_greening),Orange___Haunglongbing_(Citrus_greening),0.9999943,True
/clearml_agent_cache/storage_manager/datasets/ds_687ee9f1c8dd4af98240e55e4b18258a/test/Orange___Haunglongbing_(Citrus_greening)/a4e32df7-67bb-4515-9a96-bbc13f083a6d___CREC_HLB_3984.JPG,Orange___Haunglongbing_(Citrus_greening),Orange___Haunglongbing_(Citrus_greening),0.99999964,True
/clearml_agent_cache/storage_manager/datasets/ds_687ee9f1c8dd4af98240e55e4b18258a/test/Orange___Haunglongbing_(Citrus_greening)/a601a68e-9991-4767-b35d-34645b9834e3___CREC_HLB_4569.JPG,Orange___Haunglongbing_(Citrus_greening),Orange___Haunglongbing_(Citrus_greening),0.9999995,True
/clearml_agent_cache/storage_manager/datasets/ds_687ee9f1c8dd4af98240e55e4b18258a/test/Orange___Haunglongbing_(Citrus_greening)/a93c093d-5816-4fbc-9d31-67bb90261f87___CREC_HLB_5204.JPG,Orange___Haunglongbing_(Citrus_greening),Orange___Haunglongbing_(Citrus_greening),0.99999976,True
/clearml_agent_cache/storage_manager/datasets/ds_687ee9f1c8dd4af98240e55e4b18258a/test/Orange___Haunglongbing_(Citrus_greening)/acf5e6b0-636f-4b99-b6a2-61184d33b2b0___UF.Citrus_HLB_Lab_1149.JPG,Orange___Haunglongbing_(Citrus_greening),Orange___Haunglongbing_(Citrus_greening),0.9999994,True
/clearml_agent_cache/storage_manager/datasets/ds_687ee9f1c8dd4af98240e55e4b18258a/test/Orange___Haunglongbing_(Citrus_greening)/ad000c52-c8fa-4dae-8692-e2a9e82ab4cd___CREC_HLB_4722.JPG,Orange___Haunglongbing_(Citrus_greening),Orange___Haunglongbing_(Citrus_greening),0.9999999,True
/clearml_agent_cache/storage_manager/datasets/ds_687ee9f1c8dd4af98240e55e4b18258a/test/Orange___Haunglongbing_(Citrus_greening)/ade39c8c-6856-4801-94bc-8bb17f67b074___CREC_HLB_7372.JPG,Orange___Haunglongbing_(Citrus_greening),Orange___Haunglongbing_(Citrus_greening),0.9999995,True
/clearml_agent_cache/storage_manager/datasets/ds_687ee9f1c8dd4af98240e55e4b18258a/test/Orange___Haunglongbing_(Citrus_greening)/b02f99fb-1d4c-4b01-b1fb-7eb56a3d7407___CREC_HLB_6643.JPG,Orange___Haunglongbing_(Citrus_greening),Orange___Haunglongbing_(Citrus_greening),0.9999995,True
/clearml_agent_cache/storage_manager/datasets/ds_687ee9f1c8dd4af98240e55e4b18258a/test/Orange___Haunglongbing_(Citrus_greening)/b1e96d09-8333-4995-9927-718645236efe___UF.Citrus_HLB_Lab_9930.JPG,Orange___Haunglongbing_(Citrus_greening),Orange___Haunglongbing_(Citrus_greening),0.9999887,True
/clearml_agent_cache/storage_manager/datasets/ds_687ee9f1c8dd4af98240e55e4b18258a/test/Orange___Haunglongbing_(Citrus_greening)/b1fda560-ec6f-4b43-a826-c2e07583b6e3___CREC_HLB_6853.JPG,Orange___Haunglongbing_(Citrus_greening),Orange___Haunglongbing_(Citrus_greening),0.99999833,True
/clearml_agent_cache/storage_manager/datasets/ds_687ee9f1c8dd4af98240e55e4b18258a/test/Orange___Haunglongbing_(Citrus_greening)/b2efaea1-50a8-4875-a942-59ecedf96d60___CREC_HLB_7732.JPG,Orange___Haunglongbing_(Citrus_greening),Orange___Haunglongbing_(Citrus_greening),0.9999995,True
/clearml_agent_cache/storage_manager/datasets/ds_687ee9f1c8dd4af98240e55e4b18258a/test/Orange___Haunglongbing_(Citrus_greening)/b3cd0de0-5699-42eb-ad35-9ca0e709a416___CREC_HLB_5330.JPG,Orange___Haunglongbing_(Citrus_greening),Orange___Haunglongbing_(Citrus_greening),0.99999833,True
/clearml_agent_cache/storage_manager/datasets/ds_687ee9f1c8dd4af98240e55e4b18258a/test/Orange___Haunglongbing_(Citrus_greening)/b4c4f8de-221d-44b5-907b-59566aaa7f19___UF.Citrus_HLB_Lab_1166.JPG,Orange___Haunglongbing_(Citrus_greening),Orange___Haunglongbing_(Citrus_greening),0.99999833,True
/clearml_agent_cache/storage_manager/datasets/ds_687ee9f1c8dd4af98240e55e4b18258a/test/Orange___Haunglongbing_(Citrus_greening)/b79654c3-89ad-4e25-87c9-ad6cc79fef13___CREC_HLB_7579.JPG,Orange___Haunglongbing_(Citrus_greening),Orange___Haunglongbing_(Citrus_greening),0.999998,True
/clearml_agent_cache/storage_manager/datasets/ds_687ee9f1c8dd4af98240e55e4b18258a/test/Orange___Haunglongbing_(Citrus_greening)/b828075b-94f1-458c-86b7-3164fda09468___CREC_HLB_5218.JPG,Orange___Haunglongbing_(Citrus_greening),Orange___Haunglongbing_(Citrus_greening),0.9999995,True
/clearml_agent_cache/storage_manager/datasets/ds_687ee9f1c8dd4af98240e55e4b18258a/test/Orange___Haunglongbing_(Citrus_greening)/b861cb0f-3d26-4dfa-9796-1306037a458b___CREC_HLB_5307.JPG,Orange___Haunglongbing_(Citrus_greening),Orange___Haunglongbing_(Citrus_greening),0.9999994,True
/clearml_agent_cache/storage_manager/datasets/ds_687ee9f1c8dd4af98240e55e4b18258a/test/Orange___Haunglongbing_(Citrus_greening)/ba4b37ec-1728-4312-a00d-5cfba03b18cd___UF.Citrus_HLB_Lab_0379.JPG,Orange___Haunglongbing_(Citrus_greening),Orange___Haunglongbing_(Citrus_greening),0.99999964,True
/clearml_agent_cache/storage_manager/datasets/ds_687ee9f1c8dd4af98240e55e4b18258a/test/Orange___Haunglongbing_(Citrus_greening)/bb1b4b11-a741-4dd9-8fcf-d45a0c464e22___CREC_HLB_6472.JPG,Orange___Haunglongbing_(Citrus_greening),Orange___Haunglongbing_(Citrus_greening),0.9999999,True
/clearml_agent_cache/storage_manager/datasets/ds_687ee9f1c8dd4af98240e55e4b18258a/test/Orange___Haunglongbing_(Citrus_greening)/bc65e905-a39b-4bcd-8acf-56669ba4ae6f___UF.Citrus_HLB_Lab_1086.JPG,Orange___Haunglongbing_(Citrus_greening),Orange___Haunglongbing_(Citrus_greening),0.9999976,True
/clearml_agent_cache/storage_manager/datasets/ds_687ee9f1c8dd4af98240e55e4b18258a/test/Orange___Haunglongbing_(Citrus_greening)/be84b2ed-1d0c-40c3-8cf1-664dff10a5f9___CREC_HLB_4491.JPG,Orange___Haunglongbing_(Citrus_greening),Orange___Haunglongbing_(Citrus_greening),0.9999995,True
/clearml_agent_cache/storage_manager/datasets/ds_687ee9f1c8dd4af98240e55e4b18258a/test/Orange___Haunglongbing_(Citrus_greening)/bfc4bb64-99a4-40e4-aeea-98317f757141___CREC_HLB_4961.JPG,Orange___Haunglongbing_(Citrus_greening),Orange___Haunglongbing_(Citrus_greening),0.9999932,True
/clearml_agent_cache/storage_manager/datasets/ds_687ee9f1c8dd4af98240e55e4b18258a/test/Orange___Haunglongbing_(Citrus_greening)/c048a886-bb84-466a-a3dd-4237af98eab9___UF.Citrus_HLB_Lab_0870.JPG,Orange___Haunglongbing_(Citrus_greening),Orange___Haunglongbing_(Citrus_greening),0.99999213,True
/clearml_agent_cache/storage_manager/datasets/ds_687ee9f1c8dd4af98240e55e4b18258a/test/Orange___Haunglongbing_(Citrus_greening)/c3a442fc-9c16-4835-a81d-dbdb2ac88043___UF.Citrus_HLB_Lab_9985.JPG,Orange___Haunglongbing_(Citrus_greening),Orange___Haunglongbing_(Citrus_greening),0.99999714,True
/clearml_agent_cache/storage_manager/datasets/ds_687ee9f1c8dd4af98240e55e4b18258a/test/Orange___Haunglongbing_(Citrus_greening)/c3e67945-3065-478a-a36c-03c64edb8579___CREC_HLB_5412.JPG,Orange___Haunglongbing_(Citrus_greening),Orange___Haunglongbing_(Citrus_greening),1.0,True
/clearml_agent_cache/storage_manager/datasets/ds_687ee9f1c8dd4af98240e55e4b18258a/test/Orange___Haunglongbing_(Citrus_greening)/c4dfb655-344e-457c-8992-1437ce8ed31a___CREC_HLB_4750.JPG,Orange___Haunglongbing_(Citrus_greening),Orange___Haunglongbing_(Citrus_greening),0.9999988,True
/clearml_agent_cache/storage_manager/datasets/ds_687ee9f1c8dd4af98240e55e4b18258a/test/Orange___Haunglongbing_(Citrus_greening)/c6d7d1f4-355e-4e2c-9489-1fff8dc0b259___CREC_HLB_4049.JPG,Orange___Haunglongbing_(Citrus_greening),Orange___Haunglongbing_(Citrus_greening),0.9999999,True
/clearml_agent_cache/storage_manager/datasets/ds_687ee9f1c8dd4af98240e55e4b18258a/test/Orange___Haunglongbing_(Citrus_greening)/c7d61916-d747-47ea-83a1-96df26d2a153___UF.Citrus_HLB_Lab_0205.JPG,Orange___Haunglongbing_(Citrus_greening),Orange___Haunglongbing_(Citrus_greening),0.9999956,True
/clearml_agent_cache/storage_manager/datasets/ds_687ee9f1c8dd4af98240e55e4b18258a/test/Orange___Haunglongbing_(Citrus_greening)/c8663340-da33-4540-8846-d3468d125ec6___UF.Citrus_HLB_Lab_1644.JPG,Orange___Haunglongbing_(Citrus_greening),Orange___Haunglongbing_(Citrus_greening),0.9999707,True
/clearml_agent_cache/storage_manager/datasets/ds_687ee9f1c8dd4af98240e55e4b18258a/test/Orange___Haunglongbing_(Citrus_greening)/ca4f0a61-5c1e-4bbf-b0a4-dcc0adfb6b99___UF.Citrus_HLB_Lab_1207.JPG,Orange___Haunglongbing_(Citrus_greening),Orange___Haunglongbing_(Citrus_greening),0.99999785,True
/clearml_agent_cache/storage_manager/datasets/ds_687ee9f1c8dd4af98240e55e4b18258a/test/Orange___Haunglongbing_(Citrus_greening)/ca832e5b-1f6a-4ca8-9fe2-83b47fd59ea3___UF.Citrus_HLB_Lab_0992.JPG,Orange___Haunglongbing_(Citrus_greening),Orange___Haunglongbing_(Citrus_greening),0.9999819,True
/clearml_agent_cache/storage_manager/datasets/ds_687ee9f1c8dd4af98240e55e4b18258a/test/Orange___Haunglongbing_(Citrus_greening)/cb04eab5-fd83-472f-9d71-ddf08e3515ef___CREC_HLB_6777.JPG,Orange___Haunglongbing_(Citrus_greening),Orange___Haunglongbing_(Citrus_greening),0.9999995,True
/clearml_agent_cache/storage_manager/datasets/ds_687ee9f1c8dd4af98240e55e4b18258a/test/Orange___Haunglongbing_(Citrus_greening)/cbf96299-f678-4046-b9b4-c2afcda2b838___CREC_HLB_5645.JPG,Orange___Haunglongbing_(Citrus_greening),Orange___Haunglongbing_(Citrus_greening),1.0,True
/clearml_agent_cache/storage_manager/datasets/ds_687ee9f1c8dd4af98240e55e4b18258a/test/Orange___Haunglongbing_(Citrus_greening)/cc30e03e-4715-41a5-a1ea-5eddb69b9c8e___UF.Citrus_HLB_Lab_1457.JPG,Orange___Haunglongbing_(Citrus_greening),Orange___Haunglongbing_(Citrus_greening),0.9999865,True
/clearml_agent_cache/storage_manager/datasets/ds_687ee9f1c8dd4af98240e55e4b18258a/test/Orange___Haunglongbing_(Citrus_greening)/cf071635-6ad7-4177-aeea-eddbf5769eee___CREC_HLB_4157.JPG,Orange___Haunglongbing_(Citrus_greening),Orange___Haunglongbing_(Citrus_greening),0.9999999,True
/clearml_agent_cache/storage_manager/datasets/ds_687ee9f1c8dd4af98240e55e4b18258a/test/Orange___Haunglongbing_(Citrus_greening)/cf9e4a60-ef7c-4ad0-b28a-78e298c6b2db___CREC_HLB_6865.JPG,Orange___Haunglongbing_(Citrus_greening),Orange___Haunglongbing_(Citrus_greening),0.9999989,True
/clearml_agent_cache/storage_manager/datasets/ds_687ee9f1c8dd4af98240e55e4b18258a/test/Orange___Haunglongbing_(Citrus_greening)/cfa53275-496e-45cf-a0cf-7bb64d0eaaa9___UF.Citrus_HLB_Lab_0987.JPG,Orange___Haunglongbing_(Citrus_greening),Orange___Haunglongbing_(Citrus_greening),0.9999957,True
/clearml_agent_cache/storage_manager/datasets/ds_687ee9f1c8dd4af98240e55e4b18258a/test/Orange___Haunglongbing_(Citrus_greening)/cfbbffce-ecdf-42ac-aa3c-37a35230b3e2___UF.Citrus_HLB_Lab_9841.JPG,Orange___Haunglongbing_(Citrus_greening),Orange___Haunglongbing_(Citrus_greening),0.99999905,True
/clearml_agent_cache/storage_manager/datasets/ds_687ee9f1c8dd4af98240e55e4b18258a/test/Orange___Haunglongbing_(Citrus_greening)/d1ba3392-1489-4b28-b233-8140141014c5___CREC_HLB_7218.JPG,Orange___Haunglongbing_(Citrus_greening),Orange___Haunglongbing_(Citrus_greening),0.999998,True
/clearml_agent_cache/storage_manager/datasets/ds_687ee9f1c8dd4af98240e55e4b18258a/test/Orange___Haunglongbing_(Citrus_greening)/d33f8e24-dcfc-4923-8d7d-a78e3f464d0f___UF.Citrus_HLB_Lab_0364.JPG,Orange___Haunglongbing_(Citrus_greening),Orange___Haunglongbing_(Citrus_greening),0.9999968,True
/clearml_agent_cache/storage_manager/datasets/ds_687ee9f1c8dd4af98240e55e4b18258a/test/Orange___Haunglongbing_(Citrus_greening)/d47fb0c6-9e7c-4fd5-b145-024bf52800d8___CREC_HLB_4347.JPG,Orange___Haunglongbing_(Citrus_greening),Orange___Haunglongbing_(Citrus_greening),0.9999995,True
/clearml_agent_cache/storage_manager/datasets/ds_687ee9f1c8dd4af98240e55e4b18258a/test/Orange___Haunglongbing_(Citrus_greening)/d5d2efbc-a35d-46bb-8360-188d03517025___CREC_HLB_5343.JPG,Orange___Haunglongbing_(Citrus_greening),Orange___Haunglongbing_(Citrus_greening),0.9999988,True
/clearml_agent_cache/storage_manager/datasets/ds_687ee9f1c8dd4af98240e55e4b18258a/test/Orange___Haunglongbing_(Citrus_greening)/d6a39e36-a586-435f-874d-6802e2289c50___CREC_HLB_6928.JPG,Orange___Haunglongbing_(Citrus_greening),Orange___Haunglongbing_(Citrus_greening),0.9999995,True
/clearml_agent_cache/storage_manager/datasets/ds_687ee9f1c8dd4af98240e55e4b18258a/test/Orange___Haunglongbing_(Citrus_greening)/d6f2b4d5-d0b8-4b2b-8f39-878bc1a04aea___CREC_HLB_5191.JPG,Orange___Haunglongbing_(Citrus_greening),Orange___Haunglongbing_(Citrus_greening),0.9999999,True
/clearml_agent_cache/storage_manager/datasets/ds_687ee9f1c8dd4af98240e55e4b18258a/test/Orange___Haunglongbing_(Citrus_greening)/d8c513a1-edaf-4e8a-8ca5-76916e59227e___UF.Citrus_HLB_Lab_0065.JPG,Orange___Haunglongbing_(Citrus_greening),Orange___Haunglongbing_(Citrus_greening),0.9998592,True
/clearml_agent_cache/storage_manager/datasets/ds_687ee9f1c8dd4af98240e55e4b18258a/test/Orange___Haunglongbing_(Citrus_greening)/d9026e2c-b9bf-4d4f-959f-b18440a5ef5a___CREC_HLB_5114.JPG,Orange___Haunglongbing_(Citrus_greening),Orange___Haunglongbing_(Citrus_greening),1.0,True
/clearml_agent_cache/storage_manager/datasets/ds_687ee9f1c8dd4af98240e55e4b18258a/test/Orange___Haunglongbing_(Citrus_greening)/d95bba23-42bf-4cea-be29-ba830b91c61f___CREC_HLB_7610.JPG,Orange___Haunglongbing_(Citrus_greening),Orange___Haunglongbing_(Citrus_greening),0.99999857,True
/clearml_agent_cache/storage_manager/datasets/ds_687ee9f1c8dd4af98240e55e4b18258a/test/Orange___Haunglongbing_(Citrus_greening)/d9c632bb-4c10-4f68-9a91-240ad0ddbabf___CREC_HLB_5376.JPG,Orange___Haunglongbing_(Citrus_greening),Orange___Haunglongbing_(Citrus_greening),0.9999999,True
/clearml_agent_cache/storage_manager/datasets/ds_687ee9f1c8dd4af98240e55e4b18258a/test/Orange___Haunglongbing_(Citrus_greening)/db064934-9868-49ed-9ab2-f439777caa6d___UF.Citrus_HLB_Lab_9897.JPG,Orange___Haunglongbing_(Citrus_greening),Orange___Haunglongbing_(Citrus_greening),0.9999993,True
/clearml_agent_cache/storage_manager/datasets/ds_687ee9f1c8dd4af98240e55e4b18258a/test/Orange___Haunglongbing_(Citrus_greening)/dc1601b5-e642-4517-bad8-6d62504fb39b___CREC_HLB_7277.JPG,Orange___Haunglongbing_(Citrus_greening),Orange___Haunglongbing_(Citrus_greening),0.9999969,True
/clearml_agent_cache/storage_manager/datasets/ds_687ee9f1c8dd4af98240e55e4b18258a/test/Orange___Haunglongbing_(Citrus_greening)/dd34b459-ba75-450a-be07-433fc448ee18___UF.Citrus_HLB_Lab_1654.JPG,Orange___Haunglongbing_(Citrus_greening),Orange___Haunglongbing_(Citrus_greening),0.99999857,True
/clearml_agent_cache/storage_manager/datasets/ds_687ee9f1c8dd4af98240e55e4b18258a/test/Orange___Haunglongbing_(Citrus_greening)/dd3fa8e2-5392-452e-9480-238721333464___UF.Citrus_HLB_Lab_9634.JPG,Orange___Haunglongbing_(Citrus_greening),Orange___Haunglongbing_(Citrus_greening),0.99999774,True
/clearml_agent_cache/storage_manager/datasets/ds_687ee9f1c8dd4af98240e55e4b18258a/test/Orange___Haunglongbing_(Citrus_greening)/dd6b8b38-1546-43e3-9e73-9183680368ae___CREC_HLB_6936.JPG,Orange___Haunglongbing_(Citrus_greening),Orange___Haunglongbing_(Citrus_greening),0.9999993,True
/clearml_agent_cache/storage_manager/datasets/ds_687ee9f1c8dd4af98240e55e4b18258a/test/Orange___Haunglongbing_(Citrus_greening)/dd93268b-54b0-42ca-a775-49ed4d5e3610___UF.Citrus_HLB_Lab_9710.JPG,Orange___Haunglongbing_(Citrus_greening),Orange___Haunglongbing_(Citrus_greening),0.999998,True
/clearml_agent_cache/storage_manager/datasets/ds_687ee9f1c8dd4af98240e55e4b18258a/test/Orange___Haunglongbing_(Citrus_greening)/ddfad598-7c7f-4322-b176-eaeb9b887f2c___UF.Citrus_HLB_Lab_9715.JPG,Orange___Haunglongbing_(Citrus_greening),Orange___Haunglongbing_(Citrus_greening),0.9999945,True
/clearml_agent_cache/storage_manager/datasets/ds_687ee9f1c8dd4af98240e55e4b18258a/test/Orange___Haunglongbing_(Citrus_greening)/deb2eedf-2bdf-40f4-9491-c0522f9cd4b2___UF.Citrus_HLB_Lab_1512.JPG,Orange___Haunglongbing_(Citrus_greening),Orange___Haunglongbing_(Citrus_greening),0.99999976,True
/clearml_agent_cache/storage_manager/datasets/ds_687ee9f1c8dd4af98240e55e4b18258a/test/Orange___Haunglongbing_(Citrus_greening)/e0726a4f-bc15-4a48-9e23-eaa8ef5dcb4b___UF.Citrus_HLB_Lab_0422.JPG,Orange___Haunglongbing_(Citrus_greening),Orange___Haunglongbing_(Citrus_greening),0.99999905,True
/clearml_agent_cache/storage_manager/datasets/ds_687ee9f1c8dd4af98240e55e4b18258a/test/Orange___Haunglongbing_(Citrus_greening)/e219a99c-0a9b-4dde-bd10-bf95fc54c269___CREC_HLB_5168.JPG,Orange___Haunglongbing_(Citrus_greening),Orange___Haunglongbing_(Citrus_greening),0.9999981,True
/clearml_agent_cache/storage_manager/datasets/ds_687ee9f1c8dd4af98240e55e4b18258a/test/Orange___Haunglongbing_(Citrus_greening)/e25cdad0-da31-472c-80d4-d9b5a25def50___UF.Citrus_HLB_Lab_0765.JPG,Orange___Haunglongbing_(Citrus_greening),Orange___Haunglongbing_(Citrus_greening),0.99999917,True
/clearml_agent_cache/storage_manager/datasets/ds_687ee9f1c8dd4af98240e55e4b18258a/test/Orange___Haunglongbing_(Citrus_greening)/e2ebb5d0-d747-4d0b-be1a-f0fafc8e649c___UF.Citrus_HLB_Lab_1104.JPG,Orange___Haunglongbing_(Citrus_greening),Orange___Haunglongbing_(Citrus_greening),0.99999774,True
/clearml_agent_cache/storage_manager/datasets/ds_687ee9f1c8dd4af98240e55e4b18258a/test/Orange___Haunglongbing_(Citrus_greening)/e30ad2e2-e5bf-43d3-b223-e8fc43184cdf___CREC_HLB_4757.JPG,Orange___Haunglongbing_(Citrus_greening),Orange___Haunglongbing_(Citrus_greening),0.9999957,True
/clearml_agent_cache/storage_manager/datasets/ds_687ee9f1c8dd4af98240e55e4b18258a/test/Orange___Haunglongbing_(Citrus_greening)/e3453e37-2a9b-4d28-928f-98accf4e5424___CREC_HLB_7638.JPG,Orange___Haunglongbing_(Citrus_greening),Orange___Haunglongbing_(Citrus_greening),0.9999778,True
/clearml_agent_cache/storage_manager/datasets/ds_687ee9f1c8dd4af98240e55e4b18258a/test/Orange___Haunglongbing_(Citrus_greening)/e3a692a3-7e4b-4f66-bf80-fe03490fa308___CREC_HLB_4811.JPG,Orange___Haunglongbing_(Citrus_greening),Orange___Haunglongbing_(Citrus_greening),0.9999988,True
/clearml_agent_cache/storage_manager/datasets/ds_687ee9f1c8dd4af98240e55e4b18258a/test/Orange___Haunglongbing_(Citrus_greening)/e65b4e60-3a27-47a3-b8f7-b6e7c5bcc65c___UF.Citrus_HLB_Lab_1464.JPG,Orange___Haunglongbing_(Citrus_greening),Orange___Haunglongbing_(Citrus_greening),0.9999988,True
/clearml_agent_cache/storage_manager/datasets/ds_687ee9f1c8dd4af98240e55e4b18258a/test/Orange___Haunglongbing_(Citrus_greening)/e711ab8d-2e44-47ed-be6a-2bd8dd182767___CREC_HLB_5445.JPG,Orange___Haunglongbing_(Citrus_greening),Orange___Haunglongbing_(Citrus_greening),1.0,True
/clearml_agent_cache/storage_manager/datasets/ds_687ee9f1c8dd4af98240e55e4b18258a/test/Orange___Haunglongbing_(Citrus_greening)/e7a2f124-a99e-45c5-be43-f86c3adfee56___UF.Citrus_HLB_Lab_0247.JPG,Orange___Haunglongbing_(Citrus_greening),Orange___Haunglongbing_(Citrus_greening),0.9999993,True
/clearml_agent_cache/storage_manager/datasets/ds_687ee9f1c8dd4af98240e55e4b18258a/test/Orange___Haunglongbing_(Citrus_greening)/e8dca555-432c-4952-8146-4976ebacd4a5___CREC_HLB_4076.JPG,Orange___Haunglongbing_(Citrus_greening),Orange___Haunglongbing_(Citrus_greening),0.9999988,True
/clearml_agent_cache/storage_manager/datasets/ds_687ee9f1c8dd4af98240e55e4b18258a/test/Orange___Haunglongbing_(Citrus_greening)/e97eb470-0eca-4963-a0e4-efb86bfcd845___CREC_HLB_4015.JPG,Orange___Haunglongbing_(Citrus_greening),Orange___Haunglongbing_(Citrus_greening),0.99999964,True
/clearml_agent_cache/storage_manager/datasets/ds_687ee9f1c8dd4af98240e55e4b18258a/test/Orange___Haunglongbing_(Citrus_greening)/e9acde86-5f10-42bb-8c40-fa1d6bda232d___CREC_HLB_6537.JPG,Orange___Haunglongbing_(Citrus_greening),Orange___Haunglongbing_(Citrus_greening),0.99999976,True
/clearml_agent_cache/storage_manager/datasets/ds_687ee9f1c8dd4af98240e55e4b18258a/test/Orange___Haunglongbing_(Citrus_greening)/ea32867d-7630-4ea5-9f29-0f5300f0d805___CREC_HLB_7392.JPG,Orange___Haunglongbing_(Citrus_greening),Orange___Haunglongbing_(Citrus_greening),0.9999995,True
/clearml_agent_cache/storage_manager/datasets/ds_687ee9f1c8dd4af98240e55e4b18258a/test/Orange___Haunglongbing_(Citrus_greening)/ea5efd2e-b6cd-470a-ba59-4d96c370d410___UF.Citrus_HLB_Lab_1366.JPG,Orange___Haunglongbing_(Citrus_greening),Orange___Haunglongbing_(Citrus_greening),0.999998,True
/clearml_agent_cache/storage_manager/datasets/ds_687ee9f1c8dd4af98240e55e4b18258a/test/Orange___Haunglongbing_(Citrus_greening)/ebf6d399-4b0f-4cc3-99ec-008226600aec___CREC_HLB_4622.JPG,Orange___Haunglongbing_(Citrus_greening),Orange___Haunglongbing_(Citrus_greening),1.0,True
/clearml_agent_cache/storage_manager/datasets/ds_687ee9f1c8dd4af98240e55e4b18258a/test/Orange___Haunglongbing_(Citrus_greening)/f03a124b-e34d-4a47-8066-277428fe7dc0___UF.Citrus_HLB_Lab_1594.JPG,Orange___Haunglongbing_(Citrus_greening),Orange___Haunglongbing_(Citrus_greening),0.9999987,True
/clearml_agent_cache/storage_manager/datasets/ds_687ee9f1c8dd4af98240e55e4b18258a/test/Orange___Haunglongbing_(Citrus_greening)/f0c2bf18-29ef-408e-b7f0-e5e146ace236___CREC_HLB_7212.JPG,Orange___Haunglongbing_(Citrus_greening),Orange___Haunglongbing_(Citrus_greening),0.9999995,True
/clearml_agent_cache/storage_manager/datasets/ds_687ee9f1c8dd4af98240e55e4b18258a/test/Orange___Haunglongbing_(Citrus_greening)/f49518ed-7469-4158-8e20-4408afc2aa5a___UF.Citrus_HLB_Lab_0619.JPG,Orange___Haunglongbing_(Citrus_greening),Orange___Haunglongbing_(Citrus_greening),0.9999995,True
/clearml_agent_cache/storage_manager/datasets/ds_687ee9f1c8dd4af98240e55e4b18258a/test/Orange___Haunglongbing_(Citrus_greening)/f4d9076e-b350-45bc-8688-312ab06601c0___CREC_HLB_7246.JPG,Orange___Haunglongbing_(Citrus_greening),Orange___Haunglongbing_(Citrus_greening),0.9999964,True
/clearml_agent_cache/storage_manager/datasets/ds_687ee9f1c8dd4af98240e55e4b18258a/test/Orange___Haunglongbing_(Citrus_greening)/f5973acf-c36e-4266-831a-ed00d16176f3___CREC_HLB_3872.JPG,Orange___Haunglongbing_(Citrus_greening),Orange___Haunglongbing_(Citrus_greening),0.9999373,True
/clearml_agent_cache/storage_manager/datasets/ds_687ee9f1c8dd4af98240e55e4b18258a/test/Orange___Haunglongbing_(Citrus_greening)/f6c1210b-b50f-4a1e-bb80-1bdb3181bf68___UF.Citrus_HLB_Lab_0935.JPG,Orange___Haunglongbing_(Citrus_greening),Orange___Haunglongbing_(Citrus_greening),0.9999938,True
/clearml_agent_cache/storage_manager/datasets/ds_687ee9f1c8dd4af98240e55e4b18258a/test/Orange___Haunglongbing_(Citrus_greening)/f73e9004-d19f-42c8-b161-159dbd56ce71___UF.Citrus_HLB_Lab_0682.JPG,Orange___Haunglongbing_(Citrus_greening),Orange___Haunglongbing_(Citrus_greening),0.99999905,True
/clearml_agent_cache/storage_manager/datasets/ds_687ee9f1c8dd4af98240e55e4b18258a/test/Orange___Haunglongbing_(Citrus_greening)/fd2286b6-3442-409b-869b-49e133840af7___UF.Citrus_HLB_Lab_1391.JPG,Orange___Haunglongbing_(Citrus_greening),Orange___Haunglongbing_(Citrus_greening),0.999997,True
/clearml_agent_cache/storage_manager/datasets/ds_687ee9f1c8dd4af98240e55e4b18258a/test/Orange___Haunglongbing_(Citrus_greening)/fd460c5a-7e8a-4537-adbb-2876f2f35096___CREC_HLB_7548.JPG,Orange___Haunglongbing_(Citrus_greening),Orange___Haunglongbing_(Citrus_greening),0.9999999,True
/clearml_agent_cache/storage_manager/datasets/ds_687ee9f1c8dd4af98240e55e4b18258a/test/Orange___Haunglongbing_(Citrus_greening)/fe1f71d7-563f-4ac9-bb0a-212dbc0a5e31___CREC_HLB_4078.JPG,Orange___Haunglongbing_(Citrus_greening),Orange___Haunglongbing_(Citrus_greening),0.9999995,True
/clearml_agent_cache/storage_manager/datasets/ds_687ee9f1c8dd4af98240e55e4b18258a/test/Orange___Haunglongbing_(Citrus_greening)/feed62e9-6b49-4eaf-aee9-61e1d32b3d81___CREC_HLB_5183.JPG,Orange___Haunglongbing_(Citrus_greening),Orange___Haunglongbing_(Citrus_greening),0.9999999,True
/clearml_agent_cache/storage_manager/datasets/ds_687ee9f1c8dd4af98240e55e4b18258a/test/Peach___Bacterial_spot/030738f0-435a-4565-af45-dcd80c6abbab___Rut._Bact.S_1355.JPG,Peach___Bacterial_spot,Peach___Bacterial_spot,0.9997191,True
/clearml_agent_cache/storage_manager/datasets/ds_687ee9f1c8dd4af98240e55e4b18258a/test/Peach___Bacterial_spot/039f605b-6a83-45e7-a08c-99ef9fff5758___Rutg._Bact.S_2001.JPG,Peach___Bacterial_spot,Peach___Bacterial_spot,0.9996346,True
/clearml_agent_cache/storage_manager/datasets/ds_687ee9f1c8dd4af98240e55e4b18258a/test/Peach___Bacterial_spot/0d60b14a-15d0-458d-8afa-7ff14d0ce5c4___Rut._Bact.S_1377.JPG,Peach___Bacterial_spot,Peach___Bacterial_spot,0.99999356,True
/clearml_agent_cache/storage_manager/datasets/ds_687ee9f1c8dd4af98240e55e4b18258a/test/Peach___Bacterial_spot/0eb8a77a-fe2b-43f8-804c-d958c01ba0c0___Rutg._Bact.S_1188.JPG,Peach___Bacterial_spot,Peach___Bacterial_spot,0.9999939,True
/clearml_agent_cache/storage_manager/datasets/ds_687ee9f1c8dd4af98240e55e4b18258a/test/Peach___Bacterial_spot/0f3a13a7-ccc4-46d5-8018-31c3b79dd6ec___Rutg._Bact.S_2104.JPG,Peach___Bacterial_spot,Peach___Bacterial_spot,0.999995,True
/clearml_agent_cache/storage_manager/datasets/ds_687ee9f1c8dd4af98240e55e4b18258a/test/Peach___Bacterial_spot/0fa4f280-116d-4aa9-a11f-5246b0d3d657___Rut._Bact.S_3466.JPG,Peach___Bacterial_spot,Peach___Bacterial_spot,0.99976414,True
/clearml_agent_cache/storage_manager/datasets/ds_687ee9f1c8dd4af98240e55e4b18258a/test/Peach___Bacterial_spot/12c33454-ebe5-482e-a960-16dc1ee7a711___Rut._Bact.S_0789.JPG,Peach___Bacterial_spot,Peach___Bacterial_spot,0.999995,True
/clearml_agent_cache/storage_manager/datasets/ds_687ee9f1c8dd4af98240e55e4b18258a/test/Peach___Bacterial_spot/1628749b-9cb7-4291-9d78-d6e89b2f692b___Rut._Bact.S_1079.JPG,Peach___Bacterial_spot,Peach___Bacterial_spot,0.9999931,True
/clearml_agent_cache/storage_manager/datasets/ds_687ee9f1c8dd4af98240e55e4b18258a/test/Peach___Bacterial_spot/1963a75b-0456-4e13-a88e-22c5d62aa866___Rutg._Bact.S_1894.JPG,Peach___Bacterial_spot,Peach___Bacterial_spot,0.9999957,True
/clearml_agent_cache/storage_manager/datasets/ds_687ee9f1c8dd4af98240e55e4b18258a/test/Peach___Bacterial_spot/1d3369df-832e-48da-bc7f-99435378ba48___Rutg._Bact.S_1896.JPG,Peach___Bacterial_spot,Peach___Bacterial_spot,0.9999455,True
/clearml_agent_cache/storage_manager/datasets/ds_687ee9f1c8dd4af98240e55e4b18258a/test/Peach___Bacterial_spot/1de316f5-999e-4f17-be76-07ada66b5663___Rutg._Bact.S_2206.JPG,Peach___Bacterial_spot,Peach___Bacterial_spot,0.9999738,True
/clearml_agent_cache/storage_manager/datasets/ds_687ee9f1c8dd4af98240e55e4b18258a/test/Peach___Bacterial_spot/21912f9c-d8d6-428d-824b-471e766ea92c___Rut._Bact.S_1050.JPG,Peach___Bacterial_spot,Peach___Bacterial_spot,1.0,True
/clearml_agent_cache/storage_manager/datasets/ds_687ee9f1c8dd4af98240e55e4b18258a/test/Peach___Bacterial_spot/22eb460a-cee2-49ae-8d47-65703e86943a___Rut._Bact.S_1482.JPG,Peach___Bacterial_spot,Peach___Bacterial_spot,1.0,True
/clearml_agent_cache/storage_manager/datasets/ds_687ee9f1c8dd4af98240e55e4b18258a/test/Peach___Bacterial_spot/22ffdbab-9aea-43fe-a7e7-1a82578ff3e3___Rutg._Bact.S_1419.JPG,Peach___Bacterial_spot,Peach___Bacterial_spot,0.9999989,True
/clearml_agent_cache/storage_manager/datasets/ds_687ee9f1c8dd4af98240e55e4b18258a/test/Peach___Bacterial_spot/23af4fb7-58f4-4321-83e2-e15664c62714___Rut._Bact.S_1022.JPG,Peach___Bacterial_spot,Peach___Bacterial_spot,1.0,True
/clearml_agent_cache/storage_manager/datasets/ds_687ee9f1c8dd4af98240e55e4b18258a/test/Peach___Bacterial_spot/24ed9d42-f707-46a3-89f4-c32408e86802___Rut._Bact.S_3367.JPG,Peach___Bacterial_spot,Peach___Bacterial_spot,0.9998778,True
/clearml_agent_cache/storage_manager/datasets/ds_687ee9f1c8dd4af98240e55e4b18258a/test/Peach___Bacterial_spot/24f42e90-e7e7-4408-a162-1a93ebee02a1___Rut._Bact.S_1066.JPG,Peach___Bacterial_spot,Peach___Bacterial_spot,0.9999949,True
/clearml_agent_cache/storage_manager/datasets/ds_687ee9f1c8dd4af98240e55e4b18258a/test/Peach___Bacterial_spot/2b6bb683-41fa-46c4-81a0-3a4853f4dd98___Rutg._Bact.S_1293.JPG,Peach___Bacterial_spot,Peach___Bacterial_spot,0.9999974,True
/clearml_agent_cache/storage_manager/datasets/ds_687ee9f1c8dd4af98240e55e4b18258a/test/Peach___Bacterial_spot/2c103ecb-01a2-40a5-8b12-74899cfe6bee___Rut._Bact.S_1056.JPG,Peach___Bacterial_spot,Peach___Bacterial_spot,1.0,True
/clearml_agent_cache/storage_manager/datasets/ds_687ee9f1c8dd4af98240e55e4b18258a/test/Peach___Bacterial_spot/325f8055-c4d7-4997-b415-bd5b28edcf26___Rut._Bact.S_1092.JPG,Peach___Bacterial_spot,Peach___Bacterial_spot,1.0,True
/clearml_agent_cache/storage_manager/datasets/ds_687ee9f1c8dd4af98240e55e4b18258a/test/Peach___Bacterial_spot/341644d9-e265-4646-a690-81a4f3ad7bc7___Rut._Bact.S_3432.JPG,Peach___Bacterial_spot,Peach___Bacterial_spot,0.9999999,True
/clearml_agent_cache/storage_manager/datasets/ds_687ee9f1c8dd4af98240e55e4b18258a/test/Peach___Bacterial_spot/3434bb37-24a3-4468-86ab-3c3e6ad8b4ac___Rut._Bact.S_1477.JPG,Peach___Bacterial_spot,Peach___Bacterial_spot,0.9999987,True
/clearml_agent_cache/storage_manager/datasets/ds_687ee9f1c8dd4af98240e55e4b18258a/test/Peach___Bacterial_spot/36af614b-877b-4787-886b-69aed1303e25___Rut._Bact.S_3454.JPG,Peach___Bacterial_spot,Peach___Bacterial_spot,0.99999917,True
/clearml_agent_cache/storage_manager/datasets/ds_687ee9f1c8dd4af98240e55e4b18258a/test/Peach___Bacterial_spot/36ccc900-6916-45f1-8d63-e31ca520d20d___Rut._Bact.S_1225.JPG,Peach___Bacterial_spot,Peach___Bacterial_spot,1.0,True
/clearml_agent_cache/storage_manager/datasets/ds_687ee9f1c8dd4af98240e55e4b18258a/test/Peach___Bacterial_spot/371621ea-797f-4a9c-a742-e28c95ae02dd___Rutg._Bact.S_1970.JPG,Peach___Bacterial_spot,Peach___Bacterial_spot,0.99999976,True
/clearml_agent_cache/storage_manager/datasets/ds_687ee9f1c8dd4af98240e55e4b18258a/test/Peach___Bacterial_spot/3e558cd5-8936-4d8a-b1db-1a7d1dd076eb___Rut._Bact.S_0832.JPG,Peach___Bacterial_spot,Peach___Bacterial_spot,0.9999989,True
/clearml_agent_cache/storage_manager/datasets/ds_687ee9f1c8dd4af98240e55e4b18258a/test/Peach___Bacterial_spot/413ac1e6-a5f1-411c-b610-81b8290bbed2___Rutg._Bact.S_1849.JPG,Peach___Bacterial_spot,Peach___Bacterial_spot,0.9998357,True
/clearml_agent_cache/storage_manager/datasets/ds_687ee9f1c8dd4af98240e55e4b18258a/test/Peach___Bacterial_spot/41dbe79d-c76d-4c24-abfb-8a9b8a13a526___Rutg._Bact.S_1207.JPG,Peach___Bacterial_spot,Peach___Bacterial_spot,0.99997175,True
/clearml_agent_cache/storage_manager/datasets/ds_687ee9f1c8dd4af98240e55e4b18258a/test/Peach___Bacterial_spot/42581072-3f69-4977-a030-89e029f0c0db___Rutg._Bact.S_1614.JPG,Peach___Bacterial_spot,Peach___Bacterial_spot,0.99999714,True
/clearml_agent_cache/storage_manager/datasets/ds_687ee9f1c8dd4af98240e55e4b18258a/test/Peach___Bacterial_spot/47db9969-4797-483f-a2d5-96c9b1577fe6___Rutg._Bact.S_1713.JPG,Peach___Bacterial_spot,Peach___Bacterial_spot,0.9999567,True
/clearml_agent_cache/storage_manager/datasets/ds_687ee9f1c8dd4af98240e55e4b18258a/test/Peach___Bacterial_spot/495f6e31-25b1-4ef0-9782-8d93b1a71afb___Rutg._Bact.S_1843.JPG,Peach___Bacterial_spot,Peach___Bacterial_spot,0.99999976,True
/clearml_agent_cache/storage_manager/datasets/ds_687ee9f1c8dd4af98240e55e4b18258a/test/Peach___Bacterial_spot/50abc808-2fe0-4e3d-b67c-e65e06be2c32___Rutg._Bact.S_1873.JPG,Peach___Bacterial_spot,Peach___Bacterial_spot,0.9989767,True
/clearml_agent_cache/storage_manager/datasets/ds_687ee9f1c8dd4af98240e55e4b18258a/test/Peach___Bacterial_spot/5195d1ff-9d9d-4a36-bda4-43edf7ce6f3a___Rutg._Bact.S_2138.JPG,Peach___Bacterial_spot,Peach___Bacterial_spot,0.9999989,True
/clearml_agent_cache/storage_manager/datasets/ds_687ee9f1c8dd4af98240e55e4b18258a/test/Peach___Bacterial_spot/538d91e9-6706-47ab-ad88-63abc6347de1___Rutg._Bact.S_1585.JPG,Peach___Bacterial_spot,Peach___Bacterial_spot,0.9999995,True
/clearml_agent_cache/storage_manager/datasets/ds_687ee9f1c8dd4af98240e55e4b18258a/test/Peach___Bacterial_spot/53e49980-8734-4016-9af6-586f7270aea3___Rut._Bact.S_0741.JPG,Peach___Bacterial_spot,Peach___Bacterial_spot,1.0,True
/clearml_agent_cache/storage_manager/datasets/ds_687ee9f1c8dd4af98240e55e4b18258a/test/Peach___Bacterial_spot/56d8a9bf-7d7b-41bc-880c-b65ed23a51fb___Rutg._Bact.S_1661.JPG,Peach___Bacterial_spot,Peach___Bacterial_spot,0.9999989,True
/clearml_agent_cache/storage_manager/datasets/ds_687ee9f1c8dd4af98240e55e4b18258a/test/Peach___Bacterial_spot/5872f899-cd0a-477e-a05c-636acd7de688___Rut._Bact.S_1525.JPG,Peach___Bacterial_spot,Peach___Bacterial_spot,0.9999999,True
/clearml_agent_cache/storage_manager/datasets/ds_687ee9f1c8dd4af98240e55e4b18258a/test/Peach___Bacterial_spot/58abd2fa-3d5e-486d-b8f3-abf2c649db23___Rutg._Bact.S_1480.JPG,Peach___Bacterial_spot,Peach___Bacterial_spot,0.99999964,True
/clearml_agent_cache/storage_manager/datasets/ds_687ee9f1c8dd4af98240e55e4b18258a/test/Peach___Bacterial_spot/5a422352-eb16-4889-8bb0-06fea03d7b94___Rutg._Bact.S_1090.JPG,Peach___Bacterial_spot,Peach___Bacterial_spot,0.999997,True
/clearml_agent_cache/storage_manager/datasets/ds_687ee9f1c8dd4af98240e55e4b18258a/test/Peach___Bacterial_spot/5b00d194-cb8a-4fe9-bce8-f10adf38b59a___Rut._Bact.S_1273.JPG,Peach___Bacterial_spot,Peach___Bacterial_spot,0.999998,True
/clearml_agent_cache/storage_manager/datasets/ds_687ee9f1c8dd4af98240e55e4b18258a/test/Peach___Bacterial_spot/5f21ae40-4d6e-45d4-8234-294c5c1344ee___Rutg._Bact.S_1667.JPG,Peach___Bacterial_spot,Peach___Bacterial_spot,0.99999845,True
/clearml_agent_cache/storage_manager/datasets/ds_687ee9f1c8dd4af98240e55e4b18258a/test/Peach___Bacterial_spot/65a6d35f-a660-4c2a-8985-a762c06244e0___Rutg._Bact.S_1200.JPG,Peach___Bacterial_spot,Peach___Bacterial_spot,0.99999774,True
/clearml_agent_cache/storage_manager/datasets/ds_687ee9f1c8dd4af98240e55e4b18258a/test/Peach___Bacterial_spot/6a3754a7-4f0c-4260-b53c-e96519ebfae0___Rut._Bact.S_0969.JPG,Peach___Bacterial_spot,Peach___Bacterial_spot,0.9999994,True
/clearml_agent_cache/storage_manager/datasets/ds_687ee9f1c8dd4af98240e55e4b18258a/test/Peach___Bacterial_spot/70634e69-5abf-45ba-87f4-cfa8db4e9c3f___Rutg._Bact.S_1283.JPG,Peach___Bacterial_spot,Peach___Bacterial_spot,0.9997032,True
/clearml_agent_cache/storage_manager/datasets/ds_687ee9f1c8dd4af98240e55e4b18258a/test/Peach___Bacterial_spot/7575b08d-7204-493a-b30f-2b3b1d063e7a___Rutg._Bact.S_1258.JPG,Peach___Bacterial_spot,Peach___Bacterial_spot,0.9999831,True
/clearml_agent_cache/storage_manager/datasets/ds_687ee9f1c8dd4af98240e55e4b18258a/test/Peach___Bacterial_spot/79e2bf22-d2f5-42f1-b5f5-20bcb5d88c39___Rut._Bact.S_3346.JPG,Peach___Bacterial_spot,Peach___Bacterial_spot,0.99999845,True
/clearml_agent_cache/storage_manager/datasets/ds_687ee9f1c8dd4af98240e55e4b18258a/test/Peach___Bacterial_spot/822d9013-16d5-4cae-8434-8c4b86865f15___Rutg._Bact.S_1272.JPG,Peach___Bacterial_spot,Peach___Bacterial_spot,0.9999968,True
/clearml_agent_cache/storage_manager/datasets/ds_687ee9f1c8dd4af98240e55e4b18258a/test/Peach___Bacterial_spot/82d203aa-eb50-4e38-b64b-0976fbcfb474___Rut._Bact.S_1390.JPG,Peach___Bacterial_spot,Peach___Bacterial_spot,1.0,True
/clearml_agent_cache/storage_manager/datasets/ds_687ee9f1c8dd4af98240e55e4b18258a/test/Peach___Bacterial_spot/849ac9e0-eda5-4a14-9259-c0996aca1bcf___Rutg._Bact.S_1226.JPG,Peach___Bacterial_spot,Peach___Bacterial_spot,0.9999995,True
/clearml_agent_cache/storage_manager/datasets/ds_687ee9f1c8dd4af98240e55e4b18258a/test/Peach___Bacterial_spot/8a275e2d-a847-4408-813c-54dd958cb1d4___Rut._Bact.S_1422.JPG,Peach___Bacterial_spot,Peach___Bacterial_spot,1.0,True
/clearml_agent_cache/storage_manager/datasets/ds_687ee9f1c8dd4af98240e55e4b18258a/test/Peach___Bacterial_spot/8c8bdcd7-37d8-45a5-bb2f-7fdebb6fa83a___Rut._Bact.S_0929.JPG,Peach___Bacterial_spot,Peach___Bacterial_spot,0.99999857,True
/clearml_agent_cache/storage_manager/datasets/ds_687ee9f1c8dd4af98240e55e4b18258a/test/Peach___Bacterial_spot/8ccc8585-46dc-4165-b062-6d6aa50b9ada___Rut._Bact.S_1560.JPG,Peach___Bacterial_spot,Peach___Bacterial_spot,0.9033096,True
/clearml_agent_cache/storage_manager/datasets/ds_687ee9f1c8dd4af98240e55e4b18258a/test/Peach___Bacterial_spot/8e043345-34e4-4cdf-9608-8081fa0073dd___Rutg._Bact.S_1690.JPG,Peach___Bacterial_spot,Peach___Bacterial_spot,0.9999981,True
/clearml_agent_cache/storage_manager/datasets/ds_687ee9f1c8dd4af98240e55e4b18258a/test/Peach___Bacterial_spot/8fbe94d1-5f5c-44db-aa5d-d0e2aa1be622___Rut._Bact.S_0986.JPG,Peach___Bacterial_spot,Peach___Bacterial_spot,0.9996124,True
/clearml_agent_cache/storage_manager/datasets/ds_687ee9f1c8dd4af98240e55e4b18258a/test/Peach___Bacterial_spot/9024e472-3f82-4e55-a319-55384ec87f2d___Rut._Bact.S_3379.JPG,Peach___Bacterial_spot,Peach___Bacterial_spot,0.9999987,True
/clearml_agent_cache/storage_manager/datasets/ds_687ee9f1c8dd4af98240e55e4b18258a/test/Peach___Bacterial_spot/977b1857-59fa-4f65-8d32-c1f859dad6d7___Rutg._Bact.S_1537.JPG,Peach___Bacterial_spot,Peach___Bacterial_spot,0.99999976,True
/clearml_agent_cache/storage_manager/datasets/ds_687ee9f1c8dd4af98240e55e4b18258a/test/Peach___Bacterial_spot/98183a48-add3-4b6f-b771-dde3b5150c42___Rut._Bact.S_1238.JPG,Peach___Bacterial_spot,Peach___Bacterial_spot,1.0,True
/clearml_agent_cache/storage_manager/datasets/ds_687ee9f1c8dd4af98240e55e4b18258a/test/Peach___Bacterial_spot/9ad94500-e510-4b3c-9e03-2b9248e2b658___Rutg._Bact.S_1536.JPG,Peach___Bacterial_spot,Peach___Bacterial_spot,0.9999987,True
/clearml_agent_cache/storage_manager/datasets/ds_687ee9f1c8dd4af98240e55e4b18258a/test/Peach___Bacterial_spot/9b0d5f6a-3587-4604-9fee-78ba4d4d98aa___Rut._Bact.S_1232.JPG,Peach___Bacterial_spot,Peach___Bacterial_spot,0.99999166,True
/clearml_agent_cache/storage_manager/datasets/ds_687ee9f1c8dd4af98240e55e4b18258a/test/Peach___Bacterial_spot/9fcb1907-08a1-4dff-ae1a-d83c10527725___Rut._Bact.S_1001.JPG,Peach___Bacterial_spot,Peach___Bacterial_spot,1.0,True
/clearml_agent_cache/storage_manager/datasets/ds_687ee9f1c8dd4af98240e55e4b18258a/test/Peach___Bacterial_spot/a139dd11-8244-4949-a97e-192574056747___Rutg._Bact.S_1396.JPG,Peach___Bacterial_spot,Peach___Bacterial_spot,0.99998105,True
/clearml_agent_cache/storage_manager/datasets/ds_687ee9f1c8dd4af98240e55e4b18258a/test/Peach___Bacterial_spot/a24fbd2e-5cca-40d6-b9c1-9b627189e696___Rutg._Bact.S_2158.JPG,Peach___Bacterial_spot,Peach___Bacterial_spot,0.9999763,True
/clearml_agent_cache/storage_manager/datasets/ds_687ee9f1c8dd4af98240e55e4b18258a/test/Peach___Bacterial_spot/a54c257d-3823-4cb8-90e8-fb416ae0b064___Rutg._Bact.S_1767.JPG,Peach___Bacterial_spot,Peach___Bacterial_spot,0.99999976,True
/clearml_agent_cache/storage_manager/datasets/ds_687ee9f1c8dd4af98240e55e4b18258a/test/Peach___Bacterial_spot/a5df6abe-61ee-4fbd-bb96-4b9f19979524___Rut._Bact.S_3404.JPG,Peach___Bacterial_spot,Peach___Bacterial_spot,0.9999981,True
/clearml_agent_cache/storage_manager/datasets/ds_687ee9f1c8dd4af98240e55e4b18258a/test/Peach___Bacterial_spot/a9e1db85-2df4-457a-a962-4c76d0b555b4___Rutg._Bact.S_2192.JPG,Peach___Bacterial_spot,Peach___Bacterial_spot,0.99994755,True
/clearml_agent_cache/storage_manager/datasets/ds_687ee9f1c8dd4af98240e55e4b18258a/test/Peach___Bacterial_spot/ac3a7900-3c4b-46f5-aceb-87597c27f8fb___Rutg._Bact.S_1726.JPG,Peach___Bacterial_spot,Peach___Bacterial_spot,0.99999356,True
/clearml_agent_cache/storage_manager/datasets/ds_687ee9f1c8dd4af98240e55e4b18258a/test/Peach___Bacterial_spot/ac8bfb1d-95c7-46ae-9207-89b5c8606811___Rutg._Bact.S_2198.JPG,Peach___Bacterial_spot,Peach___Bacterial_spot,0.9999999,True
/clearml_agent_cache/storage_manager/datasets/ds_687ee9f1c8dd4af98240e55e4b18258a/test/Peach___Bacterial_spot/b00117ed-b5ce-4e47-a7c8-96c37c3819bf___Rut._Bact.S_0756.JPG,Peach___Bacterial_spot,Peach___Bacterial_spot,0.9999981,True
/clearml_agent_cache/storage_manager/datasets/ds_687ee9f1c8dd4af98240e55e4b18258a/test/Peach___Bacterial_spot/b33757de-68f7-4288-83be-ea6f98d976cf___Rut._Bact.S_3431.JPG,Peach___Bacterial_spot,Peach___Bacterial_spot,0.9999919,True
/clearml_agent_cache/storage_manager/datasets/ds_687ee9f1c8dd4af98240e55e4b18258a/test/Peach___Bacterial_spot/b5f6fb07-48df-4d6b-bb2f-3be95efe04f3___Rutg._Bact.S_1829.JPG,Peach___Bacterial_spot,Peach___Bacterial_spot,0.9999932,True
/clearml_agent_cache/storage_manager/datasets/ds_687ee9f1c8dd4af98240e55e4b18258a/test/Peach___Bacterial_spot/b802ee89-7b04-4cde-b6fe-6da919b2014a___Rutg._Bact.S_2057.JPG,Peach___Bacterial_spot,Peach___Bacterial_spot,0.99999976,True
/clearml_agent_cache/storage_manager/datasets/ds_687ee9f1c8dd4af98240e55e4b18258a/test/Peach___Bacterial_spot/c285d06e-dd2e-4cb3-85b4-77212c8b1abe___Rutg._Bact.S_2114.JPG,Peach___Bacterial_spot,Peach___Bacterial_spot,0.99999475,True
/clearml_agent_cache/storage_manager/datasets/ds_687ee9f1c8dd4af98240e55e4b18258a/test/Peach___Bacterial_spot/c3a01e69-bd52-4db2-8f1f-513c01933680___Rutg._Bact.S_2112.JPG,Peach___Bacterial_spot,Peach___Bacterial_spot,0.99999976,True
/clearml_agent_cache/storage_manager/datasets/ds_687ee9f1c8dd4af98240e55e4b18258a/test/Peach___Bacterial_spot/c50d8d3d-4315-46e3-864a-a98f932836a3___Rutg._Bact.S_1740.JPG,Peach___Bacterial_spot,Peach___Bacterial_spot,0.9999994,True
/clearml_agent_cache/storage_manager/datasets/ds_687ee9f1c8dd4af98240e55e4b18258a/test/Peach___Bacterial_spot/c7553160-467d-491e-b319-6f37e5101370___Rutg._Bact.S_2309.JPG,Peach___Bacterial_spot,Peach___Bacterial_spot,0.9998702,True
/clearml_agent_cache/storage_manager/datasets/ds_687ee9f1c8dd4af98240e55e4b18258a/test/Peach___Bacterial_spot/c9cd558a-7ad7-449f-9f05-24d929ca868f___Rutg._Bact.S_1675.JPG,Peach___Bacterial_spot,Peach___Bacterial_spot,0.99994946,True
/clearml_agent_cache/storage_manager/datasets/ds_687ee9f1c8dd4af98240e55e4b18258a/test/Peach___Bacterial_spot/cb2b9723-de87-43c8-992f-63568ea60f5a___Rutg._Bact.S_1130.JPG,Peach___Bacterial_spot,Peach___Bacterial_spot,0.9999752,True
/clearml_agent_cache/storage_manager/datasets/ds_687ee9f1c8dd4af98240e55e4b18258a/test/Peach___Bacterial_spot/d09bb9f1-4551-491e-9a9d-02a76b398f73___Rutg._Bact.S_2025.JPG,Peach___Bacterial_spot,Peach___Bacterial_spot,1.0,True
/clearml_agent_cache/storage_manager/datasets/ds_687ee9f1c8dd4af98240e55e4b18258a/test/Peach___Bacterial_spot/d1daa4f3-a975-4411-bf7b-20bcc12c192c___Rut._Bact.S_0817.JPG,Peach___Bacterial_spot,Peach___Bacterial_spot,0.9999995,True
/clearml_agent_cache/storage_manager/datasets/ds_687ee9f1c8dd4af98240e55e4b18258a/test/Peach___Bacterial_spot/d405fffd-b8af-40ee-acb4-14fe599ca364___Rutg._Bact.S_1467.JPG,Peach___Bacterial_spot,Peach___Bacterial_spot,0.99999976,True
/clearml_agent_cache/storage_manager/datasets/ds_687ee9f1c8dd4af98240e55e4b18258a/test/Peach___Bacterial_spot/d6593476-0e2d-4024-85c3-b81a50f9386e___Rutg._Bact.S_2132.JPG,Peach___Bacterial_spot,Peach___Bacterial_spot,0.99999917,True
/clearml_agent_cache/storage_manager/datasets/ds_687ee9f1c8dd4af98240e55e4b18258a/test/Peach___Bacterial_spot/d73fb99b-2a2f-4720-8469-1731cc220260___Rutg._Bact.S_1744.JPG,Peach___Bacterial_spot,Peach___Bacterial_spot,0.9999696,True
/clearml_agent_cache/storage_manager/datasets/ds_687ee9f1c8dd4af98240e55e4b18258a/test/Peach___Bacterial_spot/d8cb004b-c533-4aba-bc98-37871b225b2e___Rutg._Bact.S_2271.JPG,Peach___Bacterial_spot,Peach___Bacterial_spot,0.9999987,True
/clearml_agent_cache/storage_manager/datasets/ds_687ee9f1c8dd4af98240e55e4b18258a/test/Peach___Bacterial_spot/dc4214fc-6108-45f1-866a-0be4e35e4e4d___Rut._Bact.S_0908.JPG,Peach___Bacterial_spot,Peach___Bacterial_spot,0.99999964,True
/clearml_agent_cache/storage_manager/datasets/ds_687ee9f1c8dd4af98240e55e4b18258a/test/Peach___Bacterial_spot/e035aa11-033f-4778-b6dd-08ac707efbe4___Rutg._Bact.S_2042.JPG,Peach___Bacterial_spot,Peach___Bacterial_spot,0.9999778,True
/clearml_agent_cache/storage_manager/datasets/ds_687ee9f1c8dd4af98240e55e4b18258a/test/Peach___Bacterial_spot/e60739aa-75c1-4cbf-b0dd-e29a3d9609b7___Rutg._Bact.S_1619.JPG,Peach___Bacterial_spot,Peach___Bacterial_spot,0.9999951,True
/clearml_agent_cache/storage_manager/datasets/ds_687ee9f1c8dd4af98240e55e4b18258a/test/Peach___Bacterial_spot/ea1f0688-49d1-449c-9d69-cf600de72b0c___Rutg._Bact.S_1775.JPG,Peach___Bacterial_spot,Peach___Bacterial_spot,0.99999213,True
/clearml_agent_cache/storage_manager/datasets/ds_687ee9f1c8dd4af98240e55e4b18258a/test/Peach___Bacterial_spot/ed73ca7c-e216-4f55-8b18-1823bac6953f___Rut._Bact.S_1371.JPG,Peach___Bacterial_spot,Peach___Bacterial_spot,0.9999999,True
/clearml_agent_cache/storage_manager/datasets/ds_687ee9f1c8dd4af98240e55e4b18258a/test/Peach___Bacterial_spot/f51d0529-b089-4d5b-af63-340b6b9f5b5e___Rutg._Bact.S_1570.JPG,Peach___Bacterial_spot,Peach___Bacterial_spot,0.9999933,True
/clearml_agent_cache/storage_manager/datasets/ds_687ee9f1c8dd4af98240e55e4b18258a/test/Peach___Bacterial_spot/f61dfdae-90dc-42c1-9683-1a1afb210390___Rut._Bact.S_1037.JPG,Peach___Bacterial_spot,Peach___Bacterial_spot,0.99997723,True
/clearml_agent_cache/storage_manager/datasets/ds_687ee9f1c8dd4af98240e55e4b18258a/test/Peach___Bacterial_spot/f84594dc-1a42-4044-b2b1-a0d867e4738b___Rut._Bact.S_1193.JPG,Peach___Bacterial_spot,Peach___Bacterial_spot,0.9999999,True
/clearml_agent_cache/storage_manager/datasets/ds_687ee9f1c8dd4af98240e55e4b18258a/test/Peach___Bacterial_spot/f90d88b9-81ff-445c-b2d4-0e1dcc366400___Rut._Bact.S_3373.JPG,Peach___Bacterial_spot,Peach___Bacterial_spot,0.9999995,True
/clearml_agent_cache/storage_manager/datasets/ds_687ee9f1c8dd4af98240e55e4b18258a/test/Peach___healthy/02070622-2fd7-40d5-9470-27e513ea8a90___Rutg._HL_3636.JPG,Peach___healthy,Peach___healthy,0.9999776,True
/clearml_agent_cache/storage_manager/datasets/ds_687ee9f1c8dd4af98240e55e4b18258a/test/Peach___healthy/1791f201-a1a6-4865-aff3-b0b33f417bf7___Rutg._HL_3685.JPG,Peach___healthy,Peach___healthy,0.9999765,True
/clearml_agent_cache/storage_manager/datasets/ds_687ee9f1c8dd4af98240e55e4b18258a/test/Peach___healthy/202f241b-d4cd-4030-8579-7c4991f67cd5___Rutg._HL_3728.JPG,Peach___healthy,Peach___healthy,0.9993788,True
/clearml_agent_cache/storage_manager/datasets/ds_687ee9f1c8dd4af98240e55e4b18258a/test/Peach___healthy/24539bb3-bafa-4892-b4c7-44d228e0fae0___Rutg._HL_3709.JPG,Peach___healthy,Peach___healthy,0.99999094,True
/clearml_agent_cache/storage_manager/datasets/ds_687ee9f1c8dd4af98240e55e4b18258a/test/Peach___healthy/2e0bf8e0-d3a2-4612-a1db-0ff3aba0ee42___Rutg._HL_3534.JPG,Peach___healthy,Peach___healthy,0.9999925,True
/clearml_agent_cache/storage_manager/datasets/ds_687ee9f1c8dd4af98240e55e4b18258a/test/Peach___healthy/45a3528a-515b-448e-8337-a5d4ab48de91___Rutg._HL_2457.JPG,Peach___healthy,Peach___healthy,0.9999881,True
/clearml_agent_cache/storage_manager/datasets/ds_687ee9f1c8dd4af98240e55e4b18258a/test/Peach___healthy/4ac10c27-25ba-4612-9351-13491106abf4___Rutg._HL_3741.JPG,Peach___healthy,Peach___healthy,0.99999905,True
/clearml_agent_cache/storage_manager/datasets/ds_687ee9f1c8dd4af98240e55e4b18258a/test/Peach___healthy/5a40aaba-8352-4bd0-bfec-b9fcf89a891b___Rutg._HL_3612.JPG,Peach___healthy,Peach___healthy,0.9999716,True
/clearml_agent_cache/storage_manager/datasets/ds_687ee9f1c8dd4af98240e55e4b18258a/test/Peach___healthy/5d994e9c-adc0-47c6-bc59-b4ec117b070e___Rutg._HL_3669.JPG,Peach___healthy,Peach___healthy,0.99999464,True
/clearml_agent_cache/storage_manager/datasets/ds_687ee9f1c8dd4af98240e55e4b18258a/test/Peach___healthy/682e8658-0a23-48fb-a3d6-6c920d0943da___Rutg._HL_3547.JPG,Peach___healthy,Peach___healthy,0.9992592,True
/clearml_agent_cache/storage_manager/datasets/ds_687ee9f1c8dd4af98240e55e4b18258a/test/Peach___healthy/789d2e40-b2fc-45d0-81e6-b210f09ac71e___Rutg._HL_2463.JPG,Peach___healthy,Peach___healthy,0.98998827,True
/clearml_agent_cache/storage_manager/datasets/ds_687ee9f1c8dd4af98240e55e4b18258a/test/Peach___healthy/859a8beb-ffa8-4dd5-9583-f628b25bb873___Rutg._HL_3717.JPG,Peach___healthy,Peach___healthy,0.99999714,True
/clearml_agent_cache/storage_manager/datasets/ds_687ee9f1c8dd4af98240e55e4b18258a/test/Peach___healthy/bf59f7ed-b431-4e21-8df7-7f7ffc1aa14a___Rutg._HL_3521.JPG,Peach___healthy,Peach___healthy,0.99999654,True
/clearml_agent_cache/storage_manager/datasets/ds_687ee9f1c8dd4af98240e55e4b18258a/test/Peach___healthy/f97eaae1-7349-45e6-8002-411a34cb2f8f___Rutg._HL_3586.JPG,Peach___healthy,Peach___healthy,0.999997,True
"/clearml_agent_cache/storage_manager/datasets/ds_687ee9f1c8dd4af98240e55e4b18258a/test/Pepper,_bell___Bacterial_spot/0b47ce18-7cfe-45e8-b21e-b83cb6282455___JR_B.Spot_3162.JPG","Pepper,_bell___Bacterial_spot","Pepper,_bell___Bacterial_spot",1.0,True
"/clearml_agent_cache/storage_manager/datasets/ds_687ee9f1c8dd4af98240e55e4b18258a/test/Pepper,_bell___Bacterial_spot/131dd897-98e3-45f0-9b4a-48471c4cbf4c___JR_B.Spot_8845.JPG","Pepper,_bell___Bacterial_spot","Pepper,_bell___Bacterial_spot",0.99999714,True
"/clearml_agent_cache/storage_manager/datasets/ds_687ee9f1c8dd4af98240e55e4b18258a/test/Pepper,_bell___Bacterial_spot/162a3375-31e6-48f4-9b78-ab35054fb86c___JR_B.Spot_3397.JPG","Pepper,_bell___Bacterial_spot","Pepper,_bell___Bacterial_spot",0.9999747,True
"/clearml_agent_cache/storage_manager/datasets/ds_687ee9f1c8dd4af98240e55e4b18258a/test/Pepper,_bell___Bacterial_spot/1694ae00-3c5f-488c-9402-e65c70c73cf2___JR_B.Spot_3179.JPG","Pepper,_bell___Bacterial_spot","Pepper,_bell___Bacterial_spot",1.0,True
"/clearml_agent_cache/storage_manager/datasets/ds_687ee9f1c8dd4af98240e55e4b18258a/test/Pepper,_bell___Bacterial_spot/260e0075-466d-4aa2-8ad6-825cce898cdb___JR_B.Spot_9065.JPG","Pepper,_bell___Bacterial_spot","Pepper,_bell___Bacterial_spot",0.9999964,True
"/clearml_agent_cache/storage_manager/datasets/ds_687ee9f1c8dd4af98240e55e4b18258a/test/Pepper,_bell___Bacterial_spot/28b0cad6-b695-4e4b-9cd1-27f2e43647e7___JR_B.Spot_9071.JPG","Pepper,_bell___Bacterial_spot","Pepper,_bell___Bacterial_spot",1.0,True
"/clearml_agent_cache/storage_manager/datasets/ds_687ee9f1c8dd4af98240e55e4b18258a/test/Pepper,_bell___Bacterial_spot/2def1cb7-36cf-4aed-a8e5-ad7864721a44___JR_B.Spot_8915.JPG","Pepper,_bell___Bacterial_spot","Pepper,_bell___Bacterial_spot",0.9999999,True
"/clearml_agent_cache/storage_manager/datasets/ds_687ee9f1c8dd4af98240e55e4b18258a/test/Pepper,_bell___Bacterial_spot/3042800d-559d-4250-bb62-23c346259685___NREC_B.Spot_1980.JPG","Pepper,_bell___Bacterial_spot","Pepper,_bell___Bacterial_spot",1.0,True
"/clearml_agent_cache/storage_manager/datasets/ds_687ee9f1c8dd4af98240e55e4b18258a/test/Pepper,_bell___Bacterial_spot/33af0ec5-80ce-4e3c-ba72-42959820f651___JR_B.Spot_8996.JPG","Pepper,_bell___Bacterial_spot","Pepper,_bell___Bacterial_spot",0.9999995,True
"/clearml_agent_cache/storage_manager/datasets/ds_687ee9f1c8dd4af98240e55e4b18258a/test/Pepper,_bell___Bacterial_spot/3d203d3a-3614-4ddf-9956-0c6a12208c7e___JR_B.Spot_3391.JPG","Pepper,_bell___Bacterial_spot","Pepper,_bell___Bacterial_spot",0.99972075,True
"/clearml_agent_cache/storage_manager/datasets/ds_687ee9f1c8dd4af98240e55e4b18258a/test/Pepper,_bell___Bacterial_spot/447735c7-b650-4ef6-a53b-8fb661470de3___JR_B.Spot_3370.JPG","Pepper,_bell___Bacterial_spot","Pepper,_bell___Bacterial_spot",0.9999126,True
"/clearml_agent_cache/storage_manager/datasets/ds_687ee9f1c8dd4af98240e55e4b18258a/test/Pepper,_bell___Bacterial_spot/4617631e-a75a-4cd0-a1f5-c06ed41a182a___JR_B.Spot_3281.JPG","Pepper,_bell___Bacterial_spot","Pepper,_bell___Bacterial_spot",1.0,True
"/clearml_agent_cache/storage_manager/datasets/ds_687ee9f1c8dd4af98240e55e4b18258a/test/Pepper,_bell___Bacterial_spot/46414704-3483-4a44-b786-6b8ee1814ed7___NREC_B.Spot_9133.JPG","Pepper,_bell___Bacterial_spot","Pepper,_bell___Bacterial_spot",1.0,True
"/clearml_agent_cache/storage_manager/datasets/ds_687ee9f1c8dd4af98240e55e4b18258a/test/Pepper,_bell___Bacterial_spot/50d0c9c6-94ad-46aa-a94f-5a595eb65998___NREC_B.Spot_1946.JPG","Pepper,_bell___Bacterial_spot","Pepper,_bell___Bacterial_spot",0.99999964,True
"/clearml_agent_cache/storage_manager/datasets/ds_687ee9f1c8dd4af98240e55e4b18258a/test/Pepper,_bell___Bacterial_spot/51227dc9-baed-4d63-92ec-70f3361b480b___NREC_B.Spot_9161.JPG","Pepper,_bell___Bacterial_spot","Pepper,_bell___Bacterial_spot",0.9999974,True
"/clearml_agent_cache/storage_manager/datasets/ds_687ee9f1c8dd4af98240e55e4b18258a/test/Pepper,_bell___Bacterial_spot/560d432a-7524-4482-8b49-1e64767da58b___JR_B.Spot_8831.JPG","Pepper,_bell___Bacterial_spot","Pepper,_bell___Bacterial_spot",0.9990608,True
"/clearml_agent_cache/storage_manager/datasets/ds_687ee9f1c8dd4af98240e55e4b18258a/test/Pepper,_bell___Bacterial_spot/58e3b37c-5192-4a03-9f8a-da00330c529a___NREC_B.Spot_9237.JPG","Pepper,_bell___Bacterial_spot","Pepper,_bell___Bacterial_spot",0.9999999,True
"/clearml_agent_cache/storage_manager/datasets/ds_687ee9f1c8dd4af98240e55e4b18258a/test/Pepper,_bell___Bacterial_spot/598fe617-af0b-49c0-ad10-f616bd4e0783___NREC_B.Spot_1847.JPG","Pepper,_bell___Bacterial_spot","Pepper,_bell___Bacterial_spot",1.0,True
"/clearml_agent_cache/storage_manager/datasets/ds_687ee9f1c8dd4af98240e55e4b18258a/test/Pepper,_bell___Bacterial_spot/5f7e373c-1bcb-4730-b55d-d0caf375bb0b___JR_B.Spot_8948.JPG","Pepper,_bell___Bacterial_spot","Pepper,_bell___Bacterial_spot",0.99999344,True
"/clearml_agent_cache/storage_manager/datasets/ds_687ee9f1c8dd4af98240e55e4b18258a/test/Pepper,_bell___Bacterial_spot/61764b09-9bb9-44b3-af94-d3408045b7c3___NREC_B.Spot_1891.JPG","Pepper,_bell___Bacterial_spot","Pepper,_bell___Bacterial_spot",0.99998033,True
"/clearml_agent_cache/storage_manager/datasets/ds_687ee9f1c8dd4af98240e55e4b18258a/test/Pepper,_bell___Bacterial_spot/8295d0d3-a2b8-4f32-ac02-7e0ee8f75406___NREC_B.Spot_1790.JPG","Pepper,_bell___Bacterial_spot","Pepper,_bell___Bacterial_spot",0.99999905,True
"/clearml_agent_cache/storage_manager/datasets/ds_687ee9f1c8dd4af98240e55e4b18258a/test/Pepper,_bell___Bacterial_spot/884c2da1-3b43-46aa-85bb-0f72ed25c266___JR_B.Spot_8906.JPG","Pepper,_bell___Bacterial_spot","Pepper,_bell___Bacterial_spot",1.0,True
"/clearml_agent_cache/storage_manager/datasets/ds_687ee9f1c8dd4af98240e55e4b18258a/test/Pepper,_bell___Bacterial_spot/8e0378a5-e4c7-406a-bc7d-b3844a7b8811___JR_B.Spot_8868.JPG","Pepper,_bell___Bacterial_spot","Pepper,_bell___Bacterial_spot",0.9999969,True
"/clearml_agent_cache/storage_manager/datasets/ds_687ee9f1c8dd4af98240e55e4b18258a/test/Pepper,_bell___Bacterial_spot/937f93b6-2ecd-4129-9995-e0473d498335___NREC_B.Spot_9045.JPG","Pepper,_bell___Bacterial_spot","Pepper,_bell___Bacterial_spot",1.0,True
"/clearml_agent_cache/storage_manager/datasets/ds_687ee9f1c8dd4af98240e55e4b18258a/test/Pepper,_bell___Bacterial_spot/94c2cf91-17c3-4ee1-b8f2-b20103e1c14f___NREC_B.Spot_9094.JPG","Pepper,_bell___Bacterial_spot","Pepper,_bell___Bacterial_spot",0.9999994,True
"/clearml_agent_cache/storage_manager/datasets/ds_687ee9f1c8dd4af98240e55e4b18258a/test/Pepper,_bell___Bacterial_spot/994dd8b0-a87e-485a-be38-cb01b8843e44___JR_B.Spot_8857.JPG","Pepper,_bell___Bacterial_spot","Pepper,_bell___Bacterial_spot",0.99998,True
"/clearml_agent_cache/storage_manager/datasets/ds_687ee9f1c8dd4af98240e55e4b18258a/test/Pepper,_bell___Bacterial_spot/99cd2ddf-fb89-41c3-91cc-0697293b3d9f___NREC_B.Spot_1948.JPG","Pepper,_bell___Bacterial_spot","Pepper,_bell___Bacterial_spot",0.9999982,True
"/clearml_agent_cache/storage_manager/datasets/ds_687ee9f1c8dd4af98240e55e4b18258a/test/Pepper,_bell___Bacterial_spot/b338fbbd-ec79-4807-be12-a5c678d1f78d___JR_B.Spot_8881.JPG","Pepper,_bell___Bacterial_spot","Pepper,_bell___Bacterial_spot",1.0,True
"/clearml_agent_cache/storage_manager/datasets/ds_687ee9f1c8dd4af98240e55e4b18258a/test/Pepper,_bell___Bacterial_spot/b8eff1e7-9059-4c11-b931-fc1bc4ee0ae1___NREC_B.Spot_1972.JPG","Pepper,_bell___Bacterial_spot","Pepper,_bell___Bacterial_spot",1.0,True
"/clearml_agent_cache/storage_manager/datasets/ds_687ee9f1c8dd4af98240e55e4b18258a/test/Pepper,_bell___Bacterial_spot/c030548f-c7e2-48a3-a50b-9a55138951ff___JR_B.Spot_3368.JPG","Pepper,_bell___Bacterial_spot","Pepper,_bell___Bacterial_spot",1.0,True
"/clearml_agent_cache/storage_manager/datasets/ds_687ee9f1c8dd4af98240e55e4b18258a/test/Pepper,_bell___Bacterial_spot/c2914371-c45f-4b19-bbf2-22832118ca9b___NREC_B.Spot_9112.JPG","Pepper,_bell___Bacterial_spot","Pepper,_bell___Bacterial_spot",1.0,True
"/clearml_agent_cache/storage_manager/datasets/ds_687ee9f1c8dd4af98240e55e4b18258a/test/Pepper,_bell___Bacterial_spot/c4791388-b93b-4cad-9ee8-e243c2847f0c___JR_B.Spot_9024.JPG","Pepper,_bell___Bacterial_spot","Pepper,_bell___Bacterial_spot",1.0,True
"/clearml_agent_cache/storage_manager/datasets/ds_687ee9f1c8dd4af98240e55e4b18258a/test/Pepper,_bell___Bacterial_spot/ccbb9ddc-2afa-4dc9-995a-1ed4167747a1___JR_B.Spot_3328.JPG","Pepper,_bell___Bacterial_spot","Pepper,_bell___Bacterial_spot",1.0,True
"/clearml_agent_cache/storage_manager/datasets/ds_687ee9f1c8dd4af98240e55e4b18258a/test/Pepper,_bell___Bacterial_spot/d3ce1cc5-eca1-4a27-8553-2b15d8a92184___JR_B.Spot_8874.JPG","Pepper,_bell___Bacterial_spot","Pepper,_bell___Bacterial_spot",1.0,True
"/clearml_agent_cache/storage_manager/datasets/ds_687ee9f1c8dd4af98240e55e4b18258a/test/Pepper,_bell___Bacterial_spot/d7010297-6cb4-435d-ad31-12758c1520c8___JR_B.Spot_8940.JPG","Pepper,_bell___Bacterial_spot","Pepper,_bell___Bacterial_spot",1.0,True
"/clearml_agent_cache/storage_manager/datasets/ds_687ee9f1c8dd4af98240e55e4b18258a/test/Pepper,_bell___Bacterial_spot/dd84d6d6-9bd9-4abe-b838-076c4af45b37___JR_B.Spot_8882.JPG","Pepper,_bell___Bacterial_spot","Pepper,_bell___Bacterial_spot",1.0,True
"/clearml_agent_cache/storage_manager/datasets/ds_687ee9f1c8dd4af98240e55e4b18258a/test/Pepper,_bell___Bacterial_spot/dec101b9-596c-420a-b3d9-112ee8cbf72f___JR_B.Spot_3105.JPG","Pepper,_bell___Bacterial_spot","Pepper,_bell___Bacterial_spot",1.0,True
"/clearml_agent_cache/storage_manager/datasets/ds_687ee9f1c8dd4af98240e55e4b18258a/test/Pepper,_bell___Bacterial_spot/e481606b-2d13-4965-9e0a-44f02a8fa701___JR_B.Spot_8833.JPG","Pepper,_bell___Bacterial_spot","Pepper,_bell___Bacterial_spot",0.9999975,True
"/clearml_agent_cache/storage_manager/datasets/ds_687ee9f1c8dd4af98240e55e4b18258a/test/Pepper,_bell___Bacterial_spot/e5781299-7fd6-4d80-aca1-d78910d9da1c___JR_B.Spot_3371.JPG","Pepper,_bell___Bacterial_spot","Pepper,_bell___Bacterial_spot",1.0,True
"/clearml_agent_cache/storage_manager/datasets/ds_687ee9f1c8dd4af98240e55e4b18258a/test/Pepper,_bell___Bacterial_spot/f37ef7e1-bc3f-4247-8d4d-d9c76caa5ebb___JR_B.Spot_3340.JPG","Pepper,_bell___Bacterial_spot","Pepper,_bell___Bacterial_spot",0.9999999,True
"/clearml_agent_cache/storage_manager/datasets/ds_687ee9f1c8dd4af98240e55e4b18258a/test/Pepper,_bell___healthy/00726ad4-2569-46ce-9d4e-dbf82b14bd94___JR_HL_8686.JPG","Pepper,_bell___healthy","Pepper,_bell___healthy",0.9999763,True
"/clearml_agent_cache/storage_manager/datasets/ds_687ee9f1c8dd4af98240e55e4b18258a/test/Pepper,_bell___healthy/0b76f650-27cf-4b62-b3ad-c97d81e0db0c___JR_HL_8554.JPG","Pepper,_bell___healthy","Pepper,_bell___healthy",0.9999949,True
"/clearml_agent_cache/storage_manager/datasets/ds_687ee9f1c8dd4af98240e55e4b18258a/test/Pepper,_bell___healthy/0e043e9a-7652-4e7a-aef1-0caa0c085f55___JR_HL_8479.JPG","Pepper,_bell___healthy","Pepper,_bell___healthy",0.99998844,True
"/clearml_agent_cache/storage_manager/datasets/ds_687ee9f1c8dd4af98240e55e4b18258a/test/Pepper,_bell___healthy/12020d07-b473-40be-88da-c18062f25667___JR_HL_8541.JPG","Pepper,_bell___healthy","Pepper,_bell___healthy",0.99999416,True
"/clearml_agent_cache/storage_manager/datasets/ds_687ee9f1c8dd4af98240e55e4b18258a/test/Pepper,_bell___healthy/13e593a4-59cf-4271-be0e-e2761634015d___JR_HL_8414.JPG","Pepper,_bell___healthy","Pepper,_bell___healthy",0.99999917,True
"/clearml_agent_cache/storage_manager/datasets/ds_687ee9f1c8dd4af98240e55e4b18258a/test/Pepper,_bell___healthy/14473c6e-c261-43c0-baac-25bb228ce5d9___JR_HL_7811.JPG","Pepper,_bell___healthy","Pepper,_bell___healthy",0.999902,True
"/clearml_agent_cache/storage_manager/datasets/ds_687ee9f1c8dd4af98240e55e4b18258a/test/Pepper,_bell___healthy/1aa25bab-008c-4114-9832-096d81592dd9___JR_HL_7992.JPG","Pepper,_bell___healthy","Pepper,_bell___healthy",0.9999232,True
"/clearml_agent_cache/storage_manager/datasets/ds_687ee9f1c8dd4af98240e55e4b18258a/test/Pepper,_bell___healthy/253b8420-d8a7-4278-8f5c-b1a0dd709138___JR_HL_8214.JPG","Pepper,_bell___healthy","Pepper,_bell___healthy",0.99999905,True
"/clearml_agent_cache/storage_manager/datasets/ds_687ee9f1c8dd4af98240e55e4b18258a/test/Pepper,_bell___healthy/29a30b3d-e893-4459-988c-974bc7b5cf36___JR_HL_8772.JPG","Pepper,_bell___healthy","Pepper,_bell___healthy",0.9999753,True
"/clearml_agent_cache/storage_manager/datasets/ds_687ee9f1c8dd4af98240e55e4b18258a/test/Pepper,_bell___healthy/2b7b288c-141a-495f-9df0-3199a2815c9a___JR_HL_8731.JPG","Pepper,_bell___healthy","Pepper,_bell___healthy",0.9999958,True
"/clearml_agent_cache/storage_manager/datasets/ds_687ee9f1c8dd4af98240e55e4b18258a/test/Pepper,_bell___healthy/2ba359a8-68ff-4f4b-9c8d-10cab127b257___JR_HL_8294.JPG","Pepper,_bell___healthy","Pepper,_bell___healthy",0.9999752,True
"/clearml_agent_cache/storage_manager/datasets/ds_687ee9f1c8dd4af98240e55e4b18258a/test/Pepper,_bell___healthy/3290a3a9-07b9-40a0-948b-3c346ee4e202___JR_HL_5920.JPG","Pepper,_bell___healthy","Pepper,_bell___healthy",0.99997187,True
"/clearml_agent_cache/storage_manager/datasets/ds_687ee9f1c8dd4af98240e55e4b18258a/test/Pepper,_bell___healthy/365b9977-fab1-4a4b-9807-605151f9db3e___JR_HL_7766.JPG","Pepper,_bell___healthy","Pepper,_bell___healthy",0.9999964,True
"/clearml_agent_cache/storage_manager/datasets/ds_687ee9f1c8dd4af98240e55e4b18258a/test/Pepper,_bell___healthy/4d212bb1-b0dc-46cc-b09c-6fa484bdfc36___JR_HL_8380.JPG","Pepper,_bell___healthy","Pepper,_bell___healthy",0.9999987,True
"/clearml_agent_cache/storage_manager/datasets/ds_687ee9f1c8dd4af98240e55e4b18258a/test/Pepper,_bell___healthy/539a80a0-ec5a-4cb7-9f97-fb2f4bf18795___JR_HL_8344.JPG","Pepper,_bell___healthy","Pepper,_bell___healthy",0.99956924,True
"/clearml_agent_cache/storage_manager/datasets/ds_687ee9f1c8dd4af98240e55e4b18258a/test/Pepper,_bell___healthy/5576e4e0-56d8-4919-b5c3-dbde06afd143___JR_HL_7800.JPG","Pepper,_bell___healthy","Pepper,_bell___healthy",0.99998164,True
"/clearml_agent_cache/storage_manager/datasets/ds_687ee9f1c8dd4af98240e55e4b18258a/test/Pepper,_bell___healthy/5761a17a-0629-48cc-aa66-ffff745b5adb___JR_HL_8191.JPG","Pepper,_bell___healthy","Pepper,_bell___healthy",0.9998393,True
"/clearml_agent_cache/storage_manager/datasets/ds_687ee9f1c8dd4af98240e55e4b18258a/test/Pepper,_bell___healthy/68a8b022-1f2d-4546-957f-a69aa11f0e39___JR_HL_8122.JPG","Pepper,_bell___healthy","Pepper,_bell___healthy",0.9997236,True
"/clearml_agent_cache/storage_manager/datasets/ds_687ee9f1c8dd4af98240e55e4b18258a/test/Pepper,_bell___healthy/71e8540f-309c-4022-97c7-7ce276abb2ac___JR_HL_7877.JPG","Pepper,_bell___healthy","Pepper,_bell___healthy",0.99999857,True
"/clearml_agent_cache/storage_manager/datasets/ds_687ee9f1c8dd4af98240e55e4b18258a/test/Pepper,_bell___healthy/728ff40b-fbff-4910-b345-4c9a47d7a712___JR_HL_8759.JPG","Pepper,_bell___healthy","Pepper,_bell___healthy",0.999992,True
"/clearml_agent_cache/storage_manager/datasets/ds_687ee9f1c8dd4af98240e55e4b18258a/test/Pepper,_bell___healthy/7cb1f036-bf36-4271-a765-86e575664f3c___JR_HL_8075.JPG","Pepper,_bell___healthy","Pepper,_bell___healthy",0.99958175,True
"/clearml_agent_cache/storage_manager/datasets/ds_687ee9f1c8dd4af98240e55e4b18258a/test/Pepper,_bell___healthy/7e0a7a50-371a-40f5-9d0a-4402c4ab6e93___JR_HL_7936.JPG","Pepper,_bell___healthy","Pepper,_bell___healthy",0.9999976,True
"/clearml_agent_cache/storage_manager/datasets/ds_687ee9f1c8dd4af98240e55e4b18258a/test/Pepper,_bell___healthy/8033076c-4792-4864-b18f-16f15563d7bf___JR_HL_5991.JPG","Pepper,_bell___healthy","Pepper,_bell___healthy",0.9999851,True
"/clearml_agent_cache/storage_manager/datasets/ds_687ee9f1c8dd4af98240e55e4b18258a/test/Pepper,_bell___healthy/87000a42-0484-45ed-96c1-14b6fa9895e5___JR_HL_7650.JPG","Pepper,_bell___healthy","Pepper,_bell___healthy",0.99999774,True
"/clearml_agent_cache/storage_manager/datasets/ds_687ee9f1c8dd4af98240e55e4b18258a/test/Pepper,_bell___healthy/8e8ad705-85d5-407a-b439-1464cb166e34___JR_HL_7924.JPG","Pepper,_bell___healthy","Pepper,_bell___healthy",0.99992883,True
"/clearml_agent_cache/storage_manager/datasets/ds_687ee9f1c8dd4af98240e55e4b18258a/test/Pepper,_bell___healthy/910095f7-8a83-4aa3-96e2-b0dc0886fd0d___JR_HL_5994.JPG","Pepper,_bell___healthy","Pepper,_bell___healthy",0.99824905,True
"/clearml_agent_cache/storage_manager/datasets/ds_687ee9f1c8dd4af98240e55e4b18258a/test/Pepper,_bell___healthy/921b966f-3d23-4036-bfbb-cba500aeca08___JR_HL_8523.JPG","Pepper,_bell___healthy","Pepper,_bell___healthy",0.99999905,True
"/clearml_agent_cache/storage_manager/datasets/ds_687ee9f1c8dd4af98240e55e4b18258a/test/Pepper,_bell___healthy/927fa6d6-6d56-4035-af12-a915a50d86a2___JR_HL_8445.JPG","Pepper,_bell___healthy","Pepper,_bell___healthy",0.99997115,True
"/clearml_agent_cache/storage_manager/datasets/ds_687ee9f1c8dd4af98240e55e4b18258a/test/Pepper,_bell___healthy/95c8741a-b5a8-4e49-baad-2015bcaf5c3f___JR_HL_5811.JPG","Pepper,_bell___healthy","Pepper,_bell___healthy",0.9999862,True
"/clearml_agent_cache/storage_manager/datasets/ds_687ee9f1c8dd4af98240e55e4b18258a/test/Pepper,_bell___healthy/96d849a9-9448-4832-980a-b4b7ec1a32ae___JR_HL_8293.JPG","Pepper,_bell___healthy","Pepper,_bell___healthy",0.99999416,True
"/clearml_agent_cache/storage_manager/datasets/ds_687ee9f1c8dd4af98240e55e4b18258a/test/Pepper,_bell___healthy/9b086942-567d-4687-bcf1-cfecf03f5190___JR_HL_7826.JPG","Pepper,_bell___healthy","Pepper,_bell___healthy",0.9999907,True
"/clearml_agent_cache/storage_manager/datasets/ds_687ee9f1c8dd4af98240e55e4b18258a/test/Pepper,_bell___healthy/9fc5d7ed-9906-479b-992f-13cf045a2e49___JR_HL_8001.JPG","Pepper,_bell___healthy","Pepper,_bell___healthy",0.9999801,True
"/clearml_agent_cache/storage_manager/datasets/ds_687ee9f1c8dd4af98240e55e4b18258a/test/Pepper,_bell___healthy/b39dd01c-b297-4d3f-ad79-c06a488a99cd___JR_HL_8268.JPG","Pepper,_bell___healthy","Pepper,_bell___healthy",0.9999938,True
"/clearml_agent_cache/storage_manager/datasets/ds_687ee9f1c8dd4af98240e55e4b18258a/test/Pepper,_bell___healthy/b45d62a2-3de1-411b-8f88-ab52195b6dda___JR_HL_7639.JPG","Pepper,_bell___healthy","Pepper,_bell___healthy",0.9996309,True
"/clearml_agent_cache/storage_manager/datasets/ds_687ee9f1c8dd4af98240e55e4b18258a/test/Pepper,_bell___healthy/b55201b6-d9bd-4e4d-ac0b-ed104baa8038___JR_HL_7977.JPG","Pepper,_bell___healthy","Pepper,_bell___healthy",0.99996185,True
"/clearml_agent_cache/storage_manager/datasets/ds_687ee9f1c8dd4af98240e55e4b18258a/test/Pepper,_bell___healthy/b728a334-d2a1-4e22-a6e3-aa60a8fb0ad8___JR_HL_8407.JPG","Pepper,_bell___healthy","Pepper,_bell___healthy",0.9999989,True
"/clearml_agent_cache/storage_manager/datasets/ds_687ee9f1c8dd4af98240e55e4b18258a/test/Pepper,_bell___healthy/b94e7dd5-f127-4590-b32f-8c226dcb27b0___JR_HL_8040.JPG","Pepper,_bell___healthy","Pepper,_bell___healthy",0.99987257,True
"/clearml_agent_cache/storage_manager/datasets/ds_687ee9f1c8dd4af98240e55e4b18258a/test/Pepper,_bell___healthy/ba684f19-7ec6-428f-88f9-f6818bd1a077___JR_HL_8659.JPG","Pepper,_bell___healthy","Pepper,_bell___healthy",0.99996555,True
"/clearml_agent_cache/storage_manager/datasets/ds_687ee9f1c8dd4af98240e55e4b18258a/test/Pepper,_bell___healthy/c225f3a3-270a-4ae9-a44d-b35c12db7e46___JR_HL_8110.JPG","Pepper,_bell___healthy","Pepper,_bell___healthy",0.9998919,True
"/clearml_agent_cache/storage_manager/datasets/ds_687ee9f1c8dd4af98240e55e4b18258a/test/Pepper,_bell___healthy/c2f8abd1-8015-488a-82b9-de19d8f9abc0___JR_HL_8031.JPG","Pepper,_bell___healthy","Pepper,_bell___healthy",0.9999893,True
"/clearml_agent_cache/storage_manager/datasets/ds_687ee9f1c8dd4af98240e55e4b18258a/test/Pepper,_bell___healthy/c37bde81-1157-4dd0-ae96-2b1073c8bcb8___JR_HL_8656.JPG","Pepper,_bell___healthy","Pepper,_bell___healthy",0.9999709,True
"/clearml_agent_cache/storage_manager/datasets/ds_687ee9f1c8dd4af98240e55e4b18258a/test/Pepper,_bell___healthy/c6808045-0714-4089-a8b7-df76d9583c4e___JR_HL_5875.JPG","Pepper,_bell___healthy","Pepper,_bell___healthy",0.99998426,True
"/clearml_agent_cache/storage_manager/datasets/ds_687ee9f1c8dd4af98240e55e4b18258a/test/Pepper,_bell___healthy/cc230c78-9e6a-467e-a5e4-19c64e82488a___JR_HL_8717.JPG","Pepper,_bell___healthy","Pepper,_bell___healthy",0.999992,True
"/clearml_agent_cache/storage_manager/datasets/ds_687ee9f1c8dd4af98240e55e4b18258a/test/Pepper,_bell___healthy/cf20e2a9-f2d3-41de-8950-6fb1c8fc2875___JR_HL_8707.JPG","Pepper,_bell___healthy","Pepper,_bell___healthy",0.9999658,True
"/clearml_agent_cache/storage_manager/datasets/ds_687ee9f1c8dd4af98240e55e4b18258a/test/Pepper,_bell___healthy/d2bd1a33-3dfd-4314-b13a-2b53a96453a2___JR_HL_7657.JPG","Pepper,_bell___healthy","Pepper,_bell___healthy",0.99999535,True
"/clearml_agent_cache/storage_manager/datasets/ds_687ee9f1c8dd4af98240e55e4b18258a/test/Pepper,_bell___healthy/d2e09fdd-8ee6-4cd1-8bd4-16124dc16962___JR_HL_7918.JPG","Pepper,_bell___healthy","Pepper,_bell___healthy",0.99992204,True
"/clearml_agent_cache/storage_manager/datasets/ds_687ee9f1c8dd4af98240e55e4b18258a/test/Pepper,_bell___healthy/db57594f-4114-4312-a817-7f5fe70ac5ca___JR_HL_8066.JPG","Pepper,_bell___healthy","Pepper,_bell___healthy",0.99999917,True
"/clearml_agent_cache/storage_manager/datasets/ds_687ee9f1c8dd4af98240e55e4b18258a/test/Pepper,_bell___healthy/dc16830f-b977-49cc-808b-9b1432a047a2___JR_HL_5925.JPG","Pepper,_bell___healthy","Pepper,_bell___healthy",0.9999944,True
"/clearml_agent_cache/storage_manager/datasets/ds_687ee9f1c8dd4af98240e55e4b18258a/test/Pepper,_bell___healthy/dc7bc940-f9ee-48ae-82da-3e8921e8b298___JR_HL_5831.JPG","Pepper,_bell___healthy","Pepper,_bell___healthy",0.9999957,True
"/clearml_agent_cache/storage_manager/datasets/ds_687ee9f1c8dd4af98240e55e4b18258a/test/Pepper,_bell___healthy/dd7055a8-fe9e-4cc3-9b5f-79cc32e2f73d___JR_HL_8752.JPG","Pepper,_bell___healthy","Pepper,_bell___healthy",0.99999905,True
"/clearml_agent_cache/storage_manager/datasets/ds_687ee9f1c8dd4af98240e55e4b18258a/test/Pepper,_bell___healthy/ddbae87c-2126-40e3-9b72-f851c8b8100d___JR_HL_8599.JPG","Pepper,_bell___healthy","Pepper,_bell___healthy",0.9999993,True
"/clearml_agent_cache/storage_manager/datasets/ds_687ee9f1c8dd4af98240e55e4b18258a/test/Pepper,_bell___healthy/e3a45ddd-c2f6-466c-b857-bf404a94b65c___JR_HL_8665.JPG","Pepper,_bell___healthy","Pepper,_bell___healthy",0.99921405,True
"/clearml_agent_cache/storage_manager/datasets/ds_687ee9f1c8dd4af98240e55e4b18258a/test/Pepper,_bell___healthy/e6a3e0cb-e1d4-4440-9440-f0b4f489ecc4___JR_HL_8742.JPG","Pepper,_bell___healthy","Pepper,_bell___healthy",0.9999974,True
"/clearml_agent_cache/storage_manager/datasets/ds_687ee9f1c8dd4af98240e55e4b18258a/test/Pepper,_bell___healthy/e7afc78e-d40c-4fd5-af4d-fca29befde9c___JR_HL_8135.JPG","Pepper,_bell___healthy","Pepper,_bell___healthy",0.9999949,True
"/clearml_agent_cache/storage_manager/datasets/ds_687ee9f1c8dd4af98240e55e4b18258a/test/Pepper,_bell___healthy/f0e93256-3b10-43c9-880e-e041de89502c___JR_HL_5846.JPG","Pepper,_bell___healthy","Pepper,_bell___healthy",0.9998448,True
"/clearml_agent_cache/storage_manager/datasets/ds_687ee9f1c8dd4af98240e55e4b18258a/test/Pepper,_bell___healthy/f24f1078-123e-4c89-bba8-2e1f7cf264bb___JR_HL_8196.JPG","Pepper,_bell___healthy","Pepper,_bell___healthy",0.9999497,True
"/clearml_agent_cache/storage_manager/datasets/ds_687ee9f1c8dd4af98240e55e4b18258a/test/Pepper,_bell___healthy/f460de9c-14ab-4bac-8cb6-b25c958ae78f___JR_HL_8596.JPG","Pepper,_bell___healthy","Pepper,_bell___healthy",0.9999995,True
"/clearml_agent_cache/storage_manager/datasets/ds_687ee9f1c8dd4af98240e55e4b18258a/test/Pepper,_bell___healthy/ff276d07-04ef-4919-9762-a6548f8cf21c___JR_HL_7621.JPG","Pepper,_bell___healthy","Pepper,_bell___healthy",0.999992,True
"/clearml_agent_cache/storage_manager/datasets/ds_687ee9f1c8dd4af98240e55e4b18258a/test/Pepper,_bell___healthy/ff55573a-3ae9-4c76-957b-6b3e2665f4a3___JR_HL_8701.JPG","Pepper,_bell___healthy","Pepper,_bell___healthy",0.99999285,True
/clearml_agent_cache/storage_manager/datasets/ds_687ee9f1c8dd4af98240e55e4b18258a/test/Potato___Early_blight/065fc68f-88c9-4fc3-b0a6-a6f5e1072eaa___RS_Early.B_7174.JPG,Potato___Early_blight,Potato___Early_blight,1.0,True
/clearml_agent_cache/storage_manager/datasets/ds_687ee9f1c8dd4af98240e55e4b18258a/test/Potato___Early_blight/0a47f32c-1724-4c8d-bfe4-986cedd3587b___RS_Early.B_8001.JPG,Potato___Early_blight,Potato___Early_blight,0.9999839,True
/clearml_agent_cache/storage_manager/datasets/ds_687ee9f1c8dd4af98240e55e4b18258a/test/Potato___Early_blight/11e974fa-928f-45f6-b983-e74c74c7d163___RS_Early.B_7992.JPG,Potato___Early_blight,Potato___Early_blight,0.99999976,True
/clearml_agent_cache/storage_manager/datasets/ds_687ee9f1c8dd4af98240e55e4b18258a/test/Potato___Early_blight/1ff86a73-9f36-45c5-8012-c5d90445b7ac___RS_Early.B_8563.JPG,Potato___Early_blight,Potato___Early_blight,0.9999999,True
/clearml_agent_cache/storage_manager/datasets/ds_687ee9f1c8dd4af98240e55e4b18258a/test/Potato___Early_blight/2639ad26-c7e9-4bd6-8000-c002f676a4c6___RS_Early.B_7150.JPG,Potato___Early_blight,Potato___Early_blight,0.9999974,True
/clearml_agent_cache/storage_manager/datasets/ds_687ee9f1c8dd4af98240e55e4b18258a/test/Potato___Early_blight/26d2af6a-f52e-457c-8006-fa106ad39fbe___RS_Early.B_8586.JPG,Potato___Early_blight,Potato___Early_blight,0.9999995,True
/clearml_agent_cache/storage_manager/datasets/ds_687ee9f1c8dd4af98240e55e4b18258a/test/Potato___Early_blight/283134dd-8b32-447e-8e82-547d3b69f4d4___RS_Early.B_7494.JPG,Potato___Early_blight,Potato___Early_blight,1.0,True
/clearml_agent_cache/storage_manager/datasets/ds_687ee9f1c8dd4af98240e55e4b18258a/test/Potato___Early_blight/2b1718b3-c951-4f24-b6ec-4eb7df77c913___RS_Early.B_7475.JPG,Potato___Early_blight,Potato___Early_blight,1.0,True
/clearml_agent_cache/storage_manager/datasets/ds_687ee9f1c8dd4af98240e55e4b18258a/test/Potato___Early_blight/320be8ee-2f9a-48f2-86fa-1c1d993a2fe2___RS_Early.B_8186.JPG,Potato___Early_blight,Potato___Early_blight,0.9999989,True
/clearml_agent_cache/storage_manager/datasets/ds_687ee9f1c8dd4af98240e55e4b18258a/test/Potato___Early_blight/34b0f33c-be8b-4338-9334-5418a5f84f28___RS_Early.B_7532.JPG,Potato___Early_blight,Potato___Early_blight,0.9999993,True
/clearml_agent_cache/storage_manager/datasets/ds_687ee9f1c8dd4af98240e55e4b18258a/test/Potato___Early_blight/46819687-0705-4628-8748-9cb356587f30___RS_Early.B_8421.JPG,Potato___Early_blight,Potato___Early_blight,0.9999999,True
/clearml_agent_cache/storage_manager/datasets/ds_687ee9f1c8dd4af98240e55e4b18258a/test/Potato___Early_blight/4da46a9d-7709-4528-acc3-a7be6ace3714___RS_Early.B_7187.JPG,Potato___Early_blight,Potato___Early_blight,1.0,True
/clearml_agent_cache/storage_manager/datasets/ds_687ee9f1c8dd4af98240e55e4b18258a/test/Potato___Early_blight/51d521bb-5800-4f46-8fd0-f6cb09f37989___RS_Early.B_7572.JPG,Potato___Early_blight,Potato___Early_blight,0.9999982,True
/clearml_agent_cache/storage_manager/datasets/ds_687ee9f1c8dd4af98240e55e4b18258a/test/Potato___Early_blight/5a152fa7-7645-42ea-9c59-13258febe52f___RS_Early.B_7175.JPG,Potato___Early_blight,Potato___Early_blight,1.0,True
/clearml_agent_cache/storage_manager/datasets/ds_687ee9f1c8dd4af98240e55e4b18258a/test/Potato___Early_blight/5b361ac7-6fb7-497a-b11d-3b8cd7ffd2e1___RS_Early.B_9206.JPG,Potato___Early_blight,Potato___Early_blight,1.0,True
/clearml_agent_cache/storage_manager/datasets/ds_687ee9f1c8dd4af98240e55e4b18258a/test/Potato___Early_blight/606e216d-f0b8-4ef3-9bf1-2bee85a13361___RS_Early.B_7094.JPG,Potato___Early_blight,Potato___Early_blight,0.9999994,True
/clearml_agent_cache/storage_manager/datasets/ds_687ee9f1c8dd4af98240e55e4b18258a/test/Potato___Early_blight/61a602c4-02e3-49e5-9858-5b1d4d4795f7___RS_Early.B_7875.JPG,Potato___Early_blight,Potato___Early_blight,0.9999989,True
/clearml_agent_cache/storage_manager/datasets/ds_687ee9f1c8dd4af98240e55e4b18258a/test/Potato___Early_blight/66c5930d-2169-4ec1-9919-28088d5447f7___RS_Early.B_8822.JPG,Potato___Early_blight,Potato___Early_blight,0.9999995,True
/clearml_agent_cache/storage_manager/datasets/ds_687ee9f1c8dd4af98240e55e4b18258a/test/Potato___Early_blight/87c0254c-c987-4c54-adda-45c5e7346170___RS_Early.B_8848.JPG,Potato___Early_blight,Potato___Early_blight,1.0,True
/clearml_agent_cache/storage_manager/datasets/ds_687ee9f1c8dd4af98240e55e4b18258a/test/Potato___Early_blight/8ace7694-6cdd-495e-a987-f9c0ee82bcab___RS_Early.B_9016.JPG,Potato___Early_blight,Potato___Early_blight,1.0,True
/clearml_agent_cache/storage_manager/datasets/ds_687ee9f1c8dd4af98240e55e4b18258a/test/Potato___Early_blight/900514b4-8768-4370-bc53-998e390644db___RS_Early.B_7788.JPG,Potato___Early_blight,Potato___Early_blight,0.9999999,True
/clearml_agent_cache/storage_manager/datasets/ds_687ee9f1c8dd4af98240e55e4b18258a/test/Potato___Early_blight/906218cf-65e8-4713-841f-01707a9dd20c___RS_Early.B_7270.JPG,Potato___Early_blight,Potato___Early_blight,0.99999714,True
/clearml_agent_cache/storage_manager/datasets/ds_687ee9f1c8dd4af98240e55e4b18258a/test/Potato___Early_blight/9846eead-9fc1-4c35-8b63-1adfbdf0b118___RS_Early.B_8325.JPG,Potato___Early_blight,Potato___Early_blight,0.9999982,True
/clearml_agent_cache/storage_manager/datasets/ds_687ee9f1c8dd4af98240e55e4b18258a/test/Potato___Early_blight/9bef32f0-dc02-4223-a378-6a41c6bfc7a9___RS_Early.B_8444.JPG,Potato___Early_blight,Potato___Early_blight,0.9999999,True
/clearml_agent_cache/storage_manager/datasets/ds_687ee9f1c8dd4af98240e55e4b18258a/test/Potato___Early_blight/9eb646d2-e908-43d1-8dd5-0d6b8dcb21eb___RS_Early.B_7569.JPG,Potato___Early_blight,Potato___Early_blight,1.0,True
/clearml_agent_cache/storage_manager/datasets/ds_687ee9f1c8dd4af98240e55e4b18258a/test/Potato___Early_blight/9fa151cd-43d7-42e1-9235-72f58c584a4b___RS_Early.B_8581.JPG,Potato___Early_blight,Potato___Early_blight,0.99999976,True
/clearml_agent_cache/storage_manager/datasets/ds_687ee9f1c8dd4af98240e55e4b18258a/test/Potato___Early_blight/a6995958-6344-4d37-9b99-d3bc3d40ab67___RS_Early.B_7210.JPG,Potato___Early_blight,Potato___Early_blight,0.9999994,True
/clearml_agent_cache/storage_manager/datasets/ds_687ee9f1c8dd4af98240e55e4b18258a/test/Potato___Early_blight/aa7e5986-6fa1-4b25-9861-cbae56886280___RS_Early.B_8545.JPG,Potato___Early_blight,Potato___Early_blight,1.0,True
/clearml_agent_cache/storage_manager/datasets/ds_687ee9f1c8dd4af98240e55e4b18258a/test/Potato___Early_blight/b95c05a8-2d70-4af5-a384-5b5b4450b7c6___RS_Early.B_7724.JPG,Potato___Early_blight,Potato___Early_blight,1.0,True
/clearml_agent_cache/storage_manager/datasets/ds_687ee9f1c8dd4af98240e55e4b18258a/test/Potato___Early_blight/ba5dfd98-89d6-49d5-b398-beb05cb9d8ad___RS_Early.B_7824.JPG,Potato___Early_blight,Potato___Early_blight,1.0,True
/clearml_agent_cache/storage_manager/datasets/ds_687ee9f1c8dd4af98240e55e4b18258a/test/Potato___Early_blight/ba96aab6-adb5-4021-b6ad-3305f50aec12___RS_Early.B_7317.JPG,Potato___Early_blight,Potato___Early_blight,0.993335,True
/clearml_agent_cache/storage_manager/datasets/ds_687ee9f1c8dd4af98240e55e4b18258a/test/Potato___Early_blight/caf7512b-4e4e-44fc-ae7d-8544168cf903___RS_Early.B_7120.JPG,Potato___Early_blight,Potato___Early_blight,0.9999999,True
/clearml_agent_cache/storage_manager/datasets/ds_687ee9f1c8dd4af98240e55e4b18258a/test/Potato___Early_blight/d0221e13-4d76-45e5-9cd1-7cac63833f52___RS_Early.B_7191.JPG,Potato___Early_blight,Potato___Early_blight,1.0,True
/clearml_agent_cache/storage_manager/datasets/ds_687ee9f1c8dd4af98240e55e4b18258a/test/Potato___Early_blight/d0fc4557-34a0-4324-8b2c-865853e0face___RS_Early.B_6912.JPG,Potato___Early_blight,Potato___Early_blight,1.0,True
/clearml_agent_cache/storage_manager/datasets/ds_687ee9f1c8dd4af98240e55e4b18258a/test/Potato___Early_blight/d5c51ec6-506e-4b85-b774-66f6a5493c90___RS_Early.B_7071.JPG,Potato___Early_blight,Potato___Early_blight,1.0,True
/clearml_agent_cache/storage_manager/datasets/ds_687ee9f1c8dd4af98240e55e4b18258a/test/Potato___Early_blight/e4b0f6ac-2b1e-4e10-8733-de421a01c390___RS_Early.B_8254.JPG,Potato___Early_blight,Potato___Early_blight,1.0,True
/clearml_agent_cache/storage_manager/datasets/ds_687ee9f1c8dd4af98240e55e4b18258a/test/Potato___Early_blight/e6aec621-1699-433a-8cf5-7310ec895810___RS_Early.B_8764.JPG,Potato___Early_blight,Potato___Early_blight,0.9997036,True
/clearml_agent_cache/storage_manager/datasets/ds_687ee9f1c8dd4af98240e55e4b18258a/test/Potato___Early_blight/e7cab6f5-308b-41ea-af82-e20cfe540729___RS_Early.B_7177.JPG,Potato___Early_blight,Potato___Early_blight,0.99999905,True
/clearml_agent_cache/storage_manager/datasets/ds_687ee9f1c8dd4af98240e55e4b18258a/test/Potato___Early_blight/ec6b34ed-69c6-466a-81a9-4ca18eb25275___RS_Early.B_7038.JPG,Potato___Early_blight,Potato___Early_blight,1.0,True
/clearml_agent_cache/storage_manager/datasets/ds_687ee9f1c8dd4af98240e55e4b18258a/test/Potato___Early_blight/f9580dc3-d5d9-4990-a64d-3974a9d1c687___RS_Early.B_8755.JPG,Potato___Early_blight,Potato___Early_blight,0.99999976,True
/clearml_agent_cache/storage_manager/datasets/ds_687ee9f1c8dd4af98240e55e4b18258a/test/Potato___Late_blight/00b1f292-23dd-44d4-aad3-c1ffb6a6ad5a___RS_LB_4479.JPG,Potato___Late_blight,Potato___Late_blight,0.9999932,True
/clearml_agent_cache/storage_manager/datasets/ds_687ee9f1c8dd4af98240e55e4b18258a/test/Potato___Late_blight/0e7f0484-16eb-4183-b702-0a5b4f94d015___RS_LB_4000.JPG,Potato___Late_blight,Potato___Late_blight,0.9999782,True
/clearml_agent_cache/storage_manager/datasets/ds_687ee9f1c8dd4af98240e55e4b18258a/test/Potato___Late_blight/1789b0d1-d850-4e04-8a20-bc3901d4ab0a___RS_LB_5251.JPG,Potato___Late_blight,Potato___Late_blight,0.9999999,True
/clearml_agent_cache/storage_manager/datasets/ds_687ee9f1c8dd4af98240e55e4b18258a/test/Potato___Late_blight/2ed031ef-c77f-42d2-83fa-4fbfc66d67b2___RS_LB_5254.JPG,Potato___Late_blight,Potato___Late_blight,1.0,True
/clearml_agent_cache/storage_manager/datasets/ds_687ee9f1c8dd4af98240e55e4b18258a/test/Potato___Late_blight/32e6ace8-7ca9-4f95-a313-6747d321e8da___RS_LB_4698.JPG,Potato___Late_blight,Potato___Late_blight,0.99940073,True
/clearml_agent_cache/storage_manager/datasets/ds_687ee9f1c8dd4af98240e55e4b18258a/test/Potato___Late_blight/3f624c56-6bd1-4e7e-8fcd-d6b4480abe12___RS_LB_5215.JPG,Potato___Late_blight,Potato___Late_blight,1.0,True
/clearml_agent_cache/storage_manager/datasets/ds_687ee9f1c8dd4af98240e55e4b18258a/test/Potato___Late_blight/50abdfe1-411f-4afe-8f78-1ffb7816792f___RS_LB_2694.JPG,Potato___Late_blight,Potato___Late_blight,0.99998045,True
/clearml_agent_cache/storage_manager/datasets/ds_687ee9f1c8dd4af98240e55e4b18258a/test/Potato___Late_blight/5239c829-457f-4e6c-b0af-ef5f58abddd0___RS_LB_5329.JPG,Potato___Late_blight,Potato___Late_blight,1.0,True
/clearml_agent_cache/storage_manager/datasets/ds_687ee9f1c8dd4af98240e55e4b18258a/test/Potato___Late_blight/58334b81-9aab-4b5c-b655-f7078a81135b___RS_LB_3846.JPG,Potato___Late_blight,Potato___Late_blight,1.0,True
/clearml_agent_cache/storage_manager/datasets/ds_687ee9f1c8dd4af98240e55e4b18258a/test/Potato___Late_blight/5b12fde1-fe3a-49fe-8430-479775018322___RS_LB_3071.JPG,Potato___Late_blight,Potato___Late_blight,0.9999927,True
/clearml_agent_cache/storage_manager/datasets/ds_687ee9f1c8dd4af98240e55e4b18258a/test/Potato___Late_blight/5d85a25d-ed5a-459d-89fc-8bc9118518bc___RS_LB_4646.JPG,Potato___Late_blight,Potato___Late_blight,0.974798,True
/clearml_agent_cache/storage_manager/datasets/ds_687ee9f1c8dd4af98240e55e4b18258a/test/Potato___Late_blight/62d41420-8e32-47d2-9a37-698c07f7dc16___RS_LB_2543.JPG,Potato___Late_blight,Potato___Late_blight,0.99997807,True
/clearml_agent_cache/storage_manager/datasets/ds_687ee9f1c8dd4af98240e55e4b18258a/test/Potato___Late_blight/6e5ae22d-5e91-4fed-b731-94f80ff63613___RS_LB_5113.JPG,Potato___Late_blight,Potato___Late_blight,0.9999919,True
/clearml_agent_cache/storage_manager/datasets/ds_687ee9f1c8dd4af98240e55e4b18258a/test/Potato___Late_blight/709bddcf-5c54-4fad-8a22-890c00e839a4___RS_LB_4732.JPG,Potato___Late_blight,Potato___Late_blight,0.99999964,True
/clearml_agent_cache/storage_manager/datasets/ds_687ee9f1c8dd4af98240e55e4b18258a/test/Potato___Late_blight/727dd407-7a8b-4edb-9697-726ae947bd63___RS_LB_2646.JPG,Potato___Late_blight,Potato___Late_blight,0.9999987,True
/clearml_agent_cache/storage_manager/datasets/ds_687ee9f1c8dd4af98240e55e4b18258a/test/Potato___Late_blight/73d0be73-8a51-417a-ac46-67a37462efa3___RS_LB_4457.JPG,Potato___Late_blight,Potato___Late_blight,1.0,True
/clearml_agent_cache/storage_manager/datasets/ds_687ee9f1c8dd4af98240e55e4b18258a/test/Potato___Late_blight/7dfb162c-0384-46b3-bbf7-f0929bd00921___RS_LB_5235.JPG,Potato___Late_blight,Potato___Late_blight,1.0,True
/clearml_agent_cache/storage_manager/datasets/ds_687ee9f1c8dd4af98240e55e4b18258a/test/Potato___Late_blight/7eeb65d4-122d-45db-b6b0-820cbb6f2dc5___RS_LB_4539.JPG,Potato___Late_blight,Potato___Late_blight,1.0,True
/clearml_agent_cache/storage_manager/datasets/ds_687ee9f1c8dd4af98240e55e4b18258a/test/Potato___Late_blight/890ffd2b-7365-4a91-b0e1-f414da0a17a4___RS_LB_3216.JPG,Potato___Late_blight,Potato___Late_blight,0.9999999,True
/clearml_agent_cache/storage_manager/datasets/ds_687ee9f1c8dd4af98240e55e4b18258a/test/Potato___Late_blight/8a70b737-9270-49ca-9fd2-e6468592c393___RS_LB_2978.JPG,Potato___Late_blight,Potato___Late_blight,0.9999957,True
/clearml_agent_cache/storage_manager/datasets/ds_687ee9f1c8dd4af98240e55e4b18258a/test/Potato___Late_blight/967a677a-712c-447f-ba27-f59818944af0___RS_LB_4353.JPG,Potato___Late_blight,Potato___Late_blight,0.9999676,True
/clearml_agent_cache/storage_manager/datasets/ds_687ee9f1c8dd4af98240e55e4b18258a/test/Potato___Late_blight/98a806fd-2839-4069-b40b-08522c34ccdc___RS_LB_3032.JPG,Potato___Late_blight,Potato___Late_blight,0.9999999,True
/clearml_agent_cache/storage_manager/datasets/ds_687ee9f1c8dd4af98240e55e4b18258a/test/Potato___Late_blight/a3389c1f-d888-430d-bcf7-a546247ad6d2___RS_LB_3092.JPG,Potato___Late_blight,Potato___Late_blight,1.0,True
/clearml_agent_cache/storage_manager/datasets/ds_687ee9f1c8dd4af98240e55e4b18258a/test/Potato___Late_blight/a440233c-0ef8-408f-8ebb-1c12e8bc4464___RS_LB_4768.JPG,Potato___Late_blight,Potato___Late_blight,1.0,True
/clearml_agent_cache/storage_manager/datasets/ds_687ee9f1c8dd4af98240e55e4b18258a/test/Potato___Late_blight/ac42817b-71f9-4336-ad8b-bdfb4b27a64a___RS_LB_4782.JPG,Potato___Late_blight,Potato___Late_blight,0.9999912,True
/clearml_agent_cache/storage_manager/datasets/ds_687ee9f1c8dd4af98240e55e4b18258a/test/Potato___Late_blight/acd7a42b-15eb-40e4-823c-49eff6b4e95e___RS_LB_4636.JPG,Potato___Late_blight,Potato___Late_blight,0.99994254,True
/clearml_agent_cache/storage_manager/datasets/ds_687ee9f1c8dd4af98240e55e4b18258a/test/Potato___Late_blight/b469e38c-ef99-4ed1-b294-1e65727138fb___RS_LB_4056.JPG,Potato___Late_blight,Potato___Late_blight,0.99999917,True
/clearml_agent_cache/storage_manager/datasets/ds_687ee9f1c8dd4af98240e55e4b18258a/test/Potato___Late_blight/b574ad16-1c07-4f70-bf1d-e2314d2dd81f___RS_LB_2849.JPG,Potato___Late_blight,Potato___Late_blight,0.9999994,True
/clearml_agent_cache/storage_manager/datasets/ds_687ee9f1c8dd4af98240e55e4b18258a/test/Potato___Late_blight/b6b937ed-f629-4136-8d5a-38b734f7f662___RS_LB_4595.JPG,Potato___Late_blight,Potato___Late_blight,0.99976355,True
/clearml_agent_cache/storage_manager/datasets/ds_687ee9f1c8dd4af98240e55e4b18258a/test/Potato___Late_blight/bd586e94-fa36-4aed-be05-7a0028d40118___RS_LB_2650.JPG,Potato___Late_blight,Potato___Late_blight,1.0,True
/clearml_agent_cache/storage_manager/datasets/ds_687ee9f1c8dd4af98240e55e4b18258a/test/Potato___Late_blight/c073bdde-9753-4035-8758-31fdc7cae993___RS_LB_2916.JPG,Potato___Late_blight,Potato___Late_blight,0.9999993,True
/clearml_agent_cache/storage_manager/datasets/ds_687ee9f1c8dd4af98240e55e4b18258a/test/Potato___Late_blight/c268fd1d-0a6d-46f1-bbcd-81b4e79894e6___RS_LB_2808.JPG,Potato___Late_blight,Potato___Late_blight,0.9976388,True
/clearml_agent_cache/storage_manager/datasets/ds_687ee9f1c8dd4af98240e55e4b18258a/test/Potato___Late_blight/c6d1bbe7-c1d8-4760-9bb2-a97eac1ca0a8___RS_LB_3838.JPG,Potato___Late_blight,Potato___Late_blight,0.9999969,True
/clearml_agent_cache/storage_manager/datasets/ds_687ee9f1c8dd4af98240e55e4b18258a/test/Potato___Late_blight/d8ef0e69-3dfc-4d13-8d49-a44fa9cfa62e___RS_LB_4140.JPG,Potato___Late_blight,Potato___Late_blight,1.0,True
/clearml_agent_cache/storage_manager/datasets/ds_687ee9f1c8dd4af98240e55e4b18258a/test/Potato___Late_blight/e25a378e-0aa3-4ac6-b0b1-281a500b9502___RS_LB_4835.JPG,Potato___Late_blight,Potato___Late_blight,1.0,True
/clearml_agent_cache/storage_manager/datasets/ds_687ee9f1c8dd4af98240e55e4b18258a/test/Potato___Late_blight/ec5974a3-4c73-4129-a372-8ddec73eb246___RS_LB_3034.JPG,Potato___Late_blight,Potato___Late_blight,1.0,True
/clearml_agent_cache/storage_manager/datasets/ds_687ee9f1c8dd4af98240e55e4b18258a/test/Potato___Late_blight/f5ad9b49-ea3a-46c0-8a54-d4e0aa76eda4___RS_LB_4379.JPG,Potato___Late_blight,Potato___Late_blight,0.99991643,True
/clearml_agent_cache/storage_manager/datasets/ds_687ee9f1c8dd4af98240e55e4b18258a/test/Potato___Late_blight/fabf3179-8fba-4551-93fe-28e7f6c0efc3___RS_LB_3269.JPG,Potato___Late_blight,Potato___Late_blight,0.99999356,True
/clearml_agent_cache/storage_manager/datasets/ds_687ee9f1c8dd4af98240e55e4b18258a/test/Potato___Late_blight/fe3eb287-4bb0-4a6f-b50e-253370bd19dd___RS_LB_4073.JPG,Potato___Late_blight,Potato___Late_blight,1.0,True
/clearml_agent_cache/storage_manager/datasets/ds_687ee9f1c8dd4af98240e55e4b18258a/test/Potato___Late_blight/fe93615b-4160-4956-a65c-cdbc79af2052___RS_LB_5131.JPG,Potato___Late_blight,Potato___Late_blight,0.9999976,True
/clearml_agent_cache/storage_manager/datasets/ds_687ee9f1c8dd4af98240e55e4b18258a/test/Potato___healthy/22322780-95b4-4b45-b626-26b22965d55e___RS_HL_1880.JPG,Potato___healthy,Potato___healthy,0.9999435,True
/clearml_agent_cache/storage_manager/datasets/ds_687ee9f1c8dd4af98240e55e4b18258a/test/Potato___healthy/30126310-39de-4c02-b10a-23409417a4f6___RS_HL_1826.JPG,Potato___healthy,Potato___healthy,0.9998336,True
/clearml_agent_cache/storage_manager/datasets/ds_687ee9f1c8dd4af98240e55e4b18258a/test/Potato___healthy/3c0d6888-c7e1-4cf8-9c25-9a0b8c62ba72___RS_HL_1780.JPG,Potato___healthy,Potato___healthy,0.9999565,True
/clearml_agent_cache/storage_manager/datasets/ds_687ee9f1c8dd4af98240e55e4b18258a/test/Potato___healthy/5df30492-0b54-474d-8883-bba9474ca88f___RS_HL_1801.JPG,Potato___healthy,Potato___healthy,0.99937636,True
/clearml_agent_cache/storage_manager/datasets/ds_687ee9f1c8dd4af98240e55e4b18258a/test/Potato___healthy/750584fd-72e0-45c8-b37c-97208bd559cc___RS_HL_1885.JPG,Potato___healthy,Potato___healthy,0.99999094,True
/clearml_agent_cache/storage_manager/datasets/ds_687ee9f1c8dd4af98240e55e4b18258a/test/Potato___healthy/8665efd2-fa3d-45f8-b1c0-746c99fb7d1e___RS_HL_1924.JPG,Potato___healthy,Potato___healthy,0.99993014,True
/clearml_agent_cache/storage_manager/datasets/ds_687ee9f1c8dd4af98240e55e4b18258a/test/Raspberry___healthy/06959ec3-a76b-4968-b64b-ad874b958fc7___Mary_HL_6323.JPG,Raspberry___healthy,Raspberry___healthy,0.999997,True
/clearml_agent_cache/storage_manager/datasets/ds_687ee9f1c8dd4af98240e55e4b18258a/test/Raspberry___healthy/102dcdc7-69ca-443d-a5e5-7c861092fa4e___Mary_HL_9259.JPG,Raspberry___healthy,Raspberry___healthy,0.99998546,True
/clearml_agent_cache/storage_manager/datasets/ds_687ee9f1c8dd4af98240e55e4b18258a/test/Raspberry___healthy/22b87710-2baf-40c8-b37c-9b753a542813___Mary_HL_9226.JPG,Raspberry___healthy,Raspberry___healthy,0.99995136,True
/clearml_agent_cache/storage_manager/datasets/ds_687ee9f1c8dd4af98240e55e4b18258a/test/Raspberry___healthy/2d98e51f-8702-4309-944b-e196c2ec5275___Mary_HL_6241.JPG,Raspberry___healthy,Raspberry___healthy,0.9999844,True
/clearml_agent_cache/storage_manager/datasets/ds_687ee9f1c8dd4af98240e55e4b18258a/test/Raspberry___healthy/376a1bda-3613-4275-be2f-2060422e4398___Mary_HL_9211.JPG,Raspberry___healthy,Raspberry___healthy,0.99998987,True
/clearml_agent_cache/storage_manager/datasets/ds_687ee9f1c8dd4af98240e55e4b18258a/test/Raspberry___healthy/85a36b6e-2a95-42de-8caa-4f985cd60e13___Mary_HL_9152.JPG,Raspberry___healthy,Raspberry___healthy,0.99999726,True
/clearml_agent_cache/storage_manager/datasets/ds_687ee9f1c8dd4af98240e55e4b18258a/test/Raspberry___healthy/8c7736ec-6aff-45d8-9ee3-4609496a9f5b___Mary_HL_6245.JPG,Raspberry___healthy,Raspberry___healthy,0.9999974,True
/clearml_agent_cache/storage_manager/datasets/ds_687ee9f1c8dd4af98240e55e4b18258a/test/Raspberry___healthy/a6726f38-9f42-44e2-9fd3-5a1e4c42ae23___Mary_HL_6338.JPG,Raspberry___healthy,Raspberry___healthy,0.9999988,True
/clearml_agent_cache/storage_manager/datasets/ds_687ee9f1c8dd4af98240e55e4b18258a/test/Raspberry___healthy/a88a1dba-2f73-4074-ab3d-a1ff93417591___Mary_HL_9243.JPG,Raspberry___healthy,Raspberry___healthy,0.9999863,True
/clearml_agent_cache/storage_manager/datasets/ds_687ee9f1c8dd4af98240e55e4b18258a/test/Raspberry___healthy/c2c3534d-ecc3-41d6-b431-f46a883b59ba___Mary_HL_6215.JPG,Raspberry___healthy,Raspberry___healthy,0.99999607,True
/clearml_agent_cache/storage_manager/datasets/ds_687ee9f1c8dd4af98240e55e4b18258a/test/Raspberry___healthy/caf6bba3-00fb-4313-9f52-050accdbfbfc___Mary_HL_9331.JPG,Raspberry___healthy,Raspberry___healthy,0.9999988,True
/clearml_agent_cache/storage_manager/datasets/ds_687ee9f1c8dd4af98240e55e4b18258a/test/Raspberry___healthy/d1387960-14d6-4654-ad5c-b92afa86ff6a___Mary_HL_9262.JPG,Raspberry___healthy,Raspberry___healthy,0.99999535,True
/clearml_agent_cache/storage_manager/datasets/ds_687ee9f1c8dd4af98240e55e4b18258a/test/Raspberry___healthy/da79a019-69b8-4174-8246-abf7409941ce___Mary_HL_9233.JPG,Raspberry___healthy,Raspberry___healthy,0.9999064,True
/clearml_agent_cache/storage_manager/datasets/ds_687ee9f1c8dd4af98240e55e4b18258a/test/Raspberry___healthy/dc625fd1-1e66-4b78-882a-9be38921e30f___Mary_HL_9333.JPG,Raspberry___healthy,Raspberry___healthy,0.99999857,True
/clearml_agent_cache/storage_manager/datasets/ds_687ee9f1c8dd4af98240e55e4b18258a/test/Raspberry___healthy/e3e3cd97-a57b-417b-b57d-e3934e2840e3___Mary_HL_6327.JPG,Raspberry___healthy,Raspberry___healthy,0.99999905,True
/clearml_agent_cache/storage_manager/datasets/ds_687ee9f1c8dd4af98240e55e4b18258a/test/Soybean___healthy/01de9b5d-b974-4ccb-a5f3-11bd56c46832___RS_HL_5683_1.JPG,Soybean___healthy,Soybean___healthy,1.0,True
/clearml_agent_cache/storage_manager/datasets/ds_687ee9f1c8dd4af98240e55e4b18258a/test/Soybean___healthy/0215b52a-ea0c-430e-81ec-92bb8ef0820e___RS_HL_5582.JPG,Soybean___healthy,Soybean___healthy,1.0,True
/clearml_agent_cache/storage_manager/datasets/ds_687ee9f1c8dd4af98240e55e4b18258a/test/Soybean___healthy/05a7b55f-d9de-456f-947b-4d9e6aa22960___RS_HL_2780.JPG,Soybean___healthy,Soybean___healthy,0.99999774,True
/clearml_agent_cache/storage_manager/datasets/ds_687ee9f1c8dd4af98240e55e4b18258a/test/Soybean___healthy/07c4b40a-2baa-4ff2-9420-1ca23cfcfa04___RS_HL_3493.JPG,Soybean___healthy,Soybean___healthy,0.99999774,True
/clearml_agent_cache/storage_manager/datasets/ds_687ee9f1c8dd4af98240e55e4b18258a/test/Soybean___healthy/08ca8d35-151f-4649-96b6-760121fb1d29___RS_HL_6813.JPG,Soybean___healthy,Soybean___healthy,1.0,True
/clearml_agent_cache/storage_manager/datasets/ds_687ee9f1c8dd4af98240e55e4b18258a/test/Soybean___healthy/09644faa-41cd-4d2a-b4b9-e5495c873086___RS_HL_6211.JPG,Soybean___healthy,Soybean___healthy,0.99999976,True
/clearml_agent_cache/storage_manager/datasets/ds_687ee9f1c8dd4af98240e55e4b18258a/test/Soybean___healthy/0a4cd545-403e-4ac2-b202-1fd78c5e835d___RS_HL_5425.JPG,Soybean___healthy,Soybean___healthy,1.0,True
/clearml_agent_cache/storage_manager/datasets/ds_687ee9f1c8dd4af98240e55e4b18258a/test/Soybean___healthy/0c791c94-61f1-4953-82d7-0de99483a98b___RS_HL_3856.JPG,Soybean___healthy,Soybean___healthy,0.9999999,True
/clearml_agent_cache/storage_manager/datasets/ds_687ee9f1c8dd4af98240e55e4b18258a/test/Soybean___healthy/0d147aeb-8b00-4ca5-987c-891863f7dbc0___RS_HL_3052.JPG,Soybean___healthy,Soybean___healthy,0.99999976,True
/clearml_agent_cache/storage_manager/datasets/ds_687ee9f1c8dd4af98240e55e4b18258a/test/Soybean___healthy/0ef4f1e9-dfd4-42d3-b9f1-0a06fff173bb___RS_HL_5747_1.JPG,Soybean___healthy,Soybean___healthy,0.99999976,True
/clearml_agent_cache/storage_manager/datasets/ds_687ee9f1c8dd4af98240e55e4b18258a/test/Soybean___healthy/12a2ab1f-a6f1-475a-8cd6-59b03fdede6f___RS_HL_4315.JPG,Soybean___healthy,Soybean___healthy,0.9999982,True
/clearml_agent_cache/storage_manager/datasets/ds_687ee9f1c8dd4af98240e55e4b18258a/test/Soybean___healthy/13a07ca6-d91d-4d34-9a2a-ed96cac0686e___RS_HL_3051.JPG,Soybean___healthy,Soybean___healthy,1.0,True
/clearml_agent_cache/storage_manager/datasets/ds_687ee9f1c8dd4af98240e55e4b18258a/test/Soybean___healthy/13e4e076-e32b-418d-996a-f7f26bd28143___RS_HL_5146.JPG,Soybean___healthy,Soybean___healthy,0.99999166,True
/clearml_agent_cache/storage_manager/datasets/ds_687ee9f1c8dd4af98240e55e4b18258a/test/Soybean___healthy/152ca80d-1249-48ea-b5c2-38bf213e97fd___RS_HL_4387.JPG,Soybean___healthy,Soybean___healthy,0.9999994,True
/clearml_agent_cache/storage_manager/datasets/ds_687ee9f1c8dd4af98240e55e4b18258a/test/Soybean___healthy/156c3421-d7c5-4c61-9892-ae7dd8fb170a___RS_HL_6592.JPG,Soybean___healthy,Soybean___healthy,0.99999833,True
/clearml_agent_cache/storage_manager/datasets/ds_687ee9f1c8dd4af98240e55e4b18258a/test/Soybean___healthy/17e3e138-12b0-455e-9119-7e6b47b9fb06___RS_HL_4790.JPG,Soybean___healthy,Soybean___healthy,0.99999964,True
/clearml_agent_cache/storage_manager/datasets/ds_687ee9f1c8dd4af98240e55e4b18258a/test/Soybean___healthy/17f6f0b5-e276-4fbb-9aac-f95459c06545___RS_HL_4667.JPG,Soybean___healthy,Soybean___healthy,0.9999995,True
/clearml_agent_cache/storage_manager/datasets/ds_687ee9f1c8dd4af98240e55e4b18258a/test/Soybean___healthy/19fab8e4-8dca-4000-a307-46d59aaa33b3___RS_HL_3164.JPG,Soybean___healthy,Soybean___healthy,0.9999994,True
/clearml_agent_cache/storage_manager/datasets/ds_687ee9f1c8dd4af98240e55e4b18258a/test/Soybean___healthy/1a8ac70a-9677-40cb-a59c-cebfa116bb9a___RS_HL_6725.JPG,Soybean___healthy,Soybean___healthy,1.0,True
/clearml_agent_cache/storage_manager/datasets/ds_687ee9f1c8dd4af98240e55e4b18258a/test/Soybean___healthy/1b3ea0a3-d9ea-4cdf-8f32-1b7f9d28ad4d___RS_HL_2977.JPG,Soybean___healthy,Soybean___healthy,0.99999964,True
/clearml_agent_cache/storage_manager/datasets/ds_687ee9f1c8dd4af98240e55e4b18258a/test/Soybean___healthy/1cb5f659-1e00-4a2d-a7cb-eeacfe1a59f3___RS_HL_5548.JPG,Soybean___healthy,Soybean___healthy,0.99999964,True
/clearml_agent_cache/storage_manager/datasets/ds_687ee9f1c8dd4af98240e55e4b18258a/test/Soybean___healthy/23d40058-16df-47b4-a3dc-8cc9faaa8da9___RS_HL_6994.JPG,Soybean___healthy,Soybean___healthy,0.999998,True
/clearml_agent_cache/storage_manager/datasets/ds_687ee9f1c8dd4af98240e55e4b18258a/test/Soybean___healthy/23ed011c-27ac-4515-a724-eba2ea0ccff3___RS_HL_4002.JPG,Soybean___healthy,Soybean___healthy,0.99999917,True
/clearml_agent_cache/storage_manager/datasets/ds_687ee9f1c8dd4af98240e55e4b18258a/test/Soybean___healthy/25581c19-c5a1-4b88-b94f-54bdebafc331___RS_HL_5645_1.JPG,Soybean___healthy,Soybean___healthy,1.0,True
/clearml_agent_cache/storage_manager/datasets/ds_687ee9f1c8dd4af98240e55e4b18258a/test/Soybean___healthy/274ae324-2920-4260-b79f-a0a75a190576___RS_HL_7513.JPG,Soybean___healthy,Soybean___healthy,0.99997747,True
/clearml_agent_cache/storage_manager/datasets/ds_687ee9f1c8dd4af98240e55e4b18258a/test/Soybean___healthy/2773d8ad-5fa3-4b41-91e9-5d47174184be___RS_HL_7061.JPG,Soybean___healthy,Soybean___healthy,0.99999976,True
/clearml_agent_cache/storage_manager/datasets/ds_687ee9f1c8dd4af98240e55e4b18258a/test/Soybean___healthy/27d36c93-b7f0-46e0-b4c1-7a5db0ac39a6___RS_HL_6979.JPG,Soybean___healthy,Soybean___healthy,1.0,True
/clearml_agent_cache/storage_manager/datasets/ds_687ee9f1c8dd4af98240e55e4b18258a/test/Soybean___healthy/2944d827-dd6d-441f-b282-7503d488c8dd___RS_HL_6896.JPG,Soybean___healthy,Soybean___healthy,1.0,True
/clearml_agent_cache/storage_manager/datasets/ds_687ee9f1c8dd4af98240e55e4b18258a/test/Soybean___healthy/2a095532-18ac-4395-a9f4-b93bd9234793___RS_HL_7386.JPG,Soybean___healthy,Soybean___healthy,0.99995744,True
/clearml_agent_cache/storage_manager/datasets/ds_687ee9f1c8dd4af98240e55e4b18258a/test/Soybean___healthy/2c3f9930-b75d-4395-9a72-e0b2309a74c5___RS_HL_6574.JPG,Soybean___healthy,Soybean___healthy,1.0,True
/clearml_agent_cache/storage_manager/datasets/ds_687ee9f1c8dd4af98240e55e4b18258a/test/Soybean___healthy/2d5d9cee-d3a3-46b2-bab2-6f6953edf0b2___RS_HL_4481.JPG,Soybean___healthy,Soybean___healthy,0.99999976,True
/clearml_agent_cache/storage_manager/datasets/ds_687ee9f1c8dd4af98240e55e4b18258a/test/Soybean___healthy/2e8f8e69-df4a-4263-a0e5-70b8cc3abcba___RS_HL_6196.JPG,Soybean___healthy,Soybean___healthy,0.9999999,True
/clearml_agent_cache/storage_manager/datasets/ds_687ee9f1c8dd4af98240e55e4b18258a/test/Soybean___healthy/2ed78dfb-f07b-4c8d-8719-ec49f398f0c0___RS_HL_4383.JPG,Soybean___healthy,Soybean___healthy,1.0,True
/clearml_agent_cache/storage_manager/datasets/ds_687ee9f1c8dd4af98240e55e4b18258a/test/Soybean___healthy/2fc61ead-735b-4925-911f-efc43309e5d4___RS_HL_4704.JPG,Soybean___healthy,Soybean___healthy,1.0,True
/clearml_agent_cache/storage_manager/datasets/ds_687ee9f1c8dd4af98240e55e4b18258a/test/Soybean___healthy/3256eb2c-061d-48b8-b7df-5939eff8a590___RS_HL_3926.JPG,Soybean___healthy,Soybean___healthy,0.9999976,True
/clearml_agent_cache/storage_manager/datasets/ds_687ee9f1c8dd4af98240e55e4b18258a/test/Soybean___healthy/35188f0b-5f52-47c7-87df-1e9c4bf03112___RS_HL_6497.JPG,Soybean___healthy,Soybean___healthy,0.9999999,True
/clearml_agent_cache/storage_manager/datasets/ds_687ee9f1c8dd4af98240e55e4b18258a/test/Soybean___healthy/35af62cf-de20-465e-90dd-db443846801b___RS_HL_6613.JPG,Soybean___healthy,Soybean___healthy,1.0,True
/clearml_agent_cache/storage_manager/datasets/ds_687ee9f1c8dd4af98240e55e4b18258a/test/Soybean___healthy/3ab57e5d-c6eb-4142-b1af-d0c80bdcbbb0___RS_HL_7500.JPG,Soybean___healthy,Soybean___healthy,0.99995184,True
/clearml_agent_cache/storage_manager/datasets/ds_687ee9f1c8dd4af98240e55e4b18258a/test/Soybean___healthy/3ce813a2-6087-451d-8b8e-e7826799ba6b___RS_HL_5939.JPG,Soybean___healthy,Soybean___healthy,1.0,True
/clearml_agent_cache/storage_manager/datasets/ds_687ee9f1c8dd4af98240e55e4b18258a/test/Soybean___healthy/3d855eac-e544-429f-82e9-beea5b13bf63___RS_HL_2730.JPG,Soybean___healthy,Soybean___healthy,0.9999825,True
/clearml_agent_cache/storage_manager/datasets/ds_687ee9f1c8dd4af98240e55e4b18258a/test/Soybean___healthy/3e531c81-99e2-4e43-8e2e-f747b7e28e19___RS_HL_3954.JPG,Soybean___healthy,Soybean___healthy,1.0,True
/clearml_agent_cache/storage_manager/datasets/ds_687ee9f1c8dd4af98240e55e4b18258a/test/Soybean___healthy/3eea17a3-3535-45a3-bb54-96ce27e9558b___RS_HL_4272.JPG,Soybean___healthy,Soybean___healthy,1.0,True
/clearml_agent_cache/storage_manager/datasets/ds_687ee9f1c8dd4af98240e55e4b18258a/test/Soybean___healthy/3fbed7bc-45b6-4b7c-8362-2b6c6de6724b___RS_HL_5558.JPG,Soybean___healthy,Soybean___healthy,0.9999999,True
/clearml_agent_cache/storage_manager/datasets/ds_687ee9f1c8dd4af98240e55e4b18258a/test/Soybean___healthy/40af0073-1485-451d-9fcc-4a2129dd56eb___RS_HL_6278.JPG,Soybean___healthy,Soybean___healthy,1.0,True
/clearml_agent_cache/storage_manager/datasets/ds_687ee9f1c8dd4af98240e55e4b18258a/test/Soybean___healthy/41849ab5-a005-4f73-9f7c-9aac708e97a0___RS_HL_2855.JPG,Soybean___healthy,Soybean___healthy,0.99999976,True
/clearml_agent_cache/storage_manager/datasets/ds_687ee9f1c8dd4af98240e55e4b18258a/test/Soybean___healthy/431006f8-c905-4fbd-8589-79c1cd16fdf7___RS_HL_7307.JPG,Soybean___healthy,Soybean___healthy,0.99999833,True
/clearml_agent_cache/storage_manager/datasets/ds_687ee9f1c8dd4af98240e55e4b18258a/test/Soybean___healthy/43315ad0-b929-4b65-b714-847d6f68c441___RS_HL_5968.JPG,Soybean___healthy,Soybean___healthy,0.9999999,True
/clearml_agent_cache/storage_manager/datasets/ds_687ee9f1c8dd4af98240e55e4b18258a/test/Soybean___healthy/442d762d-701e-40c8-a51d-7e8604e462f7___RS_HL_4781.JPG,Soybean___healthy,Soybean___healthy,0.99999785,True
/clearml_agent_cache/storage_manager/datasets/ds_687ee9f1c8dd4af98240e55e4b18258a/test/Soybean___healthy/44c659f1-d848-45fa-b684-fd19fb8a9ed3___RS_HL_3102.JPG,Soybean___healthy,Soybean___healthy,0.99999964,True
/clearml_agent_cache/storage_manager/datasets/ds_687ee9f1c8dd4af98240e55e4b18258a/test/Soybean___healthy/472208bf-7a61-4061-b7cb-987bfbde6f3f___RS_HL_3693.JPG,Soybean___healthy,Soybean___healthy,1.0,True
/clearml_agent_cache/storage_manager/datasets/ds_687ee9f1c8dd4af98240e55e4b18258a/test/Soybean___healthy/48f4cea3-72ce-41d5-8a3b-033e120a7123___RS_HL_4932.JPG,Soybean___healthy,Soybean___healthy,1.0,True
/clearml_agent_cache/storage_manager/datasets/ds_687ee9f1c8dd4af98240e55e4b18258a/test/Soybean___healthy/498b2de2-fafa-410a-9873-6e04daa7a51f___RS_HL_6877.JPG,Soybean___healthy,Soybean___healthy,1.0,True
/clearml_agent_cache/storage_manager/datasets/ds_687ee9f1c8dd4af98240e55e4b18258a/test/Soybean___healthy/4c5f26d7-81fc-4860-b443-f3dee23374ca___RS_HL_3358.JPG,Soybean___healthy,Soybean___healthy,0.9999896,True
/clearml_agent_cache/storage_manager/datasets/ds_687ee9f1c8dd4af98240e55e4b18258a/test/Soybean___healthy/4ce87a7a-1a0b-45e4-84dd-3c6d372aef36___RS_HL_7507.JPG,Soybean___healthy,Soybean___healthy,0.99999976,True
/clearml_agent_cache/storage_manager/datasets/ds_687ee9f1c8dd4af98240e55e4b18258a/test/Soybean___healthy/4d078d92-356b-4fa1-9a85-16c0a2020d74___RS_HL_2826.JPG,Soybean___healthy,Soybean___healthy,0.99999976,True
/clearml_agent_cache/storage_manager/datasets/ds_687ee9f1c8dd4af98240e55e4b18258a/test/Soybean___healthy/4e25f48b-18a3-4379-8e17-db427dc3a0d4___RS_HL_5653_1.JPG,Soybean___healthy,Soybean___healthy,1.0,True
/clearml_agent_cache/storage_manager/datasets/ds_687ee9f1c8dd4af98240e55e4b18258a/test/Soybean___healthy/4e6af623-d5bf-4127-a36f-748ac50aab68___RS_HL_5290.JPG,Soybean___healthy,Soybean___healthy,0.99999976,True
/clearml_agent_cache/storage_manager/datasets/ds_687ee9f1c8dd4af98240e55e4b18258a/test/Soybean___healthy/4e7b7c07-43a1-4453-ac4c-259c0bd3fec6___RS_HL_5618_1.JPG,Soybean___healthy,Soybean___healthy,1.0,True
/clearml_agent_cache/storage_manager/datasets/ds_687ee9f1c8dd4af98240e55e4b18258a/test/Soybean___healthy/4e83d195-a91f-439f-982c-e5a60f2919d3___RS_HL_3398.JPG,Soybean___healthy,Soybean___healthy,1.0,True
/clearml_agent_cache/storage_manager/datasets/ds_687ee9f1c8dd4af98240e55e4b18258a/test/Soybean___healthy/4f1d74cc-b1d0-4a01-bd50-b5bb147a8e43___RS_HL_3403.JPG,Soybean___healthy,Soybean___healthy,0.99999964,True
/clearml_agent_cache/storage_manager/datasets/ds_687ee9f1c8dd4af98240e55e4b18258a/test/Soybean___healthy/4f20683a-f78a-4f54-977c-66f25aa86850___RS_HL_2951.JPG,Soybean___healthy,Soybean___healthy,1.0,True
/clearml_agent_cache/storage_manager/datasets/ds_687ee9f1c8dd4af98240e55e4b18258a/test/Soybean___healthy/4ffd4a79-9618-4b8d-8892-628cb71243ca___RS_HL_6043.JPG,Soybean___healthy,Soybean___healthy,1.0,True
/clearml_agent_cache/storage_manager/datasets/ds_687ee9f1c8dd4af98240e55e4b18258a/test/Soybean___healthy/5129eb10-e2eb-41c0-87a3-74806760f8ca___RS_HL_6074.JPG,Soybean___healthy,Soybean___healthy,1.0,True
/clearml_agent_cache/storage_manager/datasets/ds_687ee9f1c8dd4af98240e55e4b18258a/test/Soybean___healthy/531b8e54-f004-4409-8aa6-e299bd231828___RS_HL_6028.JPG,Soybean___healthy,Soybean___healthy,1.0,True
/clearml_agent_cache/storage_manager/datasets/ds_687ee9f1c8dd4af98240e55e4b18258a/test/Soybean___healthy/54eb5343-5507-4339-be5f-05dd24e7d5fc___RS_HL_7192.JPG,Soybean___healthy,Soybean___healthy,1.0,True
/clearml_agent_cache/storage_manager/datasets/ds_687ee9f1c8dd4af98240e55e4b18258a/test/Soybean___healthy/55ab5b04-e7b7-424c-a6e0-1b633a009e00___RS_HL_6654.JPG,Soybean___healthy,Soybean___healthy,0.99999976,True
/clearml_agent_cache/storage_manager/datasets/ds_687ee9f1c8dd4af98240e55e4b18258a/test/Soybean___healthy/5607d865-2e2a-46d5-a73f-e79b5aee0d35___RS_HL_7219.JPG,Soybean___healthy,Soybean___healthy,0.99838734,True
/clearml_agent_cache/storage_manager/datasets/ds_687ee9f1c8dd4af98240e55e4b18258a/test/Soybean___healthy/589d0c8e-0c64-4bcc-a21f-83fdf9206d37___RS_HL_2904.JPG,Soybean___healthy,Soybean___healthy,1.0,True
/clearml_agent_cache/storage_manager/datasets/ds_687ee9f1c8dd4af98240e55e4b18258a/test/Soybean___healthy/5a579b70-9e12-499a-a392-60554f8b5976___RS_HL_4149.JPG,Soybean___healthy,Soybean___healthy,0.99999964,True
/clearml_agent_cache/storage_manager/datasets/ds_687ee9f1c8dd4af98240e55e4b18258a/test/Soybean___healthy/5c49688c-c88f-4436-b696-346508dc82e3___RS_HL_6935.JPG,Soybean___healthy,Soybean___healthy,1.0,True
/clearml_agent_cache/storage_manager/datasets/ds_687ee9f1c8dd4af98240e55e4b18258a/test/Soybean___healthy/5d91670d-1d98-4bc0-953f-0cc93332b1e2___RS_HL_5987.JPG,Soybean___healthy,Soybean___healthy,0.9999999,True
/clearml_agent_cache/storage_manager/datasets/ds_687ee9f1c8dd4af98240e55e4b18258a/test/Soybean___healthy/5da223fe-7da5-436c-9526-e0ff905013a9___RS_HL_6552.JPG,Soybean___healthy,Soybean___healthy,0.9999976,True
/clearml_agent_cache/storage_manager/datasets/ds_687ee9f1c8dd4af98240e55e4b18258a/test/Soybean___healthy/5f323e6e-dfd1-4800-9e50-3a19e761ab6b___RS_HL_4251.JPG,Soybean___healthy,Soybean___healthy,0.9999995,True
/clearml_agent_cache/storage_manager/datasets/ds_687ee9f1c8dd4af98240e55e4b18258a/test/Soybean___healthy/5f9ba204-5d59-496d-9f76-3c0615eec26e___RS_HL_2824.JPG,Soybean___healthy,Soybean___healthy,0.9999994,True
/clearml_agent_cache/storage_manager/datasets/ds_687ee9f1c8dd4af98240e55e4b18258a/test/Soybean___healthy/628a64ef-9e17-4d92-85b0-ed106c748b65___RS_HL_7016.JPG,Soybean___healthy,Soybean___healthy,0.99999976,True
/clearml_agent_cache/storage_manager/datasets/ds_687ee9f1c8dd4af98240e55e4b18258a/test/Soybean___healthy/63d695e5-923a-4dec-85b9-fbc83e881338___RS_HL_3306.JPG,Soybean___healthy,Soybean___healthy,0.99999976,True
/clearml_agent_cache/storage_manager/datasets/ds_687ee9f1c8dd4af98240e55e4b18258a/test/Soybean___healthy/63f82c2c-5edb-438d-a51f-6ac35033ca0a___RS_HL_4294.JPG,Soybean___healthy,Soybean___healthy,0.9999068,True
/clearml_agent_cache/storage_manager/datasets/ds_687ee9f1c8dd4af98240e55e4b18258a/test/Soybean___healthy/6462530f-de39-4f56-82fe-520d6a53a745___RS_HL_4891.JPG,Soybean___healthy,Soybean___healthy,0.9999987,True
/clearml_agent_cache/storage_manager/datasets/ds_687ee9f1c8dd4af98240e55e4b18258a/test/Soybean___healthy/64dafadf-8384-4564-bf2d-f495304b4c70___RS_HL_3886.JPG,Soybean___healthy,Soybean___healthy,0.9999999,True
/clearml_agent_cache/storage_manager/datasets/ds_687ee9f1c8dd4af98240e55e4b18258a/test/Soybean___healthy/68556739-c9f7-4760-89d1-959dd2a2c173___RS_HL_6622.JPG,Soybean___healthy,Soybean___healthy,0.9999999,True
/clearml_agent_cache/storage_manager/datasets/ds_687ee9f1c8dd4af98240e55e4b18258a/test/Soybean___healthy/68b08532-4e65-47d1-945f-61df90ae26c3___RS_HL_5161.JPG,Soybean___healthy,Soybean___healthy,0.9999982,True
/clearml_agent_cache/storage_manager/datasets/ds_687ee9f1c8dd4af98240e55e4b18258a/test/Soybean___healthy/6bfee50b-c4f4-4c8c-959a-075f4fbc9736___RS_HL_4974.JPG,Soybean___healthy,Soybean___healthy,1.0,True
/clearml_agent_cache/storage_manager/datasets/ds_687ee9f1c8dd4af98240e55e4b18258a/test/Soybean___healthy/6cc0651d-6f77-41f3-a562-9e1559d5dccb___RS_HL_4786.JPG,Soybean___healthy,Soybean___healthy,0.9999989,True
/clearml_agent_cache/storage_manager/datasets/ds_687ee9f1c8dd4af98240e55e4b18258a/test/Soybean___healthy/6df026d9-50b7-4083-b4ac-efbd478f4ac4___RS_HL_3315.JPG,Soybean___healthy,Soybean___healthy,0.9999993,True
/clearml_agent_cache/storage_manager/datasets/ds_687ee9f1c8dd4af98240e55e4b18258a/test/Soybean___healthy/6fda8e98-135b-4ba6-ac2b-9dc4e1acd1dc___RS_HL_3951.JPG,Soybean___healthy,Soybean___healthy,1.0,True
/clearml_agent_cache/storage_manager/datasets/ds_687ee9f1c8dd4af98240e55e4b18258a/test/Soybean___healthy/71185204-eff0-4bc3-914a-bb253845805a___RS_HL_5473.JPG,Soybean___healthy,Soybean___healthy,0.9999999,True
/clearml_agent_cache/storage_manager/datasets/ds_687ee9f1c8dd4af98240e55e4b18258a/test/Soybean___healthy/71f9ea00-e509-4980-bba5-33f1b83575f9___RS_HL_4969.JPG,Soybean___healthy,Soybean___healthy,1.0,True
/clearml_agent_cache/storage_manager/datasets/ds_687ee9f1c8dd4af98240e55e4b18258a/test/Soybean___healthy/737c7928-a760-497a-ba8a-6fe36e646811___RS_HL_6049.JPG,Soybean___healthy,Soybean___healthy,1.0,True
/clearml_agent_cache/storage_manager/datasets/ds_687ee9f1c8dd4af98240e55e4b18258a/test/Soybean___healthy/73d32567-0311-4556-b0ee-298e81b893f5___RS_HL_5202.JPG,Soybean___healthy,Soybean___healthy,1.0,True
/clearml_agent_cache/storage_manager/datasets/ds_687ee9f1c8dd4af98240e55e4b18258a/test/Soybean___healthy/74442e9a-f800-4876-9568-a797afb87174___RS_HL_7387.JPG,Soybean___healthy,Soybean___healthy,0.9986951,True
/clearml_agent_cache/storage_manager/datasets/ds_687ee9f1c8dd4af98240e55e4b18258a/test/Soybean___healthy/76c56d3e-4186-4143-9eb0-6266ce59d9de___RS_HL_3702.JPG,Soybean___healthy,Soybean___healthy,0.9999994,True
/clearml_agent_cache/storage_manager/datasets/ds_687ee9f1c8dd4af98240e55e4b18258a/test/Soybean___healthy/7760e915-a52e-41a7-8e7c-23bd1935ef16___RS_HL_6649.JPG,Soybean___healthy,Soybean___healthy,1.0,True
/clearml_agent_cache/storage_manager/datasets/ds_687ee9f1c8dd4af98240e55e4b18258a/test/Soybean___healthy/77c8a3bb-6b84-4f91-88b2-a6d43deb028e___RS_HL_7137.JPG,Soybean___healthy,Soybean___healthy,0.99999833,True
/clearml_agent_cache/storage_manager/datasets/ds_687ee9f1c8dd4af98240e55e4b18258a/test/Soybean___healthy/789b51b7-b797-4e43-b8b1-30876a96f435___RS_HL_6341.JPG,Soybean___healthy,Soybean___healthy,0.99999964,True
/clearml_agent_cache/storage_manager/datasets/ds_687ee9f1c8dd4af98240e55e4b18258a/test/Soybean___healthy/79e09098-5a59-490b-8de9-ab1d328afb1b___RS_HL_7093.JPG,Soybean___healthy,Soybean___healthy,1.0,True
/clearml_agent_cache/storage_manager/datasets/ds_687ee9f1c8dd4af98240e55e4b18258a/test/Soybean___healthy/7ccfc287-ca6b-4ef4-96db-9b18088bfe18___RS_HL_6327.JPG,Soybean___healthy,Soybean___healthy,0.99999833,True
/clearml_agent_cache/storage_manager/datasets/ds_687ee9f1c8dd4af98240e55e4b18258a/test/Soybean___healthy/7e39beb3-81d1-4c3d-bae1-a4945bd1fcea___RS_HL_6766.JPG,Soybean___healthy,Soybean___healthy,1.0,True
/clearml_agent_cache/storage_manager/datasets/ds_687ee9f1c8dd4af98240e55e4b18258a/test/Soybean___healthy/80a88435-6258-4bf0-860d-1664acfe6b63___RS_HL_2896.JPG,Soybean___healthy,Soybean___healthy,0.9999982,True
/clearml_agent_cache/storage_manager/datasets/ds_687ee9f1c8dd4af98240e55e4b18258a/test/Soybean___healthy/80df8644-c587-46b5-804e-1351ba279383___RS_HL_6851.JPG,Soybean___healthy,Soybean___healthy,1.0,True
/clearml_agent_cache/storage_manager/datasets/ds_687ee9f1c8dd4af98240e55e4b18258a/test/Soybean___healthy/82413c3b-1c29-44dc-9628-2dbd6c203aa2___RS_HL_3747.JPG,Soybean___healthy,Soybean___healthy,0.99999833,True
/clearml_agent_cache/storage_manager/datasets/ds_687ee9f1c8dd4af98240e55e4b18258a/test/Soybean___healthy/89ce5b2e-8eb3-4888-adc5-489b00070e24___RS_HL_4923.JPG,Soybean___healthy,Soybean___healthy,0.99999976,True
/clearml_agent_cache/storage_manager/datasets/ds_687ee9f1c8dd4af98240e55e4b18258a/test/Soybean___healthy/89d6848c-4bd8-425a-9988-2b076f596093___RS_HL_3835.JPG,Soybean___healthy,Soybean___healthy,0.9999999,True
/clearml_agent_cache/storage_manager/datasets/ds_687ee9f1c8dd4af98240e55e4b18258a/test/Soybean___healthy/8a5ceb69-82f8-47c4-8b95-98904aefb27a___RS_HL_2700.JPG,Soybean___healthy,Soybean___healthy,0.999969,True
/clearml_agent_cache/storage_manager/datasets/ds_687ee9f1c8dd4af98240e55e4b18258a/test/Soybean___healthy/8b9e80cf-5edb-4feb-9757-cf355b4f777f___RS_HL_2837.JPG,Soybean___healthy,Soybean___healthy,0.99999976,True
/clearml_agent_cache/storage_manager/datasets/ds_687ee9f1c8dd4af98240e55e4b18258a/test/Soybean___healthy/8bcdda51-7288-4e0f-a207-ea6587d2ca16___RS_HL_4746.JPG,Soybean___healthy,Soybean___healthy,1.0,True
/clearml_agent_cache/storage_manager/datasets/ds_687ee9f1c8dd4af98240e55e4b18258a/test/Soybean___healthy/8cfaa9bc-2f13-4287-88c2-b634aca4f877___RS_HL_3188.JPG,Soybean___healthy,Soybean___healthy,0.9999995,True
/clearml_agent_cache/storage_manager/datasets/ds_687ee9f1c8dd4af98240e55e4b18258a/test/Soybean___healthy/91cb1da4-33b4-4db5-b2d5-708f371963af___RS_HL_5994.JPG,Soybean___healthy,Soybean___healthy,1.0,True
/clearml_agent_cache/storage_manager/datasets/ds_687ee9f1c8dd4af98240e55e4b18258a/test/Soybean___healthy/93f4e3a3-31df-475a-8bd5-b6bcf06e97f9___RS_HL_6056.JPG,Soybean___healthy,Soybean___healthy,0.9999999,True
/clearml_agent_cache/storage_manager/datasets/ds_687ee9f1c8dd4af98240e55e4b18258a/test/Soybean___healthy/9517b201-9852-4456-a2af-ad45944d45cf___RS_HL_3777.JPG,Soybean___healthy,Soybean___healthy,0.99999905,True
/clearml_agent_cache/storage_manager/datasets/ds_687ee9f1c8dd4af98240e55e4b18258a/test/Soybean___healthy/96461eed-c7d7-4d34-843f-f5e1d5fc6ccb___RS_HL_6981.JPG,Soybean___healthy,Soybean___healthy,0.9999999,True
/clearml_agent_cache/storage_manager/datasets/ds_687ee9f1c8dd4af98240e55e4b18258a/test/Soybean___healthy/973719cd-640f-4fea-986a-503a5efb4595___RS_HL_3955.JPG,Soybean___healthy,Soybean___healthy,0.99999964,True
/clearml_agent_cache/storage_manager/datasets/ds_687ee9f1c8dd4af98240e55e4b18258a/test/Soybean___healthy/97f8b05e-2c01-4f17-9c77-272c57f3e41f___RS_HL_7223.JPG,Soybean___healthy,Soybean___healthy,0.9999976,True
/clearml_agent_cache/storage_manager/datasets/ds_687ee9f1c8dd4af98240e55e4b18258a/test/Soybean___healthy/9c8de7b9-7618-4274-8f0f-3efd16984267___RS_HL_6803.JPG,Soybean___healthy,Soybean___healthy,1.0,True
/clearml_agent_cache/storage_manager/datasets/ds_687ee9f1c8dd4af98240e55e4b18258a/test/Soybean___healthy/9ca9c1ce-2892-43f8-a619-c540dba5f0e3___RS_HL_6429.JPG,Soybean___healthy,Soybean___healthy,0.99999905,True
/clearml_agent_cache/storage_manager/datasets/ds_687ee9f1c8dd4af98240e55e4b18258a/test/Soybean___healthy/9d65e7a3-8c77-46f9-a0bf-086f5671614c___RS_HL_3289.JPG,Soybean___healthy,Soybean___healthy,0.9999993,True
/clearml_agent_cache/storage_manager/datasets/ds_687ee9f1c8dd4af98240e55e4b18258a/test/Soybean___healthy/9fc65f2f-0e21-47ef-8c31-a0aaefdcece8___RS_HL_3829.JPG,Soybean___healthy,Soybean___healthy,1.0,True
/clearml_agent_cache/storage_manager/datasets/ds_687ee9f1c8dd4af98240e55e4b18258a/test/Soybean___healthy/a08e9be4-11d6-42e3-8a8e-85e856e9b7be___RS_HL_4348.JPG,Soybean___healthy,Soybean___healthy,1.0,True
/clearml_agent_cache/storage_manager/datasets/ds_687ee9f1c8dd4af98240e55e4b18258a/test/Soybean___healthy/a0b2b390-b583-4dcf-9c0c-15a84cb06e58___RS_HL_3415.JPG,Soybean___healthy,Soybean___healthy,0.99999964,True
/clearml_agent_cache/storage_manager/datasets/ds_687ee9f1c8dd4af98240e55e4b18258a/test/Soybean___healthy/a16bd409-975f-4c72-96df-d008778c5311___RS_HL_6104.JPG,Soybean___healthy,Soybean___healthy,0.9999999,True
/clearml_agent_cache/storage_manager/datasets/ds_687ee9f1c8dd4af98240e55e4b18258a/test/Soybean___healthy/a26c9820-4d40-4c3b-8a11-9c7827e5e58e___RS_HL_5736.JPG,Soybean___healthy,Soybean___healthy,0.9999999,True
/clearml_agent_cache/storage_manager/datasets/ds_687ee9f1c8dd4af98240e55e4b18258a/test/Soybean___healthy/a2776500-8eff-45ba-b6ae-db5f9a3be88e___RS_HL_6575.JPG,Soybean___healthy,Soybean___healthy,0.99999976,True
/clearml_agent_cache/storage_manager/datasets/ds_687ee9f1c8dd4af98240e55e4b18258a/test/Soybean___healthy/a2abe18b-723a-4d5b-ab74-7acd3c8512d0___RS_HL_7195.JPG,Soybean___healthy,Soybean___healthy,1.0,True
/clearml_agent_cache/storage_manager/datasets/ds_687ee9f1c8dd4af98240e55e4b18258a/test/Soybean___healthy/a3a32405-c5d8-477f-ad36-e56f5d93b514___RS_HL_5690.JPG,Soybean___healthy,Soybean___healthy,1.0,True
/clearml_agent_cache/storage_manager/datasets/ds_687ee9f1c8dd4af98240e55e4b18258a/test/Soybean___healthy/a4322e8d-bb03-4489-a34b-366c963653bd___RS_HL_6530.JPG,Soybean___healthy,Soybean___healthy,1.0,True
/clearml_agent_cache/storage_manager/datasets/ds_687ee9f1c8dd4af98240e55e4b18258a/test/Soybean___healthy/a4923d70-6150-4d7d-8a46-f854fa5130a6___RS_HL_7055.JPG,Soybean___healthy,Soybean___healthy,0.99999964,True
/clearml_agent_cache/storage_manager/datasets/ds_687ee9f1c8dd4af98240e55e4b18258a/test/Soybean___healthy/a4c26c2a-488d-4f94-b5d0-be75c0a1d24d___RS_HL_4554.JPG,Soybean___healthy,Soybean___healthy,0.9999758,True
/clearml_agent_cache/storage_manager/datasets/ds_687ee9f1c8dd4af98240e55e4b18258a/test/Soybean___healthy/a554127f-053e-42f8-bdfe-4ef9ea83a880___RS_HL_4945.JPG,Soybean___healthy,Soybean___healthy,1.0,True
/clearml_agent_cache/storage_manager/datasets/ds_687ee9f1c8dd4af98240e55e4b18258a/test/Soybean___healthy/a7ab1c05-282b-467a-9628-a809471d1a4d___RS_HL_5285.JPG,Soybean___healthy,Soybean___healthy,0.99999976,True
/clearml_agent_cache/storage_manager/datasets/ds_687ee9f1c8dd4af98240e55e4b18258a/test/Soybean___healthy/a864d9f5-f20b-444f-85ec-69ec145f4f1b___RS_HL_6390.JPG,Soybean___healthy,Soybean___healthy,1.0,True
/clearml_agent_cache/storage_manager/datasets/ds_687ee9f1c8dd4af98240e55e4b18258a/test/Soybean___healthy/a99084dd-d6e8-4701-8303-d9a1c9d941f4___RS_HL_6340.JPG,Soybean___healthy,Soybean___healthy,1.0,True
/clearml_agent_cache/storage_manager/datasets/ds_687ee9f1c8dd4af98240e55e4b18258a/test/Soybean___healthy/aa786b56-7286-4e30-a118-4e9189186d42___RS_HL_5151.JPG,Soybean___healthy,Soybean___healthy,0.9999995,True
/clearml_agent_cache/storage_manager/datasets/ds_687ee9f1c8dd4af98240e55e4b18258a/test/Soybean___healthy/ab25b32e-1228-4fd4-b61d-e5397d8a6a38___RS_HL_2878.JPG,Soybean___healthy,Soybean___healthy,1.0,True
/clearml_agent_cache/storage_manager/datasets/ds_687ee9f1c8dd4af98240e55e4b18258a/test/Soybean___healthy/ad40241e-be50-45da-bdbb-d1fc8d5936cb___RS_HL_7282.JPG,Soybean___healthy,Soybean___healthy,0.9999912,True
/clearml_agent_cache/storage_manager/datasets/ds_687ee9f1c8dd4af98240e55e4b18258a/test/Soybean___healthy/af1f6354-2bbe-430e-be72-e02d70243604___RS_HL_2805.JPG,Soybean___healthy,Soybean___healthy,0.99999964,True
/clearml_agent_cache/storage_manager/datasets/ds_687ee9f1c8dd4af98240e55e4b18258a/test/Soybean___healthy/afbcef94-94df-4b56-8a7b-a538950ce872___RS_HL_3408.JPG,Soybean___healthy,Soybean___healthy,1.0,True
/clearml_agent_cache/storage_manager/datasets/ds_687ee9f1c8dd4af98240e55e4b18258a/test/Soybean___healthy/afcdbeec-902f-435b-8586-5068b63c8189___RS_HL_5812.JPG,Soybean___healthy,Soybean___healthy,1.0,True
/clearml_agent_cache/storage_manager/datasets/ds_687ee9f1c8dd4af98240e55e4b18258a/test/Soybean___healthy/b090dede-0766-4bc3-9a86-fa2dbbcd6957___RS_HL_6748.JPG,Soybean___healthy,Soybean___healthy,0.9999999,True
/clearml_agent_cache/storage_manager/datasets/ds_687ee9f1c8dd4af98240e55e4b18258a/test/Soybean___healthy/b0dacbcd-d641-413f-8f7b-0e34d9bae403___RS_HL_5391.JPG,Soybean___healthy,Soybean___healthy,0.9999474,True
/clearml_agent_cache/storage_manager/datasets/ds_687ee9f1c8dd4af98240e55e4b18258a/test/Soybean___healthy/b14fb291-d4c9-4fb2-aea9-9f58040df2b4___RS_HL_6612.JPG,Soybean___healthy,Soybean___healthy,1.0,True
/clearml_agent_cache/storage_manager/datasets/ds_687ee9f1c8dd4af98240e55e4b18258a/test/Soybean___healthy/b1ad805f-52a8-439d-a0a2-79c63a96657c___RS_HL_7520.JPG,Soybean___healthy,Soybean___healthy,0.9999957,True
/clearml_agent_cache/storage_manager/datasets/ds_687ee9f1c8dd4af98240e55e4b18258a/test/Soybean___healthy/b22f2758-59c2-48dc-8933-da544082304c___RS_HL_6283.JPG,Soybean___healthy,Soybean___healthy,0.9999995,True
/clearml_agent_cache/storage_manager/datasets/ds_687ee9f1c8dd4af98240e55e4b18258a/test/Soybean___healthy/b3498fdb-f736-4c2b-82b7-fc3f92478047___RS_HL_5719_1.JPG,Soybean___healthy,Soybean___healthy,1.0,True
/clearml_agent_cache/storage_manager/datasets/ds_687ee9f1c8dd4af98240e55e4b18258a/test/Soybean___healthy/b4069962-eac9-403d-9195-bae430444ac5___RS_HL_3893.JPG,Soybean___healthy,Soybean___healthy,0.9999995,True
/clearml_agent_cache/storage_manager/datasets/ds_687ee9f1c8dd4af98240e55e4b18258a/test/Soybean___healthy/b4552434-0bf8-4835-96ea-89af5c6d919f___RS_HL_2998.JPG,Soybean___healthy,Soybean___healthy,0.999995,True
/clearml_agent_cache/storage_manager/datasets/ds_687ee9f1c8dd4af98240e55e4b18258a/test/Soybean___healthy/b5bc1904-2878-4303-a676-728d15fee13d___RS_HL_4728.JPG,Soybean___healthy,Soybean___healthy,0.9999956,True
/clearml_agent_cache/storage_manager/datasets/ds_687ee9f1c8dd4af98240e55e4b18258a/test/Soybean___healthy/b6dd3896-b46d-46cd-a89b-8d015dc3c38e___RS_HL_6483.JPG,Soybean___healthy,Soybean___healthy,1.0,True
/clearml_agent_cache/storage_manager/datasets/ds_687ee9f1c8dd4af98240e55e4b18258a/test/Soybean___healthy/ba5e1146-d637-472b-a0e1-2dcc118ff3bb___RS_HL_5369.JPG,Soybean___healthy,Soybean___healthy,0.9999999,True
/clearml_agent_cache/storage_manager/datasets/ds_687ee9f1c8dd4af98240e55e4b18258a/test/Soybean___healthy/babf2786-f6da-4967-bf1a-ca5f0b57d905___RS_HL_3451.JPG,Soybean___healthy,Soybean___healthy,0.99999964,True
/clearml_agent_cache/storage_manager/datasets/ds_687ee9f1c8dd4af98240e55e4b18258a/test/Soybean___healthy/bb1b72eb-7275-4f5a-bccd-921d44fd812d___RS_HL_4024.JPG,Soybean___healthy,Soybean___healthy,0.99999976,True
/clearml_agent_cache/storage_manager/datasets/ds_687ee9f1c8dd4af98240e55e4b18258a/test/Soybean___healthy/be033c46-c6d3-4dfa-96e5-eb7d4cf1e3c8___RS_HL_5327.JPG,Soybean___healthy,Soybean___healthy,0.99999964,True
/clearml_agent_cache/storage_manager/datasets/ds_687ee9f1c8dd4af98240e55e4b18258a/test/Soybean___healthy/c11db611-6a92-4019-aa6b-7bfa2c6f094a___RS_HL_3694.JPG,Soybean___healthy,Soybean___healthy,0.99999976,True
/clearml_agent_cache/storage_manager/datasets/ds_687ee9f1c8dd4af98240e55e4b18258a/test/Soybean___healthy/c132a970-158f-4077-9ec3-a92c8878ad43___RS_HL_3664.JPG,Soybean___healthy,Soybean___healthy,0.99999917,True
/clearml_agent_cache/storage_manager/datasets/ds_687ee9f1c8dd4af98240e55e4b18258a/test/Soybean___healthy/c1585706-72f3-4fbd-ad20-99cbabb395b4___RS_HL_6482.JPG,Soybean___healthy,Soybean___healthy,1.0,True
/clearml_agent_cache/storage_manager/datasets/ds_687ee9f1c8dd4af98240e55e4b18258a/test/Soybean___healthy/c1719cc5-4bff-49d5-a20b-c4b2e270a117___RS_HL_4016.JPG,Soybean___healthy,Soybean___healthy,0.9999982,True
/clearml_agent_cache/storage_manager/datasets/ds_687ee9f1c8dd4af98240e55e4b18258a/test/Soybean___healthy/c35d199c-19cb-4ab0-b51e-95e7a352ab41___RS_HL_4557.JPG,Soybean___healthy,Soybean___healthy,0.99998796,True
/clearml_agent_cache/storage_manager/datasets/ds_687ee9f1c8dd4af98240e55e4b18258a/test/Soybean___healthy/c4637201-43b4-4ab5-9bfa-cd9e36a67c62___RS_HL_2952.JPG,Soybean___healthy,Soybean___healthy,0.99998486,True
/clearml_agent_cache/storage_manager/datasets/ds_687ee9f1c8dd4af98240e55e4b18258a/test/Soybean___healthy/c497fe1f-78f9-4123-82d7-ae50b5f336c8___RS_HL_5077.JPG,Soybean___healthy,Soybean___healthy,1.0,True
/clearml_agent_cache/storage_manager/datasets/ds_687ee9f1c8dd4af98240e55e4b18258a/test/Soybean___healthy/c694ad6c-918a-40a1-b8ac-a7044f01992c___RS_HL_7425.JPG,Soybean___healthy,Soybean___healthy,0.99999964,True
/clearml_agent_cache/storage_manager/datasets/ds_687ee9f1c8dd4af98240e55e4b18258a/test/Soybean___healthy/c8c6e3cd-ed78-4f67-b754-50cf3305f896___RS_HL_7336.JPG,Soybean___healthy,Soybean___healthy,0.9999989,True
/clearml_agent_cache/storage_manager/datasets/ds_687ee9f1c8dd4af98240e55e4b18258a/test/Soybean___healthy/c930fc4c-daaf-4ac0-a722-acf8871973b8___RS_HL_2779.JPG,Soybean___healthy,Soybean___healthy,0.9999994,True
/clearml_agent_cache/storage_manager/datasets/ds_687ee9f1c8dd4af98240e55e4b18258a/test/Soybean___healthy/ca6d34d8-0613-468a-a68c-166c760376c0___RS_HL_5706.JPG,Soybean___healthy,Soybean___healthy,1.0,True
/clearml_agent_cache/storage_manager/datasets/ds_687ee9f1c8dd4af98240e55e4b18258a/test/Soybean___healthy/cbbc3803-175d-40e4-b3bd-9d10faa36b15___RS_HL_4971.JPG,Soybean___healthy,Soybean___healthy,1.0,True
/clearml_agent_cache/storage_manager/datasets/ds_687ee9f1c8dd4af98240e55e4b18258a/test/Soybean___healthy/cc26489a-267e-405a-9c10-5f9cb290fcad___RS_HL_5432.JPG,Soybean___healthy,Soybean___healthy,0.99999976,True
/clearml_agent_cache/storage_manager/datasets/ds_687ee9f1c8dd4af98240e55e4b18258a/test/Soybean___healthy/cd3b6868-317f-4473-939a-1c270310620b___RS_HL_5316.JPG,Soybean___healthy,Soybean___healthy,1.0,True
/clearml_agent_cache/storage_manager/datasets/ds_687ee9f1c8dd4af98240e55e4b18258a/test/Soybean___healthy/ce6cab93-e023-4222-889f-26f3b71f873e___RS_HL_6863.JPG,Soybean___healthy,Soybean___healthy,0.9999999,True
/clearml_agent_cache/storage_manager/datasets/ds_687ee9f1c8dd4af98240e55e4b18258a/test/Soybean___healthy/cf26126c-9f74-4388-989c-dc7f2b9edb9d___RS_HL_4280.JPG,Soybean___healthy,Soybean___healthy,0.999992,True
/clearml_agent_cache/storage_manager/datasets/ds_687ee9f1c8dd4af98240e55e4b18258a/test/Soybean___healthy/cfb6ee86-dafb-4c5b-875d-75d79b31da15___RS_HL_6577.JPG,Soybean___healthy,Soybean___healthy,1.0,True
/clearml_agent_cache/storage_manager/datasets/ds_687ee9f1c8dd4af98240e55e4b18258a/test/Soybean___healthy/d020a15e-d0eb-42d2-a99d-309ad669461c___RS_HL_6907.JPG,Soybean___healthy,Soybean___healthy,0.99999976,True
/clearml_agent_cache/storage_manager/datasets/ds_687ee9f1c8dd4af98240e55e4b18258a/test/Soybean___healthy/d609f367-ab3a-4100-b538-8f99d9bc58d2___RS_HL_5317.JPG,Soybean___healthy,Soybean___healthy,0.9999999,True
/clearml_agent_cache/storage_manager/datasets/ds_687ee9f1c8dd4af98240e55e4b18258a/test/Soybean___healthy/d6b59993-dbc2-4c7f-aa46-078f3974fbac___RS_HL_6285.JPG,Soybean___healthy,Soybean___healthy,0.99999976,True
/clearml_agent_cache/storage_manager/datasets/ds_687ee9f1c8dd4af98240e55e4b18258a/test/Soybean___healthy/d795926b-666b-4a21-8c07-9382d96e0734___RS_HL_6398.JPG,Soybean___healthy,Soybean___healthy,1.0,True
/clearml_agent_cache/storage_manager/datasets/ds_687ee9f1c8dd4af98240e55e4b18258a/test/Soybean___healthy/d9a601f0-ca9a-45e1-9a8c-ab4d61eda081___RS_HL_5746_1.JPG,Soybean___healthy,Soybean___healthy,0.99999976,True
/clearml_agent_cache/storage_manager/datasets/ds_687ee9f1c8dd4af98240e55e4b18258a/test/Soybean___healthy/db73c356-b775-411c-9c97-406b5a298e4e___RS_HL_5620_1.JPG,Soybean___healthy,Soybean___healthy,0.99999976,True
/clearml_agent_cache/storage_manager/datasets/ds_687ee9f1c8dd4af98240e55e4b18258a/test/Soybean___healthy/db8fc0e0-eeae-4cba-942c-6de6e3e5a134___RS_HL_5556_1.JPG,Soybean___healthy,Soybean___healthy,1.0,True
/clearml_agent_cache/storage_manager/datasets/ds_687ee9f1c8dd4af98240e55e4b18258a/test/Soybean___healthy/dbabfc6b-cfcc-46a9-8d5b-7872649b7022___RS_HL_4897.JPG,Soybean___healthy,Soybean___healthy,0.9999987,True
/clearml_agent_cache/storage_manager/datasets/ds_687ee9f1c8dd4af98240e55e4b18258a/test/Soybean___healthy/dd4bf9f1-3395-478e-a7b5-2caacdf8c2cd___RS_HL_6159.JPG,Soybean___healthy,Soybean___healthy,1.0,True
/clearml_agent_cache/storage_manager/datasets/ds_687ee9f1c8dd4af98240e55e4b18258a/test/Soybean___healthy/ded5a719-110f-4d65-9106-734b37b10ce5___RS_HL_4005.JPG,Soybean___healthy,Soybean___healthy,0.9999995,True
/clearml_agent_cache/storage_manager/datasets/ds_687ee9f1c8dd4af98240e55e4b18258a/test/Soybean___healthy/dffc70ea-0343-4133-8474-f42c5215866a___RS_HL_5671.JPG,Soybean___healthy,Soybean___healthy,1.0,True
/clearml_agent_cache/storage_manager/datasets/ds_687ee9f1c8dd4af98240e55e4b18258a/test/Soybean___healthy/e004a8c6-0b90-46fc-8dd5-eb1db9db73be___RS_HL_6523.JPG,Soybean___healthy,Soybean___healthy,0.99999833,True
/clearml_agent_cache/storage_manager/datasets/ds_687ee9f1c8dd4af98240e55e4b18258a/test/Soybean___healthy/e0b55271-bdef-41e2-bdbe-71a95a30015e___RS_HL_6270.JPG,Soybean___healthy,Soybean___healthy,0.9999999,True
/clearml_agent_cache/storage_manager/datasets/ds_687ee9f1c8dd4af98240e55e4b18258a/test/Soybean___healthy/e0bbe3ac-bfa6-4551-8d8f-9aafbe930911___RS_HL_2829.JPG,Soybean___healthy,Soybean___healthy,0.9999994,True
/clearml_agent_cache/storage_manager/datasets/ds_687ee9f1c8dd4af98240e55e4b18258a/test/Soybean___healthy/e162ab74-1f57-49c0-b3bc-ec99ffcadbea___RS_HL_5727.JPG,Soybean___healthy,Soybean___healthy,0.9999987,True
/clearml_agent_cache/storage_manager/datasets/ds_687ee9f1c8dd4af98240e55e4b18258a/test/Soybean___healthy/e546a7b6-7f3d-490d-bcb5-b8026e128cb6___RS_HL_4070.JPG,Soybean___healthy,Soybean___healthy,0.99999917,True
/clearml_agent_cache/storage_manager/datasets/ds_687ee9f1c8dd4af98240e55e4b18258a/test/Soybean___healthy/e8baac0f-4f47-43b5-931b-e769e2315547___RS_HL_6425.JPG,Soybean___healthy,Soybean___healthy,1.0,True
/clearml_agent_cache/storage_manager/datasets/ds_687ee9f1c8dd4af98240e55e4b18258a/test/Soybean___healthy/e94fa626-e690-4e0c-b0e0-d346a18bc5d2___RS_HL_3517.JPG,Soybean___healthy,Soybean___healthy,1.0,True
/clearml_agent_cache/storage_manager/datasets/ds_687ee9f1c8dd4af98240e55e4b18258a/test/Soybean___healthy/e9dfdda7-6ae4-4586-a9a2-1d7414540a29___RS_HL_3704.JPG,Soybean___healthy,Soybean___healthy,0.99999523,True
/clearml_agent_cache/storage_manager/datasets/ds_687ee9f1c8dd4af98240e55e4b18258a/test/Soybean___healthy/e9ebaa93-2b65-4c6f-9c2c-2fbcc9025dcc___RS_HL_6242.JPG,Soybean___healthy,Soybean___healthy,1.0,True
/clearml_agent_cache/storage_manager/datasets/ds_687ee9f1c8dd4af98240e55e4b18258a/test/Soybean___healthy/ea183527-22f5-432c-8e8d-9c268911c5e8___RS_HL_5661.JPG,Soybean___healthy,Soybean___healthy,0.9999999,True
/clearml_agent_cache/storage_manager/datasets/ds_687ee9f1c8dd4af98240e55e4b18258a/test/Soybean___healthy/eb680077-f114-40a6-9a8f-6564043ab31d___RS_HL_6925.JPG,Soybean___healthy,Soybean___healthy,1.0,True
/clearml_agent_cache/storage_manager/datasets/ds_687ee9f1c8dd4af98240e55e4b18258a/test/Soybean___healthy/eb8cfd26-bc41-4a4a-ace8-dac9882ad396___RS_HL_5677.JPG,Soybean___healthy,Soybean___healthy,1.0,True
/clearml_agent_cache/storage_manager/datasets/ds_687ee9f1c8dd4af98240e55e4b18258a/test/Soybean___healthy/ec3b2133-01c8-404a-be8f-79957311d318___RS_HL_7084.JPG,Soybean___healthy,Soybean___healthy,0.99999976,True
/clearml_agent_cache/storage_manager/datasets/ds_687ee9f1c8dd4af98240e55e4b18258a/test/Soybean___healthy/ec80c9b6-d37b-46d8-a4d2-b7847e5e0e8b___RS_HL_7267.JPG,Soybean___healthy,Soybean___healthy,0.9999821,True
/clearml_agent_cache/storage_manager/datasets/ds_687ee9f1c8dd4af98240e55e4b18258a/test/Soybean___healthy/ee7e94d1-bbff-4410-95d4-9084da3b3e3e___RS_HL_5054.JPG,Soybean___healthy,Soybean___healthy,0.9999962,True
/clearml_agent_cache/storage_manager/datasets/ds_687ee9f1c8dd4af98240e55e4b18258a/test/Soybean___healthy/f4b40e58-d243-41b7-92c8-6137729a3ae6___RS_HL_5822.JPG,Soybean___healthy,Soybean___healthy,0.9999999,True
/clearml_agent_cache/storage_manager/datasets/ds_687ee9f1c8dd4af98240e55e4b18258a/test/Soybean___healthy/f67ea78b-ba17-4895-83ce-56427164437e___RS_HL_5147.JPG,Soybean___healthy,Soybean___healthy,1.0,True
/clearml_agent_cache/storage_manager/datasets/ds_687ee9f1c8dd4af98240e55e4b18258a/test/Soybean___healthy/f7ed0786-c677-4cf7-bf1d-ec414664df3e___RS_HL_3913.JPG,Soybean___healthy,Soybean___healthy,1.0,True
/clearml_agent_cache/storage_manager/datasets/ds_687ee9f1c8dd4af98240e55e4b18258a/test/Soybean___healthy/f9c44c1b-3322-4790-a555-933e02b053d4___RS_HL_5082.JPG,Soybean___healthy,Soybean___healthy,0.99999785,True
/clearml_agent_cache/storage_manager/datasets/ds_687ee9f1c8dd4af98240e55e4b18258a/test/Soybean___healthy/fa1264f3-3318-4c93-8408-9707cf1cb6a4___RS_HL_5956.JPG,Soybean___healthy,Soybean___healthy,1.0,True
/clearml_agent_cache/storage_manager/datasets/ds_687ee9f1c8dd4af98240e55e4b18258a/test/Soybean___healthy/fa4a6106-fca8-406c-a865-8a862215ca07___RS_HL_5547_1.JPG,Soybean___healthy,Soybean___healthy,1.0,True
/clearml_agent_cache/storage_manager/datasets/ds_687ee9f1c8dd4af98240e55e4b18258a/test/Soybean___healthy/fab10579-d613-4f37-918c-34a9da654577___RS_HL_6224.JPG,Soybean___healthy,Soybean___healthy,1.0,True
/clearml_agent_cache/storage_manager/datasets/ds_687ee9f1c8dd4af98240e55e4b18258a/test/Soybean___healthy/fc307392-398e-4a3f-9d70-0187d0a5239b___RS_HL_7409.JPG,Soybean___healthy,Soybean___healthy,0.999998,True
/clearml_agent_cache/storage_manager/datasets/ds_687ee9f1c8dd4af98240e55e4b18258a/test/Soybean___healthy/fc60273f-9361-41d8-9af5-51aca1e8175a___RS_HL_4170.JPG,Soybean___healthy,Soybean___healthy,0.9999988,True
/clearml_agent_cache/storage_manager/datasets/ds_687ee9f1c8dd4af98240e55e4b18258a/test/Soybean___healthy/fe7ca4ba-5b92-406a-95c8-a2e1569bd8c2___RS_HL_3933.JPG,Soybean___healthy,Soybean___healthy,1.0,True
/clearml_agent_cache/storage_manager/datasets/ds_687ee9f1c8dd4af98240e55e4b18258a/test/Soybean___healthy/ff9edfca-e69b-4266-aca2-3d028d9d611e___RS_HL_4217.JPG,Soybean___healthy,Soybean___healthy,1.0,True
/clearml_agent_cache/storage_manager/datasets/ds_687ee9f1c8dd4af98240e55e4b18258a/test/Squash___Powdery_mildew/0694e930-e733-4f97-971b-30222859fac8___MD_Powd.M_0590.JPG,Squash___Powdery_mildew,Squash___Powdery_mildew,1.0,True
/clearml_agent_cache/storage_manager/datasets/ds_687ee9f1c8dd4af98240e55e4b18258a/test/Squash___Powdery_mildew/0c651f2e-6c35-49d9-9e4d-3c853b271610___UMD_Powd.M_0509.JPG,Squash___Powdery_mildew,Squash___Powdery_mildew,1.0,True
/clearml_agent_cache/storage_manager/datasets/ds_687ee9f1c8dd4af98240e55e4b18258a/test/Squash___Powdery_mildew/1054d080-3ffe-4abb-897a-78721c944ed9___UMD_Powd.M_0097.JPG,Squash___Powdery_mildew,Squash___Powdery_mildew,1.0,True
/clearml_agent_cache/storage_manager/datasets/ds_687ee9f1c8dd4af98240e55e4b18258a/test/Squash___Powdery_mildew/136b19cd-259e-486e-98e8-c6915f8afebd___MD_Powd.M_0444.JPG,Squash___Powdery_mildew,Squash___Powdery_mildew,1.0,True
/clearml_agent_cache/storage_manager/datasets/ds_687ee9f1c8dd4af98240e55e4b18258a/test/Squash___Powdery_mildew/196885f6-d1fa-4cdb-a466-bfe87817c0de___UMD_Powd.M_0644.JPG,Squash___Powdery_mildew,Squash___Powdery_mildew,1.0,True
/clearml_agent_cache/storage_manager/datasets/ds_687ee9f1c8dd4af98240e55e4b18258a/test/Squash___Powdery_mildew/1d2f6e7a-2792-4079-9b52-b3c84aefa9c1___MD_Powd.M_0849.JPG,Squash___Powdery_mildew,Squash___Powdery_mildew,1.0,True
/clearml_agent_cache/storage_manager/datasets/ds_687ee9f1c8dd4af98240e55e4b18258a/test/Squash___Powdery_mildew/22ad4a7e-2e69-4e53-8c34-72bc53793ea4___MD_Powd.M_0638.JPG,Squash___Powdery_mildew,Squash___Powdery_mildew,1.0,True
/clearml_agent_cache/storage_manager/datasets/ds_687ee9f1c8dd4af98240e55e4b18258a/test/Squash___Powdery_mildew/266ae5d7-84b9-496e-ae4d-a3ab3d7410af___UMD_Powd.M_0466.JPG,Squash___Powdery_mildew,Squash___Powdery_mildew,0.99999964,True
/clearml_agent_cache/storage_manager/datasets/ds_687ee9f1c8dd4af98240e55e4b18258a/test/Squash___Powdery_mildew/26f04478-870f-40ec-8821-bf531b90948c___UMD_Powd.M_0087.JPG,Squash___Powdery_mildew,Squash___Powdery_mildew,1.0,True
/clearml_agent_cache/storage_manager/datasets/ds_687ee9f1c8dd4af98240e55e4b18258a/test/Squash___Powdery_mildew/29a7fbcc-f137-478d-b3ad-61911225c4b7___UMD_Powd.M_0414.JPG,Squash___Powdery_mildew,Squash___Powdery_mildew,1.0,True
/clearml_agent_cache/storage_manager/datasets/ds_687ee9f1c8dd4af98240e55e4b18258a/test/Squash___Powdery_mildew/2b80ccb6-ca4b-4cf1-bba7-6c799dd3c5cf___MD_Powd.M_9949.JPG,Squash___Powdery_mildew,Squash___Powdery_mildew,1.0,True
/clearml_agent_cache/storage_manager/datasets/ds_687ee9f1c8dd4af98240e55e4b18258a/test/Squash___Powdery_mildew/2be99cc8-e450-4347-af0a-4a92bf9a7225___UMD_Powd.M_0160.JPG,Squash___Powdery_mildew,Squash___Powdery_mildew,1.0,True
/clearml_agent_cache/storage_manager/datasets/ds_687ee9f1c8dd4af98240e55e4b18258a/test/Squash___Powdery_mildew/2c39f928-cc08-451d-898f-9ef0b6833c10___MD_Powd.M_0042.JPG,Squash___Powdery_mildew,Squash___Powdery_mildew,1.0,True
/clearml_agent_cache/storage_manager/datasets/ds_687ee9f1c8dd4af98240e55e4b18258a/test/Squash___Powdery_mildew/2e531dd7-e282-4e5c-ac21-1b29b6c4ea59___UMD_Powd.M_0637.JPG,Squash___Powdery_mildew,Squash___Powdery_mildew,0.99999976,True
/clearml_agent_cache/storage_manager/datasets/ds_687ee9f1c8dd4af98240e55e4b18258a/test/Squash___Powdery_mildew/3328ef89-c6d2-4e34-ad73-5f48e1bb47c4___MD_Powd.M_0516.JPG,Squash___Powdery_mildew,Squash___Powdery_mildew,1.0,True
/clearml_agent_cache/storage_manager/datasets/ds_687ee9f1c8dd4af98240e55e4b18258a/test/Squash___Powdery_mildew/34c48921-2a1a-49ef-aae7-1b588db4b716___UMD_Powd.M_0516.JPG,Squash___Powdery_mildew,Squash___Powdery_mildew,1.0,True
/clearml_agent_cache/storage_manager/datasets/ds_687ee9f1c8dd4af98240e55e4b18258a/test/Squash___Powdery_mildew/3527f840-a203-48c5-b0e6-1919a26bf447___UMD_Powd.M_0368.JPG,Squash___Powdery_mildew,Squash___Powdery_mildew,1.0,True
/clearml_agent_cache/storage_manager/datasets/ds_687ee9f1c8dd4af98240e55e4b18258a/test/Squash___Powdery_mildew/39246e21-924e-40d6-9013-a2ca0636eb0e___MD_Powd.M_0965.JPG,Squash___Powdery_mildew,Squash___Powdery_mildew,1.0,True
/clearml_agent_cache/storage_manager/datasets/ds_687ee9f1c8dd4af98240e55e4b18258a/test/Squash___Powdery_mildew/3cded4a5-2782-4217-9679-b7f0c508db14___MD_Powd.M_0212.JPG,Squash___Powdery_mildew,Squash___Powdery_mildew,0.9999999,True
/clearml_agent_cache/storage_manager/datasets/ds_687ee9f1c8dd4af98240e55e4b18258a/test/Squash___Powdery_mildew/509b5f91-0ed2-438d-b59d-523d17483c02___UMD_Powd.M_9936.JPG,Squash___Powdery_mildew,Squash___Powdery_mildew,0.999995,True
/clearml_agent_cache/storage_manager/datasets/ds_687ee9f1c8dd4af98240e55e4b18258a/test/Squash___Powdery_mildew/51208f49-d9bf-4bde-be33-4e8b02e5a753___UMD_Powd.M_0446.JPG,Squash___Powdery_mildew,Squash___Powdery_mildew,1.0,True
/clearml_agent_cache/storage_manager/datasets/ds_687ee9f1c8dd4af98240e55e4b18258a/test/Squash___Powdery_mildew/5391210f-8e62-4633-bdd9-1649862ea454___MD_Powd.M_0449.JPG,Squash___Powdery_mildew,Squash___Powdery_mildew,1.0,True
/clearml_agent_cache/storage_manager/datasets/ds_687ee9f1c8dd4af98240e55e4b18258a/test/Squash___Powdery_mildew/542e3968-f969-4718-a747-259bbb855e76___MD_Powd.M_0350.JPG,Squash___Powdery_mildew,Squash___Powdery_mildew,0.99999976,True
/clearml_agent_cache/storage_manager/datasets/ds_687ee9f1c8dd4af98240e55e4b18258a/test/Squash___Powdery_mildew/5ce5c29a-47c6-414d-80d7-f12b0255f71a___MD_Powd.M_1062.JPG,Squash___Powdery_mildew,Squash___Powdery_mildew,1.0,True
/clearml_agent_cache/storage_manager/datasets/ds_687ee9f1c8dd4af98240e55e4b18258a/test/Squash___Powdery_mildew/5f21970f-2293-4d34-9635-b376eb01bd69___MD_Powd.M_0264.JPG,Squash___Powdery_mildew,Squash___Powdery_mildew,0.9999993,True
/clearml_agent_cache/storage_manager/datasets/ds_687ee9f1c8dd4af98240e55e4b18258a/test/Squash___Powdery_mildew/5fdfe2bc-b717-4a94-9133-bae23463c739___UMD_Powd.M_0647.JPG,Squash___Powdery_mildew,Squash___Powdery_mildew,1.0,True
/clearml_agent_cache/storage_manager/datasets/ds_687ee9f1c8dd4af98240e55e4b18258a/test/Squash___Powdery_mildew/6b81f550-eeff-49a7-8bc5-6f87ca477af9___UMD_Powd.M_0098.JPG,Squash___Powdery_mildew,Squash___Powdery_mildew,1.0,True
/clearml_agent_cache/storage_manager/datasets/ds_687ee9f1c8dd4af98240e55e4b18258a/test/Squash___Powdery_mildew/6e35d47a-e735-4a88-8feb-3ebb8290454f___MD_Powd.M_0434.JPG,Squash___Powdery_mildew,Squash___Powdery_mildew,0.9999999,True
/clearml_agent_cache/storage_manager/datasets/ds_687ee9f1c8dd4af98240e55e4b18258a/test/Squash___Powdery_mildew/6ed74085-49ca-4ca6-88a6-edeb88a1a436___MD_Powd.M_0465.JPG,Squash___Powdery_mildew,Squash___Powdery_mildew,1.0,True
/clearml_agent_cache/storage_manager/datasets/ds_687ee9f1c8dd4af98240e55e4b18258a/test/Squash___Powdery_mildew/79c84475-66cf-4c58-a2e4-5b45c20b51f5___MD_Powd.M_0677.JPG,Squash___Powdery_mildew,Squash___Powdery_mildew,1.0,True
/clearml_agent_cache/storage_manager/datasets/ds_687ee9f1c8dd4af98240e55e4b18258a/test/Squash___Powdery_mildew/7d0432e7-133f-4553-b1d7-7310c682a8c6___UMD_Powd.M_0029.JPG,Squash___Powdery_mildew,Squash___Powdery_mildew,1.0,True
/clearml_agent_cache/storage_manager/datasets/ds_687ee9f1c8dd4af98240e55e4b18258a/test/Squash___Powdery_mildew/88054019-3aca-4e82-8635-918dc160d31f___UMD_Powd.M_0723.JPG,Squash___Powdery_mildew,Squash___Powdery_mildew,0.99999976,True
/clearml_agent_cache/storage_manager/datasets/ds_687ee9f1c8dd4af98240e55e4b18258a/test/Squash___Powdery_mildew/88fe4568-58fd-4ddf-b754-eb3c2e7b9d3d___MD_Powd.M_9986.JPG,Squash___Powdery_mildew,Squash___Powdery_mildew,1.0,True
/clearml_agent_cache/storage_manager/datasets/ds_687ee9f1c8dd4af98240e55e4b18258a/test/Squash___Powdery_mildew/8a145ed3-c31c-47f9-95c2-9bd399ac3e1f___UMD_Powd.M_0042.JPG,Squash___Powdery_mildew,Squash___Powdery_mildew,1.0,True
/clearml_agent_cache/storage_manager/datasets/ds_687ee9f1c8dd4af98240e55e4b18258a/test/Squash___Powdery_mildew/8af9d2e1-819a-48b4-b3a8-7241de253f32___MD_Powd.M_0631.JPG,Squash___Powdery_mildew,Squash___Powdery_mildew,1.0,True
/clearml_agent_cache/storage_manager/datasets/ds_687ee9f1c8dd4af98240e55e4b18258a/test/Squash___Powdery_mildew/8e8a02c9-e706-4056-8d23-c3f8bb452f28___MD_Powd.M_0740.JPG,Squash___Powdery_mildew,Squash___Powdery_mildew,1.0,True
/clearml_agent_cache/storage_manager/datasets/ds_687ee9f1c8dd4af98240e55e4b18258a/test/Squash___Powdery_mildew/90ae800d-cade-43b3-b6a3-65e1ab8d6e28___MD_Powd.M_0239.JPG,Squash___Powdery_mildew,Squash___Powdery_mildew,0.99999976,True
/clearml_agent_cache/storage_manager/datasets/ds_687ee9f1c8dd4af98240e55e4b18258a/test/Squash___Powdery_mildew/9363ff26-0b13-4a6a-8568-07aa13310dfc___MD_Powd.M_0172.JPG,Squash___Powdery_mildew,Squash___Powdery_mildew,1.0,True
/clearml_agent_cache/storage_manager/datasets/ds_687ee9f1c8dd4af98240e55e4b18258a/test/Squash___Powdery_mildew/941742ec-8f20-4dc9-86e3-09aed142efee___MD_Powd.M_1020.JPG,Squash___Powdery_mildew,Squash___Powdery_mildew,1.0,True
/clearml_agent_cache/storage_manager/datasets/ds_687ee9f1c8dd4af98240e55e4b18258a/test/Squash___Powdery_mildew/9808d107-d9b2-4251-bf7f-359f0bcfecfa___MD_Powd.M_0146_copy.jpg,Squash___Powdery_mildew,Squash___Powdery_mildew,1.0,True
/clearml_agent_cache/storage_manager/datasets/ds_687ee9f1c8dd4af98240e55e4b18258a/test/Squash___Powdery_mildew/99d7259d-98af-46e6-aa01-8201bdd6ea3a___UMD_Powd.M_9770.JPG,Squash___Powdery_mildew,Squash___Powdery_mildew,0.9988213,True
/clearml_agent_cache/storage_manager/datasets/ds_687ee9f1c8dd4af98240e55e4b18258a/test/Squash___Powdery_mildew/9bfd8f6f-d11f-425d-b9d6-883d4562ec72___UMD_Powd.M_0485.JPG,Squash___Powdery_mildew,Squash___Powdery_mildew,1.0,True
/clearml_agent_cache/storage_manager/datasets/ds_687ee9f1c8dd4af98240e55e4b18258a/test/Squash___Powdery_mildew/a719298b-411c-4d72-bc69-083091397c48___MD_Powd.M_0670.JPG,Squash___Powdery_mildew,Squash___Powdery_mildew,0.99999964,True
/clearml_agent_cache/storage_manager/datasets/ds_687ee9f1c8dd4af98240e55e4b18258a/test/Squash___Powdery_mildew/a77d7a66-8c2c-495c-8aba-080e9f9e3b4d___UMD_Powd.M_0670.JPG,Squash___Powdery_mildew,Squash___Powdery_mildew,1.0,True
/clearml_agent_cache/storage_manager/datasets/ds_687ee9f1c8dd4af98240e55e4b18258a/test/Squash___Powdery_mildew/a9d2080e-9f81-47f9-95d4-e1fdda575937___UMD_Powd.M_0601.JPG,Squash___Powdery_mildew,Squash___Powdery_mildew,1.0,True
/clearml_agent_cache/storage_manager/datasets/ds_687ee9f1c8dd4af98240e55e4b18258a/test/Squash___Powdery_mildew/aae55ff0-a9ec-4626-a9d3-5b26e3d270c0___MD_Powd.M_0632.JPG,Squash___Powdery_mildew,Squash___Powdery_mildew,1.0,True
/clearml_agent_cache/storage_manager/datasets/ds_687ee9f1c8dd4af98240e55e4b18258a/test/Squash___Powdery_mildew/ac82d9b4-0a81-44d3-bbfe-7e53960a7cc0___MD_Powd.M_0779.JPG,Squash___Powdery_mildew,Squash___Powdery_mildew,0.9999906,True
/clearml_agent_cache/storage_manager/datasets/ds_687ee9f1c8dd4af98240e55e4b18258a/test/Squash___Powdery_mildew/aeccd3d1-12a7-4af4-8339-6f70b058d0dd___MD_Powd.M_0280.JPG,Squash___Powdery_mildew,Squash___Powdery_mildew,0.9999927,True
/clearml_agent_cache/storage_manager/datasets/ds_687ee9f1c8dd4af98240e55e4b18258a/test/Squash___Powdery_mildew/b2076c52-6692-47bb-9371-3b8718b34bf9___UMD_Powd.M_0327.JPG,Squash___Powdery_mildew,Squash___Powdery_mildew,1.0,True
/clearml_agent_cache/storage_manager/datasets/ds_687ee9f1c8dd4af98240e55e4b18258a/test/Squash___Powdery_mildew/b3098bbe-b7c1-49fd-b4aa-7a167227c84e___MD_Powd.M_0127.JPG,Squash___Powdery_mildew,Squash___Powdery_mildew,1.0,True
/clearml_agent_cache/storage_manager/datasets/ds_687ee9f1c8dd4af98240e55e4b18258a/test/Squash___Powdery_mildew/c2af1964-0961-4c3b-8046-ee5766bc3ac2___UMD_Powd.M_0598.JPG,Squash___Powdery_mildew,Squash___Powdery_mildew,1.0,True
/clearml_agent_cache/storage_manager/datasets/ds_687ee9f1c8dd4af98240e55e4b18258a/test/Squash___Powdery_mildew/c2ffdce6-80ff-4b87-a38b-4df122bed793___MD_Powd.M_0182.JPG,Squash___Powdery_mildew,Squash___Powdery_mildew,1.0,True
/clearml_agent_cache/storage_manager/datasets/ds_687ee9f1c8dd4af98240e55e4b18258a/test/Squash___Powdery_mildew/c48a1038-78d2-4c37-ba13-54903798037f___UMD_Powd.M_0037.JPG,Squash___Powdery_mildew,Squash___Powdery_mildew,1.0,True
/clearml_agent_cache/storage_manager/datasets/ds_687ee9f1c8dd4af98240e55e4b18258a/test/Squash___Powdery_mildew/ca9cbd0d-7513-4392-bac4-16bdf798d8c0___MD_Powd.M_0970.JPG,Squash___Powdery_mildew,Squash___Powdery_mildew,1.0,True
/clearml_agent_cache/storage_manager/datasets/ds_687ee9f1c8dd4af98240e55e4b18258a/test/Squash___Powdery_mildew/cbff4e22-ecee-4824-89d0-df895fa544cd___MD_Powd.M_1002.JPG,Squash___Powdery_mildew,Squash___Powdery_mildew,1.0,True
/clearml_agent_cache/storage_manager/datasets/ds_687ee9f1c8dd4af98240e55e4b18258a/test/Squash___Powdery_mildew/d2d78915-c096-41e1-9f51-3ff266a02efe___UMD_Powd.M_0468.JPG,Squash___Powdery_mildew,Squash___Powdery_mildew,1.0,True
/clearml_agent_cache/storage_manager/datasets/ds_687ee9f1c8dd4af98240e55e4b18258a/test/Squash___Powdery_mildew/d378f6d3-1f0e-42ee-807f-9b1e4c18b033___MD_Powd.M_0097.JPG,Squash___Powdery_mildew,Squash___Powdery_mildew,0.99999917,True
/clearml_agent_cache/storage_manager/datasets/ds_687ee9f1c8dd4af98240e55e4b18258a/test/Squash___Powdery_mildew/dbbf68c7-faea-4c7b-8d4e-bcc7cf036fa8___MD_Powd.M_9973.JPG,Squash___Powdery_mildew,Squash___Powdery_mildew,0.99999976,True
/clearml_agent_cache/storage_manager/datasets/ds_687ee9f1c8dd4af98240e55e4b18258a/test/Squash___Powdery_mildew/dca8f6cf-a608-4747-8bfd-227463380cf3___UMD_Powd.M_0069.JPG,Squash___Powdery_mildew,Squash___Powdery_mildew,0.99995565,True
/clearml_agent_cache/storage_manager/datasets/ds_687ee9f1c8dd4af98240e55e4b18258a/test/Squash___Powdery_mildew/de8963b2-3e83-440f-8898-6149224611c7___MD_Powd.M_0503.JPG,Squash___Powdery_mildew,Squash___Powdery_mildew,0.9999989,True
/clearml_agent_cache/storage_manager/datasets/ds_687ee9f1c8dd4af98240e55e4b18258a/test/Squash___Powdery_mildew/e549aa4b-ab3b-44c4-8fa8-8e317a55c1a2___MD_Powd.M_0146.JPG,Squash___Powdery_mildew,Squash___Powdery_mildew,1.0,True
/clearml_agent_cache/storage_manager/datasets/ds_687ee9f1c8dd4af98240e55e4b18258a/test/Squash___Powdery_mildew/e58e1a96-dd97-4724-8e5c-626a71c15326___UMD_Powd.M_0655.JPG,Squash___Powdery_mildew,Squash___Powdery_mildew,0.9999976,True
/clearml_agent_cache/storage_manager/datasets/ds_687ee9f1c8dd4af98240e55e4b18258a/test/Squash___Powdery_mildew/e7c6fbbb-2719-44df-a3df-7e8f91ca8015___MD_Powd.M_0515.JPG,Squash___Powdery_mildew,Squash___Powdery_mildew,1.0,True
/clearml_agent_cache/storage_manager/datasets/ds_687ee9f1c8dd4af98240e55e4b18258a/test/Squash___Powdery_mildew/e819b35d-4042-4bd6-bcf9-aa4749a7cfbb___UMD_Powd.M_0412.JPG,Squash___Powdery_mildew,Squash___Powdery_mildew,1.0,True
/clearml_agent_cache/storage_manager/datasets/ds_687ee9f1c8dd4af98240e55e4b18258a/test/Squash___Powdery_mildew/ea6d0bef-0e20-41cf-b264-14d738866925___UMD_Powd.M_0615.JPG,Squash___Powdery_mildew,Squash___Powdery_mildew,0.9999995,True
/clearml_agent_cache/storage_manager/datasets/ds_687ee9f1c8dd4af98240e55e4b18258a/test/Squash___Powdery_mildew/efcbe3b9-651d-44bc-8527-ddfe61543ccb___UMD_Powd.M_0014.JPG,Squash___Powdery_mildew,Squash___Powdery_mildew,1.0,True
/clearml_agent_cache/storage_manager/datasets/ds_687ee9f1c8dd4af98240e55e4b18258a/test/Squash___Powdery_mildew/f047e076-a56c-45d5-9ad6-1c502a6fb5ea___MD_Powd.M_9962.JPG,Squash___Powdery_mildew,Squash___Powdery_mildew,1.0,True
/clearml_agent_cache/storage_manager/datasets/ds_687ee9f1c8dd4af98240e55e4b18258a/test/Squash___Powdery_mildew/f0d1aacb-5cc1-4a8e-8a2c-ddf63076bb14___MD_Powd.M_0190.JPG,Squash___Powdery_mildew,Squash___Powdery_mildew,0.99999547,True
/clearml_agent_cache/storage_manager/datasets/ds_687ee9f1c8dd4af98240e55e4b18258a/test/Squash___Powdery_mildew/f135b484-5720-4ad3-90f1-810b76306f6c___MD_Powd.M_0443.JPG,Squash___Powdery_mildew,Squash___Powdery_mildew,0.9999881,True
/clearml_agent_cache/storage_manager/datasets/ds_687ee9f1c8dd4af98240e55e4b18258a/test/Squash___Powdery_mildew/f14e2cb0-e910-445c-9282-0469086c9fd4___UMD_Powd.M_9876.JPG,Squash___Powdery_mildew,Squash___Powdery_mildew,0.99999964,True
/clearml_agent_cache/storage_manager/datasets/ds_687ee9f1c8dd4af98240e55e4b18258a/test/Squash___Powdery_mildew/f1d067c1-b51d-4cde-a0b8-2828d2f08123___MD_Powd.M_0149.JPG,Squash___Powdery_mildew,Squash___Powdery_mildew,1.0,True
/clearml_agent_cache/storage_manager/datasets/ds_687ee9f1c8dd4af98240e55e4b18258a/test/Squash___Powdery_mildew/f8eacd7e-de57-47c1-850b-7ef86f2b5407___MD_Powd.M_0576.JPG,Squash___Powdery_mildew,Squash___Powdery_mildew,1.0,True
/clearml_agent_cache/storage_manager/datasets/ds_687ee9f1c8dd4af98240e55e4b18258a/test/Squash___Powdery_mildew/fb29e065-aa71-40af-88ef-0385bb98b9e8___UMD_Powd.M_0123.JPG,Squash___Powdery_mildew,Squash___Powdery_mildew,1.0,True
/clearml_agent_cache/storage_manager/datasets/ds_687ee9f1c8dd4af98240e55e4b18258a/test/Strawberry___Leaf_scorch/0138e78b-9802-43b5-b40e-84c38160418c___RS_L.Scorch_1289.JPG,Strawberry___Leaf_scorch,Strawberry___Leaf_scorch,0.9999994,True
/clearml_agent_cache/storage_manager/datasets/ds_687ee9f1c8dd4af98240e55e4b18258a/test/Strawberry___Leaf_scorch/078b21fd-2d64-4c8b-8bfb-410c82cfbe84___RS_L.Scorch_1140.JPG,Strawberry___Leaf_scorch,Strawberry___Leaf_scorch,1.0,True
/clearml_agent_cache/storage_manager/datasets/ds_687ee9f1c8dd4af98240e55e4b18258a/test/Strawberry___Leaf_scorch/11d22595-35dc-46be-9436-79bcacb8880a___RS_L.Scorch_9953.JPG,Strawberry___Leaf_scorch,Strawberry___Leaf_scorch,1.0,True
/clearml_agent_cache/storage_manager/datasets/ds_687ee9f1c8dd4af98240e55e4b18258a/test/Strawberry___Leaf_scorch/1634e251-6b10-4531-9df2-9f231cb7e047___RS_L.Scorch_0918.JPG,Strawberry___Leaf_scorch,Strawberry___Leaf_scorch,1.0,True
/clearml_agent_cache/storage_manager/datasets/ds_687ee9f1c8dd4af98240e55e4b18258a/test/Strawberry___Leaf_scorch/1c759763-3c5b-477f-b2fe-ae0f8387bf53___RS_L.Scorch_1045.JPG,Strawberry___Leaf_scorch,Strawberry___Leaf_scorch,1.0,True
/clearml_agent_cache/storage_manager/datasets/ds_687ee9f1c8dd4af98240e55e4b18258a/test/Strawberry___Leaf_scorch/201f9b9c-8b54-422a-8f2a-5d4934341ac9___RS_L.Scorch_0907.JPG,Strawberry___Leaf_scorch,Strawberry___Leaf_scorch,1.0,True
/clearml_agent_cache/storage_manager/datasets/ds_687ee9f1c8dd4af98240e55e4b18258a/test/Strawberry___Leaf_scorch/23359934-8e33-43b5-882b-40c78f59d830___RS_L.Scorch_9918.JPG,Strawberry___Leaf_scorch,Strawberry___Leaf_scorch,0.99999964,True
/clearml_agent_cache/storage_manager/datasets/ds_687ee9f1c8dd4af98240e55e4b18258a/test/Strawberry___Leaf_scorch/242657d2-7e24-4016-b837-10e7f905f02e___RS_L.Scorch_9998.JPG,Strawberry___Leaf_scorch,Strawberry___Leaf_scorch,0.9999999,True
/clearml_agent_cache/storage_manager/datasets/ds_687ee9f1c8dd4af98240e55e4b18258a/test/Strawberry___Leaf_scorch/253d61ac-85fd-4749-b071-3327f6d9384f___RS_L.Scorch_0082.JPG,Strawberry___Leaf_scorch,Strawberry___Leaf_scorch,1.0,True
/clearml_agent_cache/storage_manager/datasets/ds_687ee9f1c8dd4af98240e55e4b18258a/test/Strawberry___Leaf_scorch/2a49f9f9-acee-4c82-ba21-f51239735d74___RS_L.Scorch_0917.JPG,Strawberry___Leaf_scorch,Strawberry___Leaf_scorch,1.0,True
/clearml_agent_cache/storage_manager/datasets/ds_687ee9f1c8dd4af98240e55e4b18258a/test/Strawberry___Leaf_scorch/2bdc3e10-2225-46b7-9808-ff6d9553901a___RS_L.Scorch_1543.JPG,Strawberry___Leaf_scorch,Strawberry___Leaf_scorch,1.0,True
/clearml_agent_cache/storage_manager/datasets/ds_687ee9f1c8dd4af98240e55e4b18258a/test/Strawberry___Leaf_scorch/33d4cf68-a314-4898-a875-2b66672a98be___RS_L.Scorch_0815.JPG,Strawberry___Leaf_scorch,Strawberry___Leaf_scorch,1.0,True
/clearml_agent_cache/storage_manager/datasets/ds_687ee9f1c8dd4af98240e55e4b18258a/test/Strawberry___Leaf_scorch/3869a630-48d2-4b52-82d1-0de064f14c3e___RS_L.Scorch_0936.JPG,Strawberry___Leaf_scorch,Strawberry___Leaf_scorch,1.0,True
/clearml_agent_cache/storage_manager/datasets/ds_687ee9f1c8dd4af98240e55e4b18258a/test/Strawberry___Leaf_scorch/3d117de7-fbd0-44c1-82cd-bef5f1063802___RS_L.Scorch_1102.JPG,Strawberry___Leaf_scorch,Strawberry___Leaf_scorch,1.0,True
/clearml_agent_cache/storage_manager/datasets/ds_687ee9f1c8dd4af98240e55e4b18258a/test/Strawberry___Leaf_scorch/3d5c1145-b344-4965-afba-5e30fea822b5___RS_L.Scorch_1009.JPG,Strawberry___Leaf_scorch,Strawberry___Leaf_scorch,1.0,True
/clearml_agent_cache/storage_manager/datasets/ds_687ee9f1c8dd4af98240e55e4b18258a/test/Strawberry___Leaf_scorch/3f6a523b-6fde-4fbd-8c6a-7cf84e96fd76___RS_L.Scorch_0968.JPG,Strawberry___Leaf_scorch,Strawberry___Leaf_scorch,1.0,True
/clearml_agent_cache/storage_manager/datasets/ds_687ee9f1c8dd4af98240e55e4b18258a/test/Strawberry___Leaf_scorch/40dcf267-50ab-48d8-a6e2-524f708db21e___RS_L.Scorch_0155.JPG,Strawberry___Leaf_scorch,Strawberry___Leaf_scorch,0.99997413,True
/clearml_agent_cache/storage_manager/datasets/ds_687ee9f1c8dd4af98240e55e4b18258a/test/Strawberry___Leaf_scorch/43c14761-a95f-4732-b5cd-5c2d4d4940de___RS_L.Scorch_9900.JPG,Strawberry___Leaf_scorch,Strawberry___Leaf_scorch,1.0,True
/clearml_agent_cache/storage_manager/datasets/ds_687ee9f1c8dd4af98240e55e4b18258a/test/Strawberry___Leaf_scorch/480af90e-7176-4da3-9689-3942a20be40f___RS_L.Scorch_1463.JPG,Strawberry___Leaf_scorch,Strawberry___Leaf_scorch,0.99999714,True
/clearml_agent_cache/storage_manager/datasets/ds_687ee9f1c8dd4af98240e55e4b18258a/test/Strawberry___Leaf_scorch/4a516057-a035-4bfe-b6a2-a6978efe0837___RS_L.Scorch_0865.JPG,Strawberry___Leaf_scorch,Strawberry___Leaf_scorch,1.0,True
/clearml_agent_cache/storage_manager/datasets/ds_687ee9f1c8dd4af98240e55e4b18258a/test/Strawberry___Leaf_scorch/527ceb3f-b9b6-4c46-a12c-1cdafe4659b3___RS_L.Scorch_1328.JPG,Strawberry___Leaf_scorch,Strawberry___Leaf_scorch,0.9999999,True
/clearml_agent_cache/storage_manager/datasets/ds_687ee9f1c8dd4af98240e55e4b18258a/test/Strawberry___Leaf_scorch/612d0b91-8476-4f16-b626-8fe6de224307___RS_L.Scorch_0002.JPG,Strawberry___Leaf_scorch,Strawberry___Leaf_scorch,0.99398863,True
/clearml_agent_cache/storage_manager/datasets/ds_687ee9f1c8dd4af98240e55e4b18258a/test/Strawberry___Leaf_scorch/638c2ec7-0381-4b70-8b84-8b270e70cd87___RS_L.Scorch_1085.JPG,Strawberry___Leaf_scorch,Strawberry___Leaf_scorch,1.0,True
/clearml_agent_cache/storage_manager/datasets/ds_687ee9f1c8dd4af98240e55e4b18258a/test/Strawberry___Leaf_scorch/8573df4b-218b-42ad-9d39-36e18dfc7520___RS_L.Scorch_1350.JPG,Strawberry___Leaf_scorch,Strawberry___Leaf_scorch,1.0,True
/clearml_agent_cache/storage_manager/datasets/ds_687ee9f1c8dd4af98240e55e4b18258a/test/Strawberry___Leaf_scorch/9b7b68ff-3334-4d4a-a859-8237a595bfa5___RS_L.Scorch_1271.JPG,Strawberry___Leaf_scorch,Strawberry___Leaf_scorch,1.0,True
/clearml_agent_cache/storage_manager/datasets/ds_687ee9f1c8dd4af98240e55e4b18258a/test/Strawberry___Leaf_scorch/9f5655eb-89c9-4b50-938b-6938146cb193___RS_L.Scorch_1381.JPG,Strawberry___Leaf_scorch,Strawberry___Leaf_scorch,0.9999999,True
/clearml_agent_cache/storage_manager/datasets/ds_687ee9f1c8dd4af98240e55e4b18258a/test/Strawberry___Leaf_scorch/a4a68bfa-fef9-4e8f-a3e7-aeab239e210d___RS_L.Scorch_0061.JPG,Strawberry___Leaf_scorch,Strawberry___Leaf_scorch,1.0,True
/clearml_agent_cache/storage_manager/datasets/ds_687ee9f1c8dd4af98240e55e4b18258a/test/Strawberry___Leaf_scorch/abcc6c2f-778b-40e0-b7d3-24698f02aa8a___RS_L.Scorch_0947.JPG,Strawberry___Leaf_scorch,Strawberry___Leaf_scorch,1.0,True
/clearml_agent_cache/storage_manager/datasets/ds_687ee9f1c8dd4af98240e55e4b18258a/test/Strawberry___Leaf_scorch/b0046a5b-152e-46df-a369-b96ccffd1dca___RS_L.Scorch_0799.JPG,Strawberry___Leaf_scorch,Strawberry___Leaf_scorch,1.0,True
/clearml_agent_cache/storage_manager/datasets/ds_687ee9f1c8dd4af98240e55e4b18258a/test/Strawberry___Leaf_scorch/b06eee95-6d12-4fab-bd1d-009dffd7aa12___RS_L.Scorch_0909.JPG,Strawberry___Leaf_scorch,Strawberry___Leaf_scorch,1.0,True
/clearml_agent_cache/storage_manager/datasets/ds_687ee9f1c8dd4af98240e55e4b18258a/test/Strawberry___Leaf_scorch/bac7e233-53f0-42bd-bc2a-3927e6029c33___RS_L.Scorch_1576.JPG,Strawberry___Leaf_scorch,Strawberry___Leaf_scorch,1.0,True
/clearml_agent_cache/storage_manager/datasets/ds_687ee9f1c8dd4af98240e55e4b18258a/test/Strawberry___Leaf_scorch/bb7a9290-dba6-4a30-9da8-1a271e84ed3f___RS_L.Scorch_1560.JPG,Strawberry___Leaf_scorch,Strawberry___Leaf_scorch,0.9999999,True
/clearml_agent_cache/storage_manager/datasets/ds_687ee9f1c8dd4af98240e55e4b18258a/test/Strawberry___Leaf_scorch/c087f2cf-e298-4363-bc4f-3e42ab4db0c6___RS_L.Scorch_1183.JPG,Strawberry___Leaf_scorch,Strawberry___Leaf_scorch,1.0,True
/clearml_agent_cache/storage_manager/datasets/ds_687ee9f1c8dd4af98240e55e4b18258a/test/Strawberry___Leaf_scorch/c1637527-fb56-4ac5-a732-b56cc83d2bbb___RS_L.Scorch_1281.JPG,Strawberry___Leaf_scorch,Strawberry___Leaf_scorch,1.0,True
/clearml_agent_cache/storage_manager/datasets/ds_687ee9f1c8dd4af98240e55e4b18258a/test/Strawberry___Leaf_scorch/dfd9d830-d639-4ead-a2ec-dddded0878e8___RS_L.Scorch_0883.JPG,Strawberry___Leaf_scorch,Strawberry___Leaf_scorch,1.0,True
/clearml_agent_cache/storage_manager/datasets/ds_687ee9f1c8dd4af98240e55e4b18258a/test/Strawberry___Leaf_scorch/e1d610a4-f47f-43e1-8a8d-e8514121b8c8___RS_L.Scorch_1210.JPG,Strawberry___Leaf_scorch,Strawberry___Leaf_scorch,1.0,True
/clearml_agent_cache/storage_manager/datasets/ds_687ee9f1c8dd4af98240e55e4b18258a/test/Strawberry___Leaf_scorch/e4c80180-3b82-4991-8814-cbaf4f316162___RS_L.Scorch_1182.JPG,Strawberry___Leaf_scorch,Strawberry___Leaf_scorch,1.0,True
/clearml_agent_cache/storage_manager/datasets/ds_687ee9f1c8dd4af98240e55e4b18258a/test/Strawberry___Leaf_scorch/e4f0a3a5-2de6-4496-83fa-8a3c015eed00___RS_L.Scorch_1561.JPG,Strawberry___Leaf_scorch,Strawberry___Leaf_scorch,0.9999999,True
/clearml_agent_cache/storage_manager/datasets/ds_687ee9f1c8dd4af98240e55e4b18258a/test/Strawberry___Leaf_scorch/e821c563-d9f1-4e43-ad29-e85282ce80d9___RS_L.Scorch_0075.JPG,Strawberry___Leaf_scorch,Strawberry___Leaf_scorch,1.0,True
/clearml_agent_cache/storage_manager/datasets/ds_687ee9f1c8dd4af98240e55e4b18258a/test/Strawberry___Leaf_scorch/ebd1ccd4-ca76-4271-9f71-9d79348fb58a___RS_L.Scorch_1364.JPG,Strawberry___Leaf_scorch,Strawberry___Leaf_scorch,1.0,True
/clearml_agent_cache/storage_manager/datasets/ds_687ee9f1c8dd4af98240e55e4b18258a/test/Strawberry___Leaf_scorch/f107935e-2a68-4365-a8b4-a9b9bf9724b1___RS_L.Scorch_0114.JPG,Strawberry___Leaf_scorch,Strawberry___Leaf_scorch,1.0,True
/clearml_agent_cache/storage_manager/datasets/ds_687ee9f1c8dd4af98240e55e4b18258a/test/Strawberry___Leaf_scorch/f2753f29-da5f-47aa-bb0b-fdb6b0e597c2___RS_L.Scorch_1134.JPG,Strawberry___Leaf_scorch,Strawberry___Leaf_scorch,1.0,True
/clearml_agent_cache/storage_manager/datasets/ds_687ee9f1c8dd4af98240e55e4b18258a/test/Strawberry___Leaf_scorch/f932b03b-050d-4d4a-9076-6823efc1cb73___RS_L.Scorch_0856.JPG,Strawberry___Leaf_scorch,Strawberry___Leaf_scorch,1.0,True
/clearml_agent_cache/storage_manager/datasets/ds_687ee9f1c8dd4af98240e55e4b18258a/test/Strawberry___Leaf_scorch/fd1df3b4-2647-4232-a705-464a6375a84b___RS_L.Scorch_1500.JPG,Strawberry___Leaf_scorch,Strawberry___Leaf_scorch,1.0,True
/clearml_agent_cache/storage_manager/datasets/ds_687ee9f1c8dd4af98240e55e4b18258a/test/Strawberry___healthy/096ce0d4-c5ef-4b66-b20f-f9ff62d09f48___RS_HL_1879.JPG,Strawberry___healthy,Strawberry___healthy,1.0,True
/clearml_agent_cache/storage_manager/datasets/ds_687ee9f1c8dd4af98240e55e4b18258a/test/Strawberry___healthy/15a5c256-859d-4cff-8b3f-597b8baf3329___RS_HL_4843.JPG,Strawberry___healthy,Strawberry___healthy,1.0,True
/clearml_agent_cache/storage_manager/datasets/ds_687ee9f1c8dd4af98240e55e4b18258a/test/Strawberry___healthy/23471535-c155-435a-b538-a1647bb13e08___RS_HL_4742.JPG,Strawberry___healthy,Strawberry___healthy,1.0,True
/clearml_agent_cache/storage_manager/datasets/ds_687ee9f1c8dd4af98240e55e4b18258a/test/Strawberry___healthy/4d5733cd-e68e-4fd8-9587-aaaf9502934b___RS_HL_4466.JPG,Strawberry___healthy,Strawberry___healthy,1.0,True
/clearml_agent_cache/storage_manager/datasets/ds_687ee9f1c8dd4af98240e55e4b18258a/test/Strawberry___healthy/550c54e7-c80e-4225-8060-b20af93458ff___RS_HL_1640.JPG,Strawberry___healthy,Strawberry___healthy,1.0,True
/clearml_agent_cache/storage_manager/datasets/ds_687ee9f1c8dd4af98240e55e4b18258a/test/Strawberry___healthy/64aea8c6-24df-40c1-9d68-0221f4151383___RS_HL_2103.JPG,Strawberry___healthy,Strawberry___healthy,1.0,True
/clearml_agent_cache/storage_manager/datasets/ds_687ee9f1c8dd4af98240e55e4b18258a/test/Strawberry___healthy/666a3c73-655c-43e4-a4d3-a9cff6a31b84___RS_HL_4331.JPG,Strawberry___healthy,Strawberry___healthy,1.0,True
/clearml_agent_cache/storage_manager/datasets/ds_687ee9f1c8dd4af98240e55e4b18258a/test/Strawberry___healthy/78d75cc6-54e0-469d-ade8-d67d1752872a___RS_HL_2018.JPG,Strawberry___healthy,Strawberry___healthy,0.9998679,True
/clearml_agent_cache/storage_manager/datasets/ds_687ee9f1c8dd4af98240e55e4b18258a/test/Strawberry___healthy/7ba8b9d1-9f10-479c-901a-b038f042f0ce___RS_HL_4749.JPG,Strawberry___healthy,Strawberry___healthy,1.0,True
/clearml_agent_cache/storage_manager/datasets/ds_687ee9f1c8dd4af98240e55e4b18258a/test/Strawberry___healthy/7d6ed1f3-f7c9-48a8-a363-bf2ea58f3f67___RS_HL_4839.JPG,Strawberry___healthy,Strawberry___healthy,1.0,True
/clearml_agent_cache/storage_manager/datasets/ds_687ee9f1c8dd4af98240e55e4b18258a/test/Strawberry___healthy/7e0587c2-c806-4e7c-a3d6-53b810de904d___RS_HL_4748.JPG,Strawberry___healthy,Strawberry___healthy,1.0,True
/clearml_agent_cache/storage_manager/datasets/ds_687ee9f1c8dd4af98240e55e4b18258a/test/Strawberry___healthy/8a540a98-3e4e-44a9-b1c3-990772c57985___RS_HL_4597.JPG,Strawberry___healthy,Strawberry___healthy,1.0,True
/clearml_agent_cache/storage_manager/datasets/ds_687ee9f1c8dd4af98240e55e4b18258a/test/Strawberry___healthy/8df11a1a-0e18-4757-848b-e3901e9fbd2f___RS_HL_1626.JPG,Strawberry___healthy,Strawberry___healthy,1.0,True
/clearml_agent_cache/storage_manager/datasets/ds_687ee9f1c8dd4af98240e55e4b18258a/test/Strawberry___healthy/975a4f22-0c55-4d2a-a4a2-e8686acc9897___RS_HL_1799.JPG,Strawberry___healthy,Strawberry___healthy,0.9999651,True
/clearml_agent_cache/storage_manager/datasets/ds_687ee9f1c8dd4af98240e55e4b18258a/test/Strawberry___healthy/bb37a7ff-af9b-4db2-ab44-ccd9452e6bf6___RS_HL_2074.JPG,Strawberry___healthy,Strawberry___healthy,1.0,True
/clearml_agent_cache/storage_manager/datasets/ds_687ee9f1c8dd4af98240e55e4b18258a/test/Strawberry___healthy/eabd6c29-7543-4274-95f3-78e3e80f45c9___RS_HL_4735.JPG,Strawberry___healthy,Strawberry___healthy,1.0,True
/clearml_agent_cache/storage_manager/datasets/ds_687ee9f1c8dd4af98240e55e4b18258a/test/Strawberry___healthy/f755c827-8e42-4cc1-a8fa-30951a9fc91c___RS_HL_2095.JPG,Strawberry___healthy,Strawberry___healthy,0.99999917,True
/clearml_agent_cache/storage_manager/datasets/ds_687ee9f1c8dd4af98240e55e4b18258a/test/Strawberry___healthy/f9371b89-d935-454e-896e-64415815bbe6___RS_HL_1936.JPG,Strawberry___healthy,Strawberry___healthy,1.0,True
/clearml_agent_cache/storage_manager/datasets/ds_687ee9f1c8dd4af98240e55e4b18258a/test/Tomato___Bacterial_spot/05777829-6912-44bb-bcef-901bc5190584___GCREC_Bact.Sp_6150.JPG,Tomato___Bacterial_spot,Tomato___Bacterial_spot,1.0,True
/clearml_agent_cache/storage_manager/datasets/ds_687ee9f1c8dd4af98240e55e4b18258a/test/Tomato___Bacterial_spot/057e3333-e63f-4259-888e-12869cc457c7___GCREC_Bact.Sp_3317.JPG,Tomato___Bacterial_spot,Tomato___Bacterial_spot,0.9999902,True
/clearml_agent_cache/storage_manager/datasets/ds_687ee9f1c8dd4af98240e55e4b18258a/test/Tomato___Bacterial_spot/08a25478-76ed-4e4c-8ad0-bc7322f050b0___GCREC_Bact.Sp_3028.JPG,Tomato___Bacterial_spot,Tomato___Bacterial_spot,1.0,True
/clearml_agent_cache/storage_manager/datasets/ds_687ee9f1c8dd4af98240e55e4b18258a/test/Tomato___Bacterial_spot/0ab54691-ba9f-4c1f-a69b-ec0501df4401___GCREC_Bact.Sp_3170.JPG,Tomato___Bacterial_spot,Tomato___Bacterial_spot,1.0,True
/clearml_agent_cache/storage_manager/datasets/ds_687ee9f1c8dd4af98240e55e4b18258a/test/Tomato___Bacterial_spot/0e591ff9-a58f-4748-ac0f-984233f441af___GCREC_Bact.Sp_3292.JPG,Tomato___Bacterial_spot,Tomato___Bacterial_spot,0.9999902,True
/clearml_agent_cache/storage_manager/datasets/ds_687ee9f1c8dd4af98240e55e4b18258a/test/Tomato___Bacterial_spot/111a63c7-6445-47a4-a0d6-9157fd82b804___UF.GRC_BS_Lab_Leaf_0565.JPG,Tomato___Bacterial_spot,Tomato___Bacterial_spot,0.99995506,True
/clearml_agent_cache/storage_manager/datasets/ds_687ee9f1c8dd4af98240e55e4b18258a/test/Tomato___Bacterial_spot/13affc42-3a89-4a99-97aa-98f41682a71e___UF.GRC_BS_Lab_Leaf_0546.JPG,Tomato___Bacterial_spot,Tomato___Bacterial_spot,0.9990767,True
/clearml_agent_cache/storage_manager/datasets/ds_687ee9f1c8dd4af98240e55e4b18258a/test/Tomato___Bacterial_spot/140ee344-ae36-403a-ace1-21d45f67ce57___GCREC_Bact.Sp_2969.JPG,Tomato___Bacterial_spot,Tomato___Bacterial_spot,0.9998951,True
/clearml_agent_cache/storage_manager/datasets/ds_687ee9f1c8dd4af98240e55e4b18258a/test/Tomato___Bacterial_spot/14f9fe9d-517e-4f70-9a4b-97fff9a26e65___GCREC_Bact.Sp_6295.JPG,Tomato___Bacterial_spot,Tomato___Bacterial_spot,0.9999877,True
/clearml_agent_cache/storage_manager/datasets/ds_687ee9f1c8dd4af98240e55e4b18258a/test/Tomato___Bacterial_spot/177b313d-c3e5-417f-b17b-d945ca4e48ea___GCREC_Bact.Sp_5687.JPG,Tomato___Bacterial_spot,Tomato___Bacterial_spot,1.0,True
/clearml_agent_cache/storage_manager/datasets/ds_687ee9f1c8dd4af98240e55e4b18258a/test/Tomato___Bacterial_spot/19969ddc-0cdd-42f6-bbc4-351752a7ccec___GCREC_Bact.Sp_3428.JPG,Tomato___Bacterial_spot,Tomato___Bacterial_spot,1.0,True
/clearml_agent_cache/storage_manager/datasets/ds_687ee9f1c8dd4af98240e55e4b18258a/test/Tomato___Bacterial_spot/1fcebd34-f196-4909-abd1-6d9413d9b4b4___GCREC_Bact.Sp_3304.JPG,Tomato___Bacterial_spot,Tomato___Bacterial_spot,1.0,True
/clearml_agent_cache/storage_manager/datasets/ds_687ee9f1c8dd4af98240e55e4b18258a/test/Tomato___Bacterial_spot/2353ecb8-d1bb-4e2c-bb0f-7a0c90b5cdf4___UF.GRC_BS_Lab_Leaf_8717.JPG,Tomato___Bacterial_spot,Tomato___Bacterial_spot,0.9981211,True
/clearml_agent_cache/storage_manager/datasets/ds_687ee9f1c8dd4af98240e55e4b18258a/test/Tomato___Bacterial_spot/23642d88-83e5-491d-b9f2-7ddac809975b___GCREC_Bact.Sp_6186.JPG,Tomato___Bacterial_spot,Tomato___Bacterial_spot,0.99999964,True
/clearml_agent_cache/storage_manager/datasets/ds_687ee9f1c8dd4af98240e55e4b18258a/test/Tomato___Bacterial_spot/24b48701-9f33-4db3-8245-05b60ce7ad7a___GCREC_Bact.Sp_6204.JPG,Tomato___Bacterial_spot,Tomato___Bacterial_spot,0.9999999,True
/clearml_agent_cache/storage_manager/datasets/ds_687ee9f1c8dd4af98240e55e4b18258a/test/Tomato___Bacterial_spot/251b4763-59dd-49a8-99a6-6cf50b239454___GCREC_Bact.Sp_3589.JPG,Tomato___Bacterial_spot,Tomato___Bacterial_spot,0.99994147,True
/clearml_agent_cache/storage_manager/datasets/ds_687ee9f1c8dd4af98240e55e4b18258a/test/Tomato___Bacterial_spot/29a61150-5453-4a76-88eb-2e97a8f4c400___GCREC_Bact.Sp_6345.JPG,Tomato___Bacterial_spot,Tomato___Bacterial_spot,0.99933296,True
/clearml_agent_cache/storage_manager/datasets/ds_687ee9f1c8dd4af98240e55e4b18258a/test/Tomato___Bacterial_spot/29aa56e5-1c34-4617-97a9-bf7b0a85b644___GCREC_Bact.Sp_3355.JPG,Tomato___Bacterial_spot,Tomato___Bacterial_spot,0.9999672,True
/clearml_agent_cache/storage_manager/datasets/ds_687ee9f1c8dd4af98240e55e4b18258a/test/Tomato___Bacterial_spot/2bb3c4e6-350a-411b-a1d2-d33f6173b1b9___UF.GRC_BS_Lab_Leaf_0258.JPG,Tomato___Bacterial_spot,Tomato___Bacterial_spot,0.99993837,True
/clearml_agent_cache/storage_manager/datasets/ds_687ee9f1c8dd4af98240e55e4b18258a/test/Tomato___Bacterial_spot/31549f17-8b3c-4a16-9775-d3c50db39fb8___GCREC_Bact.Sp_5968.JPG,Tomato___Bacterial_spot,Tomato___Bacterial_spot,0.99999976,True
/clearml_agent_cache/storage_manager/datasets/ds_687ee9f1c8dd4af98240e55e4b18258a/test/Tomato___Bacterial_spot/3a5a5fef-8a3a-4f70-ab85-eaf5e3ecf6f2___GCREC_Bact.Sp_3449.JPG,Tomato___Bacterial_spot,Tomato___Bacterial_spot,0.999998,True
/clearml_agent_cache/storage_manager/datasets/ds_687ee9f1c8dd4af98240e55e4b18258a/test/Tomato___Bacterial_spot/46c03e65-7398-4ecb-aca4-69c0edb3015b___GCREC_Bact.Sp_5724.JPG,Tomato___Bacterial_spot,Tomato___Bacterial_spot,1.0,True
/clearml_agent_cache/storage_manager/datasets/ds_687ee9f1c8dd4af98240e55e4b18258a/test/Tomato___Bacterial_spot/4990878e-265e-4dad-98cf-ce60fb67035b___GCREC_Bact.Sp_3479.JPG,Tomato___Bacterial_spot,Tomato___Bacterial_spot,1.0,True
/clearml_agent_cache/storage_manager/datasets/ds_687ee9f1c8dd4af98240e55e4b18258a/test/Tomato___Bacterial_spot/4c4765f3-e177-4baa-a2a3-c7784e8f6a78___GCREC_Bact.Sp_3411.JPG,Tomato___Bacterial_spot,Tomato___Bacterial_spot,0.9999914,True
/clearml_agent_cache/storage_manager/datasets/ds_687ee9f1c8dd4af98240e55e4b18258a/test/Tomato___Bacterial_spot/4fbd7787-b45b-4614-916f-4c063f164046___GCREC_Bact.Sp_3759.JPG,Tomato___Bacterial_spot,Tomato___Bacterial_spot,0.9999975,True
/clearml_agent_cache/storage_manager/datasets/ds_687ee9f1c8dd4af98240e55e4b18258a/test/Tomato___Bacterial_spot/570a9d03-9eb2-4ee3-a940-a7b670a42fbe___UF.GRC_BS_Lab_Leaf_8632.JPG,Tomato___Bacterial_spot,Tomato___Bacterial_spot,0.99970657,True
/clearml_agent_cache/storage_manager/datasets/ds_687ee9f1c8dd4af98240e55e4b18258a/test/Tomato___Bacterial_spot/5aeedf79-4095-41e5-b743-ae2afb328940___GCREC_Bact.Sp_6078.JPG,Tomato___Bacterial_spot,Tomato___Bacterial_spot,0.999998,True
/clearml_agent_cache/storage_manager/datasets/ds_687ee9f1c8dd4af98240e55e4b18258a/test/Tomato___Bacterial_spot/61c2fc74-79b0-4c16-8d6e-14d054281bc8___GCREC_Bact.Sp_3086.JPG,Tomato___Bacterial_spot,Tomato___Bacterial_spot,1.0,True
/clearml_agent_cache/storage_manager/datasets/ds_687ee9f1c8dd4af98240e55e4b18258a/test/Tomato___Bacterial_spot/65476dd0-6a5b-4623-b97d-96d74dcdbe03___GCREC_Bact.Sp_3842.JPG,Tomato___Bacterial_spot,Tomato___Bacterial_spot,0.7221456,True
/clearml_agent_cache/storage_manager/datasets/ds_687ee9f1c8dd4af98240e55e4b18258a/test/Tomato___Bacterial_spot/6a4ce1e3-a768-4f6e-96cf-3590df10fdc5___GCREC_Bact.Sp_3608.JPG,Tomato___Bacterial_spot,Tomato___Bacterial_spot,0.9998246,True
/clearml_agent_cache/storage_manager/datasets/ds_687ee9f1c8dd4af98240e55e4b18258a/test/Tomato___Bacterial_spot/6aa07949-08b2-4945-a535-3f8b49f86599___GCREC_Bact.Sp_6344.JPG,Tomato___Bacterial_spot,Tomato___Bacterial_spot,0.94855815,True
/clearml_agent_cache/storage_manager/datasets/ds_687ee9f1c8dd4af98240e55e4b18258a/test/Tomato___Bacterial_spot/6b30245b-6c88-4cdb-b170-96bcba1212c4___UF.GRC_BS_Lab_Leaf_8765.JPG,Tomato___Bacterial_spot,Tomato___Bacterial_spot,0.99991703,True
/clearml_agent_cache/storage_manager/datasets/ds_687ee9f1c8dd4af98240e55e4b18258a/test/Tomato___Bacterial_spot/6e8aef28-b9c4-4270-aa79-ca882d3b038e___UF.GRC_BS_Lab_Leaf_9247.JPG,Tomato___Bacterial_spot,Tomato___Bacterial_spot,0.9999993,True
/clearml_agent_cache/storage_manager/datasets/ds_687ee9f1c8dd4af98240e55e4b18258a/test/Tomato___Bacterial_spot/75801778-ca08-4e6c-a209-a5eb74564929___GCREC_Bact.Sp_6390.JPG,Tomato___Bacterial_spot,Tomato___Bacterial_spot,0.9999999,True
/clearml_agent_cache/storage_manager/datasets/ds_687ee9f1c8dd4af98240e55e4b18258a/test/Tomato___Bacterial_spot/767eb77f-de18-4314-a465-4df8d442f468___GCREC_Bact.Sp_5951.JPG,Tomato___Bacterial_spot,Tomato___Bacterial_spot,0.9999993,True
/clearml_agent_cache/storage_manager/datasets/ds_687ee9f1c8dd4af98240e55e4b18258a/test/Tomato___Bacterial_spot/7c81f26b-847a-4781-990c-6b2b84280037___UF.GRC_BS_Lab_Leaf_9314.JPG,Tomato___Bacterial_spot,Tomato___Bacterial_spot,0.9999695,True
/clearml_agent_cache/storage_manager/datasets/ds_687ee9f1c8dd4af98240e55e4b18258a/test/Tomato___Bacterial_spot/8242a847-cd26-45ee-995d-dcec33ba89f3___GCREC_Bact.Sp_3806.JPG,Tomato___Bacterial_spot,Tomato___Bacterial_spot,0.99999845,True
/clearml_agent_cache/storage_manager/datasets/ds_687ee9f1c8dd4af98240e55e4b18258a/test/Tomato___Bacterial_spot/86f8c248-65a7-49a5-9374-9710a7082005___GCREC_Bact.Sp_5634.JPG,Tomato___Bacterial_spot,Tomato___Bacterial_spot,0.9999987,True
/clearml_agent_cache/storage_manager/datasets/ds_687ee9f1c8dd4af98240e55e4b18258a/test/Tomato___Bacterial_spot/88a4e8ec-ef71-4847-b778-90eae647f331___UF.GRC_BS_Lab_Leaf_0640.JPG,Tomato___Bacterial_spot,Tomato___Late_blight,0.8256361,False
/clearml_agent_cache/storage_manager/datasets/ds_687ee9f1c8dd4af98240e55e4b18258a/test/Tomato___Bacterial_spot/8a19d8fe-d257-40b7-9c98-34dc3d7bc39e___GCREC_Bact.Sp_5873.JPG,Tomato___Bacterial_spot,Tomato___Bacterial_spot,1.0,True
/clearml_agent_cache/storage_manager/datasets/ds_687ee9f1c8dd4af98240e55e4b18258a/test/Tomato___Bacterial_spot/8b4f1638-2795-4da0-8aa6-06792870bf86___GCREC_Bact.Sp_3591.JPG,Tomato___Bacterial_spot,Tomato___Bacterial_spot,0.99999774,True
/clearml_agent_cache/storage_manager/datasets/ds_687ee9f1c8dd4af98240e55e4b18258a/test/Tomato___Bacterial_spot/8ba984dc-b9f0-4367-8a27-8486ceacf09a___GCREC_Bact.Sp_3225.JPG,Tomato___Bacterial_spot,Tomato___Bacterial_spot,1.0,True
/clearml_agent_cache/storage_manager/datasets/ds_687ee9f1c8dd4af98240e55e4b18258a/test/Tomato___Bacterial_spot/8dee1c17-ae17-4392-92c5-acee82c83c86___GCREC_Bact.Sp_3747.JPG,Tomato___Bacterial_spot,Tomato___Bacterial_spot,1.0,True
/clearml_agent_cache/storage_manager/datasets/ds_687ee9f1c8dd4af98240e55e4b18258a/test/Tomato___Bacterial_spot/8fb90166-3c4a-4553-a920-54b529dbaf24___UF.GRC_BS_Lab_Leaf_0271.JPG,Tomato___Bacterial_spot,Tomato___Bacterial_spot,0.9997421,True
/clearml_agent_cache/storage_manager/datasets/ds_687ee9f1c8dd4af98240e55e4b18258a/test/Tomato___Bacterial_spot/90658246-1e73-4771-942c-17722d5e4634___GCREC_Bact.Sp_2967.JPG,Tomato___Bacterial_spot,Tomato___Bacterial_spot,0.9853478,True
/clearml_agent_cache/storage_manager/datasets/ds_687ee9f1c8dd4af98240e55e4b18258a/test/Tomato___Bacterial_spot/90c73b3d-1467-4c37-81d0-a264e13348a6___GCREC_Bact.Sp_3147.JPG,Tomato___Bacterial_spot,Tomato___Bacterial_spot,0.99999976,True
/clearml_agent_cache/storage_manager/datasets/ds_687ee9f1c8dd4af98240e55e4b18258a/test/Tomato___Bacterial_spot/9116dd54-7abc-4e0e-b477-c7f361b8def4___GCREC_Bact.Sp_5899.JPG,Tomato___Bacterial_spot,Tomato___Bacterial_spot,1.0,True
/clearml_agent_cache/storage_manager/datasets/ds_687ee9f1c8dd4af98240e55e4b18258a/test/Tomato___Bacterial_spot/92ad5b62-cec5-424b-81a6-38b6c40c0c89___GCREC_Bact.Sp_6042.JPG,Tomato___Bacterial_spot,Tomato___Bacterial_spot,0.99999344,True
/clearml_agent_cache/storage_manager/datasets/ds_687ee9f1c8dd4af98240e55e4b18258a/test/Tomato___Bacterial_spot/984f7f9e-23ff-4a33-979a-5580b3fc5146___GCREC_Bact.Sp_3846.JPG,Tomato___Bacterial_spot,Tomato___Bacterial_spot,0.99999976,True
/clearml_agent_cache/storage_manager/datasets/ds_687ee9f1c8dd4af98240e55e4b18258a/test/Tomato___Bacterial_spot/98df469d-20d0-4b6e-aae3-617473f3081f___GCREC_Bact.Sp_5792.JPG,Tomato___Bacterial_spot,Tomato___Bacterial_spot,0.99999976,True
/clearml_agent_cache/storage_manager/datasets/ds_687ee9f1c8dd4af98240e55e4b18258a/test/Tomato___Bacterial_spot/9bfadeb9-dc2c-45fb-b687-7ae6f3dcc906___UF.GRC_BS_Lab_Leaf_8789.JPG,Tomato___Bacterial_spot,Tomato___Bacterial_spot,0.9999459,True
/clearml_agent_cache/storage_manager/datasets/ds_687ee9f1c8dd4af98240e55e4b18258a/test/Tomato___Bacterial_spot/a10e3222-dd42-4c61-a0dd-f2e7848e473c___UF.GRC_BS_Lab_Leaf_0828.JPG,Tomato___Bacterial_spot,Tomato___Bacterial_spot,0.999995,True
/clearml_agent_cache/storage_manager/datasets/ds_687ee9f1c8dd4af98240e55e4b18258a/test/Tomato___Bacterial_spot/a1512ab0-2174-47fe-9edf-d1cef4268a2b___GCREC_Bact.Sp_3427.JPG,Tomato___Bacterial_spot,Tomato___Bacterial_spot,1.0,True
/clearml_agent_cache/storage_manager/datasets/ds_687ee9f1c8dd4af98240e55e4b18258a/test/Tomato___Bacterial_spot/a302713e-7881-418b-99af-7e4cae814f79___GCREC_Bact.Sp_3536.JPG,Tomato___Bacterial_spot,Tomato___Bacterial_spot,0.9999747,True
/clearml_agent_cache/storage_manager/datasets/ds_687ee9f1c8dd4af98240e55e4b18258a/test/Tomato___Bacterial_spot/a435a766-abdd-42e4-8b5d-98641c1ff7e9___UF.GRC_BS_Lab_Leaf_9133.JPG,Tomato___Bacterial_spot,Tomato___Bacterial_spot,0.9999944,True
/clearml_agent_cache/storage_manager/datasets/ds_687ee9f1c8dd4af98240e55e4b18258a/test/Tomato___Bacterial_spot/a58b67cf-4035-4cdd-8bf7-477a8d8bece8___GCREC_Bact.Sp_5564.JPG,Tomato___Bacterial_spot,Tomato___Bacterial_spot,1.0,True
/clearml_agent_cache/storage_manager/datasets/ds_687ee9f1c8dd4af98240e55e4b18258a/test/Tomato___Bacterial_spot/a69cf9dd-83c8-4b5c-8cd2-dbcba3aa1eb7___UF.GRC_BS_Lab_Leaf_8884.JPG,Tomato___Bacterial_spot,Tomato___Bacterial_spot,0.9997665,True
/clearml_agent_cache/storage_manager/datasets/ds_687ee9f1c8dd4af98240e55e4b18258a/test/Tomato___Bacterial_spot/ac099bdd-1fb0-4f9c-bb62-be3994736868___UF.GRC_BS_Lab_Leaf_0419.JPG,Tomato___Bacterial_spot,Tomato___Bacterial_spot,0.99984264,True
/clearml_agent_cache/storage_manager/datasets/ds_687ee9f1c8dd4af98240e55e4b18258a/test/Tomato___Bacterial_spot/acd63ad6-8420-495d-8a3b-961fc5c98052___GCREC_Bact.Sp_2994.JPG,Tomato___Bacterial_spot,Tomato___Bacterial_spot,0.9999999,True
/clearml_agent_cache/storage_manager/datasets/ds_687ee9f1c8dd4af98240e55e4b18258a/test/Tomato___Bacterial_spot/b8b09399-338a-4e6d-b05b-30b7a24afc43___GCREC_Bact.Sp_3273.JPG,Tomato___Bacterial_spot,Tomato___Bacterial_spot,1.0,True
/clearml_agent_cache/storage_manager/datasets/ds_687ee9f1c8dd4af98240e55e4b18258a/test/Tomato___Bacterial_spot/b913f1de-86ed-447d-bb74-9310460de8a9___GCREC_Bact.Sp_3149.JPG,Tomato___Bacterial_spot,Tomato___Bacterial_spot,1.0,True
/clearml_agent_cache/storage_manager/datasets/ds_687ee9f1c8dd4af98240e55e4b18258a/test/Tomato___Bacterial_spot/bac8ed42-ef06-44b8-b8da-9947438c63df___GCREC_Bact.Sp_6094.JPG,Tomato___Bacterial_spot,Tomato___Bacterial_spot,1.0,True
/clearml_agent_cache/storage_manager/datasets/ds_687ee9f1c8dd4af98240e55e4b18258a/test/Tomato___Bacterial_spot/bc87927b-7858-4d02-ada3-d8dc075bd82b___UF.GRC_BS_Lab_Leaf_9048.JPG,Tomato___Bacterial_spot,Tomato___Bacterial_spot,0.9641551,True
/clearml_agent_cache/storage_manager/datasets/ds_687ee9f1c8dd4af98240e55e4b18258a/test/Tomato___Bacterial_spot/bf0ce672-d1b8-49a7-a41e-5026715930e9___GCREC_Bact.Sp_6040.JPG,Tomato___Bacterial_spot,Tomato___Bacterial_spot,0.99997807,True
/clearml_agent_cache/storage_manager/datasets/ds_687ee9f1c8dd4af98240e55e4b18258a/test/Tomato___Bacterial_spot/c04f4774-dbfd-4ab0-98fd-437759b1b7f7___UF.GRC_BS_Lab_Leaf_9114.JPG,Tomato___Bacterial_spot,Tomato___Bacterial_spot,0.9690165,True
/clearml_agent_cache/storage_manager/datasets/ds_687ee9f1c8dd4af98240e55e4b18258a/test/Tomato___Bacterial_spot/c1cede9c-e0fe-429e-a62a-31f075b1fe28___GCREC_Bact.Sp_3746.JPG,Tomato___Bacterial_spot,Tomato___Bacterial_spot,1.0,True
/clearml_agent_cache/storage_manager/datasets/ds_687ee9f1c8dd4af98240e55e4b18258a/test/Tomato___Bacterial_spot/c5211a23-cfcd-4a83-9f1f-9b02d9341fc5___GCREC_Bact.Sp_3578.JPG,Tomato___Bacterial_spot,Tomato___Bacterial_spot,0.99999356,True
/clearml_agent_cache/storage_manager/datasets/ds_687ee9f1c8dd4af98240e55e4b18258a/test/Tomato___Bacterial_spot/c790128f-5406-4ffa-a545-80e818e1ceaf___GCREC_Bact.Sp_3648.JPG,Tomato___Bacterial_spot,Tomato___Bacterial_spot,0.9999995,True
/clearml_agent_cache/storage_manager/datasets/ds_687ee9f1c8dd4af98240e55e4b18258a/test/Tomato___Bacterial_spot/cae55521-635e-4d8d-b67c-f178ba3f237a___GCREC_Bact.Sp_5904.JPG,Tomato___Bacterial_spot,Tomato___Bacterial_spot,0.9999889,True
/clearml_agent_cache/storage_manager/datasets/ds_687ee9f1c8dd4af98240e55e4b18258a/test/Tomato___Bacterial_spot/cd36ac93-df2b-41f4-b29e-dd0be47114b7___GCREC_Bact.Sp_3674.JPG,Tomato___Bacterial_spot,Tomato___Bacterial_spot,0.99999964,True
/clearml_agent_cache/storage_manager/datasets/ds_687ee9f1c8dd4af98240e55e4b18258a/test/Tomato___Bacterial_spot/ce5152ad-92fb-4187-80f6-eef2524bf131___GCREC_Bact.Sp_3432.JPG,Tomato___Bacterial_spot,Tomato___Bacterial_spot,0.99999976,True
/clearml_agent_cache/storage_manager/datasets/ds_687ee9f1c8dd4af98240e55e4b18258a/test/Tomato___Bacterial_spot/cfe7ebae-8e0f-4b12-8aae-d76fd249b2c4___GCREC_Bact.Sp_6342.JPG,Tomato___Bacterial_spot,Tomato___Bacterial_spot,0.99999905,True
/clearml_agent_cache/storage_manager/datasets/ds_687ee9f1c8dd4af98240e55e4b18258a/test/Tomato___Bacterial_spot/d7f580f8-c7b1-47ff-9746-35f6f7000427___GCREC_Bact.Sp_3600.JPG,Tomato___Bacterial_spot,Tomato___Bacterial_spot,0.9999864,True
/clearml_agent_cache/storage_manager/datasets/ds_687ee9f1c8dd4af98240e55e4b18258a/test/Tomato___Bacterial_spot/dc425296-15d3-45ba-95b9-018fc4494e1e___GCREC_Bact.Sp_5682.JPG,Tomato___Bacterial_spot,Tomato___Bacterial_spot,1.0,True
/clearml_agent_cache/storage_manager/datasets/ds_687ee9f1c8dd4af98240e55e4b18258a/test/Tomato___Bacterial_spot/dfa62ef3-e71a-49c9-b3fc-6b1c72fa3408___GCREC_Bact.Sp_3176.JPG,Tomato___Bacterial_spot,Tomato___Bacterial_spot,1.0,True
/clearml_agent_cache/storage_manager/datasets/ds_687ee9f1c8dd4af98240e55e4b18258a/test/Tomato___Bacterial_spot/e1a293e6-03fa-4513-b45b-94fbe2d0b748___GCREC_Bact.Sp_3833.JPG,Tomato___Bacterial_spot,Tomato___Bacterial_spot,1.0,True
/clearml_agent_cache/storage_manager/datasets/ds_687ee9f1c8dd4af98240e55e4b18258a/test/Tomato___Bacterial_spot/e444a471-4021-424b-a375-78f3b17413c8___GCREC_Bact.Sp_6319.JPG,Tomato___Bacterial_spot,Tomato___Bacterial_spot,0.99998593,True
/clearml_agent_cache/storage_manager/datasets/ds_687ee9f1c8dd4af98240e55e4b18258a/test/Tomato___Bacterial_spot/e873f5c0-d887-496d-b037-6549e4c52d3a___UF.GRC_BS_Lab_Leaf_9271.JPG,Tomato___Bacterial_spot,Tomato___Bacterial_spot,0.9999976,True
/clearml_agent_cache/storage_manager/datasets/ds_687ee9f1c8dd4af98240e55e4b18258a/test/Tomato___Bacterial_spot/e8fa0ef6-3af0-4cb1-b22b-0fe913ec014a___UF.GRC_BS_Lab_Leaf_0277.JPG,Tomato___Bacterial_spot,Tomato___Bacterial_spot,0.9997904,True
/clearml_agent_cache/storage_manager/datasets/ds_687ee9f1c8dd4af98240e55e4b18258a/test/Tomato___Bacterial_spot/efd6193d-7d5b-4207-999d-2aeb08cd64e2___GCREC_Bact.Sp_5739.JPG,Tomato___Bacterial_spot,Tomato___Bacterial_spot,0.99999857,True
/clearml_agent_cache/storage_manager/datasets/ds_687ee9f1c8dd4af98240e55e4b18258a/test/Tomato___Bacterial_spot/f1cc12b3-3116-4b31-81fc-6383303f84ae___UF.GRC_BS_Lab_Leaf_0352.JPG,Tomato___Bacterial_spot,Tomato___Bacterial_spot,0.9659386,True
/clearml_agent_cache/storage_manager/datasets/ds_687ee9f1c8dd4af98240e55e4b18258a/test/Tomato___Bacterial_spot/f2cfc53d-a165-47d5-a9ac-6877e52a97b6___GCREC_Bact.Sp_3804.JPG,Tomato___Bacterial_spot,Tomato___Bacterial_spot,0.9999919,True
/clearml_agent_cache/storage_manager/datasets/ds_687ee9f1c8dd4af98240e55e4b18258a/test/Tomato___Bacterial_spot/f3ba91af-7c1d-48a6-806b-1ea9235dc39d___UF.GRC_BS_Lab_Leaf_8794.JPG,Tomato___Bacterial_spot,Tomato___Bacterial_spot,0.99979514,True
/clearml_agent_cache/storage_manager/datasets/ds_687ee9f1c8dd4af98240e55e4b18258a/test/Tomato___Bacterial_spot/f3e97d75-404f-4143-8316-87fa9a7ada6f___UF.GRC_BS_Lab_Leaf_9173.JPG,Tomato___Bacterial_spot,Tomato___Bacterial_spot,0.9998449,True
/clearml_agent_cache/storage_manager/datasets/ds_687ee9f1c8dd4af98240e55e4b18258a/test/Tomato___Bacterial_spot/f5142872-5e4b-4038-b4fd-b38c4097e5aa___GCREC_Bact.Sp_5679.JPG,Tomato___Bacterial_spot,Tomato___Bacterial_spot,1.0,True
/clearml_agent_cache/storage_manager/datasets/ds_687ee9f1c8dd4af98240e55e4b18258a/test/Tomato___Early_blight/113562f3-fe24-4b28-9ec8-7ca432bded47___RS_Erly.B_9402.JPG,Tomato___Early_blight,Tomato___Early_blight,0.99999475,True
/clearml_agent_cache/storage_manager/datasets/ds_687ee9f1c8dd4af98240e55e4b18258a/test/Tomato___Early_blight/150cfe75-133e-4e98-90cb-de96a8120c03___RS_Erly.B_9414.JPG,Tomato___Early_blight,Tomato___Early_blight,1.0,True
/clearml_agent_cache/storage_manager/datasets/ds_687ee9f1c8dd4af98240e55e4b18258a/test/Tomato___Early_blight/171b6622-c111-4fe9-b3f9-12b12ee0db06___RS_Erly.B_7836.JPG,Tomato___Early_blight,Tomato___Early_blight,0.9999584,True
/clearml_agent_cache/storage_manager/datasets/ds_687ee9f1c8dd4af98240e55e4b18258a/test/Tomato___Early_blight/1bff3ab2-9e99-4d4b-ad0e-acd943324050___RS_Erly.B_6460.JPG,Tomato___Early_blight,Tomato___Early_blight,0.9999964,True
/clearml_agent_cache/storage_manager/datasets/ds_687ee9f1c8dd4af98240e55e4b18258a/test/Tomato___Early_blight/1dad664e-ec73-474e-aaf9-a832ca212e3f___RS_Erly.B_7533.JPG,Tomato___Early_blight,Tomato___Early_blight,0.9997936,True
/clearml_agent_cache/storage_manager/datasets/ds_687ee9f1c8dd4af98240e55e4b18258a/test/Tomato___Early_blight/1e08cf06-c20b-47bc-8773-a22cc730aa04___RS_Erly.B_8228.JPG,Tomato___Early_blight,Tomato___Early_blight,0.9980958,True
/clearml_agent_cache/storage_manager/datasets/ds_687ee9f1c8dd4af98240e55e4b18258a/test/Tomato___Early_blight/1f4c9f8a-5672-4e47-84dd-55f85f953174___RS_Erly.B_7582.JPG,Tomato___Early_blight,Tomato___Early_blight,1.0,True
/clearml_agent_cache/storage_manager/datasets/ds_687ee9f1c8dd4af98240e55e4b18258a/test/Tomato___Early_blight/203d84bc-4acc-4cad-b4f9-f659ae641876___RS_Erly.B_7615.JPG,Tomato___Early_blight,Tomato___Early_blight,0.99998534,True
/clearml_agent_cache/storage_manager/datasets/ds_687ee9f1c8dd4af98240e55e4b18258a/test/Tomato___Early_blight/25cc64d3-0ea1-4082-9b2a-bcaee3056580___RS_Erly.B_9602.JPG,Tomato___Early_blight,Tomato___Early_blight,0.9997693,True
/clearml_agent_cache/storage_manager/datasets/ds_687ee9f1c8dd4af98240e55e4b18258a/test/Tomato___Early_blight/27ba7432-8547-436c-9b97-adf3cbe15575___RS_Erly.B_7544.JPG,Tomato___Early_blight,Tomato___Early_blight,1.0,True
/clearml_agent_cache/storage_manager/datasets/ds_687ee9f1c8dd4af98240e55e4b18258a/test/Tomato___Early_blight/2e7b090e-4fc6-42f2-8bf6-3f84b32712e5___RS_Erly.B_7470.JPG,Tomato___Early_blight,Tomato___Early_blight,0.99999964,True
/clearml_agent_cache/storage_manager/datasets/ds_687ee9f1c8dd4af98240e55e4b18258a/test/Tomato___Early_blight/4d88d7a6-b49c-4927-81de-60b6b807c839___RS_Erly.B_7655.JPG,Tomato___Early_blight,Tomato___Early_blight,1.0,True
/clearml_agent_cache/storage_manager/datasets/ds_687ee9f1c8dd4af98240e55e4b18258a/test/Tomato___Early_blight/573fc55b-8a73-48ba-b916-5d7f397977e4___RS_Erly.B_8384.JPG,Tomato___Early_blight,Tomato___Early_blight,0.99975556,True
/clearml_agent_cache/storage_manager/datasets/ds_687ee9f1c8dd4af98240e55e4b18258a/test/Tomato___Early_blight/5d5d73a4-b480-4479-a5a5-8d6ba6909eac___RS_Erly.B_9409.JPG,Tomato___Early_blight,Tomato___Early_blight,0.9999999,True
/clearml_agent_cache/storage_manager/datasets/ds_687ee9f1c8dd4af98240e55e4b18258a/test/Tomato___Early_blight/5d89c2ab-31d9-4f0a-bd00-2c2475b2a037___RS_Erly.B_9377.JPG,Tomato___Early_blight,Tomato___Early_blight,0.9999999,True
/clearml_agent_cache/storage_manager/datasets/ds_687ee9f1c8dd4af98240e55e4b18258a/test/Tomato___Early_blight/6376d980-2b10-4990-a58d-ca0e7dfc6af3___RS_Erly.B_8215.JPG,Tomato___Early_blight,Tomato___Early_blight,0.99999976,True
/clearml_agent_cache/storage_manager/datasets/ds_687ee9f1c8dd4af98240e55e4b18258a/test/Tomato___Early_blight/69ec13bc-48bf-4a91-adc0-acb4386979ac___RS_Erly.B_7732.JPG,Tomato___Early_blight,Tomato___Early_blight,0.999997,True
/clearml_agent_cache/storage_manager/datasets/ds_687ee9f1c8dd4af98240e55e4b18258a/test/Tomato___Early_blight/6c5baf51-ae97-41dd-9728-1995177e3b6a___RS_Erly.B_7723.JPG,Tomato___Early_blight,Tomato___Early_blight,0.9999881,True
/clearml_agent_cache/storage_manager/datasets/ds_687ee9f1c8dd4af98240e55e4b18258a/test/Tomato___Early_blight/748ed7a9-9044-49d2-943d-8c82a1763c55___RS_Erly.B_8230.JPG,Tomato___Early_blight,Tomato___Early_blight,0.99999976,True
/clearml_agent_cache/storage_manager/datasets/ds_687ee9f1c8dd4af98240e55e4b18258a/test/Tomato___Early_blight/74c0d66d-a12d-4b9d-9f24-e283b8273a7e___RS_Erly.B_8302.JPG,Tomato___Early_blight,Tomato___Early_blight,0.99914074,True
/clearml_agent_cache/storage_manager/datasets/ds_687ee9f1c8dd4af98240e55e4b18258a/test/Tomato___Early_blight/7b7780c0-f1b2-4095-924c-f3d7777b427e___RS_Erly.B_9613.JPG,Tomato___Early_blight,Tomato___Early_blight,0.99999785,True
/clearml_agent_cache/storage_manager/datasets/ds_687ee9f1c8dd4af98240e55e4b18258a/test/Tomato___Early_blight/7fe26a53-b4d8-4069-bb0a-1c6d19cbc4e1___RS_Erly.B_7810.JPG,Tomato___Early_blight,Tomato___Early_blight,0.9999634,True
/clearml_agent_cache/storage_manager/datasets/ds_687ee9f1c8dd4af98240e55e4b18258a/test/Tomato___Early_blight/80c0ed57-74c8-4e02-9cd4-5c29ae099594___RS_Erly.B_6447.JPG,Tomato___Early_blight,Tomato___Early_blight,0.9999956,True
/clearml_agent_cache/storage_manager/datasets/ds_687ee9f1c8dd4af98240e55e4b18258a/test/Tomato___Early_blight/849f111e-9886-436e-b2ce-060a011cab43___RS_Erly.B_7359.JPG,Tomato___Early_blight,Tomato___Early_blight,0.99994135,True
/clearml_agent_cache/storage_manager/datasets/ds_687ee9f1c8dd4af98240e55e4b18258a/test/Tomato___Early_blight/8597694d-3162-40ab-9f5b-e8c7cf03e045___RS_Erly.B_9485.JPG,Tomato___Early_blight,Tomato___Early_blight,0.9990908,True
/clearml_agent_cache/storage_manager/datasets/ds_687ee9f1c8dd4af98240e55e4b18258a/test/Tomato___Early_blight/872ec950-8238-4f73-a366-f72f2f92d3fe___RS_Erly.B_7487.JPG,Tomato___Early_blight,Tomato___Early_blight,0.9999999,True
/clearml_agent_cache/storage_manager/datasets/ds_687ee9f1c8dd4af98240e55e4b18258a/test/Tomato___Early_blight/8f6562ec-69b1-4d97-85be-844034c98c4d___RS_Erly.B_7569.JPG,Tomato___Early_blight,Tomato___Early_blight,0.99990344,True
/clearml_agent_cache/storage_manager/datasets/ds_687ee9f1c8dd4af98240e55e4b18258a/test/Tomato___Early_blight/95f5cf16-3e2d-4b96-9f3d-732cf1c60d6e___RS_Erly.B_7564.JPG,Tomato___Early_blight,Tomato___Early_blight,0.9999999,True
/clearml_agent_cache/storage_manager/datasets/ds_687ee9f1c8dd4af98240e55e4b18258a/test/Tomato___Early_blight/b24b9d32-857b-45ef-be89-552232fadfb2___RS_Erly.B_7763.JPG,Tomato___Early_blight,Tomato___Early_blight,0.99987686,True
/clearml_agent_cache/storage_manager/datasets/ds_687ee9f1c8dd4af98240e55e4b18258a/test/Tomato___Early_blight/b45de15f-76b6-46bf-9990-e819dbef21d1___RS_Erly.B_9491.JPG,Tomato___Early_blight,Tomato___Early_blight,0.9999995,True
/clearml_agent_cache/storage_manager/datasets/ds_687ee9f1c8dd4af98240e55e4b18258a/test/Tomato___Early_blight/bac5677d-59b4-4183-839f-24860287ed6a___RS_Erly.B_9503.JPG,Tomato___Early_blight,Tomato___Early_blight,0.9999987,True
/clearml_agent_cache/storage_manager/datasets/ds_687ee9f1c8dd4af98240e55e4b18258a/test/Tomato___Early_blight/be03b7aa-4c59-4ea9-b3cc-33a93a34b402___RS_Erly.B_7742.JPG,Tomato___Early_blight,Tomato___Early_blight,0.99997747,True
/clearml_agent_cache/storage_manager/datasets/ds_687ee9f1c8dd4af98240e55e4b18258a/test/Tomato___Early_blight/d7e11d88-60e8-41d3-a840-2ad9bab04fe2___RS_Erly.B_6355.JPG,Tomato___Early_blight,Tomato___Early_blight,0.99967766,True
/clearml_agent_cache/storage_manager/datasets/ds_687ee9f1c8dd4af98240e55e4b18258a/test/Tomato___Early_blight/d98cdabc-9183-4829-aa46-d40538d25462___RS_Erly.B_7554.JPG,Tomato___Early_blight,Tomato___Early_blight,0.9999994,True
/clearml_agent_cache/storage_manager/datasets/ds_687ee9f1c8dd4af98240e55e4b18258a/test/Tomato___Early_blight/df9e0c7e-59cb-4a87-abbd-66f0f78e5130___RS_Erly.B_8275.JPG,Tomato___Early_blight,Tomato___Early_blight,0.9999597,True
/clearml_agent_cache/storage_manager/datasets/ds_687ee9f1c8dd4af98240e55e4b18258a/test/Tomato___Early_blight/eb84cf99-aee8-4acc-8d3d-c5a24c672eb4___RS_Erly.B_7423.JPG,Tomato___Early_blight,Tomato___Early_blight,0.9999982,True
/clearml_agent_cache/storage_manager/datasets/ds_687ee9f1c8dd4af98240e55e4b18258a/test/Tomato___Early_blight/eea79799-a869-4a1f-bfa2-5c85a27716ae___RS_Erly.B_8391.JPG,Tomato___Early_blight,Tomato___Early_blight,0.99985874,True
/clearml_agent_cache/storage_manager/datasets/ds_687ee9f1c8dd4af98240e55e4b18258a/test/Tomato___Early_blight/f0dfdada-f425-46d7-8cf3-2957850b5a2e___RS_Erly.B_9466.JPG,Tomato___Early_blight,Tomato___Early_blight,0.9999981,True
/clearml_agent_cache/storage_manager/datasets/ds_687ee9f1c8dd4af98240e55e4b18258a/test/Tomato___Early_blight/f459c3ee-91f9-42e4-8a61-8c2b6ba9a435___RS_Erly.B_9522.JPG,Tomato___Early_blight,Tomato___Early_blight,1.0,True
/clearml_agent_cache/storage_manager/datasets/ds_687ee9f1c8dd4af98240e55e4b18258a/test/Tomato___Early_blight/f5ec4428-6e58-4bc6-9ba2-3a6f5b4f374e___RS_Erly.B_6365.JPG,Tomato___Early_blight,Tomato___Early_blight,0.9999981,True
/clearml_agent_cache/storage_manager/datasets/ds_687ee9f1c8dd4af98240e55e4b18258a/test/Tomato___Late_blight/01d9be0b-c5e7-49db-8cdf-46bd0ef2c6e7___RS_Late.B_7066.JPG,Tomato___Late_blight,Tomato___Late_blight,0.9976501,True
/clearml_agent_cache/storage_manager/datasets/ds_687ee9f1c8dd4af98240e55e4b18258a/test/Tomato___Late_blight/049dbcab-de65-4f09-9b1b-e59886f56f2e___RS_Late.B_5141.JPG,Tomato___Late_blight,Tomato___Late_blight,1.0,True
/clearml_agent_cache/storage_manager/datasets/ds_687ee9f1c8dd4af98240e55e4b18258a/test/Tomato___Late_blight/052ec825-37a3-4467-a5ea-2e0601c29fbd___RS_Late.B_6786.JPG,Tomato___Late_blight,Tomato___Late_blight,0.9999559,True
/clearml_agent_cache/storage_manager/datasets/ds_687ee9f1c8dd4af98240e55e4b18258a/test/Tomato___Late_blight/0b33d7a7-d017-4857-845a-874a004ccd26___RS_Late.B_4970.JPG,Tomato___Late_blight,Tomato___Late_blight,0.99999297,True
/clearml_agent_cache/storage_manager/datasets/ds_687ee9f1c8dd4af98240e55e4b18258a/test/Tomato___Late_blight/0c9ff8e1-b610-43e3-b914-5e9576dd8083___GHLB2_Leaf_107.1.JPG,Tomato___Late_blight,Tomato___Late_blight,0.99998856,True
/clearml_agent_cache/storage_manager/datasets/ds_687ee9f1c8dd4af98240e55e4b18258a/test/Tomato___Late_blight/0fd882fa-471d-4bcc-ab2b-efdfaf904bc3___GHLB2_Leaf_8915.JPG,Tomato___Late_blight,Tomato___Late_blight,0.9999875,True
/clearml_agent_cache/storage_manager/datasets/ds_687ee9f1c8dd4af98240e55e4b18258a/test/Tomato___Late_blight/151c010a-021f-459d-a456-63ebaf19b2d5___GHLB2_Leaf_9104.JPG,Tomato___Late_blight,Tomato___Late_blight,0.9999994,True
/clearml_agent_cache/storage_manager/datasets/ds_687ee9f1c8dd4af98240e55e4b18258a/test/Tomato___Late_blight/16a3a1a3-3e8b-4192-999d-2728df11549d___RS_Late.B_4983.JPG,Tomato___Late_blight,Tomato___Late_blight,0.9978389,True
/clearml_agent_cache/storage_manager/datasets/ds_687ee9f1c8dd4af98240e55e4b18258a/test/Tomato___Late_blight/16b43113-cc8c-4082-a88f-648b79036e49___GHLB_PS_Leaf_23.4_Day_13.jpg,Tomato___Late_blight,Tomato___Late_blight,0.9998584,True
/clearml_agent_cache/storage_manager/datasets/ds_687ee9f1c8dd4af98240e55e4b18258a/test/Tomato___Late_blight/1ab30bde-88a4-4e29-855e-fa7a6ec1e226___RS_Late.B_5145.JPG,Tomato___Late_blight,Tomato___Late_blight,0.999995,True
/clearml_agent_cache/storage_manager/datasets/ds_687ee9f1c8dd4af98240e55e4b18258a/test/Tomato___Late_blight/20b33342-6c05-4cab-9008-6f09548a0db9___RS_Late.B_5128.JPG,Tomato___Late_blight,Tomato___Late_blight,0.99939024,True
/clearml_agent_cache/storage_manager/datasets/ds_687ee9f1c8dd4af98240e55e4b18258a/test/Tomato___Late_blight/231e8502-72a3-4717-9ab7-919d02f6be1b___GHLB_PS_Leaf_27.4_Day_13.jpg,Tomato___Late_blight,Tomato___Late_blight,0.99999344,True
/clearml_agent_cache/storage_manager/datasets/ds_687ee9f1c8dd4af98240e55e4b18258a/test/Tomato___Late_blight/24364b4f-3f9f-4166-860d-34a938d3d630___RS_Late.B_4986.JPG,Tomato___Late_blight,Tomato___Late_blight,0.9999999,True
/clearml_agent_cache/storage_manager/datasets/ds_687ee9f1c8dd4af98240e55e4b18258a/test/Tomato___Late_blight/2482cadb-d097-4091-8b10-099abca71a72___RS_Late.B_5078.JPG,Tomato___Late_blight,Tomato___Late_blight,0.9999999,True
/clearml_agent_cache/storage_manager/datasets/ds_687ee9f1c8dd4af98240e55e4b18258a/test/Tomato___Late_blight/25bfd51b-6db7-42a5-9990-992f52a0c836___GHLB2_Leaf_61.JPG,Tomato___Late_blight,Tomato___Late_blight,0.9999876,True
/clearml_agent_cache/storage_manager/datasets/ds_687ee9f1c8dd4af98240e55e4b18258a/test/Tomato___Late_blight/28130e0a-20fa-47bb-a995-74933946ff2f___GHLB_PS_Leaf_24.4_Day_13.jpg,Tomato___Late_blight,Tomato___Late_blight,0.9999982,True
/clearml_agent_cache/storage_manager/datasets/ds_687ee9f1c8dd4af98240e55e4b18258a/test/Tomato___Late_blight/2b37aa48-ff2a-461d-97db-bf92628edde1___RS_Late.B_7086.JPG,Tomato___Late_blight,Tomato___Late_blight,0.9991966,True
/clearml_agent_cache/storage_manager/datasets/ds_687ee9f1c8dd4af98240e55e4b18258a/test/Tomato___Late_blight/39535fa7-1b38-4828-9294-da1c24aa33ef___RS_Late.B_6901.JPG,Tomato___Late_blight,Tomato___Late_blight,0.99999774,True
/clearml_agent_cache/storage_manager/datasets/ds_687ee9f1c8dd4af98240e55e4b18258a/test/Tomato___Late_blight/3a2a9048-35d3-411d-b4c7-357202cf69df___GHLB2_Leaf_9061.JPG,Tomato___Late_blight,Tomato___Late_blight,0.99992704,True
/clearml_agent_cache/storage_manager/datasets/ds_687ee9f1c8dd4af98240e55e4b18258a/test/Tomato___Late_blight/4435bd64-52a2-46cf-a319-a13a28571b03___GHLB2_Leaf_157.2.JPG,Tomato___Late_blight,Tomato___Late_blight,0.9999752,True
/clearml_agent_cache/storage_manager/datasets/ds_687ee9f1c8dd4af98240e55e4b18258a/test/Tomato___Late_blight/465d5d19-a90a-412b-b7cd-430a093b02ed___GHLB2_Leaf_8953.JPG,Tomato___Late_blight,Tomato___Late_blight,0.9999925,True
/clearml_agent_cache/storage_manager/datasets/ds_687ee9f1c8dd4af98240e55e4b18258a/test/Tomato___Late_blight/4a6b862b-d42f-42ea-81f5-60480236709a___GHLB2_Leaf_9083.JPG,Tomato___Late_blight,Tomato___Late_blight,0.9999143,True
/clearml_agent_cache/storage_manager/datasets/ds_687ee9f1c8dd4af98240e55e4b18258a/test/Tomato___Late_blight/4aeaacd8-ff6e-4d01-86d1-0a51c626cc99___GHLB2_Leaf_8943.JPG,Tomato___Late_blight,Tomato___Late_blight,0.9999664,True
/clearml_agent_cache/storage_manager/datasets/ds_687ee9f1c8dd4af98240e55e4b18258a/test/Tomato___Late_blight/4d9faab5-238d-42a1-ae87-5e3d0a38a3e2___RS_Late.B_5033.JPG,Tomato___Late_blight,Tomato___Late_blight,0.9997756,True
/clearml_agent_cache/storage_manager/datasets/ds_687ee9f1c8dd4af98240e55e4b18258a/test/Tomato___Late_blight/531d1dc7-d864-4464-b2ad-1fc76f825021___GHLB2_Leaf_8742.JPG,Tomato___Late_blight,Tomato___Late_blight,0.9999769,True
/clearml_agent_cache/storage_manager/datasets/ds_687ee9f1c8dd4af98240e55e4b18258a/test/Tomato___Late_blight/577ab276-9a57-4b43-ae4f-85f723ed10bc___RS_Late.B_6870.JPG,Tomato___Late_blight,Tomato___Late_blight,0.999969,True
/clearml_agent_cache/storage_manager/datasets/ds_687ee9f1c8dd4af98240e55e4b18258a/test/Tomato___Late_blight/60b03301-a2d3-4063-9b4f-1840c9288c08___GHLB_Leaf_23.6_Day_13.JPG,Tomato___Late_blight,Tomato___Late_blight,0.9856048,True
/clearml_agent_cache/storage_manager/datasets/ds_687ee9f1c8dd4af98240e55e4b18258a/test/Tomato___Late_blight/6395653e-67bb-45ae-97cb-9adf19a9ae62___GHLB_PS_Leaf_16_Day_8.jpg,Tomato___Late_blight,Tomato___Late_blight,0.9998952,True
/clearml_agent_cache/storage_manager/datasets/ds_687ee9f1c8dd4af98240e55e4b18258a/test/Tomato___Late_blight/688d69ca-59a6-4713-b18a-ce7c04ea001e___GHLB2_Leaf_8754.JPG,Tomato___Late_blight,Tomato___Late_blight,0.9999926,True
/clearml_agent_cache/storage_manager/datasets/ds_687ee9f1c8dd4af98240e55e4b18258a/test/Tomato___Late_blight/6cc5252d-0b5d-4f06-969d-8317150c355d___RS_Late.B_5012.JPG,Tomato___Late_blight,Tomato___Late_blight,0.9999645,True
/clearml_agent_cache/storage_manager/datasets/ds_687ee9f1c8dd4af98240e55e4b18258a/test/Tomato___Late_blight/6dd1bc0c-72c3-420c-aa48-c3bb4ca8dc7c___GHLB2_Leaf_83.1.JPG,Tomato___Late_blight,Tomato___Late_blight,0.9999994,True
/clearml_agent_cache/storage_manager/datasets/ds_687ee9f1c8dd4af98240e55e4b18258a/test/Tomato___Late_blight/6ed45835-4863-4d95-9d71-8ec0f1b26f27___GHLB2_Leaf_8834.JPG,Tomato___Late_blight,Tomato___Late_blight,0.9999944,True
/clearml_agent_cache/storage_manager/datasets/ds_687ee9f1c8dd4af98240e55e4b18258a/test/Tomato___Late_blight/73901132-ade5-4705-9760-c2adcb396cda___RS_Late.B_7065.JPG,Tomato___Late_blight,Tomato___Late_blight,0.99995863,True
/clearml_agent_cache/storage_manager/datasets/ds_687ee9f1c8dd4af98240e55e4b18258a/test/Tomato___Late_blight/747a2385-2777-445a-b215-7a14a5c0135c___RS_Late.B_7111.JPG,Tomato___Late_blight,Tomato___Late_blight,0.99999833,True
/clearml_agent_cache/storage_manager/datasets/ds_687ee9f1c8dd4af98240e55e4b18258a/test/Tomato___Late_blight/78122366-5c83-4d3f-97b0-b7135181738b___GHLB_Leaf_1_Day_1.JPG,Tomato___Late_blight,Tomato___Late_blight,0.99787295,True
/clearml_agent_cache/storage_manager/datasets/ds_687ee9f1c8dd4af98240e55e4b18258a/test/Tomato___Late_blight/7973db5e-9bc6-4573-9173-f0ef7f1d62d6___GHLB_Leaf_23.4_Day_18.JPG,Tomato___Late_blight,Tomato___Late_blight,0.9999856,True
/clearml_agent_cache/storage_manager/datasets/ds_687ee9f1c8dd4af98240e55e4b18258a/test/Tomato___Late_blight/7d9f4bd8-6a41-4c5e-816e-175f88e0be41___RS_Late.B_5488.JPG,Tomato___Late_blight,Tomato___Late_blight,0.99973446,True
/clearml_agent_cache/storage_manager/datasets/ds_687ee9f1c8dd4af98240e55e4b18258a/test/Tomato___Late_blight/7f3e0b01-3bfc-44d2-b04d-b27032115a6c___GHLB2_Leaf_9106.JPG,Tomato___Late_blight,Tomato___Late_blight,0.9999876,True
/clearml_agent_cache/storage_manager/datasets/ds_687ee9f1c8dd4af98240e55e4b18258a/test/Tomato___Late_blight/835b856f-9f36-474c-b5e9-2961a7fb97c5___RS_Late.B_5187.JPG,Tomato___Late_blight,Tomato___Late_blight,0.9987847,True
/clearml_agent_cache/storage_manager/datasets/ds_687ee9f1c8dd4af98240e55e4b18258a/test/Tomato___Late_blight/89226dd4-357b-4532-82d6-adeb7724e5e8___RS_Late.B_5387.JPG,Tomato___Late_blight,Tomato___Late_blight,0.9999783,True
/clearml_agent_cache/storage_manager/datasets/ds_687ee9f1c8dd4af98240e55e4b18258a/test/Tomato___Late_blight/8938dd69-1d88-4885-8a20-b0db3ab84817___RS_Late.B_5417.JPG,Tomato___Late_blight,Tomato___Late_blight,0.9989122,True
/clearml_agent_cache/storage_manager/datasets/ds_687ee9f1c8dd4af98240e55e4b18258a/test/Tomato___Late_blight/89996998-a74f-46f5-8e5f-790a66dbd652___GHLB2_Leaf_8826.JPG,Tomato___Late_blight,Tomato___Late_blight,0.999772,True
/clearml_agent_cache/storage_manager/datasets/ds_687ee9f1c8dd4af98240e55e4b18258a/test/Tomato___Late_blight/8b37de5f-4c98-4880-b1a8-a921178959a9___RS_Late.B_6248.JPG,Tomato___Late_blight,Tomato___Late_blight,0.9998723,True
/clearml_agent_cache/storage_manager/datasets/ds_687ee9f1c8dd4af98240e55e4b18258a/test/Tomato___Late_blight/8d025d16-0058-42b5-82b5-4cd88dd6f110___GHLB2_Leaf_8785.JPG,Tomato___Late_blight,Tomato___Late_blight,0.9999974,True
/clearml_agent_cache/storage_manager/datasets/ds_687ee9f1c8dd4af98240e55e4b18258a/test/Tomato___Late_blight/8d39e8b3-90d8-4533-93a8-fb797fa27a1b___GHLB2_Leaf_8645.JPG,Tomato___Late_blight,Tomato___Late_blight,0.9999937,True
/clearml_agent_cache/storage_manager/datasets/ds_687ee9f1c8dd4af98240e55e4b18258a/test/Tomato___Late_blight/90b4fa52-1f63-466f-ab26-e2b180935c94___RS_Late.B_6323.JPG,Tomato___Late_blight,Tomato___Late_blight,0.99995816,True
/clearml_agent_cache/storage_manager/datasets/ds_687ee9f1c8dd4af98240e55e4b18258a/test/Tomato___Late_blight/93c6117b-d192-4934-be00-8a6870704c78___RS_Late.B_6774.JPG,Tomato___Late_blight,Tomato___Late_blight,0.9993191,True
/clearml_agent_cache/storage_manager/datasets/ds_687ee9f1c8dd4af98240e55e4b18258a/test/Tomato___Late_blight/93c80433-e24f-4b39-9f44-10141243b588___GHLB2_Leaf_8940.JPG,Tomato___Late_blight,Tomato___Late_blight,0.99999964,True
/clearml_agent_cache/storage_manager/datasets/ds_687ee9f1c8dd4af98240e55e4b18258a/test/Tomato___Late_blight/93cfbf22-96aa-4d97-ae92-9117209d23c0___RS_Late.B_6192.JPG,Tomato___Late_blight,Tomato___Late_blight,0.9999994,True
/clearml_agent_cache/storage_manager/datasets/ds_687ee9f1c8dd4af98240e55e4b18258a/test/Tomato___Late_blight/952aafef-3bea-457b-aebb-1c66af1f5eb0___RS_Late.B_5020.JPG,Tomato___Late_blight,Tomato___Late_blight,0.9999789,True
/clearml_agent_cache/storage_manager/datasets/ds_687ee9f1c8dd4af98240e55e4b18258a/test/Tomato___Late_blight/953f355a-fd2c-433e-8292-a8c1908e000e___GHLB2_Leaf_8853.JPG,Tomato___Late_blight,Tomato___Late_blight,0.99978167,True
/clearml_agent_cache/storage_manager/datasets/ds_687ee9f1c8dd4af98240e55e4b18258a/test/Tomato___Late_blight/955e9314-b03b-4f51-afdf-9b5f44e2edce___GHLB2_Leaf_9043.JPG,Tomato___Late_blight,Tomato___Late_blight,0.9999645,True
/clearml_agent_cache/storage_manager/datasets/ds_687ee9f1c8dd4af98240e55e4b18258a/test/Tomato___Late_blight/9c8ae903-054b-4c55-bce9-5a1752771123___GHLB2_Leaf_8855.JPG,Tomato___Late_blight,Tomato___Late_blight,0.99999845,True
/clearml_agent_cache/storage_manager/datasets/ds_687ee9f1c8dd4af98240e55e4b18258a/test/Tomato___Late_blight/9cb4cbdd-147f-4cfe-a30a-dd003520f0dc___GHLB2_Leaf_8988.JPG,Tomato___Late_blight,Tomato___Late_blight,0.9999993,True
/clearml_agent_cache/storage_manager/datasets/ds_687ee9f1c8dd4af98240e55e4b18258a/test/Tomato___Late_blight/a6876e29-dc0f-4716-bd3c-eedc9f45cf70___GHLB_PS_Leaf_41_Day_18.jpg,Tomato___Late_blight,Tomato___Late_blight,0.99997187,True
/clearml_agent_cache/storage_manager/datasets/ds_687ee9f1c8dd4af98240e55e4b18258a/test/Tomato___Late_blight/a9d292cb-2aaf-44cd-a1ef-bec9b05308b9___RS_Late.B_7005.JPG,Tomato___Late_blight,Tomato___Late_blight,0.99935156,True
/clearml_agent_cache/storage_manager/datasets/ds_687ee9f1c8dd4af98240e55e4b18258a/test/Tomato___Late_blight/aa48f118-9636-4320-99d5-a2a668038683___GHLB2_Leaf_8601.JPG,Tomato___Late_blight,Tomato___Late_blight,0.99999833,True
/clearml_agent_cache/storage_manager/datasets/ds_687ee9f1c8dd4af98240e55e4b18258a/test/Tomato___Late_blight/b45f36d3-b367-4c96-9e4d-a8da7c8c584d___RS_Late.B_5195.JPG,Tomato___Late_blight,Tomato___Late_blight,0.9945879,True
/clearml_agent_cache/storage_manager/datasets/ds_687ee9f1c8dd4af98240e55e4b18258a/test/Tomato___Late_blight/b58ed525-764b-471e-adc6-c9986674a812___GHLB2_Leaf_101.1.JPG,Tomato___Late_blight,Tomato___Late_blight,0.99999356,True
/clearml_agent_cache/storage_manager/datasets/ds_687ee9f1c8dd4af98240e55e4b18258a/test/Tomato___Late_blight/b7c56bb2-80c1-4ffb-9be5-f8bf669ce6d8___GHLB2_Leaf_9025.JPG,Tomato___Late_blight,Tomato___Late_blight,1.0,True
/clearml_agent_cache/storage_manager/datasets/ds_687ee9f1c8dd4af98240e55e4b18258a/test/Tomato___Late_blight/c0cd110f-ee8a-428e-aa00-d51f89b5a843___GHLB2_Leaf_8639.JPG,Tomato___Late_blight,Tomato___Late_blight,0.9999994,True
/clearml_agent_cache/storage_manager/datasets/ds_687ee9f1c8dd4af98240e55e4b18258a/test/Tomato___Late_blight/c5a7ebaa-df40-4cea-87d0-1f87ad7f58c0___RS_Late.B_6143.JPG,Tomato___Late_blight,Tomato___Late_blight,0.99981314,True
/clearml_agent_cache/storage_manager/datasets/ds_687ee9f1c8dd4af98240e55e4b18258a/test/Tomato___Late_blight/c6cfdcc7-c5e6-45bc-8b5a-709bf2753902___RS_Late.B_7081.JPG,Tomato___Late_blight,Tomato___Late_blight,0.9997906,True
/clearml_agent_cache/storage_manager/datasets/ds_687ee9f1c8dd4af98240e55e4b18258a/test/Tomato___Late_blight/caf4164d-4f6f-4a75-b394-924f89e0d040___GHLB2_Leaf_8759.JPG,Tomato___Late_blight,Tomato___Late_blight,0.99999964,True
/clearml_agent_cache/storage_manager/datasets/ds_687ee9f1c8dd4af98240e55e4b18258a/test/Tomato___Late_blight/cc182d88-d09a-4caa-948a-91db3007290a___GHLB_PS_Leaf_2.1_Day_7.jpg,Tomato___Late_blight,Tomato___Late_blight,0.99975556,True
/clearml_agent_cache/storage_manager/datasets/ds_687ee9f1c8dd4af98240e55e4b18258a/test/Tomato___Late_blight/cdeb7f9d-c0de-4fbd-95a5-fbaaa51460dd___RS_Late.B_5571.JPG,Tomato___Late_blight,Tomato___Late_blight,0.9999292,True
/clearml_agent_cache/storage_manager/datasets/ds_687ee9f1c8dd4af98240e55e4b18258a/test/Tomato___Late_blight/d4f4500b-9ebe-41fe-84ed-00278dc646b7___GHLB2_Leaf_9017.JPG,Tomato___Late_blight,Tomato___Late_blight,0.9999989,True
/clearml_agent_cache/storage_manager/datasets/ds_687ee9f1c8dd4af98240e55e4b18258a/test/Tomato___Late_blight/dbedc9c1-d7f8-4eef-b4bf-d36689c57c60___GHLB_Leaf_27_Day_12.JPG,Tomato___Late_blight,Tomato___Late_blight,0.9999981,True
/clearml_agent_cache/storage_manager/datasets/ds_687ee9f1c8dd4af98240e55e4b18258a/test/Tomato___Late_blight/e33f0c2f-ff87-42e2-a31f-aaf232e67e10___RS_Late.B_5231.JPG,Tomato___Late_blight,Tomato___Late_blight,0.99973685,True
/clearml_agent_cache/storage_manager/datasets/ds_687ee9f1c8dd4af98240e55e4b18258a/test/Tomato___Late_blight/e3c4a4e5-4ec3-404f-8dbd-7de9dd3f184a___RS_Late.B_5073.JPG,Tomato___Late_blight,Tomato___Late_blight,0.99996984,True
/clearml_agent_cache/storage_manager/datasets/ds_687ee9f1c8dd4af98240e55e4b18258a/test/Tomato___Late_blight/e60c6680-9c50-4063-9eb9-6e77980afcfa___RS_Late.B_5343.JPG,Tomato___Late_blight,Tomato___Late_blight,0.9999975,True
/clearml_agent_cache/storage_manager/datasets/ds_687ee9f1c8dd4af98240e55e4b18258a/test/Tomato___Late_blight/e615ae3b-8526-42f0-9c0f-2678e0a50ad4___RS_Late.B_6145.JPG,Tomato___Late_blight,Tomato___Late_blight,0.99999845,True
/clearml_agent_cache/storage_manager/datasets/ds_687ee9f1c8dd4af98240e55e4b18258a/test/Tomato___Late_blight/ea0c20e8-ad9f-48a0-830c-280dbeeed370___GHLB_PS_Leaf_48.1_Day_18.jpg,Tomato___Late_blight,Tomato___Late_blight,0.9999943,True
/clearml_agent_cache/storage_manager/datasets/ds_687ee9f1c8dd4af98240e55e4b18258a/test/Tomato___Late_blight/ee963b20-1464-49b5-a390-790b05e8daa1___RS_Late.B_5487.JPG,Tomato___Late_blight,Tomato___Late_blight,0.98381954,True
/clearml_agent_cache/storage_manager/datasets/ds_687ee9f1c8dd4af98240e55e4b18258a/test/Tomato___Late_blight/f1aca7db-32e7-4cbe-a9ca-0b185fd1a1a9___GHLB2_Leaf_89.1.JPG,Tomato___Late_blight,Tomato___Late_blight,0.99999917,True
/clearml_agent_cache/storage_manager/datasets/ds_687ee9f1c8dd4af98240e55e4b18258a/test/Tomato___Late_blight/fd26b445-5839-4337-858c-a91dfdd812cc___GHLB2_Leaf_8743.JPG,Tomato___Late_blight,Tomato___Late_blight,0.9999939,True
/clearml_agent_cache/storage_manager/datasets/ds_687ee9f1c8dd4af98240e55e4b18258a/test/Tomato___Leaf_Mold/1a1acd8f-bd8d-47be-945d-ce308dffd678___Crnl_L.Mold_6675.JPG,Tomato___Leaf_Mold,Tomato___Leaf_Mold,0.9999988,True
/clearml_agent_cache/storage_manager/datasets/ds_687ee9f1c8dd4af98240e55e4b18258a/test/Tomato___Leaf_Mold/1b35b99c-c7c0-4f2c-975e-148e4b6e18b3___Crnl_L.Mold_8820.JPG,Tomato___Leaf_Mold,Tomato___Leaf_Mold,0.999997,True
/clearml_agent_cache/storage_manager/datasets/ds_687ee9f1c8dd4af98240e55e4b18258a/test/Tomato___Leaf_Mold/2847f847-3048-487d-ae4f-c45e44d04d85___Crnl_L.Mold_8878.JPG,Tomato___Leaf_Mold,Tomato___Leaf_Mold,0.9999882,True
/clearml_agent_cache/storage_manager/datasets/ds_687ee9f1c8dd4af98240e55e4b18258a/test/Tomato___Leaf_Mold/2b8e612f-7448-44f7-899c-95b3c8291824___Crnl_L.Mold_6671.JPG,Tomato___Leaf_Mold,Tomato___Leaf_Mold,0.97347283,True
/clearml_agent_cache/storage_manager/datasets/ds_687ee9f1c8dd4af98240e55e4b18258a/test/Tomato___Leaf_Mold/38abb8ca-88ca-4f79-8521-ccbff4819c97___Crnl_L.Mold_9170.JPG,Tomato___Leaf_Mold,Tomato___Leaf_Mold,0.9999975,True
/clearml_agent_cache/storage_manager/datasets/ds_687ee9f1c8dd4af98240e55e4b18258a/test/Tomato___Leaf_Mold/38bd9a88-970a-4480-8bc7-12824ac87ff5___Crnl_L.Mold_7085.JPG,Tomato___Leaf_Mold,Tomato___Leaf_Mold,0.99999833,True
/clearml_agent_cache/storage_manager/datasets/ds_687ee9f1c8dd4af98240e55e4b18258a/test/Tomato___Leaf_Mold/3aa896a7-f25b-43b7-a319-0c5c5b8184c7___Crnl_L.Mold_6753.JPG,Tomato___Leaf_Mold,Tomato___Leaf_Mold,0.99999917,True
/clearml_agent_cache/storage_manager/datasets/ds_687ee9f1c8dd4af98240e55e4b18258a/test/Tomato___Leaf_Mold/4176b39b-a3b7-4611-b05b-b4020269bae3___Crnl_L.Mold_7115.JPG,Tomato___Leaf_Mold,Tomato___Leaf_Mold,0.9999993,True
/clearml_agent_cache/storage_manager/datasets/ds_687ee9f1c8dd4af98240e55e4b18258a/test/Tomato___Leaf_Mold/4375c98f-8986-4680-9432-afb29f839d7b___Crnl_L.Mold_6847.JPG,Tomato___Leaf_Mold,Tomato___Leaf_Mold,0.99157554,True
/clearml_agent_cache/storage_manager/datasets/ds_687ee9f1c8dd4af98240e55e4b18258a/test/Tomato___Leaf_Mold/447ca40f-8640-43d7-b7af-3372e8afbfba___Crnl_L.Mold_8870.JPG,Tomato___Leaf_Mold,Tomato___Leaf_Mold,0.99996734,True
/clearml_agent_cache/storage_manager/datasets/ds_687ee9f1c8dd4af98240e55e4b18258a/test/Tomato___Leaf_Mold/48f87aed-cace-4b4f-bc57-1b6b2a6c1e9b___Crnl_L.Mold_6810.JPG,Tomato___Leaf_Mold,Tomato___Leaf_Mold,0.9999994,True
/clearml_agent_cache/storage_manager/datasets/ds_687ee9f1c8dd4af98240e55e4b18258a/test/Tomato___Leaf_Mold/4b56719e-9b74-41d2-9135-33a297a0b87f___Crnl_L.Mold_7086.JPG,Tomato___Leaf_Mold,Tomato___Leaf_Mold,0.9999877,True
/clearml_agent_cache/storage_manager/datasets/ds_687ee9f1c8dd4af98240e55e4b18258a/test/Tomato___Leaf_Mold/55c2cd78-8c7c-4102-801f-c87d2284b874___Crnl_L.Mold_7069.JPG,Tomato___Leaf_Mold,Tomato___Leaf_Mold,0.99967194,True
/clearml_agent_cache/storage_manager/datasets/ds_687ee9f1c8dd4af98240e55e4b18258a/test/Tomato___Leaf_Mold/619f232e-e49b-4ec8-bb48-552632b2c660___Crnl_L.Mold_9050.JPG,Tomato___Leaf_Mold,Tomato___Leaf_Mold,0.9999527,True
/clearml_agent_cache/storage_manager/datasets/ds_687ee9f1c8dd4af98240e55e4b18258a/test/Tomato___Leaf_Mold/755296b4-fa21-4ec5-b912-bd85b2897a01___Crnl_L.Mold_8630.JPG,Tomato___Leaf_Mold,Tomato___Leaf_Mold,0.99998176,True
/clearml_agent_cache/storage_manager/datasets/ds_687ee9f1c8dd4af98240e55e4b18258a/test/Tomato___Leaf_Mold/774d3b86-63a3-46a7-9355-9aa512d70e19___Crnl_L.Mold_8914.JPG,Tomato___Leaf_Mold,Tomato___Leaf_Mold,0.9999945,True
/clearml_agent_cache/storage_manager/datasets/ds_687ee9f1c8dd4af98240e55e4b18258a/test/Tomato___Leaf_Mold/7b20fb82-3213-4761-9b55-70f9e9fdc588___Crnl_L.Mold_8641.JPG,Tomato___Leaf_Mold,Tomato___Leaf_Mold,0.9999913,True
/clearml_agent_cache/storage_manager/datasets/ds_687ee9f1c8dd4af98240e55e4b18258a/test/Tomato___Leaf_Mold/7f9fdc98-b176-45ac-a56f-28accf0a5a95___Crnl_L.Mold_6945.JPG,Tomato___Leaf_Mold,Tomato___Leaf_Mold,0.99999833,True
/clearml_agent_cache/storage_manager/datasets/ds_687ee9f1c8dd4af98240e55e4b18258a/test/Tomato___Leaf_Mold/80b652e5-7f1f-4806-8d9d-550ce54891ce___Crnl_L.Mold_7090.JPG,Tomato___Leaf_Mold,Tomato___Leaf_Mold,0.9999994,True
/clearml_agent_cache/storage_manager/datasets/ds_687ee9f1c8dd4af98240e55e4b18258a/test/Tomato___Leaf_Mold/9f84db3d-5dc1-461e-a922-e6d93e72d3fd___Crnl_L.Mold_8966.JPG,Tomato___Leaf_Mold,Tomato___Leaf_Mold,0.9999895,True
/clearml_agent_cache/storage_manager/datasets/ds_687ee9f1c8dd4af98240e55e4b18258a/test/Tomato___Leaf_Mold/a37dad1e-446e-42f9-a923-b6a654e4132a___Crnl_L.Mold_7155.JPG,Tomato___Leaf_Mold,Tomato___Leaf_Mold,0.9999993,True
/clearml_agent_cache/storage_manager/datasets/ds_687ee9f1c8dd4af98240e55e4b18258a/test/Tomato___Leaf_Mold/acfa0062-84e4-4b59-a886-6ff31a81230f___Crnl_L.Mold_7007.JPG,Tomato___Leaf_Mold,Tomato___Leaf_Mold,0.99951077,True
/clearml_agent_cache/storage_manager/datasets/ds_687ee9f1c8dd4af98240e55e4b18258a/test/Tomato___Leaf_Mold/b155d628-2bce-404f-bd81-6916fd6100e3___Crnl_L.Mold_9067.JPG,Tomato___Leaf_Mold,Tomato___Leaf_Mold,0.9999989,True
/clearml_agent_cache/storage_manager/datasets/ds_687ee9f1c8dd4af98240e55e4b18258a/test/Tomato___Leaf_Mold/b7dec0f3-e619-4d79-9112-98f40654d6b8___Crnl_L.Mold_7124.JPG,Tomato___Leaf_Mold,Tomato___Leaf_Mold,0.99999845,True
/clearml_agent_cache/storage_manager/datasets/ds_687ee9f1c8dd4af98240e55e4b18258a/test/Tomato___Leaf_Mold/c02d931d-c724-49b8-a6c8-440c5492d747___Crnl_L.Mold_6713.JPG,Tomato___Leaf_Mold,Tomato___Leaf_Mold,0.99996996,True
/clearml_agent_cache/storage_manager/datasets/ds_687ee9f1c8dd4af98240e55e4b18258a/test/Tomato___Leaf_Mold/c02f3863-3012-4f3a-873e-8003d73a54f9___Crnl_L.Mold_6520.JPG,Tomato___Leaf_Mold,Tomato___Leaf_Mold,0.99999976,True
/clearml_agent_cache/storage_manager/datasets/ds_687ee9f1c8dd4af98240e55e4b18258a/test/Tomato___Leaf_Mold/c6445d58-718f-40cd-a2b6-19e832214bf9___Crnl_L.Mold_9072.JPG,Tomato___Leaf_Mold,Tomato___Leaf_Mold,0.99999976,True
/clearml_agent_cache/storage_manager/datasets/ds_687ee9f1c8dd4af98240e55e4b18258a/test/Tomato___Leaf_Mold/cd0904a9-a70f-487c-bcc3-18b26a574837___Crnl_L.Mold_8803.JPG,Tomato___Leaf_Mold,Tomato___Leaf_Mold,0.9998204,True
/clearml_agent_cache/storage_manager/datasets/ds_687ee9f1c8dd4af98240e55e4b18258a/test/Tomato___Leaf_Mold/d4becf38-57b1-46c6-9dbe-fcb747edd287___Crnl_L.Mold_7134.JPG,Tomato___Leaf_Mold,Tomato___Leaf_Mold,0.9999994,True
/clearml_agent_cache/storage_manager/datasets/ds_687ee9f1c8dd4af98240e55e4b18258a/test/Tomato___Leaf_Mold/d5926e32-2f9f-413f-b6b8-fe86725729d2___Crnl_L.Mold_8974.JPG,Tomato___Leaf_Mold,Tomato___Leaf_Mold,0.9999987,True
/clearml_agent_cache/storage_manager/datasets/ds_687ee9f1c8dd4af98240e55e4b18258a/test/Tomato___Leaf_Mold/d61a37fd-71d1-4b5f-a533-74e1bdab3bb8___Crnl_L.Mold_8975.JPG,Tomato___Leaf_Mold,Tomato___Leaf_Mold,0.9999889,True
/clearml_agent_cache/storage_manager/datasets/ds_687ee9f1c8dd4af98240e55e4b18258a/test/Tomato___Leaf_Mold/d76eb906-9957-4572-bf7f-60936f30f8f3___Crnl_L.Mold_8640.JPG,Tomato___Leaf_Mold,Tomato___Leaf_Mold,0.9999738,True
/clearml_agent_cache/storage_manager/datasets/ds_687ee9f1c8dd4af98240e55e4b18258a/test/Tomato___Leaf_Mold/d851f069-a167-4136-b21f-73a85f6f2126___Crnl_L.Mold_8957.JPG,Tomato___Leaf_Mold,Tomato___Leaf_Mold,0.99999905,True
/clearml_agent_cache/storage_manager/datasets/ds_687ee9f1c8dd4af98240e55e4b18258a/test/Tomato___Leaf_Mold/d998fc3d-1314-4f78-86b7-ca3bf205fe6a___Crnl_L.Mold_7168.JPG,Tomato___Leaf_Mold,Tomato___Leaf_Mold,0.99844754,True
/clearml_agent_cache/storage_manager/datasets/ds_687ee9f1c8dd4af98240e55e4b18258a/test/Tomato___Leaf_Mold/d9c37e93-e99b-4a09-a040-a5d19d75feb9___Crnl_L.Mold_6733.JPG,Tomato___Leaf_Mold,Tomato___Leaf_Mold,1.0,True
/clearml_agent_cache/storage_manager/datasets/ds_687ee9f1c8dd4af98240e55e4b18258a/test/Tomato___Leaf_Mold/df5a282e-d66e-4fb3-8ce4-eddfe5253c50___Crnl_L.Mold_8940.JPG,Tomato___Leaf_Mold,Tomato___Leaf_Mold,0.99999976,True
/clearml_agent_cache/storage_manager/datasets/ds_687ee9f1c8dd4af98240e55e4b18258a/test/Tomato___Leaf_Mold/e9a29961-5b3e-47a8-b2aa-b8d0ba9f2a80___Crnl_L.Mold_6838.JPG,Tomato___Leaf_Mold,Tomato___Leaf_Mold,0.99999785,True
/clearml_agent_cache/storage_manager/datasets/ds_687ee9f1c8dd4af98240e55e4b18258a/test/Tomato___Leaf_Mold/fb134b57-4763-4598-a0ee-ec7aa7e95d35___Crnl_L.Mold_6695.JPG,Tomato___Leaf_Mold,Tomato___Leaf_Mold,0.9999877,True
/clearml_agent_cache/storage_manager/datasets/ds_687ee9f1c8dd4af98240e55e4b18258a/test/Tomato___Septoria_leaf_spot/1142c61e-5959-43fd-8745-fc95bc0b1b5f___JR_Sept.L.S_8378.JPG,Tomato___Septoria_leaf_spot,Tomato___Septoria_leaf_spot,0.9999999,True
/clearml_agent_cache/storage_manager/datasets/ds_687ee9f1c8dd4af98240e55e4b18258a/test/Tomato___Septoria_leaf_spot/128693e3-7738-4185-802e-480a37afd497___Matt.S_CG_7673.JPG,Tomato___Septoria_leaf_spot,Tomato___Septoria_leaf_spot,0.9998229,True
/clearml_agent_cache/storage_manager/datasets/ds_687ee9f1c8dd4af98240e55e4b18258a/test/Tomato___Septoria_leaf_spot/12ffa141-6b58-417e-9f71-bdff69518f6b___JR_Sept.L.S_2573.JPG,Tomato___Septoria_leaf_spot,Tomato___Septoria_leaf_spot,0.9999944,True
/clearml_agent_cache/storage_manager/datasets/ds_687ee9f1c8dd4af98240e55e4b18258a/test/Tomato___Septoria_leaf_spot/17387441-89a3-4172-8195-fae50dba7a58___JR_Sept.L.S_2514.JPG,Tomato___Septoria_leaf_spot,Tomato___Septoria_leaf_spot,0.99999964,True
/clearml_agent_cache/storage_manager/datasets/ds_687ee9f1c8dd4af98240e55e4b18258a/test/Tomato___Septoria_leaf_spot/17c7e5bd-f44e-4dbd-9cd0-f0dbcc654306___JR_Sept.L.S_8557.JPG,Tomato___Septoria_leaf_spot,Tomato___Septoria_leaf_spot,0.9999999,True
/clearml_agent_cache/storage_manager/datasets/ds_687ee9f1c8dd4af98240e55e4b18258a/test/Tomato___Septoria_leaf_spot/17e3282e-f327-4245-95b1-a4fee7b33838___Matt.S_CG_2619.JPG,Tomato___Septoria_leaf_spot,Tomato___Septoria_leaf_spot,1.0,True
/clearml_agent_cache/storage_manager/datasets/ds_687ee9f1c8dd4af98240e55e4b18258a/test/Tomato___Septoria_leaf_spot/1a2ce36b-89e9-43ea-9e54-b2da024c08fc___JR_Sept.L.S_8532.JPG,Tomato___Septoria_leaf_spot,Tomato___Septoria_leaf_spot,1.0,True
/clearml_agent_cache/storage_manager/datasets/ds_687ee9f1c8dd4af98240e55e4b18258a/test/Tomato___Septoria_leaf_spot/1c7bc7c5-daec-45bd-beb9-89beb159c755___Keller.St_CG_2018.JPG,Tomato___Septoria_leaf_spot,Tomato___Septoria_leaf_spot,1.0,True
/clearml_agent_cache/storage_manager/datasets/ds_687ee9f1c8dd4af98240e55e4b18258a/test/Tomato___Septoria_leaf_spot/1cffba8e-40e0-43ce-914b-c184feb2cb2e___Matt.S_CG_7401.JPG,Tomato___Septoria_leaf_spot,Tomato___Septoria_leaf_spot,0.9999995,True
/clearml_agent_cache/storage_manager/datasets/ds_687ee9f1c8dd4af98240e55e4b18258a/test/Tomato___Septoria_leaf_spot/1f755e56-f38f-44ef-8076-d82c302c4539___JR_Sept.L.S_8407.JPG,Tomato___Septoria_leaf_spot,Tomato___Septoria_leaf_spot,0.99994576,True
/clearml_agent_cache/storage_manager/datasets/ds_687ee9f1c8dd4af98240e55e4b18258a/test/Tomato___Septoria_leaf_spot/2003cfd2-132f-4763-8324-2c52541c05eb___JR_Sept.L.S_2486.JPG,Tomato___Septoria_leaf_spot,Tomato___Septoria_leaf_spot,1.0,True
/clearml_agent_cache/storage_manager/datasets/ds_687ee9f1c8dd4af98240e55e4b18258a/test/Tomato___Septoria_leaf_spot/231f9534-833a-48b3-9da1-d3c4be1747e9___JR_Sept.L.S_2475.JPG,Tomato___Septoria_leaf_spot,Tomato___Septoria_leaf_spot,0.99983215,True
/clearml_agent_cache/storage_manager/datasets/ds_687ee9f1c8dd4af98240e55e4b18258a/test/Tomato___Septoria_leaf_spot/2567c820-aa63-490c-8e47-921b85164728___Matt.S_CG_7447.JPG,Tomato___Septoria_leaf_spot,Tomato___Septoria_leaf_spot,0.99999964,True
/clearml_agent_cache/storage_manager/datasets/ds_687ee9f1c8dd4af98240e55e4b18258a/test/Tomato___Septoria_leaf_spot/267884af-5e80-43e4-bace-0c8d3dd2a23d___Matt.S_CG_6230.JPG,Tomato___Septoria_leaf_spot,Tomato___Septoria_leaf_spot,0.9999999,True
/clearml_agent_cache/storage_manager/datasets/ds_687ee9f1c8dd4af98240e55e4b18258a/test/Tomato___Septoria_leaf_spot/296f4660-5675-43b8-8b1f-20e8e9b228b7___JR_Sept.L.S_2612.JPG,Tomato___Septoria_leaf_spot,Tomato___Septoria_leaf_spot,1.0,True
/clearml_agent_cache/storage_manager/datasets/ds_687ee9f1c8dd4af98240e55e4b18258a/test/Tomato___Septoria_leaf_spot/39081040-dbed-48f3-aef1-7bab8831a7e0___JR_Sept.L.S_8447.JPG,Tomato___Septoria_leaf_spot,Tomato___Septoria_leaf_spot,1.0,True
/clearml_agent_cache/storage_manager/datasets/ds_687ee9f1c8dd4af98240e55e4b18258a/test/Tomato___Septoria_leaf_spot/390beb09-e4d3-4248-bb1c-7cefbd45a8d1___Matt.S_CG_6507.JPG,Tomato___Septoria_leaf_spot,Tomato___Septoria_leaf_spot,1.0,True
/clearml_agent_cache/storage_manager/datasets/ds_687ee9f1c8dd4af98240e55e4b18258a/test/Tomato___Septoria_leaf_spot/3d91b473-6309-4310-9acd-e66dacaf789f___Keller.St_CG_1991.JPG,Tomato___Septoria_leaf_spot,Tomato___Septoria_leaf_spot,0.99996006,True
/clearml_agent_cache/storage_manager/datasets/ds_687ee9f1c8dd4af98240e55e4b18258a/test/Tomato___Septoria_leaf_spot/443e6a2f-2adf-4c66-88c9-153cdbf03e17___Matt.S_CG_2780.JPG,Tomato___Septoria_leaf_spot,Tomato___Septoria_leaf_spot,0.9999999,True
/clearml_agent_cache/storage_manager/datasets/ds_687ee9f1c8dd4af98240e55e4b18258a/test/Tomato___Septoria_leaf_spot/4bdfdc7b-5822-45b6-8c3f-65df82717447___Keller.St_CG_1897.JPG,Tomato___Septoria_leaf_spot,Tomato___Septoria_leaf_spot,1.0,True
/clearml_agent_cache/storage_manager/datasets/ds_687ee9f1c8dd4af98240e55e4b18258a/test/Tomato___Septoria_leaf_spot/62b56c32-fdd9-41c4-bf32-46b53d3c6ece___JR_Sept.L.S_2483.JPG,Tomato___Septoria_leaf_spot,Tomato___Septoria_leaf_spot,1.0,True
/clearml_agent_cache/storage_manager/datasets/ds_687ee9f1c8dd4af98240e55e4b18258a/test/Tomato___Septoria_leaf_spot/6df33a72-0479-4e76-9299-d1bb8745fc34___Matt.S_CG_6092.JPG,Tomato___Septoria_leaf_spot,Tomato___Septoria_leaf_spot,0.9999105,True
/clearml_agent_cache/storage_manager/datasets/ds_687ee9f1c8dd4af98240e55e4b18258a/test/Tomato___Septoria_leaf_spot/70ee4f41-ddc6-4626-9a67-44c3a072e509___Matt.S_CG_6680.JPG,Tomato___Septoria_leaf_spot,Tomato___Septoria_leaf_spot,1.0,True
/clearml_agent_cache/storage_manager/datasets/ds_687ee9f1c8dd4af98240e55e4b18258a/test/Tomato___Septoria_leaf_spot/7387cd69-82f1-4fe3-95d9-b0109e32d4ef___Matt.S_CG_7505.JPG,Tomato___Septoria_leaf_spot,Tomato___Septoria_leaf_spot,0.99991095,True
/clearml_agent_cache/storage_manager/datasets/ds_687ee9f1c8dd4af98240e55e4b18258a/test/Tomato___Septoria_leaf_spot/7a21a34c-b9a4-4a3a-8413-da52065d6415___Matt.S_CG_6773.JPG,Tomato___Septoria_leaf_spot,Tomato___Septoria_leaf_spot,0.9999999,True
/clearml_agent_cache/storage_manager/datasets/ds_687ee9f1c8dd4af98240e55e4b18258a/test/Tomato___Septoria_leaf_spot/7c112fa6-8cb8-467d-a231-81989dc4cf00___Matt.S_CG_2711.JPG,Tomato___Septoria_leaf_spot,Tomato___Septoria_leaf_spot,0.99999964,True
/clearml_agent_cache/storage_manager/datasets/ds_687ee9f1c8dd4af98240e55e4b18258a/test/Tomato___Septoria_leaf_spot/7f1a7403-f9d4-4910-9495-550a263c6e77___Matt.S_CG_7624.JPG,Tomato___Septoria_leaf_spot,Tomato___Septoria_leaf_spot,0.9999715,True
/clearml_agent_cache/storage_manager/datasets/ds_687ee9f1c8dd4af98240e55e4b18258a/test/Tomato___Septoria_leaf_spot/82946234-504f-4bc0-b98e-ec8d2bbfc2d4___Matt.S_CG_7715.JPG,Tomato___Septoria_leaf_spot,Tomato___Septoria_leaf_spot,0.86884344,True
/clearml_agent_cache/storage_manager/datasets/ds_687ee9f1c8dd4af98240e55e4b18258a/test/Tomato___Septoria_leaf_spot/84836cba-6362-4e3b-b86c-d84f91d186ce___JR_Sept.L.S_2499.JPG,Tomato___Septoria_leaf_spot,Tomato___Septoria_leaf_spot,0.99999833,True
/clearml_agent_cache/storage_manager/datasets/ds_687ee9f1c8dd4af98240e55e4b18258a/test/Tomato___Septoria_leaf_spot/85bec8de-5658-4162-8755-6ff26766a07d___Matt.S_CG_2724.JPG,Tomato___Septoria_leaf_spot,Tomato___Septoria_leaf_spot,1.0,True
/clearml_agent_cache/storage_manager/datasets/ds_687ee9f1c8dd4af98240e55e4b18258a/test/Tomato___Septoria_leaf_spot/87884ea0-dceb-421c-b6c1-a876232cd142___Matt.S_CG_1019.JPG,Tomato___Septoria_leaf_spot,Tomato___Septoria_leaf_spot,0.9999994,True
/clearml_agent_cache/storage_manager/datasets/ds_687ee9f1c8dd4af98240e55e4b18258a/test/Tomato___Septoria_leaf_spot/8aad671a-ce18-4cdb-9744-63eb859d40b7___Matt.S_CG_7650.JPG,Tomato___Septoria_leaf_spot,Tomato___Septoria_leaf_spot,0.9999051,True
/clearml_agent_cache/storage_manager/datasets/ds_687ee9f1c8dd4af98240e55e4b18258a/test/Tomato___Septoria_leaf_spot/8f2c9096-f0af-4f68-a0cb-9343ac4eacb2___Matt.S_CG_1228.JPG,Tomato___Septoria_leaf_spot,Tomato___Septoria_leaf_spot,0.9999969,True
/clearml_agent_cache/storage_manager/datasets/ds_687ee9f1c8dd4af98240e55e4b18258a/test/Tomato___Septoria_leaf_spot/908a637d-2cba-4c03-ab03-4b41eae1470c___Matt.S_CG_7459.JPG,Tomato___Septoria_leaf_spot,Tomato___Septoria_leaf_spot,0.9999939,True
/clearml_agent_cache/storage_manager/datasets/ds_687ee9f1c8dd4af98240e55e4b18258a/test/Tomato___Septoria_leaf_spot/92a8d3b2-6f19-4f93-9e5f-1adf2e491a9d___Matt.S_CG_2495.JPG,Tomato___Septoria_leaf_spot,Tomato___Septoria_leaf_spot,0.9995803,True
/clearml_agent_cache/storage_manager/datasets/ds_687ee9f1c8dd4af98240e55e4b18258a/test/Tomato___Septoria_leaf_spot/952f14ea-6697-4361-897f-a3123c69b7e4___Matt.S_CG_2790.JPG,Tomato___Septoria_leaf_spot,Tomato___Septoria_leaf_spot,1.0,True
/clearml_agent_cache/storage_manager/datasets/ds_687ee9f1c8dd4af98240e55e4b18258a/test/Tomato___Septoria_leaf_spot/962119e0-4165-4c4e-bf7e-fd68f89e4e6b___Keller.St_CG_2016.JPG,Tomato___Septoria_leaf_spot,Tomato___Septoria_leaf_spot,0.9999987,True
/clearml_agent_cache/storage_manager/datasets/ds_687ee9f1c8dd4af98240e55e4b18258a/test/Tomato___Septoria_leaf_spot/9d656cd5-90b4-4a7e-a72d-13fb6f3fd32b___Keller.St_CG_1830.JPG,Tomato___Septoria_leaf_spot,Tomato___Septoria_leaf_spot,0.99999964,True
/clearml_agent_cache/storage_manager/datasets/ds_687ee9f1c8dd4af98240e55e4b18258a/test/Tomato___Septoria_leaf_spot/a8573a9e-d9de-4a2b-835a-bd1390c1d6d9___Matt.S_CG_7463.JPG,Tomato___Septoria_leaf_spot,Tomato___Septoria_leaf_spot,0.98751616,True
/clearml_agent_cache/storage_manager/datasets/ds_687ee9f1c8dd4af98240e55e4b18258a/test/Tomato___Septoria_leaf_spot/a88b5b36-20f8-4a92-82c7-4f0fa1775ba6___Matt.S_CG_7438.JPG,Tomato___Septoria_leaf_spot,Tomato___Septoria_leaf_spot,0.9994899,True
/clearml_agent_cache/storage_manager/datasets/ds_687ee9f1c8dd4af98240e55e4b18258a/test/Tomato___Septoria_leaf_spot/a8b47dc6-f90e-49a8-9dd7-51fcc2480c8c___Matt.S_CG_6211.JPG,Tomato___Septoria_leaf_spot,Tomato___Septoria_leaf_spot,0.9999521,True
/clearml_agent_cache/storage_manager/datasets/ds_687ee9f1c8dd4af98240e55e4b18258a/test/Tomato___Septoria_leaf_spot/a90aa234-3af2-4fe7-b8eb-415427e16700___Matt.S_CG_2484.JPG,Tomato___Septoria_leaf_spot,Tomato___Septoria_leaf_spot,0.99999535,True
/clearml_agent_cache/storage_manager/datasets/ds_687ee9f1c8dd4af98240e55e4b18258a/test/Tomato___Septoria_leaf_spot/adb55578-5e78-4544-8415-baa2960871c4___Keller.St_CG_2026.JPG,Tomato___Septoria_leaf_spot,Tomato___Septoria_leaf_spot,1.0,True
/clearml_agent_cache/storage_manager/datasets/ds_687ee9f1c8dd4af98240e55e4b18258a/test/Tomato___Septoria_leaf_spot/adc5ed07-d23a-433f-9cc9-2fd666efb8d0___Keller.St_CG_1868.JPG,Tomato___Septoria_leaf_spot,Tomato___Septoria_leaf_spot,0.9993393,True
/clearml_agent_cache/storage_manager/datasets/ds_687ee9f1c8dd4af98240e55e4b18258a/test/Tomato___Septoria_leaf_spot/aec36f3c-a242-4d70-a0cf-3dafd9924452___Matt.S_CG_2456.JPG,Tomato___Septoria_leaf_spot,Tomato___Septoria_leaf_spot,1.0,True
/clearml_agent_cache/storage_manager/datasets/ds_687ee9f1c8dd4af98240e55e4b18258a/test/Tomato___Septoria_leaf_spot/b06c3d4e-04cf-4eff-82fa-4553264a21e0___JR_Sept.L.S_2615.JPG,Tomato___Septoria_leaf_spot,Tomato___Septoria_leaf_spot,0.9999999,True
/clearml_agent_cache/storage_manager/datasets/ds_687ee9f1c8dd4af98240e55e4b18258a/test/Tomato___Septoria_leaf_spot/b0db8ed2-d2eb-421a-8159-234f88e0aaa9___Matt.S_CG_7860.JPG,Tomato___Septoria_leaf_spot,Tomato___Septoria_leaf_spot,0.99999774,True
/clearml_agent_cache/storage_manager/datasets/ds_687ee9f1c8dd4af98240e55e4b18258a/test/Tomato___Septoria_leaf_spot/b34a44db-e645-416d-beae-d8b65895d727___Matt.S_CG_7736.JPG,Tomato___Septoria_leaf_spot,Tomato___Septoria_leaf_spot,0.9999999,True
/clearml_agent_cache/storage_manager/datasets/ds_687ee9f1c8dd4af98240e55e4b18258a/test/Tomato___Septoria_leaf_spot/b57b5e78-5d2c-4e9d-9e53-f9becb02e6a7___Keller.St_CG_1842.JPG,Tomato___Septoria_leaf_spot,Tomato___Septoria_leaf_spot,0.9999976,True
/clearml_agent_cache/storage_manager/datasets/ds_687ee9f1c8dd4af98240e55e4b18258a/test/Tomato___Septoria_leaf_spot/bd436afc-9c1f-4fd0-acaf-64da1b1ef331___Matt.S_CG_7497.JPG,Tomato___Septoria_leaf_spot,Tomato___Septoria_leaf_spot,0.9999964,True
/clearml_agent_cache/storage_manager/datasets/ds_687ee9f1c8dd4af98240e55e4b18258a/test/Tomato___Septoria_leaf_spot/be9f9ef4-fd2d-402c-bf79-79fb062b7b59___JR_Sept.L.S_8512.JPG,Tomato___Septoria_leaf_spot,Tomato___Septoria_leaf_spot,0.9999993,True
/clearml_agent_cache/storage_manager/datasets/ds_687ee9f1c8dd4af98240e55e4b18258a/test/Tomato___Septoria_leaf_spot/bf39f9c1-a339-4890-8e9f-16c4b6446193___JR_Sept.L.S_8545.JPG,Tomato___Septoria_leaf_spot,Tomato___Septoria_leaf_spot,1.0,True
/clearml_agent_cache/storage_manager/datasets/ds_687ee9f1c8dd4af98240e55e4b18258a/test/Tomato___Septoria_leaf_spot/bf4d8522-a43c-40ee-afd2-d5fb78ac3630___Matt.S_CG_6354.JPG,Tomato___Septoria_leaf_spot,Tomato___Septoria_leaf_spot,0.99999976,True
/clearml_agent_cache/storage_manager/datasets/ds_687ee9f1c8dd4af98240e55e4b18258a/test/Tomato___Septoria_leaf_spot/c4387ae7-e4ba-43db-a547-08bfea2ec97e___JR_Sept.L.S_2549.JPG,Tomato___Septoria_leaf_spot,Tomato___Septoria_leaf_spot,0.99942744,True
/clearml_agent_cache/storage_manager/datasets/ds_687ee9f1c8dd4af98240e55e4b18258a/test/Tomato___Septoria_leaf_spot/c4c91080-210d-432d-8536-bf5a2e361528___Matt.S_CG_2866.JPG,Tomato___Septoria_leaf_spot,Tomato___Septoria_leaf_spot,0.99999106,True
/clearml_agent_cache/storage_manager/datasets/ds_687ee9f1c8dd4af98240e55e4b18258a/test/Tomato___Septoria_leaf_spot/cfe066a7-1a1c-4b23-8241-dad4cc5660da___Matt.S_CG_7718.JPG,Tomato___Septoria_leaf_spot,Tomato___Septoria_leaf_spot,1.0,True
/clearml_agent_cache/storage_manager/datasets/ds_687ee9f1c8dd4af98240e55e4b18258a/test/Tomato___Septoria_leaf_spot/d5380a5d-03bb-46d1-ae25-b245f3eec822___Matt.S_CG_7626.JPG,Tomato___Septoria_leaf_spot,Tomato___Septoria_leaf_spot,0.9999995,True
/clearml_agent_cache/storage_manager/datasets/ds_687ee9f1c8dd4af98240e55e4b18258a/test/Tomato___Septoria_leaf_spot/da6283cc-b996-4b2d-9934-716a7efb8f38___Matt.S_CG_6720.JPG,Tomato___Septoria_leaf_spot,Tomato___Septoria_leaf_spot,1.0,True
/clearml_agent_cache/storage_manager/datasets/ds_687ee9f1c8dd4af98240e55e4b18258a/test/Tomato___Septoria_leaf_spot/ddfdde4a-c701-4b73-9eb2-839e3e7e6cb1___JR_Sept.L.S_2500.JPG,Tomato___Septoria_leaf_spot,Tomato___Septoria_leaf_spot,0.99999964,True
/clearml_agent_cache/storage_manager/datasets/ds_687ee9f1c8dd4af98240e55e4b18258a/test/Tomato___Septoria_leaf_spot/dfde75b3-9cba-4b76-85ce-df8fb517976a___JR_Sept.L.S_2716.JPG,Tomato___Septoria_leaf_spot,Tomato___Septoria_leaf_spot,0.99999976,True
/clearml_agent_cache/storage_manager/datasets/ds_687ee9f1c8dd4af98240e55e4b18258a/test/Tomato___Septoria_leaf_spot/e0f3d05f-131f-4baf-ae8b-36abdd1fc925___Matt.S_CG_6241.JPG,Tomato___Septoria_leaf_spot,Tomato___Septoria_leaf_spot,0.99993896,True
/clearml_agent_cache/storage_manager/datasets/ds_687ee9f1c8dd4af98240e55e4b18258a/test/Tomato___Septoria_leaf_spot/e38651f1-8c9d-41bf-85b8-439272ee46ab___Matt.S_CG_1393.JPG,Tomato___Septoria_leaf_spot,Tomato___Septoria_leaf_spot,0.9999987,True
/clearml_agent_cache/storage_manager/datasets/ds_687ee9f1c8dd4af98240e55e4b18258a/test/Tomato___Septoria_leaf_spot/e4a8819b-a2c9-48ab-9873-4d198b51bbd9___JR_Sept.L.S_2626.JPG,Tomato___Septoria_leaf_spot,Tomato___Septoria_leaf_spot,1.0,True
/clearml_agent_cache/storage_manager/datasets/ds_687ee9f1c8dd4af98240e55e4b18258a/test/Tomato___Septoria_leaf_spot/e65190f0-97e9-44a6-bcb8-9fe7d42e9200___Matt.S_CG_7413.JPG,Tomato___Septoria_leaf_spot,Tomato___Septoria_leaf_spot,0.9994863,True
/clearml_agent_cache/storage_manager/datasets/ds_687ee9f1c8dd4af98240e55e4b18258a/test/Tomato___Septoria_leaf_spot/ecdeac10-f463-4f66-a264-78c0f69f5ea3___Matt.S_CG_7473.JPG,Tomato___Septoria_leaf_spot,Tomato___Septoria_leaf_spot,0.99884135,True
/clearml_agent_cache/storage_manager/datasets/ds_687ee9f1c8dd4af98240e55e4b18258a/test/Tomato___Septoria_leaf_spot/ed3068dc-8b5c-457d-a0fd-93ef6e8e7e42___Matt.S_CG_1319.JPG,Tomato___Septoria_leaf_spot,Tomato___Septoria_leaf_spot,0.99999976,True
/clearml_agent_cache/storage_manager/datasets/ds_687ee9f1c8dd4af98240e55e4b18258a/test/Tomato___Septoria_leaf_spot/f1e6fb1c-fcd6-4164-963b-0cc10f1bc218___Matt.S_CG_7506.JPG,Tomato___Septoria_leaf_spot,Tomato___Septoria_leaf_spot,0.99996996,True
/clearml_agent_cache/storage_manager/datasets/ds_687ee9f1c8dd4af98240e55e4b18258a/test/Tomato___Septoria_leaf_spot/f22ee940-7739-4758-a351-4764826336a6___Matt.S_CG_7568.JPG,Tomato___Septoria_leaf_spot,Tomato___Septoria_leaf_spot,0.9999927,True
/clearml_agent_cache/storage_manager/datasets/ds_687ee9f1c8dd4af98240e55e4b18258a/test/Tomato___Septoria_leaf_spot/f285de60-b746-43c9-8891-133dce784b44___Keller.St_CG_1788.JPG,Tomato___Septoria_leaf_spot,Tomato___Septoria_leaf_spot,0.99999535,True
/clearml_agent_cache/storage_manager/datasets/ds_687ee9f1c8dd4af98240e55e4b18258a/test/Tomato___Septoria_leaf_spot/f32b0e3d-b9dc-413b-bee5-3d63fcea4cf5___Matt.S_CG_1430.JPG,Tomato___Septoria_leaf_spot,Tomato___Septoria_leaf_spot,0.9999999,True
/clearml_agent_cache/storage_manager/datasets/ds_687ee9f1c8dd4af98240e55e4b18258a/test/Tomato___Septoria_leaf_spot/fc6759ac-f4b4-4ab3-81d1-8f0761ebea6a___Keller.St_CG_1857.JPG,Tomato___Septoria_leaf_spot,Tomato___Septoria_leaf_spot,0.9999988,True
/clearml_agent_cache/storage_manager/datasets/ds_687ee9f1c8dd4af98240e55e4b18258a/test/Tomato___Spider_mites_Two-spotted_spider_mite/089621fa-9c68-4401-a964-ee3383a31cd6___Com.G_SpM_FL_8554.JPG,Tomato___Spider_mites_Two-spotted_spider_mite,Tomato___Spider_mites_Two-spotted_spider_mite,0.9999999,True
/clearml_agent_cache/storage_manager/datasets/ds_687ee9f1c8dd4af98240e55e4b18258a/test/Tomato___Spider_mites_Two-spotted_spider_mite/0eead1ad-106f-4bb7-8e9e-4ed03cdeb7ab___Com.G_SpM_FL_1319.JPG,Tomato___Spider_mites_Two-spotted_spider_mite,Tomato___Spider_mites_Two-spotted_spider_mite,1.0,True
/clearml_agent_cache/storage_manager/datasets/ds_687ee9f1c8dd4af98240e55e4b18258a/test/Tomato___Spider_mites_Two-spotted_spider_mite/10e51f80-5ecc-4780-81ee-5d9db5aa4e53___Com.G_SpM_FL_9408.JPG,Tomato___Spider_mites_Two-spotted_spider_mite,Tomato___Spider_mites_Two-spotted_spider_mite,0.99999964,True
/clearml_agent_cache/storage_manager/datasets/ds_687ee9f1c8dd4af98240e55e4b18258a/test/Tomato___Spider_mites_Two-spotted_spider_mite/1f79e619-5551-4d1e-b5f9-9f097781a967___Com.G_SpM_FL_8451.JPG,Tomato___Spider_mites_Two-spotted_spider_mite,Tomato___Spider_mites_Two-spotted_spider_mite,1.0,True
/clearml_agent_cache/storage_manager/datasets/ds_687ee9f1c8dd4af98240e55e4b18258a/test/Tomato___Spider_mites_Two-spotted_spider_mite/217c69cd-121a-4993-8537-904fa4de4d55___Com.G_SpM_FL_8807.JPG,Tomato___Spider_mites_Two-spotted_spider_mite,Tomato___Spider_mites_Two-spotted_spider_mite,0.99999964,True
/clearml_agent_cache/storage_manager/datasets/ds_687ee9f1c8dd4af98240e55e4b18258a/test/Tomato___Spider_mites_Two-spotted_spider_mite/22372e33-7f94-48f7-b394-421d1489328a___Com.G_SpM_FL_8697.JPG,Tomato___Spider_mites_Two-spotted_spider_mite,Tomato___Spider_mites_Two-spotted_spider_mite,1.0,True
/clearml_agent_cache/storage_manager/datasets/ds_687ee9f1c8dd4af98240e55e4b18258a/test/Tomato___Spider_mites_Two-spotted_spider_mite/26c1a596-cb42-49b1-b4f5-ab0c6a8ee82c___Com.G_SpM_FL_8969.JPG,Tomato___Spider_mites_Two-spotted_spider_mite,Tomato___Spider_mites_Two-spotted_spider_mite,0.9999987,True
/clearml_agent_cache/storage_manager/datasets/ds_687ee9f1c8dd4af98240e55e4b18258a/test/Tomato___Spider_mites_Two-spotted_spider_mite/29e4107d-ab5d-462f-bfe9-d4f440e899fb___Com.G_SpM_FL_1538.JPG,Tomato___Spider_mites_Two-spotted_spider_mite,Tomato___Spider_mites_Two-spotted_spider_mite,0.9999999,True
/clearml_agent_cache/storage_manager/datasets/ds_687ee9f1c8dd4af98240e55e4b18258a/test/Tomato___Spider_mites_Two-spotted_spider_mite/3472596b-2763-4b57-a0af-43c294f7ba93___Com.G_SpM_FL_1575.JPG,Tomato___Spider_mites_Two-spotted_spider_mite,Tomato___Spider_mites_Two-spotted_spider_mite,0.99995685,True
/clearml_agent_cache/storage_manager/datasets/ds_687ee9f1c8dd4af98240e55e4b18258a/test/Tomato___Spider_mites_Two-spotted_spider_mite/34f4c44b-7e74-4b66-993a-27b2f7da9ab3___Com.G_SpM_FL_9604.JPG,Tomato___Spider_mites_Two-spotted_spider_mite,Tomato___Spider_mites_Two-spotted_spider_mite,1.0,True
/clearml_agent_cache/storage_manager/datasets/ds_687ee9f1c8dd4af98240e55e4b18258a/test/Tomato___Spider_mites_Two-spotted_spider_mite/35be5750-5e23-472f-bfc1-2cb27687722d___Com.G_SpM_FL_1779.JPG,Tomato___Spider_mites_Two-spotted_spider_mite,Tomato___Spider_mites_Two-spotted_spider_mite,1.0,True
/clearml_agent_cache/storage_manager/datasets/ds_687ee9f1c8dd4af98240e55e4b18258a/test/Tomato___Spider_mites_Two-spotted_spider_mite/3960b465-88b7-4198-97dd-42eaac16065f___Com.G_SpM_FL_8419.JPG,Tomato___Spider_mites_Two-spotted_spider_mite,Tomato___Spider_mites_Two-spotted_spider_mite,1.0,True
/clearml_agent_cache/storage_manager/datasets/ds_687ee9f1c8dd4af98240e55e4b18258a/test/Tomato___Spider_mites_Two-spotted_spider_mite/3b62abc2-b01e-4a47-bc67-fd677a3840fe___Com.G_SpM_FL_8787.JPG,Tomato___Spider_mites_Two-spotted_spider_mite,Tomato___Spider_mites_Two-spotted_spider_mite,1.0,True
/clearml_agent_cache/storage_manager/datasets/ds_687ee9f1c8dd4af98240e55e4b18258a/test/Tomato___Spider_mites_Two-spotted_spider_mite/3f3b3e8c-9b45-4f68-ae3c-a3b3a12f69a1___Com.G_SpM_FL_1679.JPG,Tomato___Spider_mites_Two-spotted_spider_mite,Tomato___Spider_mites_Two-spotted_spider_mite,0.9999999,True
/clearml_agent_cache/storage_manager/datasets/ds_687ee9f1c8dd4af98240e55e4b18258a/test/Tomato___Spider_mites_Two-spotted_spider_mite/4105c8ab-c7c7-4e13-93c9-80339f36f536___Com.G_SpM_FL_1783.JPG,Tomato___Spider_mites_Two-spotted_spider_mite,Tomato___Spider_mites_Two-spotted_spider_mite,1.0,True
/clearml_agent_cache/storage_manager/datasets/ds_687ee9f1c8dd4af98240e55e4b18258a/test/Tomato___Spider_mites_Two-spotted_spider_mite/4136897a-cf67-4e88-b588-60585499820a___Com.G_SpM_FL_1510.JPG,Tomato___Spider_mites_Two-spotted_spider_mite,Tomato___Spider_mites_Two-spotted_spider_mite,1.0,True
/clearml_agent_cache/storage_manager/datasets/ds_687ee9f1c8dd4af98240e55e4b18258a/test/Tomato___Spider_mites_Two-spotted_spider_mite/44051fdf-8fde-4c5a-8580-119c129b45b1___Com.G_SpM_FL_8945.JPG,Tomato___Spider_mites_Two-spotted_spider_mite,Tomato___Spider_mites_Two-spotted_spider_mite,0.99997187,True
/clearml_agent_cache/storage_manager/datasets/ds_687ee9f1c8dd4af98240e55e4b18258a/test/Tomato___Spider_mites_Two-spotted_spider_mite/447b1188-b4f6-4bc6-9d93-ab730340e2d2___Com.G_SpM_FL_1693.JPG,Tomato___Spider_mites_Two-spotted_spider_mite,Tomato___Spider_mites_Two-spotted_spider_mite,1.0,True
/clearml_agent_cache/storage_manager/datasets/ds_687ee9f1c8dd4af98240e55e4b18258a/test/Tomato___Spider_mites_Two-spotted_spider_mite/497d72ff-a902-475e-930c-01762e10a400___Com.G_SpM_FL_8850.JPG,Tomato___Spider_mites_Two-spotted_spider_mite,Tomato___Spider_mites_Two-spotted_spider_mite,0.99924314,True
/clearml_agent_cache/storage_manager/datasets/ds_687ee9f1c8dd4af98240e55e4b18258a/test/Tomato___Spider_mites_Two-spotted_spider_mite/497e7ecf-8350-4490-9946-b6e55f90d382___Com.G_SpM_FL_1423.JPG,Tomato___Spider_mites_Two-spotted_spider_mite,Tomato___Spider_mites_Two-spotted_spider_mite,0.9999993,True
/clearml_agent_cache/storage_manager/datasets/ds_687ee9f1c8dd4af98240e55e4b18258a/test/Tomato___Spider_mites_Two-spotted_spider_mite/4d794f1e-199b-4689-bade-d6dca0160883___Com.G_SpM_FL_8483.JPG,Tomato___Spider_mites_Two-spotted_spider_mite,Tomato___Spider_mites_Two-spotted_spider_mite,0.9999999,True
/clearml_agent_cache/storage_manager/datasets/ds_687ee9f1c8dd4af98240e55e4b18258a/test/Tomato___Spider_mites_Two-spotted_spider_mite/5475d20a-8571-4b03-a786-0cc0be77c983___Com.G_SpM_FL_1710.JPG,Tomato___Spider_mites_Two-spotted_spider_mite,Tomato___Spider_mites_Two-spotted_spider_mite,0.9999839,True
/clearml_agent_cache/storage_manager/datasets/ds_687ee9f1c8dd4af98240e55e4b18258a/test/Tomato___Spider_mites_Two-spotted_spider_mite/58d5cbab-162b-4091-8add-21a336398731___Com.G_SpM_FL_8933.JPG,Tomato___Spider_mites_Two-spotted_spider_mite,Tomato___Spider_mites_Two-spotted_spider_mite,0.99969554,True
/clearml_agent_cache/storage_manager/datasets/ds_687ee9f1c8dd4af98240e55e4b18258a/test/Tomato___Spider_mites_Two-spotted_spider_mite/5ba81aa5-31af-4494-8805-ab9d38716626___Com.G_SpM_FL_1309.JPG,Tomato___Spider_mites_Two-spotted_spider_mite,Tomato___Spider_mites_Two-spotted_spider_mite,0.9999999,True
/clearml_agent_cache/storage_manager/datasets/ds_687ee9f1c8dd4af98240e55e4b18258a/test/Tomato___Spider_mites_Two-spotted_spider_mite/5d0e79cc-2a50-49cf-9d1c-d5dc064545f3___Com.G_SpM_FL_9306.JPG,Tomato___Spider_mites_Two-spotted_spider_mite,Tomato___Spider_mites_Two-spotted_spider_mite,0.99999976,True
/clearml_agent_cache/storage_manager/datasets/ds_687ee9f1c8dd4af98240e55e4b18258a/test/Tomato___Spider_mites_Two-spotted_spider_mite/5d56e1f3-4092-476e-830b-7e14e31b677d___Com.G_SpM_FL_1133.JPG,Tomato___Spider_mites_Two-spotted_spider_mite,Tomato___Spider_mites_Two-spotted_spider_mite,0.9999926,True
/clearml_agent_cache/storage_manager/datasets/ds_687ee9f1c8dd4af98240e55e4b18258a/test/Tomato___Spider_mites_Two-spotted_spider_mite/639eff16-558f-469d-95c3-9c526fc4f62a___Com.G_SpM_FL_1429.JPG,Tomato___Spider_mites_Two-spotted_spider_mite,Tomato___Spider_mites_Two-spotted_spider_mite,0.9997949,True
/clearml_agent_cache/storage_manager/datasets/ds_687ee9f1c8dd4af98240e55e4b18258a/test/Tomato___Spider_mites_Two-spotted_spider_mite/71856838-2253-491f-b3d0-87a3e73476ed___Com.G_SpM_FL_9584.JPG,Tomato___Spider_mites_Two-spotted_spider_mite,Tomato___Spider_mites_Two-spotted_spider_mite,0.99999976,True
/clearml_agent_cache/storage_manager/datasets/ds_687ee9f1c8dd4af98240e55e4b18258a/test/Tomato___Spider_mites_Two-spotted_spider_mite/71d1cf7e-ecc0-4401-b0b9-4e5f83b5d800___Com.G_SpM_FL_8705.JPG,Tomato___Spider_mites_Two-spotted_spider_mite,Tomato___Spider_mites_Two-spotted_spider_mite,1.0,True
/clearml_agent_cache/storage_manager/datasets/ds_687ee9f1c8dd4af98240e55e4b18258a/test/Tomato___Spider_mites_Two-spotted_spider_mite/76f1127e-8d3c-49d9-a2ae-42345be1ef88___Com.G_SpM_FL_1380.JPG,Tomato___Spider_mites_Two-spotted_spider_mite,Tomato___Spider_mites_Two-spotted_spider_mite,1.0,True
/clearml_agent_cache/storage_manager/datasets/ds_687ee9f1c8dd4af98240e55e4b18258a/test/Tomato___Spider_mites_Two-spotted_spider_mite/7baea566-35b4-4613-96aa-f0e865abbb33___Com.G_SpM_FL_1376.JPG,Tomato___Spider_mites_Two-spotted_spider_mite,Tomato___Spider_mites_Two-spotted_spider_mite,1.0,True
/clearml_agent_cache/storage_manager/datasets/ds_687ee9f1c8dd4af98240e55e4b18258a/test/Tomato___Spider_mites_Two-spotted_spider_mite/7bb0ee74-55e4-45df-88e5-9545947aa7c2___Com.G_SpM_FL_9468.JPG,Tomato___Spider_mites_Two-spotted_spider_mite,Tomato___Spider_mites_Two-spotted_spider_mite,0.9997795,True
/clearml_agent_cache/storage_manager/datasets/ds_687ee9f1c8dd4af98240e55e4b18258a/test/Tomato___Spider_mites_Two-spotted_spider_mite/7c41b687-8858-4f41-985c-9318ae538bb5___Com.G_SpM_FL_9284.JPG,Tomato___Spider_mites_Two-spotted_spider_mite,Tomato___Spider_mites_Two-spotted_spider_mite,0.9999994,True
/clearml_agent_cache/storage_manager/datasets/ds_687ee9f1c8dd4af98240e55e4b18258a/test/Tomato___Spider_mites_Two-spotted_spider_mite/7c425456-e0e6-4594-a8ef-a195c4d5b088___Com.G_SpM_FL_9463.JPG,Tomato___Spider_mites_Two-spotted_spider_mite,Tomato___Spider_mites_Two-spotted_spider_mite,0.9999989,True
/clearml_agent_cache/storage_manager/datasets/ds_687ee9f1c8dd4af98240e55e4b18258a/test/Tomato___Spider_mites_Two-spotted_spider_mite/83066a1d-3c45-452b-af6e-55d6782c152d___Com.G_SpM_FL_9398.JPG,Tomato___Spider_mites_Two-spotted_spider_mite,Tomato___Spider_mites_Two-spotted_spider_mite,0.9940812,True
/clearml_agent_cache/storage_manager/datasets/ds_687ee9f1c8dd4af98240e55e4b18258a/test/Tomato___Spider_mites_Two-spotted_spider_mite/8491faa9-0ef0-4ece-a3f7-7617ad9c024c___Com.G_SpM_FL_8977.JPG,Tomato___Spider_mites_Two-spotted_spider_mite,Tomato___Spider_mites_Two-spotted_spider_mite,1.0,True
/clearml_agent_cache/storage_manager/datasets/ds_687ee9f1c8dd4af98240e55e4b18258a/test/Tomato___Spider_mites_Two-spotted_spider_mite/85b0921b-3d9a-4578-a389-6e498eba2aa3___Com.G_SpM_FL_8769.JPG,Tomato___Spider_mites_Two-spotted_spider_mite,Tomato___Spider_mites_Two-spotted_spider_mite,0.99999964,True
/clearml_agent_cache/storage_manager/datasets/ds_687ee9f1c8dd4af98240e55e4b18258a/test/Tomato___Spider_mites_Two-spotted_spider_mite/87457821-e967-41c9-bda0-4e375fdeaa59___Com.G_SpM_FL_1609.JPG,Tomato___Spider_mites_Two-spotted_spider_mite,Tomato___Spider_mites_Two-spotted_spider_mite,1.0,True
/clearml_agent_cache/storage_manager/datasets/ds_687ee9f1c8dd4af98240e55e4b18258a/test/Tomato___Spider_mites_Two-spotted_spider_mite/8b4b9281-cf1e-407e-acf7-5ead938e57d1___Com.G_SpM_FL_9597.JPG,Tomato___Spider_mites_Two-spotted_spider_mite,Tomato___Spider_mites_Two-spotted_spider_mite,1.0,True
/clearml_agent_cache/storage_manager/datasets/ds_687ee9f1c8dd4af98240e55e4b18258a/test/Tomato___Spider_mites_Two-spotted_spider_mite/8fe70afe-0582-4cbd-9ab3-72ca00d9808a___Com.G_SpM_FL_8908.JPG,Tomato___Spider_mites_Two-spotted_spider_mite,Tomato___Spider_mites_Two-spotted_spider_mite,1.0,True
/clearml_agent_cache/storage_manager/datasets/ds_687ee9f1c8dd4af98240e55e4b18258a/test/Tomato___Spider_mites_Two-spotted_spider_mite/900402d8-2d24-4d8b-b7b2-556bf2124e1b___Com.G_SpM_FL_9437.JPG,Tomato___Spider_mites_Two-spotted_spider_mite,Tomato___Spider_mites_Two-spotted_spider_mite,0.99999976,True
/clearml_agent_cache/storage_manager/datasets/ds_687ee9f1c8dd4af98240e55e4b18258a/test/Tomato___Spider_mites_Two-spotted_spider_mite/913333d7-2858-4bb0-b3c1-65b33667e0db___Com.G_SpM_FL_1432.JPG,Tomato___Spider_mites_Two-spotted_spider_mite,Tomato___Spider_mites_Two-spotted_spider_mite,0.99999917,True
/clearml_agent_cache/storage_manager/datasets/ds_687ee9f1c8dd4af98240e55e4b18258a/test/Tomato___Spider_mites_Two-spotted_spider_mite/97b67701-3294-4612-8443-47c8f521ad55___Com.G_SpM_FL_8815.JPG,Tomato___Spider_mites_Two-spotted_spider_mite,Tomato___Spider_mites_Two-spotted_spider_mite,1.0,True
/clearml_agent_cache/storage_manager/datasets/ds_687ee9f1c8dd4af98240e55e4b18258a/test/Tomato___Spider_mites_Two-spotted_spider_mite/9b6eb8d6-6649-4a39-8c45-41e63bf649ed___Com.G_SpM_FL_9572.JPG,Tomato___Spider_mites_Two-spotted_spider_mite,Tomato___Spider_mites_Two-spotted_spider_mite,1.0,True
/clearml_agent_cache/storage_manager/datasets/ds_687ee9f1c8dd4af98240e55e4b18258a/test/Tomato___Spider_mites_Two-spotted_spider_mite/9ce6d72b-57d7-4f3d-8e3b-abc7d1da2e69___Com.G_SpM_FL_1455.JPG,Tomato___Spider_mites_Two-spotted_spider_mite,Tomato___Spider_mites_Two-spotted_spider_mite,0.99999917,True
/clearml_agent_cache/storage_manager/datasets/ds_687ee9f1c8dd4af98240e55e4b18258a/test/Tomato___Spider_mites_Two-spotted_spider_mite/a516c588-16a6-405c-ba03-21a2f8bc400e___Com.G_SpM_FL_1508.JPG,Tomato___Spider_mites_Two-spotted_spider_mite,Tomato___Spider_mites_Two-spotted_spider_mite,1.0,True
/clearml_agent_cache/storage_manager/datasets/ds_687ee9f1c8dd4af98240e55e4b18258a/test/Tomato___Spider_mites_Two-spotted_spider_mite/aac2ff70-dd50-419f-8737-04bdbe3cec1c___Com.G_SpM_FL_1216.JPG,Tomato___Spider_mites_Two-spotted_spider_mite,Tomato___Spider_mites_Two-spotted_spider_mite,1.0,True
/clearml_agent_cache/storage_manager/datasets/ds_687ee9f1c8dd4af98240e55e4b18258a/test/Tomato___Spider_mites_Two-spotted_spider_mite/aee44f04-6634-41ee-9208-56838fbbc822___Com.G_SpM_FL_9278.JPG,Tomato___Spider_mites_Two-spotted_spider_mite,Tomato___Spider_mites_Two-spotted_spider_mite,0.99992466,True
/clearml_agent_cache/storage_manager/datasets/ds_687ee9f1c8dd4af98240e55e4b18258a/test/Tomato___Spider_mites_Two-spotted_spider_mite/b1cb2b7a-afaf-4876-8fc0-25e9dce591a8___Com.G_SpM_FL_9264.JPG,Tomato___Spider_mites_Two-spotted_spider_mite,Tomato___Spider_mites_Two-spotted_spider_mite,0.99999857,True
/clearml_agent_cache/storage_manager/datasets/ds_687ee9f1c8dd4af98240e55e4b18258a/test/Tomato___Spider_mites_Two-spotted_spider_mite/b4411087-6724-4eed-a40b-dc5187727d16___Com.G_SpM_FL_1606.JPG,Tomato___Spider_mites_Two-spotted_spider_mite,Tomato___Spider_mites_Two-spotted_spider_mite,1.0,True
/clearml_agent_cache/storage_manager/datasets/ds_687ee9f1c8dd4af98240e55e4b18258a/test/Tomato___Spider_mites_Two-spotted_spider_mite/c3039d71-70b2-4dc7-85ae-0df9ba29b895___Com.G_SpM_FL_9582.JPG,Tomato___Spider_mites_Two-spotted_spider_mite,Tomato___Spider_mites_Two-spotted_spider_mite,0.9999994,True
/clearml_agent_cache/storage_manager/datasets/ds_687ee9f1c8dd4af98240e55e4b18258a/test/Tomato___Spider_mites_Two-spotted_spider_mite/ca6db98a-6847-4959-83ff-505210ad6ee5___Com.G_SpM_FL_1669.JPG,Tomato___Spider_mites_Two-spotted_spider_mite,Tomato___Spider_mites_Two-spotted_spider_mite,0.9999999,True
/clearml_agent_cache/storage_manager/datasets/ds_687ee9f1c8dd4af98240e55e4b18258a/test/Tomato___Spider_mites_Two-spotted_spider_mite/cb4b61d2-35ed-4543-ac39-c79f5c268034___Com.G_SpM_FL_9569.JPG,Tomato___Spider_mites_Two-spotted_spider_mite,Tomato___Spider_mites_Two-spotted_spider_mite,1.0,True
/clearml_agent_cache/storage_manager/datasets/ds_687ee9f1c8dd4af98240e55e4b18258a/test/Tomato___Spider_mites_Two-spotted_spider_mite/d3374e35-7f8f-4abc-aae9-d04dcde0c6b2___Com.G_SpM_FL_8589.JPG,Tomato___Spider_mites_Two-spotted_spider_mite,Tomato___Spider_mites_Two-spotted_spider_mite,0.9999995,True
/clearml_agent_cache/storage_manager/datasets/ds_687ee9f1c8dd4af98240e55e4b18258a/test/Tomato___Spider_mites_Two-spotted_spider_mite/d50b9da6-eb7a-4552-aea7-d74b6da2e071___Com.G_SpM_FL_8607.JPG,Tomato___Spider_mites_Two-spotted_spider_mite,Tomato___Spider_mites_Two-spotted_spider_mite,0.9999629,True
/clearml_agent_cache/storage_manager/datasets/ds_687ee9f1c8dd4af98240e55e4b18258a/test/Tomato___Spider_mites_Two-spotted_spider_mite/d6a2b5de-e264-4038-bbee-18e64b5ee1a4___Com.G_SpM_FL_9382.JPG,Tomato___Spider_mites_Two-spotted_spider_mite,Tomato___Spider_mites_Two-spotted_spider_mite,0.99889344,True
/clearml_agent_cache/storage_manager/datasets/ds_687ee9f1c8dd4af98240e55e4b18258a/test/Tomato___Spider_mites_Two-spotted_spider_mite/ddee35e3-fc0b-4251-adec-dda227bffcd5___Com.G_SpM_FL_1646.JPG,Tomato___Spider_mites_Two-spotted_spider_mite,Tomato___Spider_mites_Two-spotted_spider_mite,1.0,True
/clearml_agent_cache/storage_manager/datasets/ds_687ee9f1c8dd4af98240e55e4b18258a/test/Tomato___Spider_mites_Two-spotted_spider_mite/de35bfb0-60b8-4a97-8ae5-e0f34a9302ff___Com.G_SpM_FL_9276.JPG,Tomato___Spider_mites_Two-spotted_spider_mite,Tomato___Spider_mites_Two-spotted_spider_mite,1.0,True
/clearml_agent_cache/storage_manager/datasets/ds_687ee9f1c8dd4af98240e55e4b18258a/test/Tomato___Spider_mites_Two-spotted_spider_mite/e5d51758-c8ac-4e80-8770-b94c12502011___Com.G_SpM_FL_9260.JPG,Tomato___Spider_mites_Two-spotted_spider_mite,Tomato___Spider_mites_Two-spotted_spider_mite,1.0,True
/clearml_agent_cache/storage_manager/datasets/ds_687ee9f1c8dd4af98240e55e4b18258a/test/Tomato___Spider_mites_Two-spotted_spider_mite/e9fa86d5-dc29-49a9-bb72-ce75beecd01f___Com.G_SpM_FL_8947.JPG,Tomato___Spider_mites_Two-spotted_spider_mite,Tomato___Spider_mites_Two-spotted_spider_mite,0.9999993,True
/clearml_agent_cache/storage_manager/datasets/ds_687ee9f1c8dd4af98240e55e4b18258a/test/Tomato___Spider_mites_Two-spotted_spider_mite/eafccf05-17e8-4f79-8016-ddcf30e51589___Com.G_SpM_FL_8616.JPG,Tomato___Spider_mites_Two-spotted_spider_mite,Tomato___Spider_mites_Two-spotted_spider_mite,1.0,True
/clearml_agent_cache/storage_manager/datasets/ds_687ee9f1c8dd4af98240e55e4b18258a/test/Tomato___Spider_mites_Two-spotted_spider_mite/edd90a56-3a0f-4b3c-a55e-0e0a73bdf18d___Com.G_SpM_FL_1689.JPG,Tomato___Spider_mites_Two-spotted_spider_mite,Tomato___Spider_mites_Two-spotted_spider_mite,0.9999995,True
/clearml_agent_cache/storage_manager/datasets/ds_687ee9f1c8dd4af98240e55e4b18258a/test/Tomato___Spider_mites_Two-spotted_spider_mite/f18824ce-b2f5-4320-8984-340fdc1416c9___Com.G_SpM_FL_9591.JPG,Tomato___Spider_mites_Two-spotted_spider_mite,Tomato___Spider_mites_Two-spotted_spider_mite,0.9999597,True
/clearml_agent_cache/storage_manager/datasets/ds_687ee9f1c8dd4af98240e55e4b18258a/test/Tomato___Spider_mites_Two-spotted_spider_mite/f4f765b8-958b-4266-981e-2320454ac4ab___Com.G_SpM_FL_9356.JPG,Tomato___Spider_mites_Two-spotted_spider_mite,Tomato___Spider_mites_Two-spotted_spider_mite,0.99999225,True
/clearml_agent_cache/storage_manager/datasets/ds_687ee9f1c8dd4af98240e55e4b18258a/test/Tomato___Spider_mites_Two-spotted_spider_mite/f6a1f3ef-b8c7-4343-897e-8cffb513502a___Com.G_SpM_FL_8893.JPG,Tomato___Spider_mites_Two-spotted_spider_mite,Tomato___Spider_mites_Two-spotted_spider_mite,0.9999989,True
/clearml_agent_cache/storage_manager/datasets/ds_687ee9f1c8dd4af98240e55e4b18258a/test/Tomato___Spider_mites_Two-spotted_spider_mite/fd563dc3-ebae-4a96-a700-2b28a3aee6c8___Com.G_SpM_FL_9383.JPG,Tomato___Spider_mites_Two-spotted_spider_mite,Tomato___Spider_mites_Two-spotted_spider_mite,0.99998987,True
/clearml_agent_cache/storage_manager/datasets/ds_687ee9f1c8dd4af98240e55e4b18258a/test/Tomato___Spider_mites_Two-spotted_spider_mite/fe1c35cf-8f9d-4986-b8b3-6d116bc8b388___Com.G_SpM_FL_8633.JPG,Tomato___Spider_mites_Two-spotted_spider_mite,Tomato___Spider_mites_Two-spotted_spider_mite,1.0,True
/clearml_agent_cache/storage_manager/datasets/ds_687ee9f1c8dd4af98240e55e4b18258a/test/Tomato___Target_Spot/021dbc57-a5cc-4fc9-a3cf-e64b92df20bc___Com.G_TgS_FL_9916.JPG,Tomato___Target_Spot,Tomato___Target_Spot,0.999572,True
/clearml_agent_cache/storage_manager/datasets/ds_687ee9f1c8dd4af98240e55e4b18258a/test/Tomato___Target_Spot/0da91f19-f1bb-4129-b122-459648794512___Com.G_TgS_FL_8276.JPG,Tomato___Target_Spot,Tomato___Target_Spot,0.9999976,True
/clearml_agent_cache/storage_manager/datasets/ds_687ee9f1c8dd4af98240e55e4b18258a/test/Tomato___Target_Spot/0e8a96d7-528a-4d09-8263-2a2d92f3c3b1___Com.G_TgS_FL_8337.JPG,Tomato___Target_Spot,Tomato___Target_Spot,0.9999832,True
/clearml_agent_cache/storage_manager/datasets/ds_687ee9f1c8dd4af98240e55e4b18258a/test/Tomato___Target_Spot/11d94c10-2699-48ee-b3fb-27d4ac60aeaf___Com.G_TgS_FL_9894.JPG,Tomato___Target_Spot,Tomato___Target_Spot,0.99990094,True
/clearml_agent_cache/storage_manager/datasets/ds_687ee9f1c8dd4af98240e55e4b18258a/test/Tomato___Target_Spot/18aec9e4-7df5-42ff-8465-748a8231ab0a___Com.G_TgS_FL_8101.JPG,Tomato___Target_Spot,Tomato___Target_Spot,0.9999951,True
/clearml_agent_cache/storage_manager/datasets/ds_687ee9f1c8dd4af98240e55e4b18258a/test/Tomato___Target_Spot/191ce103-d383-4bee-8418-e885e048e001___Com.G_TgS_FL_8248.JPG,Tomato___Target_Spot,Tomato___Target_Spot,0.998835,True
/clearml_agent_cache/storage_manager/datasets/ds_687ee9f1c8dd4af98240e55e4b18258a/test/Tomato___Target_Spot/25e2f100-2c7b-4c06-a5f2-0bce10499905___Com.G_TgS_FL_1096.JPG,Tomato___Target_Spot,Tomato___Target_Spot,0.9999995,True
/clearml_agent_cache/storage_manager/datasets/ds_687ee9f1c8dd4af98240e55e4b18258a/test/Tomato___Target_Spot/26b14c4b-b293-41bb-aabb-4a36346f5e8c___Com.G_TgS_FL_1101.JPG,Tomato___Target_Spot,Tomato___Target_Spot,0.9999994,True
/clearml_agent_cache/storage_manager/datasets/ds_687ee9f1c8dd4af98240e55e4b18258a/test/Tomato___Target_Spot/2871a865-06e7-4a2e-be51-77743b1a9f72___Com.G_TgS_FL_8149.JPG,Tomato___Target_Spot,Tomato___Target_Spot,0.9999927,True
/clearml_agent_cache/storage_manager/datasets/ds_687ee9f1c8dd4af98240e55e4b18258a/test/Tomato___Target_Spot/2d842c15-c1cd-4f2b-9e12-27855abb9758___Com.G_TgS_FL_0812.JPG,Tomato___Target_Spot,Tomato___Target_Spot,0.9999963,True
/clearml_agent_cache/storage_manager/datasets/ds_687ee9f1c8dd4af98240e55e4b18258a/test/Tomato___Target_Spot/30d35029-a9ce-44c7-b717-0fabef24398d___Com.G_TgS_FL_8253.JPG,Tomato___Target_Spot,Tomato___Target_Spot,0.9996338,True
/clearml_agent_cache/storage_manager/datasets/ds_687ee9f1c8dd4af98240e55e4b18258a/test/Tomato___Target_Spot/3225cfcd-1157-44d4-b5ff-61b7c61795d8___Com.G_TgS_FL_8308.JPG,Tomato___Target_Spot,Tomato___Target_Spot,0.99999225,True
/clearml_agent_cache/storage_manager/datasets/ds_687ee9f1c8dd4af98240e55e4b18258a/test/Tomato___Target_Spot/3d608528-d4b1-4821-8e8f-d952742e0178___Com.G_TgS_FL_7878.JPG,Tomato___Target_Spot,Tomato___Target_Spot,0.99981016,True
/clearml_agent_cache/storage_manager/datasets/ds_687ee9f1c8dd4af98240e55e4b18258a/test/Tomato___Target_Spot/451a25de-72b6-406f-9a70-c12787187fdd___Com.G_TgS_FL_8103.JPG,Tomato___Target_Spot,Tomato___Target_Spot,0.9995542,True
/clearml_agent_cache/storage_manager/datasets/ds_687ee9f1c8dd4af98240e55e4b18258a/test/Tomato___Target_Spot/453d7ca2-7e73-4460-96e9-d49fe6512f1e___Com.G_TgS_FL_9749.JPG,Tomato___Target_Spot,Tomato___Target_Spot,0.9396133,True
/clearml_agent_cache/storage_manager/datasets/ds_687ee9f1c8dd4af98240e55e4b18258a/test/Tomato___Target_Spot/455628eb-bcd3-4212-80e0-026cb71e4d25___Com.G_TgS_FL_0643.JPG,Tomato___Target_Spot,Tomato___Target_Spot,0.99999154,True
/clearml_agent_cache/storage_manager/datasets/ds_687ee9f1c8dd4af98240e55e4b18258a/test/Tomato___Target_Spot/4986da32-0e00-4837-966a-0c4e0643ef16___Com.G_TgS_FL_9995.JPG,Tomato___Target_Spot,Tomato___Target_Spot,0.99988997,True
/clearml_agent_cache/storage_manager/datasets/ds_687ee9f1c8dd4af98240e55e4b18258a/test/Tomato___Target_Spot/4a24322a-bd1c-493c-9da4-536b89eeaf2e___Com.G_TgS_FL_8000.JPG,Tomato___Target_Spot,Tomato___Target_Spot,0.9997402,True
/clearml_agent_cache/storage_manager/datasets/ds_687ee9f1c8dd4af98240e55e4b18258a/test/Tomato___Target_Spot/50d3e666-8d65-4f36-a9e8-59b136c28739___Com.G_TgS_FL_0689.JPG,Tomato___Target_Spot,Tomato___Target_Spot,0.999987,True
/clearml_agent_cache/storage_manager/datasets/ds_687ee9f1c8dd4af98240e55e4b18258a/test/Tomato___Target_Spot/51b815b2-477f-4fa3-a2ba-d8a26d81bcd6___Com.G_TgS_FL_0854.JPG,Tomato___Target_Spot,Tomato___Target_Spot,0.9999778,True
/clearml_agent_cache/storage_manager/datasets/ds_687ee9f1c8dd4af98240e55e4b18258a/test/Tomato___Target_Spot/63816259-0857-4977-82f0-5d400bb7a7c3___Com.G_TgS_FL_8215.JPG,Tomato___Target_Spot,Tomato___Target_Spot,0.99998677,True
/clearml_agent_cache/storage_manager/datasets/ds_687ee9f1c8dd4af98240e55e4b18258a/test/Tomato___Target_Spot/6693c3e5-2445-4c53-80a1-b3a048b9ba7a___Com.G_TgS_FL_0955.JPG,Tomato___Target_Spot,Tomato___Target_Spot,1.0,True
/clearml_agent_cache/storage_manager/datasets/ds_687ee9f1c8dd4af98240e55e4b18258a/test/Tomato___Target_Spot/7039b8d7-6c4c-48b8-ac4c-17aee2b737e7___Com.G_TgS_FL_8413.JPG,Tomato___Target_Spot,Tomato___Target_Spot,0.9999199,True
/clearml_agent_cache/storage_manager/datasets/ds_687ee9f1c8dd4af98240e55e4b18258a/test/Tomato___Target_Spot/70ff96c1-499a-4e6e-b5ef-5ad0e40c18d5___Com.G_TgS_FL_0665.JPG,Tomato___Target_Spot,Tomato___Target_Spot,0.99988365,True
/clearml_agent_cache/storage_manager/datasets/ds_687ee9f1c8dd4af98240e55e4b18258a/test/Tomato___Target_Spot/74aecabd-84ee-44f2-8a1f-695f17e15530___Com.G_TgS_FL_1076.JPG,Tomato___Target_Spot,Tomato___Target_Spot,0.999912,True
/clearml_agent_cache/storage_manager/datasets/ds_687ee9f1c8dd4af98240e55e4b18258a/test/Tomato___Target_Spot/7c32f27e-d346-475b-ad07-75aecc3f0bb7___Com.G_TgS_FL_8098.JPG,Tomato___Target_Spot,Tomato___Target_Spot,0.9999993,True
/clearml_agent_cache/storage_manager/datasets/ds_687ee9f1c8dd4af98240e55e4b18258a/test/Tomato___Target_Spot/8522865e-5380-428c-a365-059030389ad8___Com.G_TgS_FL_0766.JPG,Tomato___Target_Spot,Tomato___Target_Spot,0.99999905,True
/clearml_agent_cache/storage_manager/datasets/ds_687ee9f1c8dd4af98240e55e4b18258a/test/Tomato___Target_Spot/896c8c3f-6c56-4d7d-910e-3cca0e047f19___Com.G_TgS_FL_0699.JPG,Tomato___Target_Spot,Tomato___Target_Spot,0.99998343,True
/clearml_agent_cache/storage_manager/datasets/ds_687ee9f1c8dd4af98240e55e4b18258a/test/Tomato___Target_Spot/8a61a73f-659f-4ebf-95e6-29ecb8184098___Com.G_TgS_FL_8265.JPG,Tomato___Target_Spot,Tomato___Target_Spot,0.9985084,True
/clearml_agent_cache/storage_manager/datasets/ds_687ee9f1c8dd4af98240e55e4b18258a/test/Tomato___Target_Spot/8b0db49a-127f-47e5-b942-a869a028903a___Com.G_TgS_FL_0717.JPG,Tomato___Target_Spot,Tomato___Target_Spot,0.991475,True
/clearml_agent_cache/storage_manager/datasets/ds_687ee9f1c8dd4af98240e55e4b18258a/test/Tomato___Target_Spot/9a03ff47-8285-478e-9e82-f4f51a7180a5___Com.G_TgS_FL_0010.JPG,Tomato___Target_Spot,Tomato___Target_Spot,0.999997,True
/clearml_agent_cache/storage_manager/datasets/ds_687ee9f1c8dd4af98240e55e4b18258a/test/Tomato___Target_Spot/a11d867b-0cb9-4bc8-a96a-98dad0085c09___Com.G_TgS_FL_0653.JPG,Tomato___Target_Spot,Tomato___Target_Spot,0.9999654,True
/clearml_agent_cache/storage_manager/datasets/ds_687ee9f1c8dd4af98240e55e4b18258a/test/Tomato___Target_Spot/a91408f9-9d46-4f96-b020-06690c45eaef___Com.G_TgS_FL_9824.JPG,Tomato___Target_Spot,Tomato___Target_Spot,0.9967464,True
/clearml_agent_cache/storage_manager/datasets/ds_687ee9f1c8dd4af98240e55e4b18258a/test/Tomato___Target_Spot/b1efde21-e7c7-4b59-8729-5a1e25680f16___Com.G_TgS_FL_1005.JPG,Tomato___Target_Spot,Tomato___Target_Spot,0.99998784,True
/clearml_agent_cache/storage_manager/datasets/ds_687ee9f1c8dd4af98240e55e4b18258a/test/Tomato___Target_Spot/b338394e-388d-4329-ab06-10c8813c3cb4___Com.G_TgS_FL_8175.JPG,Tomato___Target_Spot,Tomato___Target_Spot,0.999084,True
/clearml_agent_cache/storage_manager/datasets/ds_687ee9f1c8dd4af98240e55e4b18258a/test/Tomato___Target_Spot/b43bda6d-5066-4143-884b-533c0aedf6e7___Com.G_TgS_FL_9942.JPG,Tomato___Target_Spot,Tomato___Target_Spot,0.9819146,True
/clearml_agent_cache/storage_manager/datasets/ds_687ee9f1c8dd4af98240e55e4b18258a/test/Tomato___Target_Spot/b49ac002-7dfe-44c4-8041-c4564b77420c___Com.G_TgS_FL_8366.JPG,Tomato___Target_Spot,Tomato___Target_Spot,0.9999305,True
/clearml_agent_cache/storage_manager/datasets/ds_687ee9f1c8dd4af98240e55e4b18258a/test/Tomato___Target_Spot/b9319e7d-c5c1-4281-8e0b-aa642f91b8cc___Com.G_TgS_FL_8361.JPG,Tomato___Target_Spot,Tomato___Target_Spot,0.99986553,True
/clearml_agent_cache/storage_manager/datasets/ds_687ee9f1c8dd4af98240e55e4b18258a/test/Tomato___Target_Spot/ba7494ac-d7ea-4068-84b5-33d975afc328___Com.G_TgS_FL_8321.JPG,Tomato___Target_Spot,Tomato___Target_Spot,1.0,True
/clearml_agent_cache/storage_manager/datasets/ds_687ee9f1c8dd4af98240e55e4b18258a/test/Tomato___Target_Spot/c015a82f-bd85-4e21-bd6d-641f21156103___Com.G_TgS_FL_0652.JPG,Tomato___Target_Spot,Tomato___Target_Spot,0.9999831,True
/clearml_agent_cache/storage_manager/datasets/ds_687ee9f1c8dd4af98240e55e4b18258a/test/Tomato___Target_Spot/c6fc37bf-8462-49c9-ac5c-a5f078e34ea4___Com.G_TgS_FL_7958.JPG,Tomato___Target_Spot,Tomato___Target_Spot,0.99976736,True
/clearml_agent_cache/storage_manager/datasets/ds_687ee9f1c8dd4af98240e55e4b18258a/test/Tomato___Target_Spot/c848bd9d-1639-4ca5-ac87-8d2342138764___Com.G_TgS_FL_8380.JPG,Tomato___Target_Spot,Tomato___Target_Spot,0.9999982,True
/clearml_agent_cache/storage_manager/datasets/ds_687ee9f1c8dd4af98240e55e4b18258a/test/Tomato___Target_Spot/d0c861e0-aae7-4847-84cc-880ecc5a8aa1___Com.G_TgS_FL_8005.JPG,Tomato___Target_Spot,Tomato___Target_Spot,0.9999825,True
/clearml_agent_cache/storage_manager/datasets/ds_687ee9f1c8dd4af98240e55e4b18258a/test/Tomato___Target_Spot/d20b4cf8-d03b-43fe-b3b2-3696f4bf3197___Com.G_TgS_FL_9988.JPG,Tomato___Target_Spot,Tomato___Target_Spot,0.9999186,True
/clearml_agent_cache/storage_manager/datasets/ds_687ee9f1c8dd4af98240e55e4b18258a/test/Tomato___Target_Spot/d5721e2d-f732-4638-8b41-32f3d5afd9ea___Com.G_TgS_FL_7903.JPG,Tomato___Target_Spot,Tomato___Target_Spot,0.9999504,True
/clearml_agent_cache/storage_manager/datasets/ds_687ee9f1c8dd4af98240e55e4b18258a/test/Tomato___Target_Spot/d6173a52-0492-46db-80d3-806a2124bdfa___Com.G_TgS_FL_0007.JPG,Tomato___Target_Spot,Tomato___Target_Spot,0.99979836,True
/clearml_agent_cache/storage_manager/datasets/ds_687ee9f1c8dd4af98240e55e4b18258a/test/Tomato___Target_Spot/d64ed033-f805-4c56-a693-376fae385832___Com.G_TgS_FL_0855.JPG,Tomato___Target_Spot,Tomato___Target_Spot,0.99995697,True
/clearml_agent_cache/storage_manager/datasets/ds_687ee9f1c8dd4af98240e55e4b18258a/test/Tomato___Target_Spot/db1f9298-54fe-4120-bb4b-84180b1bd01f___Com.G_TgS_FL_0910.JPG,Tomato___Target_Spot,Tomato___Target_Spot,0.99999154,True
/clearml_agent_cache/storage_manager/datasets/ds_687ee9f1c8dd4af98240e55e4b18258a/test/Tomato___Target_Spot/debfce8a-5cf0-47c4-992e-c019799d4e3a___Com.G_TgS_FL_1026.JPG,Tomato___Target_Spot,Tomato___Target_Spot,0.99997425,True
/clearml_agent_cache/storage_manager/datasets/ds_687ee9f1c8dd4af98240e55e4b18258a/test/Tomato___Target_Spot/e099b3b9-31d7-479d-9469-9973d6cd3f69___Com.G_TgS_FL_0918.JPG,Tomato___Target_Spot,Tomato___Target_Spot,0.9992607,True
/clearml_agent_cache/storage_manager/datasets/ds_687ee9f1c8dd4af98240e55e4b18258a/test/Tomato___Target_Spot/e472ae89-ddc8-4db3-a752-3faeea3c0933___Com.G_TgS_FL_8260.JPG,Tomato___Target_Spot,Tomato___Target_Spot,0.999956,True
/clearml_agent_cache/storage_manager/datasets/ds_687ee9f1c8dd4af98240e55e4b18258a/test/Tomato___Target_Spot/eccec242-1036-436b-86f2-b3f8e4143615___Com.G_TgS_FL_7976.JPG,Tomato___Target_Spot,Tomato___Target_Spot,0.99999905,True
/clearml_agent_cache/storage_manager/datasets/ds_687ee9f1c8dd4af98240e55e4b18258a/test/Tomato___Target_Spot/ecda6dcf-f269-4470-bc38-522772883393___Com.G_TgS_FL_0908.JPG,Tomato___Target_Spot,Tomato___Target_Spot,0.9999995,True
/clearml_agent_cache/storage_manager/datasets/ds_687ee9f1c8dd4af98240e55e4b18258a/test/Tomato___Target_Spot/f01a8609-e4be-4450-a889-509ca769c227___Com.G_TgS_FL_9708.JPG,Tomato___Target_Spot,Tomato___Target_Spot,0.9840546,True
/clearml_agent_cache/storage_manager/datasets/ds_687ee9f1c8dd4af98240e55e4b18258a/test/Tomato___Target_Spot/f22b524e-5e3d-4515-ae40-0683eb629cf5___Com.G_TgS_FL_0670.JPG,Tomato___Target_Spot,Tomato___Target_Spot,0.99995995,True
/clearml_agent_cache/storage_manager/datasets/ds_687ee9f1c8dd4af98240e55e4b18258a/test/Tomato___Target_Spot/f6f5c1f8-beed-4eb2-8366-5aed3c9b27bc___Com.G_TgS_FL_0033.JPG,Tomato___Target_Spot,Tomato___Target_Spot,0.9999951,True
/clearml_agent_cache/storage_manager/datasets/ds_687ee9f1c8dd4af98240e55e4b18258a/test/Tomato___Tomato_Yellow_Leaf_Curl_Virus/013864a9-fc42-4357-8bfe-0d638ce2fc7f___YLCV_GCREC_2023.JPG,Tomato___Tomato_Yellow_Leaf_Curl_Virus,Tomato___Tomato_Yellow_Leaf_Curl_Virus,0.99998605,True
/clearml_agent_cache/storage_manager/datasets/ds_687ee9f1c8dd4af98240e55e4b18258a/test/Tomato___Tomato_Yellow_Leaf_Curl_Virus/0848359b-471c-4cb9-a368-879fe6c1483b___UF.GRC_YLCV_Lab_01646.JPG,Tomato___Tomato_Yellow_Leaf_Curl_Virus,Tomato___Tomato_Yellow_Leaf_Curl_Virus,0.99994767,True
/clearml_agent_cache/storage_manager/datasets/ds_687ee9f1c8dd4af98240e55e4b18258a/test/Tomato___Tomato_Yellow_Leaf_Curl_Virus/0861ef6a-5758-45d5-8e15-1d1c814d8ed5___UF.GRC_YLCV_Lab_09591.JPG,Tomato___Tomato_Yellow_Leaf_Curl_Virus,Tomato___Tomato_Yellow_Leaf_Curl_Virus,0.9999994,True
/clearml_agent_cache/storage_manager/datasets/ds_687ee9f1c8dd4af98240e55e4b18258a/test/Tomato___Tomato_Yellow_Leaf_Curl_Virus/0a1e2ed0-619c-43da-8c47-f8000a252954___UF.GRC_YLCV_Lab_03060.JPG,Tomato___Tomato_Yellow_Leaf_Curl_Virus,Tomato___Tomato_Yellow_Leaf_Curl_Virus,0.99998426,True
/clearml_agent_cache/storage_manager/datasets/ds_687ee9f1c8dd4af98240e55e4b18258a/test/Tomato___Tomato_Yellow_Leaf_Curl_Virus/0c9f5882-6af4-4472-8504-0987cdb4048a___UF.GRC_YLCV_Lab_01610.JPG,Tomato___Tomato_Yellow_Leaf_Curl_Virus,Tomato___Tomato_Yellow_Leaf_Curl_Virus,0.99999845,True
/clearml_agent_cache/storage_manager/datasets/ds_687ee9f1c8dd4af98240e55e4b18258a/test/Tomato___Tomato_Yellow_Leaf_Curl_Virus/0cdb1a93-1261-43ae-a67d-60352f783a56___YLCV_GCREC_5336.JPG,Tomato___Tomato_Yellow_Leaf_Curl_Virus,Tomato___Tomato_Yellow_Leaf_Curl_Virus,0.99999857,True
/clearml_agent_cache/storage_manager/datasets/ds_687ee9f1c8dd4af98240e55e4b18258a/test/Tomato___Tomato_Yellow_Leaf_Curl_Virus/0e07d1ac-39e3-404a-b14e-3218ee74e6bd___YLCV_NREC_2784.JPG,Tomato___Tomato_Yellow_Leaf_Curl_Virus,Tomato___Tomato_Yellow_Leaf_Curl_Virus,0.99981374,True
/clearml_agent_cache/storage_manager/datasets/ds_687ee9f1c8dd4af98240e55e4b18258a/test/Tomato___Tomato_Yellow_Leaf_Curl_Virus/0fcbc9ec-8e9b-4a39-8204-a0a04c6f906f___UF.GRC_YLCV_Lab_09421.JPG,Tomato___Tomato_Yellow_Leaf_Curl_Virus,Tomato___Tomato_Yellow_Leaf_Curl_Virus,0.9999937,True
/clearml_agent_cache/storage_manager/datasets/ds_687ee9f1c8dd4af98240e55e4b18258a/test/Tomato___Tomato_Yellow_Leaf_Curl_Virus/101849ce-d61a-4c2f-a6a7-8da0d71f237e___YLCV_NREC_2725.JPG,Tomato___Tomato_Yellow_Leaf_Curl_Virus,Tomato___Tomato_Yellow_Leaf_Curl_Virus,0.99997723,True
/clearml_agent_cache/storage_manager/datasets/ds_687ee9f1c8dd4af98240e55e4b18258a/test/Tomato___Tomato_Yellow_Leaf_Curl_Virus/112779d4-27f3-4c5e-8813-b64d26ef7e03___UF.GRC_YLCV_Lab_02860.JPG,Tomato___Tomato_Yellow_Leaf_Curl_Virus,Tomato___Tomato_Yellow_Leaf_Curl_Virus,0.9999958,True
/clearml_agent_cache/storage_manager/datasets/ds_687ee9f1c8dd4af98240e55e4b18258a/test/Tomato___Tomato_Yellow_Leaf_Curl_Virus/120c9626-97c6-4e3f-aec4-9432073a7645___YLCV_NREC_0305.JPG,Tomato___Tomato_Yellow_Leaf_Curl_Virus,Tomato___Tomato_Yellow_Leaf_Curl_Virus,0.99999917,True
/clearml_agent_cache/storage_manager/datasets/ds_687ee9f1c8dd4af98240e55e4b18258a/test/Tomato___Tomato_Yellow_Leaf_Curl_Virus/1240c7a7-a64a-4659-8849-5451c205208d___UF.GRC_YLCV_Lab_01888.JPG,Tomato___Tomato_Yellow_Leaf_Curl_Virus,Tomato___Tomato_Yellow_Leaf_Curl_Virus,0.9999827,True
/clearml_agent_cache/storage_manager/datasets/ds_687ee9f1c8dd4af98240e55e4b18258a/test/Tomato___Tomato_Yellow_Leaf_Curl_Virus/14034780-0670-4484-be42-cb2b12607c40___YLCV_NREC_2898.JPG,Tomato___Tomato_Yellow_Leaf_Curl_Virus,Tomato___Tomato_Yellow_Leaf_Curl_Virus,0.9999293,True
/clearml_agent_cache/storage_manager/datasets/ds_687ee9f1c8dd4af98240e55e4b18258a/test/Tomato___Tomato_Yellow_Leaf_Curl_Virus/14570c99-8503-4518-b5fe-d3450d53fc19___YLCV_NREC_2365.JPG,Tomato___Tomato_Yellow_Leaf_Curl_Virus,Tomato___Tomato_Yellow_Leaf_Curl_Virus,0.99999976,True
/clearml_agent_cache/storage_manager/datasets/ds_687ee9f1c8dd4af98240e55e4b18258a/test/Tomato___Tomato_Yellow_Leaf_Curl_Virus/149ee994-9015-411b-a57f-bc22e8690615___YLCV_GCREC_2193.JPG,Tomato___Tomato_Yellow_Leaf_Curl_Virus,Tomato___Tomato_Yellow_Leaf_Curl_Virus,0.9999865,True
/clearml_agent_cache/storage_manager/datasets/ds_687ee9f1c8dd4af98240e55e4b18258a/test/Tomato___Tomato_Yellow_Leaf_Curl_Virus/156627fd-9516-4acc-b509-95682e85e340___YLCV_GCREC_2428.JPG,Tomato___Tomato_Yellow_Leaf_Curl_Virus,Tomato___Tomato_Yellow_Leaf_Curl_Virus,0.99999774,True
/clearml_agent_cache/storage_manager/datasets/ds_687ee9f1c8dd4af98240e55e4b18258a/test/Tomato___Tomato_Yellow_Leaf_Curl_Virus/156fac97-07cc-4aca-a707-7a1f9bcae835___UF.GRC_YLCV_Lab_02292.JPG,Tomato___Tomato_Yellow_Leaf_Curl_Virus,Tomato___Tomato_Yellow_Leaf_Curl_Virus,0.9999937,True
/clearml_agent_cache/storage_manager/datasets/ds_687ee9f1c8dd4af98240e55e4b18258a/test/Tomato___Tomato_Yellow_Leaf_Curl_Virus/15fedefd-8147-4e84-9706-0d4cc084d1ef___UF.GRC_YLCV_Lab_02253.JPG,Tomato___Tomato_Yellow_Leaf_Curl_Virus,Tomato___Tomato_Yellow_Leaf_Curl_Virus,0.9996939,True
/clearml_agent_cache/storage_manager/datasets/ds_687ee9f1c8dd4af98240e55e4b18258a/test/Tomato___Tomato_Yellow_Leaf_Curl_Virus/18024559-aaa4-4421-a0af-3897c1a1af5d___YLCV_NREC_0087.JPG,Tomato___Tomato_Yellow_Leaf_Curl_Virus,Tomato___Tomato_Yellow_Leaf_Curl_Virus,0.9999963,True
/clearml_agent_cache/storage_manager/datasets/ds_687ee9f1c8dd4af98240e55e4b18258a/test/Tomato___Tomato_Yellow_Leaf_Curl_Virus/1b13e94c-da43-4bf4-9e31-d3740505b8c1___YLCV_GCREC_2662.JPG,Tomato___Tomato_Yellow_Leaf_Curl_Virus,Tomato___Tomato_Yellow_Leaf_Curl_Virus,0.9999995,True
/clearml_agent_cache/storage_manager/datasets/ds_687ee9f1c8dd4af98240e55e4b18258a/test/Tomato___Tomato_Yellow_Leaf_Curl_Virus/1bfa27f7-fdca-4991-9d93-361e45b52304___UF.GRC_YLCV_Lab_02071.JPG,Tomato___Tomato_Yellow_Leaf_Curl_Virus,Tomato___Tomato_Yellow_Leaf_Curl_Virus,0.9999379,True
/clearml_agent_cache/storage_manager/datasets/ds_687ee9f1c8dd4af98240e55e4b18258a/test/Tomato___Tomato_Yellow_Leaf_Curl_Virus/1e23b687-67ac-466c-b14e-49f0fe717ac0___UF.GRC_YLCV_Lab_01647.JPG,Tomato___Tomato_Yellow_Leaf_Curl_Virus,Tomato___Tomato_Yellow_Leaf_Curl_Virus,0.99990976,True
/clearml_agent_cache/storage_manager/datasets/ds_687ee9f1c8dd4af98240e55e4b18258a/test/Tomato___Tomato_Yellow_Leaf_Curl_Virus/1e5d50b9-7cf6-4ea3-9e39-020e59c72130___UF.GRC_YLCV_Lab_03092.JPG,Tomato___Tomato_Yellow_Leaf_Curl_Virus,Tomato___Tomato_Yellow_Leaf_Curl_Virus,0.9999641,True
/clearml_agent_cache/storage_manager/datasets/ds_687ee9f1c8dd4af98240e55e4b18258a/test/Tomato___Tomato_Yellow_Leaf_Curl_Virus/1f246191-b38c-466a-b8da-0bf7f73677c3___YLCV_NREC_2271.JPG,Tomato___Tomato_Yellow_Leaf_Curl_Virus,Tomato___Tomato_Yellow_Leaf_Curl_Virus,0.99996483,True
/clearml_agent_cache/storage_manager/datasets/ds_687ee9f1c8dd4af98240e55e4b18258a/test/Tomato___Tomato_Yellow_Leaf_Curl_Virus/1fd65528-6e15-4280-b940-9df51be1aced___UF.GRC_YLCV_Lab_08548.JPG,Tomato___Tomato_Yellow_Leaf_Curl_Virus,Tomato___Tomato_Yellow_Leaf_Curl_Virus,0.9997131,True
/clearml_agent_cache/storage_manager/datasets/ds_687ee9f1c8dd4af98240e55e4b18258a/test/Tomato___Tomato_Yellow_Leaf_Curl_Virus/2099eff3-a946-4ae0-8564-304c95f668e1___UF.GRC_YLCV_Lab_01343.JPG,Tomato___Tomato_Yellow_Leaf_Curl_Virus,Tomato___Tomato_Yellow_Leaf_Curl_Virus,0.9998466,True
/clearml_agent_cache/storage_manager/datasets/ds_687ee9f1c8dd4af98240e55e4b18258a/test/Tomato___Tomato_Yellow_Leaf_Curl_Virus/20b4f4b2-8416-4695-8084-11b0263554e1___YLCV_GCREC_2642.JPG,Tomato___Tomato_Yellow_Leaf_Curl_Virus,Tomato___Tomato_Yellow_Leaf_Curl_Virus,0.99999845,True
/clearml_agent_cache/storage_manager/datasets/ds_687ee9f1c8dd4af98240e55e4b18258a/test/Tomato___Tomato_Yellow_Leaf_Curl_Virus/20d5505f-7aea-4e77-90b4-444ff7313391___UF.GRC_YLCV_Lab_01578.JPG,Tomato___Tomato_Yellow_Leaf_Curl_Virus,Tomato___Tomato_Yellow_Leaf_Curl_Virus,0.9999672,True
/clearml_agent_cache/storage_manager/datasets/ds_687ee9f1c8dd4af98240e55e4b18258a/test/Tomato___Tomato_Yellow_Leaf_Curl_Virus/239580d0-a58b-4c44-ba1c-b195629d03e6___UF.GRC_YLCV_Lab_01787.JPG,Tomato___Tomato_Yellow_Leaf_Curl_Virus,Tomato___Tomato_Yellow_Leaf_Curl_Virus,0.99999833,True
/clearml_agent_cache/storage_manager/datasets/ds_687ee9f1c8dd4af98240e55e4b18258a/test/Tomato___Tomato_Yellow_Leaf_Curl_Virus/23b0a2b0-cde2-4942-9377-aaea6ff802eb___UF.GRC_YLCV_Lab_01877.JPG,Tomato___Tomato_Yellow_Leaf_Curl_Virus,Tomato___Tomato_Yellow_Leaf_Curl_Virus,0.9999825,True
/clearml_agent_cache/storage_manager/datasets/ds_687ee9f1c8dd4af98240e55e4b18258a/test/Tomato___Tomato_Yellow_Leaf_Curl_Virus/23b68112-4abe-47a8-a5da-3a41741486d8___YLCV_GCREC_5233.JPG,Tomato___Tomato_Yellow_Leaf_Curl_Virus,Tomato___Tomato_Yellow_Leaf_Curl_Virus,0.99999356,True
/clearml_agent_cache/storage_manager/datasets/ds_687ee9f1c8dd4af98240e55e4b18258a/test/Tomato___Tomato_Yellow_Leaf_Curl_Virus/24108803-2d66-4af7-86ef-7369566b78dd___YLCV_NREC_0289.JPG,Tomato___Tomato_Yellow_Leaf_Curl_Virus,Tomato___Tomato_Yellow_Leaf_Curl_Virus,0.9999999,True
/clearml_agent_cache/storage_manager/datasets/ds_687ee9f1c8dd4af98240e55e4b18258a/test/Tomato___Tomato_Yellow_Leaf_Curl_Virus/24e68d61-7f48-413c-b72e-6df8267d608f___UF.GRC_YLCV_Lab_01399.JPG,Tomato___Tomato_Yellow_Leaf_Curl_Virus,Tomato___Tomato_Yellow_Leaf_Curl_Virus,0.99978715,True
/clearml_agent_cache/storage_manager/datasets/ds_687ee9f1c8dd4af98240e55e4b18258a/test/Tomato___Tomato_Yellow_Leaf_Curl_Virus/26a5d8ab-cd13-43c9-9579-2c483cf41f8a___YLCV_GCREC_5461.JPG,Tomato___Tomato_Yellow_Leaf_Curl_Virus,Tomato___Tomato_Yellow_Leaf_Curl_Virus,0.99999714,True
/clearml_agent_cache/storage_manager/datasets/ds_687ee9f1c8dd4af98240e55e4b18258a/test/Tomato___Tomato_Yellow_Leaf_Curl_Virus/2768df4c-3c40-4524-a3cb-c5f75e9f167f___YLCV_GCREC_2005.JPG,Tomato___Tomato_Yellow_Leaf_Curl_Virus,Tomato___Tomato_Yellow_Leaf_Curl_Virus,0.9999995,True
/clearml_agent_cache/storage_manager/datasets/ds_687ee9f1c8dd4af98240e55e4b18258a/test/Tomato___Tomato_Yellow_Leaf_Curl_Virus/27fb0b2d-a695-4883-a061-2383f1fa8dcd___UF.GRC_YLCV_Lab_08420.JPG,Tomato___Tomato_Yellow_Leaf_Curl_Virus,Tomato___Tomato_Yellow_Leaf_Curl_Virus,0.9985858,True
/clearml_agent_cache/storage_manager/datasets/ds_687ee9f1c8dd4af98240e55e4b18258a/test/Tomato___Tomato_Yellow_Leaf_Curl_Virus/28c31aa4-21c2-47e8-9873-45047f0b5e2c___UF.GRC_YLCV_Lab_02616.JPG,Tomato___Tomato_Yellow_Leaf_Curl_Virus,Tomato___Tomato_Yellow_Leaf_Curl_Virus,0.99999475,True
/clearml_agent_cache/storage_manager/datasets/ds_687ee9f1c8dd4af98240e55e4b18258a/test/Tomato___Tomato_Yellow_Leaf_Curl_Virus/2a433ab0-4ff3-4991-8a34-c0536ba5ba5f___YLCV_GCREC_5383.JPG,Tomato___Tomato_Yellow_Leaf_Curl_Virus,Tomato___Tomato_Yellow_Leaf_Curl_Virus,0.9999938,True
/clearml_agent_cache/storage_manager/datasets/ds_687ee9f1c8dd4af98240e55e4b18258a/test/Tomato___Tomato_Yellow_Leaf_Curl_Virus/2a893d80-fce2-4a58-b33e-de1e4d15cca3___UF.GRC_YLCV_Lab_01792.JPG,Tomato___Tomato_Yellow_Leaf_Curl_Virus,Tomato___Tomato_Yellow_Leaf_Curl_Virus,0.9999869,True
/clearml_agent_cache/storage_manager/datasets/ds_687ee9f1c8dd4af98240e55e4b18258a/test/Tomato___Tomato_Yellow_Leaf_Curl_Virus/2ba77bb3-aec1-4fff-bc95-99e28c7b85f7___UF.GRC_YLCV_Lab_08483.JPG,Tomato___Tomato_Yellow_Leaf_Curl_Virus,Tomato___Tomato_Yellow_Leaf_Curl_Virus,0.99998295,True
/clearml_agent_cache/storage_manager/datasets/ds_687ee9f1c8dd4af98240e55e4b18258a/test/Tomato___Tomato_Yellow_Leaf_Curl_Virus/2db4b9d4-42fd-4c4b-b9e3-53c1187b8a04___UF.GRC_YLCV_Lab_01938.JPG,Tomato___Tomato_Yellow_Leaf_Curl_Virus,Tomato___Tomato_Yellow_Leaf_Curl_Virus,0.99998105,True
/clearml_agent_cache/storage_manager/datasets/ds_687ee9f1c8dd4af98240e55e4b18258a/test/Tomato___Tomato_Yellow_Leaf_Curl_Virus/31db3c10-db84-4e28-bc62-e929743a331f___UF.GRC_YLCV_Lab_09357.JPG,Tomato___Tomato_Yellow_Leaf_Curl_Virus,Tomato___Tomato_Yellow_Leaf_Curl_Virus,0.99996734,True
/clearml_agent_cache/storage_manager/datasets/ds_687ee9f1c8dd4af98240e55e4b18258a/test/Tomato___Tomato_Yellow_Leaf_Curl_Virus/324a0c39-0250-482f-85af-720851515b3f___UF.GRC_YLCV_Lab_03236.JPG,Tomato___Tomato_Yellow_Leaf_Curl_Virus,Tomato___Tomato_Yellow_Leaf_Curl_Virus,0.99999166,True
/clearml_agent_cache/storage_manager/datasets/ds_687ee9f1c8dd4af98240e55e4b18258a/test/Tomato___Tomato_Yellow_Leaf_Curl_Virus/35a7c22a-0c4a-4706-aad7-42f70f9e20a5___UF.GRC_YLCV_Lab_01320.JPG,Tomato___Tomato_Yellow_Leaf_Curl_Virus,Tomato___Tomato_Yellow_Leaf_Curl_Virus,0.9999963,True
/clearml_agent_cache/storage_manager/datasets/ds_687ee9f1c8dd4af98240e55e4b18258a/test/Tomato___Tomato_Yellow_Leaf_Curl_Virus/36c5fe6a-0c04-4d59-bf4b-05e5388e452d___UF.GRC_YLCV_Lab_01974.JPG,Tomato___Tomato_Yellow_Leaf_Curl_Virus,Tomato___Tomato_Yellow_Leaf_Curl_Virus,0.99996436,True
/clearml_agent_cache/storage_manager/datasets/ds_687ee9f1c8dd4af98240e55e4b18258a/test/Tomato___Tomato_Yellow_Leaf_Curl_Virus/38be9410-abff-454d-bede-1efb6ebc238a___YLCV_GCREC_2735.JPG,Tomato___Tomato_Yellow_Leaf_Curl_Virus,Tomato___Tomato_Yellow_Leaf_Curl_Virus,0.9999949,True
/clearml_agent_cache/storage_manager/datasets/ds_687ee9f1c8dd4af98240e55e4b18258a/test/Tomato___Tomato_Yellow_Leaf_Curl_Virus/3a389749-e245-4308-a1c6-a4d872e2833c___UF.GRC_YLCV_Lab_02871.JPG,Tomato___Tomato_Yellow_Leaf_Curl_Virus,Tomato___Tomato_Yellow_Leaf_Curl_Virus,0.9999863,True
/clearml_agent_cache/storage_manager/datasets/ds_687ee9f1c8dd4af98240e55e4b18258a/test/Tomato___Tomato_Yellow_Leaf_Curl_Virus/3ae80bb7-3fe1-47c5-961b-82a438852d92___UF.GRC_YLCV_Lab_02357.JPG,Tomato___Tomato_Yellow_Leaf_Curl_Virus,Tomato___Tomato_Yellow_Leaf_Curl_Virus,0.99993527,True
/clearml_agent_cache/storage_manager/datasets/ds_687ee9f1c8dd4af98240e55e4b18258a/test/Tomato___Tomato_Yellow_Leaf_Curl_Virus/3bbaf1c9-cf67-44b5-95c0-486e9005b0fb___YLCV_GCREC_5182.JPG,Tomato___Tomato_Yellow_Leaf_Curl_Virus,Tomato___Tomato_Yellow_Leaf_Curl_Virus,0.99998367,True
/clearml_agent_cache/storage_manager/datasets/ds_687ee9f1c8dd4af98240e55e4b18258a/test/Tomato___Tomato_Yellow_Leaf_Curl_Virus/3bc21ee2-593d-4bf8-a9dc-1d090bae66a3___YLCV_NREC_2421.JPG,Tomato___Tomato_Yellow_Leaf_Curl_Virus,Tomato___Tomato_Yellow_Leaf_Curl_Virus,0.9999896,True
/clearml_agent_cache/storage_manager/datasets/ds_687ee9f1c8dd4af98240e55e4b18258a/test/Tomato___Tomato_Yellow_Leaf_Curl_Virus/3c473e41-36f0-41e0-abe4-67f140e7e9e0___YLCV_GCREC_2856.JPG,Tomato___Tomato_Yellow_Leaf_Curl_Virus,Tomato___Tomato_Yellow_Leaf_Curl_Virus,0.99999976,True
/clearml_agent_cache/storage_manager/datasets/ds_687ee9f1c8dd4af98240e55e4b18258a/test/Tomato___Tomato_Yellow_Leaf_Curl_Virus/3c567fae-9acc-48c1-8847-ef86812c30d6___UF.GRC_YLCV_Lab_03138.JPG,Tomato___Tomato_Yellow_Leaf_Curl_Virus,Tomato___Tomato_Yellow_Leaf_Curl_Virus,0.99998426,True
/clearml_agent_cache/storage_manager/datasets/ds_687ee9f1c8dd4af98240e55e4b18258a/test/Tomato___Tomato_Yellow_Leaf_Curl_Virus/3cea18a4-a146-4b78-a184-f0c05b53faea___YLCV_GCREC_2761.JPG,Tomato___Tomato_Yellow_Leaf_Curl_Virus,Tomato___Tomato_Yellow_Leaf_Curl_Virus,0.9999763,True
/clearml_agent_cache/storage_manager/datasets/ds_687ee9f1c8dd4af98240e55e4b18258a/test/Tomato___Tomato_Yellow_Leaf_Curl_Virus/3ddb1563-dce8-449a-af0d-a1c5399d1a2c___YLCV_GCREC_2201.JPG,Tomato___Tomato_Yellow_Leaf_Curl_Virus,Tomato___Tomato_Yellow_Leaf_Curl_Virus,0.9999988,True
/clearml_agent_cache/storage_manager/datasets/ds_687ee9f1c8dd4af98240e55e4b18258a/test/Tomato___Tomato_Yellow_Leaf_Curl_Virus/3e1615d8-ba9e-490d-b07c-447adb8e6440___UF.GRC_YLCV_Lab_03089.JPG,Tomato___Tomato_Yellow_Leaf_Curl_Virus,Tomato___Tomato_Yellow_Leaf_Curl_Virus,0.9999894,True
/clearml_agent_cache/storage_manager/datasets/ds_687ee9f1c8dd4af98240e55e4b18258a/test/Tomato___Tomato_Yellow_Leaf_Curl_Virus/3ed0b169-3d96-4e46-a161-125fd48c16d6___UF.GRC_YLCV_Lab_02112.JPG,Tomato___Tomato_Yellow_Leaf_Curl_Virus,Tomato___Tomato_Yellow_Leaf_Curl_Virus,0.9999707,True
/clearml_agent_cache/storage_manager/datasets/ds_687ee9f1c8dd4af98240e55e4b18258a/test/Tomato___Tomato_Yellow_Leaf_Curl_Virus/40726129-3f95-4a8d-b0c6-865c12889fd9___UF.GRC_YLCV_Lab_01586.JPG,Tomato___Tomato_Yellow_Leaf_Curl_Virus,Tomato___Tomato_Yellow_Leaf_Curl_Virus,0.99999654,True
/clearml_agent_cache/storage_manager/datasets/ds_687ee9f1c8dd4af98240e55e4b18258a/test/Tomato___Tomato_Yellow_Leaf_Curl_Virus/40d3d1ff-cc89-4c42-9e81-58034e83a5e0___YLCV_GCREC_5485.JPG,Tomato___Tomato_Yellow_Leaf_Curl_Virus,Tomato___Tomato_Yellow_Leaf_Curl_Virus,0.9999982,True
/clearml_agent_cache/storage_manager/datasets/ds_687ee9f1c8dd4af98240e55e4b18258a/test/Tomato___Tomato_Yellow_Leaf_Curl_Virus/412ee7f5-29de-4e75-85ee-2270610026d5___YLCV_GCREC_2278.JPG,Tomato___Tomato_Yellow_Leaf_Curl_Virus,Tomato___Tomato_Yellow_Leaf_Curl_Virus,0.9991775,True
/clearml_agent_cache/storage_manager/datasets/ds_687ee9f1c8dd4af98240e55e4b18258a/test/Tomato___Tomato_Yellow_Leaf_Curl_Virus/420cb165-c107-4a11-a175-103a44ec46c3___YLCV_GCREC_2237.JPG,Tomato___Tomato_Yellow_Leaf_Curl_Virus,Tomato___Tomato_Yellow_Leaf_Curl_Virus,0.999997,True
/clearml_agent_cache/storage_manager/datasets/ds_687ee9f1c8dd4af98240e55e4b18258a/test/Tomato___Tomato_Yellow_Leaf_Curl_Virus/424ae9d6-afa6-4945-9ac4-c66036c519d9___YLCV_NREC_2954.JPG,Tomato___Tomato_Yellow_Leaf_Curl_Virus,Tomato___Tomato_Yellow_Leaf_Curl_Virus,0.99999785,True
/clearml_agent_cache/storage_manager/datasets/ds_687ee9f1c8dd4af98240e55e4b18258a/test/Tomato___Tomato_Yellow_Leaf_Curl_Virus/445a32e1-7a18-47e6-9041-3de6707b7ca9___YLCV_NREC_2232.JPG,Tomato___Tomato_Yellow_Leaf_Curl_Virus,Tomato___Tomato_Yellow_Leaf_Curl_Virus,0.99999845,True
/clearml_agent_cache/storage_manager/datasets/ds_687ee9f1c8dd4af98240e55e4b18258a/test/Tomato___Tomato_Yellow_Leaf_Curl_Virus/44ae864d-be5f-4a76-a377-0b69c2448f10___YLCV_NREC_2811.JPG,Tomato___Tomato_Yellow_Leaf_Curl_Virus,Tomato___Tomato_Yellow_Leaf_Curl_Virus,0.9999939,True
/clearml_agent_cache/storage_manager/datasets/ds_687ee9f1c8dd4af98240e55e4b18258a/test/Tomato___Tomato_Yellow_Leaf_Curl_Virus/490f24a1-2ecc-4bc7-bf81-b46b1ed0a25b___YLCV_GCREC_2667.JPG,Tomato___Tomato_Yellow_Leaf_Curl_Virus,Tomato___Tomato_Yellow_Leaf_Curl_Virus,0.9999881,True
/clearml_agent_cache/storage_manager/datasets/ds_687ee9f1c8dd4af98240e55e4b18258a/test/Tomato___Tomato_Yellow_Leaf_Curl_Virus/494f0c1d-2f54-40f0-a9e0-0f05b848cce4___YLCV_GCREC_2155.JPG,Tomato___Tomato_Yellow_Leaf_Curl_Virus,Tomato___Tomato_Yellow_Leaf_Curl_Virus,0.9999534,True
/clearml_agent_cache/storage_manager/datasets/ds_687ee9f1c8dd4af98240e55e4b18258a/test/Tomato___Tomato_Yellow_Leaf_Curl_Virus/49c01986-9483-4a7e-903f-d9bf612d4bf3___UF.GRC_YLCV_Lab_02605.JPG,Tomato___Tomato_Yellow_Leaf_Curl_Virus,Tomato___Tomato_Yellow_Leaf_Curl_Virus,0.99999726,True
/clearml_agent_cache/storage_manager/datasets/ds_687ee9f1c8dd4af98240e55e4b18258a/test/Tomato___Tomato_Yellow_Leaf_Curl_Virus/4b4f6e75-ef0b-4a43-a67e-44203fa8c229___YLCV_GCREC_2344.JPG,Tomato___Tomato_Yellow_Leaf_Curl_Virus,Tomato___Tomato_Yellow_Leaf_Curl_Virus,0.9999988,True
/clearml_agent_cache/storage_manager/datasets/ds_687ee9f1c8dd4af98240e55e4b18258a/test/Tomato___Tomato_Yellow_Leaf_Curl_Virus/4c253b9b-8be6-4904-a886-9ed431332b60___YLCV_NREC_2371.JPG,Tomato___Tomato_Yellow_Leaf_Curl_Virus,Tomato___Tomato_Yellow_Leaf_Curl_Virus,0.9999927,True
/clearml_agent_cache/storage_manager/datasets/ds_687ee9f1c8dd4af98240e55e4b18258a/test/Tomato___Tomato_Yellow_Leaf_Curl_Virus/4cbfab65-a214-4a5e-a3c4-5873f7c766c8___UF.GRC_YLCV_Lab_02022.JPG,Tomato___Tomato_Yellow_Leaf_Curl_Virus,Tomato___Tomato_Yellow_Leaf_Curl_Virus,0.99999595,True
/clearml_agent_cache/storage_manager/datasets/ds_687ee9f1c8dd4af98240e55e4b18258a/test/Tomato___Tomato_Yellow_Leaf_Curl_Virus/4e63af06-ec7c-4888-9a2d-86cd6278d4b4___UF.GRC_YLCV_Lab_09511.JPG,Tomato___Tomato_Yellow_Leaf_Curl_Virus,Tomato___Tomato_Yellow_Leaf_Curl_Virus,0.99964345,True
/clearml_agent_cache/storage_manager/datasets/ds_687ee9f1c8dd4af98240e55e4b18258a/test/Tomato___Tomato_Yellow_Leaf_Curl_Virus/4f37d25f-75f6-4f6a-9a0d-74c5ca36be06___YLCV_NREC_2196.JPG,Tomato___Tomato_Yellow_Leaf_Curl_Virus,Tomato___Tomato_Yellow_Leaf_Curl_Virus,0.99985254,True
/clearml_agent_cache/storage_manager/datasets/ds_687ee9f1c8dd4af98240e55e4b18258a/test/Tomato___Tomato_Yellow_Leaf_Curl_Virus/4fea7725-bb98-4e06-a8c4-764e66c809ac___YLCV_GCREC_1966.JPG,Tomato___Tomato_Yellow_Leaf_Curl_Virus,Tomato___Tomato_Yellow_Leaf_Curl_Virus,0.9999988,True
/clearml_agent_cache/storage_manager/datasets/ds_687ee9f1c8dd4af98240e55e4b18258a/test/Tomato___Tomato_Yellow_Leaf_Curl_Virus/514c4d20-c1a2-49bd-9ebe-3e76e9f4aa2c___YLCV_GCREC_5215.JPG,Tomato___Tomato_Yellow_Leaf_Curl_Virus,Tomato___Tomato_Yellow_Leaf_Curl_Virus,0.9999949,True
/clearml_agent_cache/storage_manager/datasets/ds_687ee9f1c8dd4af98240e55e4b18258a/test/Tomato___Tomato_Yellow_Leaf_Curl_Virus/51da3ac0-c6e6-4895-ad69-57cddb2d9af8___YLCV_NREC_2900.JPG,Tomato___Tomato_Yellow_Leaf_Curl_Virus,Tomato___Tomato_Yellow_Leaf_Curl_Virus,0.99999404,True
/clearml_agent_cache/storage_manager/datasets/ds_687ee9f1c8dd4af98240e55e4b18258a/test/Tomato___Tomato_Yellow_Leaf_Curl_Virus/5293ad97-cde7-4911-b63c-7dc035adcdca___YLCV_GCREC_2884.JPG,Tomato___Tomato_Yellow_Leaf_Curl_Virus,Tomato___Tomato_Yellow_Leaf_Curl_Virus,0.99999964,True
/clearml_agent_cache/storage_manager/datasets/ds_687ee9f1c8dd4af98240e55e4b18258a/test/Tomato___Tomato_Yellow_Leaf_Curl_Virus/52f626ea-d39a-4334-b9a9-591c536afde9___YLCV_GCREC_2759.JPG,Tomato___Tomato_Yellow_Leaf_Curl_Virus,Tomato___Tomato_Yellow_Leaf_Curl_Virus,0.9999968,True
/clearml_agent_cache/storage_manager/datasets/ds_687ee9f1c8dd4af98240e55e4b18258a/test/Tomato___Tomato_Yellow_Leaf_Curl_Virus/564dfbfe-d634-4cc0-b5fb-bee0c6a29b17___UF.GRC_YLCV_Lab_01336.JPG,Tomato___Tomato_Yellow_Leaf_Curl_Virus,Tomato___Tomato_Yellow_Leaf_Curl_Virus,0.99992955,True
/clearml_agent_cache/storage_manager/datasets/ds_687ee9f1c8dd4af98240e55e4b18258a/test/Tomato___Tomato_Yellow_Leaf_Curl_Virus/56dc8448-9bd3-4055-8d53-7a898963c586___UF.GRC_YLCV_Lab_08422.JPG,Tomato___Tomato_Yellow_Leaf_Curl_Virus,Tomato___Tomato_Yellow_Leaf_Curl_Virus,0.99923146,True
/clearml_agent_cache/storage_manager/datasets/ds_687ee9f1c8dd4af98240e55e4b18258a/test/Tomato___Tomato_Yellow_Leaf_Curl_Virus/56f5493b-66a3-4bab-94b9-80722c52e433___YLCV_GCREC_2427.JPG,Tomato___Tomato_Yellow_Leaf_Curl_Virus,Tomato___Tomato_Yellow_Leaf_Curl_Virus,0.99999917,True
/clearml_agent_cache/storage_manager/datasets/ds_687ee9f1c8dd4af98240e55e4b18258a/test/Tomato___Tomato_Yellow_Leaf_Curl_Virus/58fdcd9d-1c01-4689-88a3-e307ef358f34___YLCV_GCREC_2852.JPG,Tomato___Tomato_Yellow_Leaf_Curl_Virus,Tomato___Tomato_Yellow_Leaf_Curl_Virus,0.99999607,True
/clearml_agent_cache/storage_manager/datasets/ds_687ee9f1c8dd4af98240e55e4b18258a/test/Tomato___Tomato_Yellow_Leaf_Curl_Virus/594aa195-6f0d-4a40-9fa9-3ed0121cec94___UF.GRC_YLCV_Lab_01891.JPG,Tomato___Tomato_Yellow_Leaf_Curl_Virus,Tomato___Tomato_Yellow_Leaf_Curl_Virus,0.9999714,True
/clearml_agent_cache/storage_manager/datasets/ds_687ee9f1c8dd4af98240e55e4b18258a/test/Tomato___Tomato_Yellow_Leaf_Curl_Virus/599329fe-867f-402a-8d37-a0c351fc2d03___YLCV_GCREC_2822.JPG,Tomato___Tomato_Yellow_Leaf_Curl_Virus,Tomato___Tomato_Yellow_Leaf_Curl_Virus,0.99999976,True
/clearml_agent_cache/storage_manager/datasets/ds_687ee9f1c8dd4af98240e55e4b18258a/test/Tomato___Tomato_Yellow_Leaf_Curl_Virus/5b2ea7e9-b14f-43c1-b4cb-78420b4af7a2___UF.GRC_YLCV_Lab_02174.JPG,Tomato___Tomato_Yellow_Leaf_Curl_Virus,Tomato___Tomato_Yellow_Leaf_Curl_Virus,0.9999877,True
/clearml_agent_cache/storage_manager/datasets/ds_687ee9f1c8dd4af98240e55e4b18258a/test/Tomato___Tomato_Yellow_Leaf_Curl_Virus/5e3272b0-298c-4c66-8b76-aece9efb31d7___UF.GRC_YLCV_Lab_03293.JPG,Tomato___Tomato_Yellow_Leaf_Curl_Virus,Tomato___Tomato_Yellow_Leaf_Curl_Virus,0.9999807,True
/clearml_agent_cache/storage_manager/datasets/ds_687ee9f1c8dd4af98240e55e4b18258a/test/Tomato___Tomato_Yellow_Leaf_Curl_Virus/5fb985f8-4599-4275-aa1c-f9accb2d0bd3___UF.GRC_YLCV_Lab_08527.JPG,Tomato___Tomato_Yellow_Leaf_Curl_Virus,Tomato___Tomato_Yellow_Leaf_Curl_Virus,0.9987833,True
/clearml_agent_cache/storage_manager/datasets/ds_687ee9f1c8dd4af98240e55e4b18258a/test/Tomato___Tomato_Yellow_Leaf_Curl_Virus/6075fa49-0f9d-4966-8ab6-69bcf429783b___UF.GRC_YLCV_Lab_01613.JPG,Tomato___Tomato_Yellow_Leaf_Curl_Virus,Tomato___Tomato_Yellow_Leaf_Curl_Virus,0.9999989,True
/clearml_agent_cache/storage_manager/datasets/ds_687ee9f1c8dd4af98240e55e4b18258a/test/Tomato___Tomato_Yellow_Leaf_Curl_Virus/60e47250-be41-4c81-b910-6e1696282e91___YLCV_NREC_2123.JPG,Tomato___Tomato_Yellow_Leaf_Curl_Virus,Tomato___Tomato_Yellow_Leaf_Curl_Virus,0.9999999,True
/clearml_agent_cache/storage_manager/datasets/ds_687ee9f1c8dd4af98240e55e4b18258a/test/Tomato___Tomato_Yellow_Leaf_Curl_Virus/615b34ee-fee4-4337-a658-5f8c58980834___YLCV_NREC_2420.JPG,Tomato___Tomato_Yellow_Leaf_Curl_Virus,Tomato___Tomato_Yellow_Leaf_Curl_Virus,0.9999993,True
/clearml_agent_cache/storage_manager/datasets/ds_687ee9f1c8dd4af98240e55e4b18258a/test/Tomato___Tomato_Yellow_Leaf_Curl_Virus/67b7c85c-f6e2-419f-b3a7-20bcae8c3afa___UF.GRC_YLCV_Lab_01429.JPG,Tomato___Tomato_Yellow_Leaf_Curl_Virus,Tomato___Tomato_Yellow_Leaf_Curl_Virus,0.9999958,True
/clearml_agent_cache/storage_manager/datasets/ds_687ee9f1c8dd4af98240e55e4b18258a/test/Tomato___Tomato_Yellow_Leaf_Curl_Virus/6d2f0c1c-4ddd-4868-9646-e24a8f477392___UF.GRC_YLCV_Lab_01679.JPG,Tomato___Tomato_Yellow_Leaf_Curl_Virus,Tomato___Tomato_Yellow_Leaf_Curl_Virus,0.9999151,True
/clearml_agent_cache/storage_manager/datasets/ds_687ee9f1c8dd4af98240e55e4b18258a/test/Tomato___Tomato_Yellow_Leaf_Curl_Virus/6d9df42f-f97b-4ac0-9cb5-86e483ae92bd___YLCV_NREC_2614.JPG,Tomato___Tomato_Yellow_Leaf_Curl_Virus,Tomato___Tomato_Yellow_Leaf_Curl_Virus,0.9999962,True
/clearml_agent_cache/storage_manager/datasets/ds_687ee9f1c8dd4af98240e55e4b18258a/test/Tomato___Tomato_Yellow_Leaf_Curl_Virus/7267fbca-dd92-4dd2-a434-f608e90d9674___YLCV_NREC_2935.JPG,Tomato___Tomato_Yellow_Leaf_Curl_Virus,Tomato___Tomato_Yellow_Leaf_Curl_Virus,0.99999905,True
/clearml_agent_cache/storage_manager/datasets/ds_687ee9f1c8dd4af98240e55e4b18258a/test/Tomato___Tomato_Yellow_Leaf_Curl_Virus/72edcd07-fc72-4909-aeca-a035f5bc861d___YLCV_NREC_2788.JPG,Tomato___Tomato_Yellow_Leaf_Curl_Virus,Tomato___Tomato_Yellow_Leaf_Curl_Virus,0.9999883,True
/clearml_agent_cache/storage_manager/datasets/ds_687ee9f1c8dd4af98240e55e4b18258a/test/Tomato___Tomato_Yellow_Leaf_Curl_Virus/74523444-1909-4f6e-a643-05857aa94a74___UF.GRC_YLCV_Lab_09381.JPG,Tomato___Tomato_Yellow_Leaf_Curl_Virus,Tomato___Tomato_Yellow_Leaf_Curl_Virus,0.9999969,True
/clearml_agent_cache/storage_manager/datasets/ds_687ee9f1c8dd4af98240e55e4b18258a/test/Tomato___Tomato_Yellow_Leaf_Curl_Virus/74b42d7f-309f-4473-b476-da57b293e601___YLCV_NREC_2773.JPG,Tomato___Tomato_Yellow_Leaf_Curl_Virus,Tomato___Tomato_Yellow_Leaf_Curl_Virus,0.99999464,True
/clearml_agent_cache/storage_manager/datasets/ds_687ee9f1c8dd4af98240e55e4b18258a/test/Tomato___Tomato_Yellow_Leaf_Curl_Virus/74ed3a98-1778-43eb-bf95-7a3f186bb22b___UF.GRC_YLCV_Lab_03044.JPG,Tomato___Tomato_Yellow_Leaf_Curl_Virus,Tomato___Tomato_Yellow_Leaf_Curl_Virus,0.9999852,True
/clearml_agent_cache/storage_manager/datasets/ds_687ee9f1c8dd4af98240e55e4b18258a/test/Tomato___Tomato_Yellow_Leaf_Curl_Virus/7888a778-5d18-4abc-a5d0-ac621b42406f___UF.GRC_YLCV_Lab_09360.JPG,Tomato___Tomato_Yellow_Leaf_Curl_Virus,Tomato___Tomato_Yellow_Leaf_Curl_Virus,0.9999436,True
/clearml_agent_cache/storage_manager/datasets/ds_687ee9f1c8dd4af98240e55e4b18258a/test/Tomato___Tomato_Yellow_Leaf_Curl_Virus/78d86bb7-9329-4148-84fe-63b734e7c4c8___UF.GRC_YLCV_Lab_08421.JPG,Tomato___Tomato_Yellow_Leaf_Curl_Virus,Tomato___Tomato_Yellow_Leaf_Curl_Virus,0.9967969,True
/clearml_agent_cache/storage_manager/datasets/ds_687ee9f1c8dd4af98240e55e4b18258a/test/Tomato___Tomato_Yellow_Leaf_Curl_Virus/79e6edeb-be80-4552-82fa-b9d5cc36ca41___YLCV_GCREC_5499.JPG,Tomato___Tomato_Yellow_Leaf_Curl_Virus,Tomato___Tomato_Yellow_Leaf_Curl_Virus,0.99999654,True
/clearml_agent_cache/storage_manager/datasets/ds_687ee9f1c8dd4af98240e55e4b18258a/test/Tomato___Tomato_Yellow_Leaf_Curl_Virus/7a008045-3df4-4558-bcc3-5cab89831490___UF.GRC_YLCV_Lab_02847.JPG,Tomato___Tomato_Yellow_Leaf_Curl_Virus,Tomato___Tomato_Yellow_Leaf_Curl_Virus,0.9999981,True
/clearml_agent_cache/storage_manager/datasets/ds_687ee9f1c8dd4af98240e55e4b18258a/test/Tomato___Tomato_Yellow_Leaf_Curl_Virus/7c8981a1-fcac-441b-9f68-03e275441eb6___UF.GRC_YLCV_Lab_02853.JPG,Tomato___Tomato_Yellow_Leaf_Curl_Virus,Tomato___Tomato_Yellow_Leaf_Curl_Virus,0.99999726,True
/clearml_agent_cache/storage_manager/datasets/ds_687ee9f1c8dd4af98240e55e4b18258a/test/Tomato___Tomato_Yellow_Leaf_Curl_Virus/7d6ace2a-9ae4-43a9-9d7b-06e7646efccc___UF.GRC_YLCV_Lab_02932.JPG,Tomato___Tomato_Yellow_Leaf_Curl_Virus,Tomato___Tomato_Yellow_Leaf_Curl_Virus,0.9999852,True
/clearml_agent_cache/storage_manager/datasets/ds_687ee9f1c8dd4af98240e55e4b18258a/test/Tomato___Tomato_Yellow_Leaf_Curl_Virus/7f896b41-e8cf-48f8-b92d-5f0a17801ac8___YLCV_NREC_2761.JPG,Tomato___Tomato_Yellow_Leaf_Curl_Virus,Tomato___Tomato_Yellow_Leaf_Curl_Virus,0.9999976,True
/clearml_agent_cache/storage_manager/datasets/ds_687ee9f1c8dd4af98240e55e4b18258a/test/Tomato___Tomato_Yellow_Leaf_Curl_Virus/8283f3ce-3f03-4780-9b3c-eb0815cc6148___UF.GRC_YLCV_Lab_01264.JPG,Tomato___Tomato_Yellow_Leaf_Curl_Virus,Tomato___Tomato_Yellow_Leaf_Curl_Virus,0.99999774,True
/clearml_agent_cache/storage_manager/datasets/ds_687ee9f1c8dd4af98240e55e4b18258a/test/Tomato___Tomato_Yellow_Leaf_Curl_Virus/82c706b4-04f5-48bf-b509-8e7a890d0950___YLCV_GCREC_2370.JPG,Tomato___Tomato_Yellow_Leaf_Curl_Virus,Tomato___Tomato_Yellow_Leaf_Curl_Virus,0.99966455,True
/clearml_agent_cache/storage_manager/datasets/ds_687ee9f1c8dd4af98240e55e4b18258a/test/Tomato___Tomato_Yellow_Leaf_Curl_Virus/82f44568-3abe-4aa0-a085-a29189d92f54___UF.GRC_YLCV_Lab_02127.JPG,Tomato___Tomato_Yellow_Leaf_Curl_Virus,Tomato___Tomato_Yellow_Leaf_Curl_Virus,0.99997556,True
/clearml_agent_cache/storage_manager/datasets/ds_687ee9f1c8dd4af98240e55e4b18258a/test/Tomato___Tomato_Yellow_Leaf_Curl_Virus/85390de2-8b52-4579-96bf-17b055aaeb87___UF.GRC_YLCV_Lab_02972.JPG,Tomato___Tomato_Yellow_Leaf_Curl_Virus,Tomato___Tomato_Yellow_Leaf_Curl_Virus,0.9992999,True
/clearml_agent_cache/storage_manager/datasets/ds_687ee9f1c8dd4af98240e55e4b18258a/test/Tomato___Tomato_Yellow_Leaf_Curl_Virus/88228c71-4e2e-4e58-8f57-d6c3f0dc1bb5___YLCV_GCREC_5410.JPG,Tomato___Tomato_Yellow_Leaf_Curl_Virus,Tomato___Tomato_Yellow_Leaf_Curl_Virus,0.6866874,True
/clearml_agent_cache/storage_manager/datasets/ds_687ee9f1c8dd4af98240e55e4b18258a/test/Tomato___Tomato_Yellow_Leaf_Curl_Virus/88c73321-cfb7-4118-84ed-a03282bb27bb___YLCV_NREC_2077.JPG,Tomato___Tomato_Yellow_Leaf_Curl_Virus,Tomato___Tomato_Yellow_Leaf_Curl_Virus,0.99998987,True
/clearml_agent_cache/storage_manager/datasets/ds_687ee9f1c8dd4af98240e55e4b18258a/test/Tomato___Tomato_Yellow_Leaf_Curl_Virus/8932d275-9859-46a4-9d47-60c1a88e1112___UF.GRC_YLCV_Lab_09415.JPG,Tomato___Tomato_Yellow_Leaf_Curl_Virus,Tomato___Tomato_Yellow_Leaf_Curl_Virus,0.99998915,True
/clearml_agent_cache/storage_manager/datasets/ds_687ee9f1c8dd4af98240e55e4b18258a/test/Tomato___Tomato_Yellow_Leaf_Curl_Virus/8aaae239-fdfa-4a73-9735-d0eb5d72d258___YLCV_NREC_0119.JPG,Tomato___Tomato_Yellow_Leaf_Curl_Virus,Tomato___Tomato_Yellow_Leaf_Curl_Virus,0.9999926,True
/clearml_agent_cache/storage_manager/datasets/ds_687ee9f1c8dd4af98240e55e4b18258a/test/Tomato___Tomato_Yellow_Leaf_Curl_Virus/8aeacb4f-d041-42b1-8c66-064bb11f1f2f___YLCV_GCREC_5389.JPG,Tomato___Tomato_Yellow_Leaf_Curl_Virus,Tomato___Tomato_Yellow_Leaf_Curl_Virus,0.9999949,True
/clearml_agent_cache/storage_manager/datasets/ds_687ee9f1c8dd4af98240e55e4b18258a/test/Tomato___Tomato_Yellow_Leaf_Curl_Virus/8bf1c6d4-b64e-4a94-a4de-c177fff111ce___UF.GRC_YLCV_Lab_09545.JPG,Tomato___Tomato_Yellow_Leaf_Curl_Virus,Tomato___Tomato_Yellow_Leaf_Curl_Virus,0.9999993,True
/clearml_agent_cache/storage_manager/datasets/ds_687ee9f1c8dd4af98240e55e4b18258a/test/Tomato___Tomato_Yellow_Leaf_Curl_Virus/8c1234b1-6565-467e-aab8-200f135f7f09___UF.GRC_YLCV_Lab_03148.JPG,Tomato___Tomato_Yellow_Leaf_Curl_Virus,Tomato___Tomato_Yellow_Leaf_Curl_Virus,0.99999714,True
/clearml_agent_cache/storage_manager/datasets/ds_687ee9f1c8dd4af98240e55e4b18258a/test/Tomato___Tomato_Yellow_Leaf_Curl_Virus/8c8d833d-292d-430f-81f4-7aeb2bcfe329___YLCV_NREC_0115.JPG,Tomato___Tomato_Yellow_Leaf_Curl_Virus,Tomato___Tomato_Yellow_Leaf_Curl_Virus,0.9999995,True
/clearml_agent_cache/storage_manager/datasets/ds_687ee9f1c8dd4af98240e55e4b18258a/test/Tomato___Tomato_Yellow_Leaf_Curl_Virus/8ef3ea77-0818-48e5-a8fa-3b34f963e85e___UF.GRC_YLCV_Lab_03131.JPG,Tomato___Tomato_Yellow_Leaf_Curl_Virus,Tomato___Tomato_Yellow_Leaf_Curl_Virus,0.99999774,True
/clearml_agent_cache/storage_manager/datasets/ds_687ee9f1c8dd4af98240e55e4b18258a/test/Tomato___Tomato_Yellow_Leaf_Curl_Virus/90391022-d47a-49fa-a95b-48612ec23288___YLCV_NREC_2509.JPG,Tomato___Tomato_Yellow_Leaf_Curl_Virus,Tomato___Tomato_Yellow_Leaf_Curl_Virus,0.9999993,True
/clearml_agent_cache/storage_manager/datasets/ds_687ee9f1c8dd4af98240e55e4b18258a/test/Tomato___Tomato_Yellow_Leaf_Curl_Virus/91283b6b-c36d-4ee6-8ab9-fae527f1dce0___UF.GRC_YLCV_Lab_01775.JPG,Tomato___Tomato_Yellow_Leaf_Curl_Virus,Tomato___Tomato_Yellow_Leaf_Curl_Virus,0.99998486,True
/clearml_agent_cache/storage_manager/datasets/ds_687ee9f1c8dd4af98240e55e4b18258a/test/Tomato___Tomato_Yellow_Leaf_Curl_Virus/926f0043-e6d5-42f4-afa6-d514cb774480___UF.GRC_YLCV_Lab_02288.JPG,Tomato___Tomato_Yellow_Leaf_Curl_Virus,Tomato___Tomato_Yellow_Leaf_Curl_Virus,0.9999931,True
/clearml_agent_cache/storage_manager/datasets/ds_687ee9f1c8dd4af98240e55e4b18258a/test/Tomato___Tomato_Yellow_Leaf_Curl_Virus/93e49a6e-2920-4cf5-bb45-75364a2692d8___YLCV_GCREC_2035.JPG,Tomato___Tomato_Yellow_Leaf_Curl_Virus,Tomato___Tomato_Yellow_Leaf_Curl_Virus,0.9999994,True
/clearml_agent_cache/storage_manager/datasets/ds_687ee9f1c8dd4af98240e55e4b18258a/test/Tomato___Tomato_Yellow_Leaf_Curl_Virus/94e37653-feb5-4d5d-908c-f7ef3f03a774___YLCV_NREC_2906.JPG,Tomato___Tomato_Yellow_Leaf_Curl_Virus,Tomato___Tomato_Yellow_Leaf_Curl_Virus,0.99999774,True
/clearml_agent_cache/storage_manager/datasets/ds_687ee9f1c8dd4af98240e55e4b18258a/test/Tomato___Tomato_Yellow_Leaf_Curl_Virus/96f95135-fe12-4bf9-9e7a-d1fd07ea31b1___UF.GRC_YLCV_Lab_02528.JPG,Tomato___Tomato_Yellow_Leaf_Curl_Virus,Tomato___Tomato_Yellow_Leaf_Curl_Virus,0.99998593,True
/clearml_agent_cache/storage_manager/datasets/ds_687ee9f1c8dd4af98240e55e4b18258a/test/Tomato___Tomato_Yellow_Leaf_Curl_Virus/97b62b0c-39b6-45cb-8f04-a340fa066ffa___YLCV_NREC_2491.JPG,Tomato___Tomato_Yellow_Leaf_Curl_Virus,Tomato___Tomato_Yellow_Leaf_Curl_Virus,0.99999917,True
/clearml_agent_cache/storage_manager/datasets/ds_687ee9f1c8dd4af98240e55e4b18258a/test/Tomato___Tomato_Yellow_Leaf_Curl_Virus/984b3181-df85-4f00-9ec1-3981a1f24f53___UF.GRC_YLCV_Lab_03199.JPG,Tomato___Tomato_Yellow_Leaf_Curl_Virus,Tomato___Tomato_Yellow_Leaf_Curl_Virus,0.99996936,True
/clearml_agent_cache/storage_manager/datasets/ds_687ee9f1c8dd4af98240e55e4b18258a/test/Tomato___Tomato_Yellow_Leaf_Curl_Virus/99abcc2c-0b45-4868-bf37-23c347dbb4b8___YLCV_GCREC_2257.JPG,Tomato___Tomato_Yellow_Leaf_Curl_Virus,Tomato___Tomato_Yellow_Leaf_Curl_Virus,0.9999976,True
/clearml_agent_cache/storage_manager/datasets/ds_687ee9f1c8dd4af98240e55e4b18258a/test/Tomato___Tomato_Yellow_Leaf_Curl_Virus/9a6fede1-174f-45eb-9870-9f9d372c7f6b___UF.GRC_YLCV_Lab_02696.JPG,Tomato___Tomato_Yellow_Leaf_Curl_Virus,Tomato___Tomato_Yellow_Leaf_Curl_Virus,0.99998474,True
/clearml_agent_cache/storage_manager/datasets/ds_687ee9f1c8dd4af98240e55e4b18258a/test/Tomato___Tomato_Yellow_Leaf_Curl_Virus/9ab57658-c430-4965-97e3-9d93396e2e35___YLCV_GCREC_2593.JPG,Tomato___Tomato_Yellow_Leaf_Curl_Virus,Tomato___Tomato_Yellow_Leaf_Curl_Virus,0.99999475,True
/clearml_agent_cache/storage_manager/datasets/ds_687ee9f1c8dd4af98240e55e4b18258a/test/Tomato___Tomato_Yellow_Leaf_Curl_Virus/9d6a56fc-85ac-4519-91e9-cb307410cd0c___YLCV_GCREC_2557.JPG,Tomato___Tomato_Yellow_Leaf_Curl_Virus,Tomato___Tomato_Yellow_Leaf_Curl_Virus,0.9999994,True
/clearml_agent_cache/storage_manager/datasets/ds_687ee9f1c8dd4af98240e55e4b18258a/test/Tomato___Tomato_Yellow_Leaf_Curl_Virus/9eefdc79-1c2c-4a5b-892c-a72ab1448674___UF.GRC_YLCV_Lab_02275.JPG,Tomato___Tomato_Yellow_Leaf_Curl_Virus,Tomato___Tomato_Yellow_Leaf_Curl_Virus,0.9995609,True
/clearml_agent_cache/storage_manager/datasets/ds_687ee9f1c8dd4af98240e55e4b18258a/test/Tomato___Tomato_Yellow_Leaf_Curl_Virus/9f1e41b6-c547-481b-9bfe-bbb62e0ebec5___YLCV_GCREC_5431.JPG,Tomato___Tomato_Yellow_Leaf_Curl_Virus,Tomato___Tomato_Yellow_Leaf_Curl_Virus,0.99998355,True
/clearml_agent_cache/storage_manager/datasets/ds_687ee9f1c8dd4af98240e55e4b18258a/test/Tomato___Tomato_Yellow_Leaf_Curl_Virus/a1ca44bc-dc89-4162-bc06-f682a823bbb0___YLCV_GCREC_5133.JPG,Tomato___Tomato_Yellow_Leaf_Curl_Virus,Tomato___Tomato_Yellow_Leaf_Curl_Virus,0.9999975,True
/clearml_agent_cache/storage_manager/datasets/ds_687ee9f1c8dd4af98240e55e4b18258a/test/Tomato___Tomato_Yellow_Leaf_Curl_Virus/a2ae923a-f38d-4245-8ccd-b00dd0c975a8___UF.GRC_YLCV_Lab_01751.JPG,Tomato___Tomato_Yellow_Leaf_Curl_Virus,Tomato___Tomato_Yellow_Leaf_Curl_Virus,0.9999938,True
/clearml_agent_cache/storage_manager/datasets/ds_687ee9f1c8dd4af98240e55e4b18258a/test/Tomato___Tomato_Yellow_Leaf_Curl_Virus/a2f88eb8-f50c-4dc9-aa5a-56050d57d066___YLCV_NREC_2636.JPG,Tomato___Tomato_Yellow_Leaf_Curl_Virus,Tomato___Tomato_Yellow_Leaf_Curl_Virus,0.9999964,True
/clearml_agent_cache/storage_manager/datasets/ds_687ee9f1c8dd4af98240e55e4b18258a/test/Tomato___Tomato_Yellow_Leaf_Curl_Virus/a5d4fc36-3c39-4752-bc20-f9f0701b5bb6___YLCV_NREC_2814.JPG,Tomato___Tomato_Yellow_Leaf_Curl_Virus,Tomato___Tomato_Yellow_Leaf_Curl_Virus,0.9999957,True
/clearml_agent_cache/storage_manager/datasets/ds_687ee9f1c8dd4af98240e55e4b18258a/test/Tomato___Tomato_Yellow_Leaf_Curl_Virus/a60bd611-4f2f-4ea1-bdde-b5f871195a04___YLCV_NREC_0076.JPG,Tomato___Tomato_Yellow_Leaf_Curl_Virus,Tomato___Tomato_Yellow_Leaf_Curl_Virus,0.999998,True
/clearml_agent_cache/storage_manager/datasets/ds_687ee9f1c8dd4af98240e55e4b18258a/test/Tomato___Tomato_Yellow_Leaf_Curl_Virus/a679b4b4-4add-475a-b7a7-d988dd98e422___UF.GRC_YLCV_Lab_03372.JPG,Tomato___Tomato_Yellow_Leaf_Curl_Virus,Tomato___Tomato_Yellow_Leaf_Curl_Virus,0.99994886,True
/clearml_agent_cache/storage_manager/datasets/ds_687ee9f1c8dd4af98240e55e4b18258a/test/Tomato___Tomato_Yellow_Leaf_Curl_Virus/a730544f-6894-41b5-a00d-87e640a9a050___YLCV_GCREC_2506.JPG,Tomato___Tomato_Yellow_Leaf_Curl_Virus,Tomato___Tomato_Yellow_Leaf_Curl_Virus,0.99999905,True
/clearml_agent_cache/storage_manager/datasets/ds_687ee9f1c8dd4af98240e55e4b18258a/test/Tomato___Tomato_Yellow_Leaf_Curl_Virus/a9434099-dd74-477d-89e0-afed1a7d0286___YLCV_GCREC_2361.JPG,Tomato___Tomato_Yellow_Leaf_Curl_Virus,Tomato___Tomato_Yellow_Leaf_Curl_Virus,0.9999386,True
/clearml_agent_cache/storage_manager/datasets/ds_687ee9f1c8dd4af98240e55e4b18258a/test/Tomato___Tomato_Yellow_Leaf_Curl_Virus/a9dad9b0-3559-476d-8213-eb18f482dffe___YLCV_GCREC_2348.JPG,Tomato___Tomato_Yellow_Leaf_Curl_Virus,Tomato___Tomato_Yellow_Leaf_Curl_Virus,0.99999905,True
/clearml_agent_cache/storage_manager/datasets/ds_687ee9f1c8dd4af98240e55e4b18258a/test/Tomato___Tomato_Yellow_Leaf_Curl_Virus/aa0d3659-ac13-42bf-98f6-7677645b4464___UF.GRC_YLCV_Lab_09623.JPG,Tomato___Tomato_Yellow_Leaf_Curl_Virus,Tomato___Tomato_Yellow_Leaf_Curl_Virus,0.99998736,True
/clearml_agent_cache/storage_manager/datasets/ds_687ee9f1c8dd4af98240e55e4b18258a/test/Tomato___Tomato_Yellow_Leaf_Curl_Virus/aa164b32-92ec-44f3-b94a-8bf4f2ea0a87___UF.GRC_YLCV_Lab_02369.JPG,Tomato___Tomato_Yellow_Leaf_Curl_Virus,Tomato___Tomato_Yellow_Leaf_Curl_Virus,0.99995565,True
/clearml_agent_cache/storage_manager/datasets/ds_687ee9f1c8dd4af98240e55e4b18258a/test/Tomato___Tomato_Yellow_Leaf_Curl_Virus/ac1c027e-d105-4e69-bc18-83baeade2268___UF.GRC_YLCV_Lab_08488.JPG,Tomato___Tomato_Yellow_Leaf_Curl_Virus,Tomato___Tomato_Yellow_Leaf_Curl_Virus,0.99972445,True
/clearml_agent_cache/storage_manager/datasets/ds_687ee9f1c8dd4af98240e55e4b18258a/test/Tomato___Tomato_Yellow_Leaf_Curl_Virus/ac283f75-acae-4c17-bfa9-5ce9d9c101a4___UF.GRC_YLCV_Lab_01371.JPG,Tomato___Tomato_Yellow_Leaf_Curl_Virus,Tomato___Tomato_Yellow_Leaf_Curl_Virus,0.99999726,True
/clearml_agent_cache/storage_manager/datasets/ds_687ee9f1c8dd4af98240e55e4b18258a/test/Tomato___Tomato_Yellow_Leaf_Curl_Virus/adc3a730-4492-412b-b282-23a43f68a516___YLCV_NREC_0304.JPG,Tomato___Tomato_Yellow_Leaf_Curl_Virus,Tomato___Tomato_Yellow_Leaf_Curl_Virus,0.9999949,True
/clearml_agent_cache/storage_manager/datasets/ds_687ee9f1c8dd4af98240e55e4b18258a/test/Tomato___Tomato_Yellow_Leaf_Curl_Virus/ae0369a9-6e25-4183-a079-d6e28441c393___UF.GRC_YLCV_Lab_03208.JPG,Tomato___Tomato_Yellow_Leaf_Curl_Virus,Tomato___Tomato_Yellow_Leaf_Curl_Virus,0.99999905,True
/clearml_agent_cache/storage_manager/datasets/ds_687ee9f1c8dd4af98240e55e4b18258a/test/Tomato___Tomato_Yellow_Leaf_Curl_Virus/ae1c3900-dc14-452a-8d8a-1bf25a876481___YLCV_GCREC_5166.JPG,Tomato___Tomato_Yellow_Leaf_Curl_Virus,Tomato___Tomato_Yellow_Leaf_Curl_Virus,0.99999964,True
/clearml_agent_cache/storage_manager/datasets/ds_687ee9f1c8dd4af98240e55e4b18258a/test/Tomato___Tomato_Yellow_Leaf_Curl_Virus/ae8a45c1-aa76-4b64-ae85-ae56f852e2c5___YLCV_NREC_2628.JPG,Tomato___Tomato_Yellow_Leaf_Curl_Virus,Tomato___Tomato_Yellow_Leaf_Curl_Virus,0.9999938,True
/clearml_agent_cache/storage_manager/datasets/ds_687ee9f1c8dd4af98240e55e4b18258a/test/Tomato___Tomato_Yellow_Leaf_Curl_Virus/af03a2ca-fcd7-460c-a21b-8e1464a5d1bd___YLCV_GCREC_2182.JPG,Tomato___Tomato_Yellow_Leaf_Curl_Virus,Tomato___Tomato_Yellow_Leaf_Curl_Virus,0.9999999,True
/clearml_agent_cache/storage_manager/datasets/ds_687ee9f1c8dd4af98240e55e4b18258a/test/Tomato___Tomato_Yellow_Leaf_Curl_Virus/b0c09bba-f23e-451e-9b1a-24cbb5878c47___UF.GRC_YLCV_Lab_09356.JPG,Tomato___Tomato_Yellow_Leaf_Curl_Virus,Tomato___Tomato_Yellow_Leaf_Curl_Virus,0.99996376,True
/clearml_agent_cache/storage_manager/datasets/ds_687ee9f1c8dd4af98240e55e4b18258a/test/Tomato___Tomato_Yellow_Leaf_Curl_Virus/b14ea0b4-6dac-456f-857e-47d8688ebdb7___YLCV_GCREC_5331.JPG,Tomato___Tomato_Yellow_Leaf_Curl_Virus,Tomato___Tomato_Yellow_Leaf_Curl_Virus,0.99999917,True
/clearml_agent_cache/storage_manager/datasets/ds_687ee9f1c8dd4af98240e55e4b18258a/test/Tomato___Tomato_Yellow_Leaf_Curl_Virus/b18e32cf-8262-4879-951f-48d9bbf2d861___UF.GRC_YLCV_Lab_02172.JPG,Tomato___Tomato_Yellow_Leaf_Curl_Virus,Tomato___Tomato_Yellow_Leaf_Curl_Virus,0.9999031,True
/clearml_agent_cache/storage_manager/datasets/ds_687ee9f1c8dd4af98240e55e4b18258a/test/Tomato___Tomato_Yellow_Leaf_Curl_Virus/b1d3871c-934c-4992-b9e8-bb74271c0ca2___UF.GRC_YLCV_Lab_03027.JPG,Tomato___Tomato_Yellow_Leaf_Curl_Virus,Tomato___Tomato_Yellow_Leaf_Curl_Virus,0.9999436,True
/clearml_agent_cache/storage_manager/datasets/ds_687ee9f1c8dd4af98240e55e4b18258a/test/Tomato___Tomato_Yellow_Leaf_Curl_Virus/b27e4071-2c3c-4e7d-bbf0-ba531f44b62d___UF.GRC_YLCV_Lab_02301.JPG,Tomato___Tomato_Yellow_Leaf_Curl_Virus,Tomato___Tomato_Yellow_Leaf_Curl_Virus,0.99999666,True
/clearml_agent_cache/storage_manager/datasets/ds_687ee9f1c8dd4af98240e55e4b18258a/test/Tomato___Tomato_Yellow_Leaf_Curl_Virus/b379ab04-3780-4283-b388-2a038b773d79___UF.GRC_YLCV_Lab_01389.JPG,Tomato___Tomato_Yellow_Leaf_Curl_Virus,Tomato___Tomato_Yellow_Leaf_Curl_Virus,0.99998224,True
/clearml_agent_cache/storage_manager/datasets/ds_687ee9f1c8dd4af98240e55e4b18258a/test/Tomato___Tomato_Yellow_Leaf_Curl_Virus/b3ffad3c-49c9-4255-950a-d0d95f6b5554___YLCV_GCREC_5325.JPG,Tomato___Tomato_Yellow_Leaf_Curl_Virus,Tomato___Tomato_Yellow_Leaf_Curl_Virus,0.9999676,True
/clearml_agent_cache/storage_manager/datasets/ds_687ee9f1c8dd4af98240e55e4b18258a/test/Tomato___Tomato_Yellow_Leaf_Curl_Virus/b4e8c99e-5cc6-4d94-9ac6-0671c8fe030f___YLCV_GCREC_2011.JPG,Tomato___Tomato_Yellow_Leaf_Curl_Virus,Tomato___Tomato_Yellow_Leaf_Curl_Virus,0.9999918,True
/clearml_agent_cache/storage_manager/datasets/ds_687ee9f1c8dd4af98240e55e4b18258a/test/Tomato___Tomato_Yellow_Leaf_Curl_Virus/b9fee910-ba74-47a7-a83f-77d8db7391ea___UF.GRC_YLCV_Lab_03322.JPG,Tomato___Tomato_Yellow_Leaf_Curl_Virus,Tomato___Tomato_Yellow_Leaf_Curl_Virus,0.9999933,True
/clearml_agent_cache/storage_manager/datasets/ds_687ee9f1c8dd4af98240e55e4b18258a/test/Tomato___Tomato_Yellow_Leaf_Curl_Virus/bbf29268-c70e-40ac-ae86-d19a3f108841___YLCV_GCREC_2563.JPG,Tomato___Tomato_Yellow_Leaf_Curl_Virus,Tomato___Tomato_Yellow_Leaf_Curl_Virus,0.99999857,True
/clearml_agent_cache/storage_manager/datasets/ds_687ee9f1c8dd4af98240e55e4b18258a/test/Tomato___Tomato_Yellow_Leaf_Curl_Virus/bc0e982c-861c-4295-a21f-e7d88cbbe903___UF.GRC_YLCV_Lab_08474.JPG,Tomato___Tomato_Yellow_Leaf_Curl_Virus,Tomato___Tomato_Yellow_Leaf_Curl_Virus,0.9999521,True
/clearml_agent_cache/storage_manager/datasets/ds_687ee9f1c8dd4af98240e55e4b18258a/test/Tomato___Tomato_Yellow_Leaf_Curl_Virus/bc0f1ebd-b88c-468d-81db-a5f8f5e439a8___UF.GRC_YLCV_Lab_09534.JPG,Tomato___Tomato_Yellow_Leaf_Curl_Virus,Tomato___Tomato_Yellow_Leaf_Curl_Virus,0.9999343,True
/clearml_agent_cache/storage_manager/datasets/ds_687ee9f1c8dd4af98240e55e4b18258a/test/Tomato___Tomato_Yellow_Leaf_Curl_Virus/be1eeefb-fd4b-4382-8339-b31bc4932d2e___YLCV_GCREC_1913.JPG,Tomato___Tomato_Yellow_Leaf_Curl_Virus,Tomato___Tomato_Yellow_Leaf_Curl_Virus,0.9999888,True
/clearml_agent_cache/storage_manager/datasets/ds_687ee9f1c8dd4af98240e55e4b18258a/test/Tomato___Tomato_Yellow_Leaf_Curl_Virus/c213b6a4-291c-4a83-9f7f-839298d5f30d___YLCV_NREC_2733.JPG,Tomato___Tomato_Yellow_Leaf_Curl_Virus,Tomato___Tomato_Yellow_Leaf_Curl_Virus,0.9998796,True
/clearml_agent_cache/storage_manager/datasets/ds_687ee9f1c8dd4af98240e55e4b18258a/test/Tomato___Tomato_Yellow_Leaf_Curl_Virus/c2442130-2716-4cfd-95f5-7eb78d57c37c___UF.GRC_YLCV_Lab_01585.JPG,Tomato___Tomato_Yellow_Leaf_Curl_Virus,Tomato___Tomato_Yellow_Leaf_Curl_Virus,0.9999769,True
/clearml_agent_cache/storage_manager/datasets/ds_687ee9f1c8dd4af98240e55e4b18258a/test/Tomato___Tomato_Yellow_Leaf_Curl_Virus/c24697e2-09bc-4c4c-8018-b145d6cae716___UF.GRC_YLCV_Lab_09496.JPG,Tomato___Tomato_Yellow_Leaf_Curl_Virus,Tomato___Tomato_Yellow_Leaf_Curl_Virus,0.9999845,True
/clearml_agent_cache/storage_manager/datasets/ds_687ee9f1c8dd4af98240e55e4b18258a/test/Tomato___Tomato_Yellow_Leaf_Curl_Virus/c366c7f0-ca4d-46db-bcce-bcae1d6b84d5___UF.GRC_YLCV_Lab_09606.JPG,Tomato___Tomato_Yellow_Leaf_Curl_Virus,Tomato___Tomato_Yellow_Leaf_Curl_Virus,0.99999857,True
/clearml_agent_cache/storage_manager/datasets/ds_687ee9f1c8dd4af98240e55e4b18258a/test/Tomato___Tomato_Yellow_Leaf_Curl_Virus/c6a528cb-3284-48f0-8b9b-7db54cce69d7___YLCV_NREC_2159.JPG,Tomato___Tomato_Yellow_Leaf_Curl_Virus,Tomato___Tomato_Yellow_Leaf_Curl_Virus,0.99994993,True
/clearml_agent_cache/storage_manager/datasets/ds_687ee9f1c8dd4af98240e55e4b18258a/test/Tomato___Tomato_Yellow_Leaf_Curl_Virus/c8491238-5793-4466-b31b-967a58dbf9eb___YLCV_GCREC_5193.JPG,Tomato___Tomato_Yellow_Leaf_Curl_Virus,Tomato___Tomato_Yellow_Leaf_Curl_Virus,0.99991846,True
/clearml_agent_cache/storage_manager/datasets/ds_687ee9f1c8dd4af98240e55e4b18258a/test/Tomato___Tomato_Yellow_Leaf_Curl_Virus/c8ce7937-58e1-449d-b866-2ff0a62e45eb___YLCV_NREC_1998.JPG,Tomato___Tomato_Yellow_Leaf_Curl_Virus,Tomato___Tomato_Yellow_Leaf_Curl_Virus,0.9999832,True
/clearml_agent_cache/storage_manager/datasets/ds_687ee9f1c8dd4af98240e55e4b18258a/test/Tomato___Tomato_Yellow_Leaf_Curl_Virus/cc07d72c-2dc3-4a2e-9e35-fed03d6d8507___YLCV_NREC_2579.JPG,Tomato___Tomato_Yellow_Leaf_Curl_Virus,Tomato___Tomato_Yellow_Leaf_Curl_Virus,0.99999774,True
/clearml_agent_cache/storage_manager/datasets/ds_687ee9f1c8dd4af98240e55e4b18258a/test/Tomato___Tomato_Yellow_Leaf_Curl_Virus/cf3c8095-91ae-4f7f-9537-aac1674fda21___YLCV_GCREC_2104.JPG,Tomato___Tomato_Yellow_Leaf_Curl_Virus,Tomato___Tomato_Yellow_Leaf_Curl_Virus,0.9999945,True
/clearml_agent_cache/storage_manager/datasets/ds_687ee9f1c8dd4af98240e55e4b18258a/test/Tomato___Tomato_Yellow_Leaf_Curl_Virus/cfea2cd5-8cc8-4a58-be36-5ff7d2de6c9c___UF.GRC_YLCV_Lab_01479.JPG,Tomato___Tomato_Yellow_Leaf_Curl_Virus,Tomato___Tomato_Yellow_Leaf_Curl_Virus,0.9999826,True
/clearml_agent_cache/storage_manager/datasets/ds_687ee9f1c8dd4af98240e55e4b18258a/test/Tomato___Tomato_Yellow_Leaf_Curl_Virus/d1486e64-73a8-43a1-9997-11bcf42ceb6f___UF.GRC_YLCV_Lab_02163.JPG,Tomato___Tomato_Yellow_Leaf_Curl_Virus,Tomato___Tomato_Yellow_Leaf_Curl_Virus,0.9999082,True
/clearml_agent_cache/storage_manager/datasets/ds_687ee9f1c8dd4af98240e55e4b18258a/test/Tomato___Tomato_Yellow_Leaf_Curl_Virus/d1dbac18-00e8-49b2-9161-ae643f462d62___YLCV_GCREC_1930.JPG,Tomato___Tomato_Yellow_Leaf_Curl_Virus,Tomato___Tomato_Yellow_Leaf_Curl_Virus,0.99999,True
/clearml_agent_cache/storage_manager/datasets/ds_687ee9f1c8dd4af98240e55e4b18258a/test/Tomato___Tomato_Yellow_Leaf_Curl_Virus/d3165754-e6d7-4fa6-a3dd-86d00ad353e8___UF.GRC_YLCV_Lab_02631.JPG,Tomato___Tomato_Yellow_Leaf_Curl_Virus,Tomato___Tomato_Yellow_Leaf_Curl_Virus,0.99999774,True
/clearml_agent_cache/storage_manager/datasets/ds_687ee9f1c8dd4af98240e55e4b18258a/test/Tomato___Tomato_Yellow_Leaf_Curl_Virus/d434b420-e102-4ccc-9cf9-49d07b403c6f___UF.GRC_YLCV_Lab_02355.JPG,Tomato___Tomato_Yellow_Leaf_Curl_Virus,Tomato___Tomato_Yellow_Leaf_Curl_Virus,0.9999894,True
/clearml_agent_cache/storage_manager/datasets/ds_687ee9f1c8dd4af98240e55e4b18258a/test/Tomato___Tomato_Yellow_Leaf_Curl_Virus/d51c9429-7d8e-47cf-b765-c5a664872ca8___YLCV_GCREC_2723.JPG,Tomato___Tomato_Yellow_Leaf_Curl_Virus,Tomato___Tomato_Yellow_Leaf_Curl_Virus,0.99999464,True
/clearml_agent_cache/storage_manager/datasets/ds_687ee9f1c8dd4af98240e55e4b18258a/test/Tomato___Tomato_Yellow_Leaf_Curl_Virus/d5b1f472-2775-499a-98b0-4be2107f61bd___YLCV_GCREC_5207.JPG,Tomato___Tomato_Yellow_Leaf_Curl_Virus,Tomato___Tomato_Yellow_Leaf_Curl_Virus,0.99999046,True
/clearml_agent_cache/storage_manager/datasets/ds_687ee9f1c8dd4af98240e55e4b18258a/test/Tomato___Tomato_Yellow_Leaf_Curl_Virus/d6843a48-8f16-40af-8f67-7230395c0aa4___YLCV_NREC_2262.JPG,Tomato___Tomato_Yellow_Leaf_Curl_Virus,Tomato___Tomato_Yellow_Leaf_Curl_Virus,0.99999726,True
/clearml_agent_cache/storage_manager/datasets/ds_687ee9f1c8dd4af98240e55e4b18258a/test/Tomato___Tomato_Yellow_Leaf_Curl_Virus/d88a4391-329a-490b-8cd9-2d2612176aba___YLCV_GCREC_2842.JPG,Tomato___Tomato_Yellow_Leaf_Curl_Virus,Tomato___Tomato_Yellow_Leaf_Curl_Virus,0.99999917,True
/clearml_agent_cache/storage_manager/datasets/ds_687ee9f1c8dd4af98240e55e4b18258a/test/Tomato___Tomato_Yellow_Leaf_Curl_Virus/d94cc5e8-9751-4eec-b1e9-f06695e2472d___UF.GRC_YLCV_Lab_08462.JPG,Tomato___Tomato_Yellow_Leaf_Curl_Virus,Tomato___Tomato_Yellow_Leaf_Curl_Virus,0.9997197,True
/clearml_agent_cache/storage_manager/datasets/ds_687ee9f1c8dd4af98240e55e4b18258a/test/Tomato___Tomato_Yellow_Leaf_Curl_Virus/d9ac5df4-a936-40b7-988a-ccf9c065d1a3___UF.GRC_YLCV_Lab_01433.JPG,Tomato___Tomato_Yellow_Leaf_Curl_Virus,Tomato___Tomato_Yellow_Leaf_Curl_Virus,0.9999924,True
/clearml_agent_cache/storage_manager/datasets/ds_687ee9f1c8dd4af98240e55e4b18258a/test/Tomato___Tomato_Yellow_Leaf_Curl_Virus/d9df9ccb-0f9f-4f52-ac50-eda73b4804c8___YLCV_NREC_2414.JPG,Tomato___Tomato_Yellow_Leaf_Curl_Virus,Tomato___Tomato_Yellow_Leaf_Curl_Virus,0.9999752,True
/clearml_agent_cache/storage_manager/datasets/ds_687ee9f1c8dd4af98240e55e4b18258a/test/Tomato___Tomato_Yellow_Leaf_Curl_Virus/da32e60b-9523-4a19-90c9-eeb088730229___UF.GRC_YLCV_Lab_02583.JPG,Tomato___Tomato_Yellow_Leaf_Curl_Virus,Tomato___Tomato_Yellow_Leaf_Curl_Virus,0.99997056,True
/clearml_agent_cache/storage_manager/datasets/ds_687ee9f1c8dd4af98240e55e4b18258a/test/Tomato___Tomato_Yellow_Leaf_Curl_Virus/dbb6cc9b-512f-426f-b76c-fcd61d9f4e19___YLCV_NREC_2987.JPG,Tomato___Tomato_Yellow_Leaf_Curl_Virus,Tomato___Tomato_Yellow_Leaf_Curl_Virus,0.99999976,True
/clearml_agent_cache/storage_manager/datasets/ds_687ee9f1c8dd4af98240e55e4b18258a/test/Tomato___Tomato_Yellow_Leaf_Curl_Virus/dbca697b-7070-409a-971e-1d275e10749b___YLCV_GCREC_5169.JPG,Tomato___Tomato_Yellow_Leaf_Curl_Virus,Tomato___Tomato_Yellow_Leaf_Curl_Virus,0.9999864,True
/clearml_agent_cache/storage_manager/datasets/ds_687ee9f1c8dd4af98240e55e4b18258a/test/Tomato___Tomato_Yellow_Leaf_Curl_Virus/dd07b84a-54f9-41ca-8ed1-37d922414113___UF.GRC_YLCV_Lab_01732.JPG,Tomato___Tomato_Yellow_Leaf_Curl_Virus,Tomato___Tomato_Yellow_Leaf_Curl_Virus,0.9999987,True
/clearml_agent_cache/storage_manager/datasets/ds_687ee9f1c8dd4af98240e55e4b18258a/test/Tomato___Tomato_Yellow_Leaf_Curl_Virus/df1ecb48-a2bd-4148-bd90-83dd6fa4e8d1___YLCV_NREC_2699.JPG,Tomato___Tomato_Yellow_Leaf_Curl_Virus,Tomato___Tomato_Yellow_Leaf_Curl_Virus,0.99995196,True
/clearml_agent_cache/storage_manager/datasets/ds_687ee9f1c8dd4af98240e55e4b18258a/test/Tomato___Tomato_Yellow_Leaf_Curl_Virus/df7b7d9f-e0b4-4f78-b200-2b24258e72d5___YLCV_GCREC_2498.JPG,Tomato___Tomato_Yellow_Leaf_Curl_Virus,Tomato___Tomato_Yellow_Leaf_Curl_Virus,0.99999845,True
/clearml_agent_cache/storage_manager/datasets/ds_687ee9f1c8dd4af98240e55e4b18258a/test/Tomato___Tomato_Yellow_Leaf_Curl_Virus/e32287f1-acd0-4ba2-88f9-414950912efc___YLCV_NREC_2616.JPG,Tomato___Tomato_Yellow_Leaf_Curl_Virus,Tomato___Tomato_Yellow_Leaf_Curl_Virus,0.9999974,True
/clearml_agent_cache/storage_manager/datasets/ds_687ee9f1c8dd4af98240e55e4b18258a/test/Tomato___Tomato_Yellow_Leaf_Curl_Virus/e3baabe0-1d09-4180-a3be-95115001615d___UF.GRC_YLCV_Lab_01512.JPG,Tomato___Tomato_Yellow_Leaf_Curl_Virus,Tomato___Tomato_Yellow_Leaf_Curl_Virus,0.99998367,True
/clearml_agent_cache/storage_manager/datasets/ds_687ee9f1c8dd4af98240e55e4b18258a/test/Tomato___Tomato_Yellow_Leaf_Curl_Virus/e449bfef-f7ec-4a42-ba89-739ac8acc62c___UF.GRC_YLCV_Lab_02519.JPG,Tomato___Tomato_Yellow_Leaf_Curl_Virus,Tomato___Tomato_Yellow_Leaf_Curl_Virus,0.9999889,True
/clearml_agent_cache/storage_manager/datasets/ds_687ee9f1c8dd4af98240e55e4b18258a/test/Tomato___Tomato_Yellow_Leaf_Curl_Virus/e5ffffda-a26d-4bb1-8d73-5ca656e2ff22___UF.GRC_YLCV_Lab_01986.JPG,Tomato___Tomato_Yellow_Leaf_Curl_Virus,Tomato___Tomato_Yellow_Leaf_Curl_Virus,0.99993396,True
/clearml_agent_cache/storage_manager/datasets/ds_687ee9f1c8dd4af98240e55e4b18258a/test/Tomato___Tomato_Yellow_Leaf_Curl_Virus/e7f56302-1fda-4696-b273-38d58c3f3b78___UF.GRC_YLCV_Lab_09419.JPG,Tomato___Tomato_Yellow_Leaf_Curl_Virus,Tomato___Tomato_Yellow_Leaf_Curl_Virus,0.9999969,True
/clearml_agent_cache/storage_manager/datasets/ds_687ee9f1c8dd4af98240e55e4b18258a/test/Tomato___Tomato_Yellow_Leaf_Curl_Virus/ea6a0d1e-864c-4ae3-82aa-afc17b14200e___YLCV_NREC_2738.JPG,Tomato___Tomato_Yellow_Leaf_Curl_Virus,Tomato___Tomato_Yellow_Leaf_Curl_Virus,0.99999976,True
/clearml_agent_cache/storage_manager/datasets/ds_687ee9f1c8dd4af98240e55e4b18258a/test/Tomato___Tomato_Yellow_Leaf_Curl_Virus/ea824bff-58c4-402e-936c-70bc49912701___UF.GRC_YLCV_Lab_02667.JPG,Tomato___Tomato_Yellow_Leaf_Curl_Virus,Tomato___Tomato_Yellow_Leaf_Curl_Virus,0.99998176,True
/clearml_agent_cache/storage_manager/datasets/ds_687ee9f1c8dd4af98240e55e4b18258a/test/Tomato___Tomato_Yellow_Leaf_Curl_Virus/f10aa6d0-2887-4980-848a-e0d88eff9011___UF.GRC_YLCV_Lab_02186.JPG,Tomato___Tomato_Yellow_Leaf_Curl_Virus,Tomato___Tomato_Yellow_Leaf_Curl_Virus,0.9999993,True
/clearml_agent_cache/storage_manager/datasets/ds_687ee9f1c8dd4af98240e55e4b18258a/test/Tomato___Tomato_Yellow_Leaf_Curl_Virus/f28367de-351f-4188-9421-f367c60f9499___YLCV_GCREC_1982.JPG,Tomato___Tomato_Yellow_Leaf_Curl_Virus,Tomato___Tomato_Yellow_Leaf_Curl_Virus,0.9999981,True
/clearml_agent_cache/storage_manager/datasets/ds_687ee9f1c8dd4af98240e55e4b18258a/test/Tomato___Tomato_Yellow_Leaf_Curl_Virus/f34ced3c-b9ec-4035-b3e5-2613b4dc4f27___YLCV_GCREC_5281.JPG,Tomato___Tomato_Yellow_Leaf_Curl_Virus,Tomato___Tomato_Yellow_Leaf_Curl_Virus,0.9999989,True
/clearml_agent_cache/storage_manager/datasets/ds_687ee9f1c8dd4af98240e55e4b18258a/test/Tomato___Tomato_Yellow_Leaf_Curl_Virus/f3d45385-367d-4dd2-98d5-195a781494ba___UF.GRC_YLCV_Lab_02024.JPG,Tomato___Tomato_Yellow_Leaf_Curl_Virus,Tomato___Tomato_Yellow_Leaf_Curl_Virus,0.99999285,True
/clearml_agent_cache/storage_manager/datasets/ds_687ee9f1c8dd4af98240e55e4b18258a/test/Tomato___Tomato_Yellow_Leaf_Curl_Virus/f4557b43-f30a-4890-b6db-95e5d4f200d5___YLCV_GCREC_2329.JPG,Tomato___Tomato_Yellow_Leaf_Curl_Virus,Tomato___Tomato_Yellow_Leaf_Curl_Virus,0.9999968,True
/clearml_agent_cache/storage_manager/datasets/ds_687ee9f1c8dd4af98240e55e4b18258a/test/Tomato___Tomato_Yellow_Leaf_Curl_Virus/f4e1e6f8-c183-4652-b04c-a54b4cd2fccd___UF.GRC_YLCV_Lab_01791.JPG,Tomato___Tomato_Yellow_Leaf_Curl_Virus,Tomato___Tomato_Yellow_Leaf_Curl_Virus,0.9999889,True
/clearml_agent_cache/storage_manager/datasets/ds_687ee9f1c8dd4af98240e55e4b18258a/test/Tomato___Tomato_Yellow_Leaf_Curl_Virus/f6050fc9-acf7-4031-940d-65e5c5c66143___YLCV_GCREC_2553.JPG,Tomato___Tomato_Yellow_Leaf_Curl_Virus,Tomato___Tomato_Yellow_Leaf_Curl_Virus,0.9999993,True
/clearml_agent_cache/storage_manager/datasets/ds_687ee9f1c8dd4af98240e55e4b18258a/test/Tomato___Tomato_Yellow_Leaf_Curl_Virus/f6280660-1f0b-41a8-858e-9103c4f1d342___YLCV_NREC_2392.JPG,Tomato___Tomato_Yellow_Leaf_Curl_Virus,Tomato___Tomato_Yellow_Leaf_Curl_Virus,0.9999232,True
/clearml_agent_cache/storage_manager/datasets/ds_687ee9f1c8dd4af98240e55e4b18258a/test/Tomato___Tomato_Yellow_Leaf_Curl_Virus/f84f7acc-ed2c-4531-9594-956d0bafc579___YLCV_NREC_2711.JPG,Tomato___Tomato_Yellow_Leaf_Curl_Virus,Tomato___Tomato_Yellow_Leaf_Curl_Virus,0.99999845,True
/clearml_agent_cache/storage_manager/datasets/ds_687ee9f1c8dd4af98240e55e4b18258a/test/Tomato___Tomato_Yellow_Leaf_Curl_Virus/f8592a78-59ca-4f35-a7bf-1e4001af98a4___YLCV_GCREC_5500.JPG,Tomato___Tomato_Yellow_Leaf_Curl_Virus,Tomato___Tomato_Yellow_Leaf_Curl_Virus,0.9999875,True
/clearml_agent_cache/storage_manager/datasets/ds_687ee9f1c8dd4af98240e55e4b18258a/test/Tomato___Tomato_Yellow_Leaf_Curl_Virus/f8c27546-86a9-46ac-ab93-51863759218e___YLCV_NREC_2049.JPG,Tomato___Tomato_Yellow_Leaf_Curl_Virus,Tomato___Tomato_Yellow_Leaf_Curl_Virus,0.9999974,True
/clearml_agent_cache/storage_manager/datasets/ds_687ee9f1c8dd4af98240e55e4b18258a/test/Tomato___Tomato_Yellow_Leaf_Curl_Virus/fb3f870b-9d10-49c0-98ba-8e5c5d318ed7___YLCV_GCREC_1908.JPG,Tomato___Tomato_Yellow_Leaf_Curl_Virus,Tomato___Tomato_Yellow_Leaf_Curl_Virus,0.9999721,True
/clearml_agent_cache/storage_manager/datasets/ds_687ee9f1c8dd4af98240e55e4b18258a/test/Tomato___Tomato_Yellow_Leaf_Curl_Virus/fc9299a0-e90c-4ec2-aa08-42dbee742d1b___UF.GRC_YLCV_Lab_03051.JPG,Tomato___Tomato_Yellow_Leaf_Curl_Virus,Tomato___Tomato_Yellow_Leaf_Curl_Virus,0.99999475,True
/clearml_agent_cache/storage_manager/datasets/ds_687ee9f1c8dd4af98240e55e4b18258a/test/Tomato___Tomato_Yellow_Leaf_Curl_Virus/fca5e8cf-1dd1-45c5-aa33-27b303528cd4___UF.GRC_YLCV_Lab_02229.JPG,Tomato___Tomato_Yellow_Leaf_Curl_Virus,Tomato___Tomato_Yellow_Leaf_Curl_Virus,0.9999341,True
/clearml_agent_cache/storage_manager/datasets/ds_687ee9f1c8dd4af98240e55e4b18258a/test/Tomato___Tomato_Yellow_Leaf_Curl_Virus/fdae3f6a-a381-4a7d-b6d2-2d3462a7c36b___YLCV_GCREC_5451.JPG,Tomato___Tomato_Yellow_Leaf_Curl_Virus,Tomato___Tomato_Yellow_Leaf_Curl_Virus,0.9999957,True
/clearml_agent_cache/storage_manager/datasets/ds_687ee9f1c8dd4af98240e55e4b18258a/test/Tomato___Tomato_Yellow_Leaf_Curl_Virus/fdce3f3b-0eac-42d8-9e54-1b756e35386c___UF.GRC_YLCV_Lab_02936.JPG,Tomato___Tomato_Yellow_Leaf_Curl_Virus,Tomato___Tomato_Yellow_Leaf_Curl_Virus,0.9998752,True
/clearml_agent_cache/storage_manager/datasets/ds_687ee9f1c8dd4af98240e55e4b18258a/test/Tomato___Tomato_Yellow_Leaf_Curl_Virus/fde59a55-1ee4-44d3-936f-c8f2cdb70f6a___UF.GRC_YLCV_Lab_02647.JPG,Tomato___Tomato_Yellow_Leaf_Curl_Virus,Tomato___Tomato_Yellow_Leaf_Curl_Virus,0.9999678,True
/clearml_agent_cache/storage_manager/datasets/ds_687ee9f1c8dd4af98240e55e4b18258a/test/Tomato___Tomato_Yellow_Leaf_Curl_Virus/fe25711d-1d9d-47d0-a24c-5ea4951312a3___YLCV_GCREC_5136.JPG,Tomato___Tomato_Yellow_Leaf_Curl_Virus,Tomato___Tomato_Yellow_Leaf_Curl_Virus,0.9999708,True
/clearml_agent_cache/storage_manager/datasets/ds_687ee9f1c8dd4af98240e55e4b18258a/test/Tomato___Tomato_Yellow_Leaf_Curl_Virus/fe416f0e-d3f7-440d-a01f-9a076cfa0656___YLCV_GCREC_1931.JPG,Tomato___Tomato_Yellow_Leaf_Curl_Virus,Tomato___Tomato_Yellow_Leaf_Curl_Virus,0.99999547,True
/clearml_agent_cache/storage_manager/datasets/ds_687ee9f1c8dd4af98240e55e4b18258a/test/Tomato___Tomato_mosaic_virus/08e45674-8d1e-4c3c-804a-663d9fef1ead___PSU_CG_2249.JPG,Tomato___Tomato_mosaic_virus,Tomato___Tomato_mosaic_virus,0.9999995,True
/clearml_agent_cache/storage_manager/datasets/ds_687ee9f1c8dd4af98240e55e4b18258a/test/Tomato___Tomato_mosaic_virus/119554ae-c777-46da-abb7-591404fdc65f___PSU_CG_2393.JPG,Tomato___Tomato_mosaic_virus,Tomato___Tomato_mosaic_virus,0.9940432,True
/clearml_agent_cache/storage_manager/datasets/ds_687ee9f1c8dd4af98240e55e4b18258a/test/Tomato___Tomato_mosaic_virus/2df35be7-ba8c-4ff6-a608-f7c481c59ede___PSU_CG_2202.JPG,Tomato___Tomato_mosaic_virus,Tomato___Tomato_mosaic_virus,0.99999785,True
/clearml_agent_cache/storage_manager/datasets/ds_687ee9f1c8dd4af98240e55e4b18258a/test/Tomato___Tomato_mosaic_virus/32a6609d-e858-4da0-a153-b59b4de976b7___PSU_CG_2061.JPG,Tomato___Tomato_mosaic_virus,Tomato___Tomato_mosaic_virus,0.99999666,True
/clearml_agent_cache/storage_manager/datasets/ds_687ee9f1c8dd4af98240e55e4b18258a/test/Tomato___Tomato_mosaic_virus/4139ab06-a33a-448d-819a-3b6da9784a2d___PSU_CG_2049.JPG,Tomato___Tomato_mosaic_virus,Tomato___Tomato_mosaic_virus,0.99995255,True
/clearml_agent_cache/storage_manager/datasets/ds_687ee9f1c8dd4af98240e55e4b18258a/test/Tomato___Tomato_mosaic_virus/62416312-84be-45de-98ad-4df14365e38e___PSU_CG_2058.JPG,Tomato___Tomato_mosaic_virus,Tomato___Tomato_mosaic_virus,0.9999957,True
/clearml_agent_cache/storage_manager/datasets/ds_687ee9f1c8dd4af98240e55e4b18258a/test/Tomato___Tomato_mosaic_virus/6804695f-56f8-4ff9-90f8-69ee95097463___PSU_CG_2067.JPG,Tomato___Tomato_mosaic_virus,Tomato___Tomato_mosaic_virus,0.99999845,True
/clearml_agent_cache/storage_manager/datasets/ds_687ee9f1c8dd4af98240e55e4b18258a/test/Tomato___Tomato_mosaic_virus/6881c9a5-04b2-41c3-b29f-1ca04bd73967___PSU_CG_2390.JPG,Tomato___Tomato_mosaic_virus,Tomato___Tomato_mosaic_virus,0.9876747,True
/clearml_agent_cache/storage_manager/datasets/ds_687ee9f1c8dd4af98240e55e4b18258a/test/Tomato___Tomato_mosaic_virus/6e8fac68-5902-4a78-a5c1-05c1c9dd006f___PSU_CG_2343.JPG,Tomato___Tomato_mosaic_virus,Tomato___Tomato_mosaic_virus,0.99999523,True
/clearml_agent_cache/storage_manager/datasets/ds_687ee9f1c8dd4af98240e55e4b18258a/test/Tomato___Tomato_mosaic_virus/7c9939ff-c133-460f-a883-26ecb38aa594___PSU_CG_2340.JPG,Tomato___Tomato_mosaic_virus,Tomato___Tomato_mosaic_virus,0.99999547,True
/clearml_agent_cache/storage_manager/datasets/ds_687ee9f1c8dd4af98240e55e4b18258a/test/Tomato___Tomato_mosaic_virus/7e30ae4f-05e2-4806-ad63-c86fb601d445___PSU_CG_2412.JPG,Tomato___Tomato_mosaic_virus,Tomato___Tomato_mosaic_virus,0.99545336,True
/clearml_agent_cache/storage_manager/datasets/ds_687ee9f1c8dd4af98240e55e4b18258a/test/Tomato___Tomato_mosaic_virus/b455e70e-1ff9-4081-a0bb-6d16c88402e3___PSU_CG_2105.JPG,Tomato___Tomato_mosaic_virus,Tomato___Tomato_mosaic_virus,0.99999976,True
/clearml_agent_cache/storage_manager/datasets/ds_687ee9f1c8dd4af98240e55e4b18258a/test/Tomato___Tomato_mosaic_virus/b637932e-ac61-448a-b0d6-cabd8b444d27___PSU_CG_2407.JPG,Tomato___Tomato_mosaic_virus,Tomato___Tomato_mosaic_virus,0.9998179,True
/clearml_agent_cache/storage_manager/datasets/ds_687ee9f1c8dd4af98240e55e4b18258a/test/Tomato___Tomato_mosaic_virus/e98b0937-0e74-4bc9-bfa5-9018ce0498d2___PSU_CG_2298.JPG,Tomato___Tomato_mosaic_virus,Tomato___Tomato_mosaic_virus,0.99998975,True
/clearml_agent_cache/storage_manager/datasets/ds_687ee9f1c8dd4af98240e55e4b18258a/test/Tomato___Tomato_mosaic_virus/f16eeb0f-5219-4a81-9941-351b3d9ba5fc___PSU_CG_2089.JPG,Tomato___Tomato_mosaic_virus,Tomato___Tomato_mosaic_virus,0.9999964,True
/clearml_agent_cache/storage_manager/datasets/ds_687ee9f1c8dd4af98240e55e4b18258a/test/Tomato___healthy/0326b4b6-0f25-47af-bfd9-d8fec314a4f5___RS_HL_0621.JPG,Tomato___healthy,Tomato___healthy,0.99999917,True
/clearml_agent_cache/storage_manager/datasets/ds_687ee9f1c8dd4af98240e55e4b18258a/test/Tomato___healthy/0b5cfce2-38fd-4984-8926-2d2911c48490___RS_HL_9733.JPG,Tomato___healthy,Tomato___healthy,0.9999937,True
/clearml_agent_cache/storage_manager/datasets/ds_687ee9f1c8dd4af98240e55e4b18258a/test/Tomato___healthy/0caff918-5807-40f2-b9e4-7dd34a7bab5d___RS_HL_0345.JPG,Tomato___healthy,Tomato___healthy,0.9999957,True
/clearml_agent_cache/storage_manager/datasets/ds_687ee9f1c8dd4af98240e55e4b18258a/test/Tomato___healthy/0d2bcda8-8dae-408e-8919-21dfa6cc9eea___RS_HL_0335.JPG,Tomato___healthy,Tomato___healthy,0.99999225,True
/clearml_agent_cache/storage_manager/datasets/ds_687ee9f1c8dd4af98240e55e4b18258a/test/Tomato___healthy/14c040c1-d57c-43b7-9cda-74dff9e6a552___RS_HL_0241.JPG,Tomato___healthy,Tomato___healthy,0.99999213,True
/clearml_agent_cache/storage_manager/datasets/ds_687ee9f1c8dd4af98240e55e4b18258a/test/Tomato___healthy/15cae3c8-6843-49d1-8da6-33bd014f05ce___GH_HL_Leaf_169.JPG,Tomato___healthy,Tomato___healthy,0.9999964,True
/clearml_agent_cache/storage_manager/datasets/ds_687ee9f1c8dd4af98240e55e4b18258a/test/Tomato___healthy/1c092a12-ed60-42c8-86b4-0427db78a5d3___RS_HL_0076.JPG,Tomato___healthy,Tomato___healthy,0.99999917,True
/clearml_agent_cache/storage_manager/datasets/ds_687ee9f1c8dd4af98240e55e4b18258a/test/Tomato___healthy/20d823a4-0be3-4b8a-acdc-6efd1236e7f0___GH_HL_Leaf_254.2.JPG,Tomato___healthy,Tomato___healthy,0.9999932,True
/clearml_agent_cache/storage_manager/datasets/ds_687ee9f1c8dd4af98240e55e4b18258a/test/Tomato___healthy/225003c5-d8a1-48ce-b315-42df4b99c51a___RS_HL_0464.JPG,Tomato___healthy,Tomato___healthy,0.9999865,True
/clearml_agent_cache/storage_manager/datasets/ds_687ee9f1c8dd4af98240e55e4b18258a/test/Tomato___healthy/24fe1921-3196-4125-8f96-d68edef32487___RS_HL_0109.JPG,Tomato___healthy,Tomato___healthy,0.9999974,True
/clearml_agent_cache/storage_manager/datasets/ds_687ee9f1c8dd4af98240e55e4b18258a/test/Tomato___healthy/2a99d5af-218f-4332-a8ce-505301abdbfe___RS_HL_9693.JPG,Tomato___healthy,Tomato___healthy,0.99999976,True
/clearml_agent_cache/storage_manager/datasets/ds_687ee9f1c8dd4af98240e55e4b18258a/test/Tomato___healthy/2b815107-e4d1-4f97-b8eb-72a06b2198f3___RS_HL_0399.JPG,Tomato___healthy,Tomato___healthy,0.99999666,True
/clearml_agent_cache/storage_manager/datasets/ds_687ee9f1c8dd4af98240e55e4b18258a/test/Tomato___healthy/2e485f1d-5aa5-4d56-8733-9625ed4d000c___GH_HL_Leaf_344.JPG,Tomato___healthy,Tomato___healthy,0.9999012,True
/clearml_agent_cache/storage_manager/datasets/ds_687ee9f1c8dd4af98240e55e4b18258a/test/Tomato___healthy/39b1d9c6-7a13-426f-9154-563e6a8d0438___RS_HL_0563.JPG,Tomato___healthy,Tomato___healthy,0.9999889,True
/clearml_agent_cache/storage_manager/datasets/ds_687ee9f1c8dd4af98240e55e4b18258a/test/Tomato___healthy/3ad1409d-5f43-469d-ab2a-fdffbd064f69___RS_HL_9931.JPG,Tomato___healthy,Tomato___healthy,0.99999905,True
/clearml_agent_cache/storage_manager/datasets/ds_687ee9f1c8dd4af98240e55e4b18258a/test/Tomato___healthy/3e4f86b3-55d1-4efc-bd8a-f13af318b181___GH_HL_Leaf_492.JPG,Tomato___healthy,Tomato___healthy,0.99966025,True
/clearml_agent_cache/storage_manager/datasets/ds_687ee9f1c8dd4af98240e55e4b18258a/test/Tomato___healthy/3e98f24b-4c2e-4b4d-916f-fe48430cd94b___RS_HL_0129.JPG,Tomato___healthy,Tomato___healthy,0.9999956,True
/clearml_agent_cache/storage_manager/datasets/ds_687ee9f1c8dd4af98240e55e4b18258a/test/Tomato___healthy/3eaf72d6-be20-4929-b6dc-58f6c9edf2bd___RS_HL_0031.JPG,Tomato___healthy,Tomato___healthy,0.9999956,True
/clearml_agent_cache/storage_manager/datasets/ds_687ee9f1c8dd4af98240e55e4b18258a/test/Tomato___healthy/47a87555-1411-43a3-85d2-5fb241ec089d___GH_HL_Leaf_177.2.JPG,Tomato___healthy,Tomato___healthy,0.9999982,True
/clearml_agent_cache/storage_manager/datasets/ds_687ee9f1c8dd4af98240e55e4b18258a/test/Tomato___healthy/47b93075-4991-4f6a-8510-5fe75a73567f___RS_HL_9719.JPG,Tomato___healthy,Tomato___healthy,0.9999993,True
/clearml_agent_cache/storage_manager/datasets/ds_687ee9f1c8dd4af98240e55e4b18258a/test/Tomato___healthy/51fda747-5f6a-4870-a874-2a53f706c015___GH_HL_Leaf_220.1.JPG,Tomato___healthy,Tomato___healthy,0.99998415,True
/clearml_agent_cache/storage_manager/datasets/ds_687ee9f1c8dd4af98240e55e4b18258a/test/Tomato___healthy/530faba8-67fa-45bc-8aad-353f879b224c___GH_HL_Leaf_462.JPG,Tomato___healthy,Tomato___healthy,0.99995875,True
/clearml_agent_cache/storage_manager/datasets/ds_687ee9f1c8dd4af98240e55e4b18258a/test/Tomato___healthy/532a6e3c-5dd5-4adf-9bc0-c13551dae536___GH_HL_Leaf_354.JPG,Tomato___healthy,Tomato___healthy,0.9999771,True
/clearml_agent_cache/storage_manager/datasets/ds_687ee9f1c8dd4af98240e55e4b18258a/test/Tomato___healthy/568ae2e1-f63e-40f1-ac27-dac9fea86277___GH_HL_Leaf_246.1.JPG,Tomato___healthy,Tomato___healthy,0.9999629,True
/clearml_agent_cache/storage_manager/datasets/ds_687ee9f1c8dd4af98240e55e4b18258a/test/Tomato___healthy/574dab67-daab-46c8-918f-beb10b427cd5___RS_HL_9974.JPG,Tomato___healthy,Tomato___healthy,0.99999917,True
/clearml_agent_cache/storage_manager/datasets/ds_687ee9f1c8dd4af98240e55e4b18258a/test/Tomato___healthy/68955a6d-9454-49ba-8924-a5ed69dcd820___GH_HL_Leaf_276.JPG,Tomato___healthy,Tomato___healthy,0.999995,True
/clearml_agent_cache/storage_manager/datasets/ds_687ee9f1c8dd4af98240e55e4b18258a/test/Tomato___healthy/6a74d0a9-4a5e-4dc2-9e14-aeade8b0c3b2___GH_HL_Leaf_400.1.JPG,Tomato___healthy,Tomato___healthy,0.9999876,True
/clearml_agent_cache/storage_manager/datasets/ds_687ee9f1c8dd4af98240e55e4b18258a/test/Tomato___healthy/6a9836cb-f987-4ccf-8841-f227989ff5ec___RS_HL_0045.JPG,Tomato___healthy,Tomato___healthy,1.0,True
/clearml_agent_cache/storage_manager/datasets/ds_687ee9f1c8dd4af98240e55e4b18258a/test/Tomato___healthy/6cabb19a-2a35-4897-a646-a13e3cf494c6___RS_HL_0591.JPG,Tomato___healthy,Tomato___healthy,0.99999833,True
/clearml_agent_cache/storage_manager/datasets/ds_687ee9f1c8dd4af98240e55e4b18258a/test/Tomato___healthy/787fe2db-da4f-4655-bbb7-6fd8025feffe___RS_HL_9795.JPG,Tomato___healthy,Tomato___healthy,0.99999845,True
/clearml_agent_cache/storage_manager/datasets/ds_687ee9f1c8dd4af98240e55e4b18258a/test/Tomato___healthy/79debbff-9c0f-4a5c-a4c7-4b2bc97406dc___RS_HL_0244.JPG,Tomato___healthy,Tomato___healthy,0.9999958,True
/clearml_agent_cache/storage_manager/datasets/ds_687ee9f1c8dd4af98240e55e4b18258a/test/Tomato___healthy/80c566ba-6754-4abb-a61e-986b92cfc4fd___RS_HL_0436.JPG,Tomato___healthy,Tomato___healthy,0.99999166,True
/clearml_agent_cache/storage_manager/datasets/ds_687ee9f1c8dd4af98240e55e4b18258a/test/Tomato___healthy/85656232-738b-4a83-ab54-cfa6ecff99f1___RS_HL_0477.JPG,Tomato___healthy,Tomato___healthy,0.99999666,True
/clearml_agent_cache/storage_manager/datasets/ds_687ee9f1c8dd4af98240e55e4b18258a/test/Tomato___healthy/876e3a03-14fb-4a13-888b-02b2d9fa8e86___RS_HL_0313.JPG,Tomato___healthy,Tomato___healthy,0.9999654,True
/clearml_agent_cache/storage_manager/datasets/ds_687ee9f1c8dd4af98240e55e4b18258a/test/Tomato___healthy/8a4cf703-385a-4c50-9ce2-a751ae6334e1___RS_HL_9963.JPG,Tomato___healthy,Tomato___healthy,0.9999994,True
/clearml_agent_cache/storage_manager/datasets/ds_687ee9f1c8dd4af98240e55e4b18258a/test/Tomato___healthy/8a5ed87d-5122-4aaf-8e39-9a3433c5f76c___RS_HL_0524.JPG,Tomato___healthy,Tomato___healthy,0.99999964,True
/clearml_agent_cache/storage_manager/datasets/ds_687ee9f1c8dd4af98240e55e4b18258a/test/Tomato___healthy/91a223de-d549-43cd-8ffe-81b650b28edd___RS_HL_0028.JPG,Tomato___healthy,Tomato___healthy,0.9999908,True
/clearml_agent_cache/storage_manager/datasets/ds_687ee9f1c8dd4af98240e55e4b18258a/test/Tomato___healthy/92c06519-cec4-4091-9ae1-5ea8b56c89cd___GH_HL_Leaf_525.JPG,Tomato___healthy,Tomato___healthy,0.9988293,True
/clearml_agent_cache/storage_manager/datasets/ds_687ee9f1c8dd4af98240e55e4b18258a/test/Tomato___healthy/95973ed9-f9a8-4c71-b232-432f61020fe3___GH_HL_Leaf_412.JPG,Tomato___healthy,Tomato___healthy,0.9997993,True
/clearml_agent_cache/storage_manager/datasets/ds_687ee9f1c8dd4af98240e55e4b18258a/test/Tomato___healthy/a05f8f2d-6ac6-45d8-b7ad-394bbda892fc___RS_HL_0613.JPG,Tomato___healthy,Tomato___healthy,0.9999995,True
/clearml_agent_cache/storage_manager/datasets/ds_687ee9f1c8dd4af98240e55e4b18258a/test/Tomato___healthy/a882bb71-3c0f-4778-94db-9a228cfe619a___RS_HL_0095.JPG,Tomato___healthy,Tomato___healthy,0.99999905,True
/clearml_agent_cache/storage_manager/datasets/ds_687ee9f1c8dd4af98240e55e4b18258a/test/Tomato___healthy/ab19440f-0642-4dd8-820f-2f67d5abee98___RS_HL_0172.JPG,Tomato___healthy,Tomato___healthy,0.999998,True
/clearml_agent_cache/storage_manager/datasets/ds_687ee9f1c8dd4af98240e55e4b18258a/test/Tomato___healthy/acdf2283-0e7c-4ccd-8817-1019e3a8ed20___RS_HL_9943.JPG,Tomato___healthy,Tomato___healthy,0.9999989,True
/clearml_agent_cache/storage_manager/datasets/ds_687ee9f1c8dd4af98240e55e4b18258a/test/Tomato___healthy/af83b40a-8cac-4467-a44b-1a129b25e4fc___GH_HL_Leaf_362.1.JPG,Tomato___healthy,Tomato___healthy,0.99999607,True
/clearml_agent_cache/storage_manager/datasets/ds_687ee9f1c8dd4af98240e55e4b18258a/test/Tomato___healthy/b5453c78-26b4-40ef-a460-c878eb82fcea___RS_HL_9968.JPG,Tomato___healthy,Tomato___healthy,0.9999974,True
/clearml_agent_cache/storage_manager/datasets/ds_687ee9f1c8dd4af98240e55e4b18258a/test/Tomato___healthy/b5ff3a01-04bd-47d0-99c5-cb90ec1f9916___RS_HL_9804.JPG,Tomato___healthy,Tomato___healthy,0.99999917,True
/clearml_agent_cache/storage_manager/datasets/ds_687ee9f1c8dd4af98240e55e4b18258a/test/Tomato___healthy/b995ac55-e42d-4fb6-9b91-310a4d046c21___RS_HL_9668.JPG,Tomato___healthy,Tomato___healthy,0.9999974,True
/clearml_agent_cache/storage_manager/datasets/ds_687ee9f1c8dd4af98240e55e4b18258a/test/Tomato___healthy/c40b106b-14bf-4af2-88b5-51182169d548___RS_HL_0298.JPG,Tomato___healthy,Tomato___healthy,0.9999796,True
/clearml_agent_cache/storage_manager/datasets/ds_687ee9f1c8dd4af98240e55e4b18258a/test/Tomato___healthy/c52fd532-f7ee-43cc-a286-4ac512d4f5ca___GH_HL_Leaf_282.JPG,Tomato___healthy,Tomato___healthy,0.9999094,True
/clearml_agent_cache/storage_manager/datasets/ds_687ee9f1c8dd4af98240e55e4b18258a/test/Tomato___healthy/cdfe9df9-c3de-4660-8543-13911f281e47___RS_HL_0496.JPG,Tomato___healthy,Tomato___healthy,0.9999988,True
/clearml_agent_cache/storage_manager/datasets/ds_687ee9f1c8dd4af98240e55e4b18258a/test/Tomato___healthy/cf4431f9-8b69-46dd-80fb-732f1a652027___RS_HL_0510.JPG,Tomato___healthy,Tomato___healthy,0.99999833,True
/clearml_agent_cache/storage_manager/datasets/ds_687ee9f1c8dd4af98240e55e4b18258a/test/Tomato___healthy/d6e75b4e-377f-4d9a-b2a5-d0fcd5ec32b8___RS_HL_0177.JPG,Tomato___healthy,Tomato___healthy,0.99998236,True
/clearml_agent_cache/storage_manager/datasets/ds_687ee9f1c8dd4af98240e55e4b18258a/test/Tomato___healthy/e2085395-2d3c-4698-ad7f-da9fdc73c4d1___GH_HL_Leaf_254.JPG,Tomato___healthy,Tomato___healthy,0.9999926,True
/clearml_agent_cache/storage_manager/datasets/ds_687ee9f1c8dd4af98240e55e4b18258a/test/Tomato___healthy/e25bc3a8-dd00-4c02-9f4e-81e6cf682729___RS_HL_0101.JPG,Tomato___healthy,Tomato___healthy,0.9999995,True
/clearml_agent_cache/storage_manager/datasets/ds_687ee9f1c8dd4af98240e55e4b18258a/test/Tomato___healthy/e33cde2d-5103-48aa-bb82-490aa779312c___GH_HL_Leaf_515.2.JPG,Tomato___healthy,Tomato___healthy,0.9997329,True
/clearml_agent_cache/storage_manager/datasets/ds_687ee9f1c8dd4af98240e55e4b18258a/test/Tomato___healthy/e5e65db7-de7e-4dc7-a480-9bd7092ccf69___RS_HL_0222.JPG,Tomato___healthy,Tomato___healthy,1.0,True
/clearml_agent_cache/storage_manager/datasets/ds_687ee9f1c8dd4af98240e55e4b18258a/test/Tomato___healthy/e6782c6b-bf00-492d-a30e-966fd641b823___RS_HL_9939.JPG,Tomato___healthy,Tomato___healthy,0.9999968,True
/clearml_agent_cache/storage_manager/datasets/ds_687ee9f1c8dd4af98240e55e4b18258a/test/Tomato___healthy/e9392a5e-2fac-48c5-a23d-df3aa3f61048___GH_HL_Leaf_217.JPG,Tomato___healthy,Tomato___healthy,0.9999919,True
/clearml_agent_cache/storage_manager/datasets/ds_687ee9f1c8dd4af98240e55e4b18258a/test/Tomato___healthy/eb2c25bd-b896-45f1-b3a2-7ca6b78c219d___GH_HL_Leaf_351.JPG,Tomato___healthy,Tomato___healthy,0.99999666,True
/clearml_agent_cache/storage_manager/datasets/ds_687ee9f1c8dd4af98240e55e4b18258a/test/Tomato___healthy/f2f5162b-7cc7-4315-8692-d1eaab98c554___GH_HL_Leaf_507.2.JPG,Tomato___healthy,Tomato___healthy,0.9999963,True
/clearml_agent_cache/storage_manager/datasets/ds_687ee9f1c8dd4af98240e55e4b18258a/test/Tomato___healthy/fad6841f-6194-4cf4-8101-b42206bd476c___RS_HL_0411.JPG,Tomato___healthy,Tomato___healthy,0.9999852,True
/clearml_agent_cache/storage_manager/datasets/ds_687ee9f1c8dd4af98240e55e4b18258a/test/Tomato___healthy/fb4ce6df-613b-4d52-8e11-28dfa448a5e1___GH_HL_Leaf_483.JPG,Tomato___healthy,Tomato___healthy,0.99997413,True
/clearml_agent_cache/storage_manager/datasets/ds_687ee9f1c8dd4af98240e55e4b18258a/test/Tomato___healthy/fd061d12-644d-4ac5-a0b5-2e88469e506b___GH_HL_Leaf_414.JPG,Tomato___healthy,Tomato___healthy,0.9999895,True
/clearml_agent_cache/storage_manager/datasets/ds_687ee9f1c8dd4af98240e55e4b18258a/test/Tomato___healthy/fe0b76dc-4263-4cda-8840-310ebe72a432___GH_HL_Leaf_490.JPG,Tomato___healthy,Tomato___healthy,0.99989855,True
