model,corruption,severity,class,f1
linear_probe_s42,none,0,Apple___Apple_scab,1.0
linear_probe_s42,none,0,Apple___Black_rot,1.0
linear_probe_s42,none,0,Apple___Cedar_apple_rust,1.0
linear_probe_s42,none,0,Apple___healthy,1.0
linear_probe_s42,none,0,Blueberry___healthy,1.0
linear_probe_s42,none,0,Cherry_(including_sour)___Powdery_mildew,1.0
linear_probe_s42,none,0,Cherry_(including_sour)___healthy,1.0
linear_probe_s42,none,0,Corn_(maize)___Cercospora_leaf_spot_Gray_leaf_spot,0.9
linear_probe_s42,none,0,Corn_(maize)___Common_rust_,0.9896907216494846
linear_probe_s42,none,0,Corn_(maize)___Northern_Leaf_Blight,0.961038961038961
linear_probe_s42,none,0,Corn_(maize)___healthy,1.0
linear_probe_s42,none,0,Grape___Black_rot,0.9591836734693877
linear_probe_s42,none,0,Grape___Esca_(Black_Measles),0.9719626168224299
linear_probe_s42,none,0,Grape___Leaf_blight_(Isariopsis_Leaf_Spot),1.0
linear_probe_s42,none,0,Grape___healthy,1.0
linear_probe_s42,none,0,Orange___Haunglongbing_(Citrus_greening),1.0
linear_probe_s42,none,0,Peach___Bacterial_spot,0.9891304347826086
linear_probe_s42,none,0,Peach___healthy,0.9629629629629629
linear_probe_s42,none,0,"Pepper,_bell___Bacterial_spot",1.0
linear_probe_s42,none,0,"Pepper,_bell___healthy",1.0
linear_probe_s42,none,0,Potato___Early_blight,1.0
linear_probe_s42,none,0,Potato___Late_blight,1.0
linear_probe_s42,none,0,Potato___healthy,0.9230769230769231
linear_probe_s42,none,0,Raspberry___healthy,1.0
linear_probe_s42,none,0,Soybean___healthy,0.9975429975429976
linear_probe_s42,none,0,Squash___Powdery_mildew,1.0
linear_probe_s42,none,0,Strawberry___Leaf_scorch,1.0
linear_probe_s42,none,0,Strawberry___healthy,1.0
linear_probe_s42,none,0,Tomato___Bacterial_spot,0.9761904761904762
linear_probe_s42,none,0,Tomato___Early_blight,0.9156626506024096
linear_probe_s42,none,0,Tomato___Late_blight,0.954248366013072
linear_probe_s42,none,0,Tomato___Leaf_Mold,0.9142857142857143
linear_probe_s42,none,0,Tomato___Septoria_leaf_spot,0.9640287769784173
linear_probe_s42,none,0,Tomato___Spider_mites_Two-spotted_spider_mite,0.948905109489051
linear_probe_s42,none,0,Tomato___Target_Spot,0.9557522123893806
linear_probe_s42,none,0,Tomato___Tomato_Yellow_Leaf_Curl_Virus,0.988399071925754
linear_probe_s42,none,0,Tomato___Tomato_mosaic_virus,1.0
linear_probe_s42,none,0,Tomato___healthy,0.984375
linear_probe_s0,none,0,Apple___Apple_scab,0.9795918367346939
linear_probe_s0,none,0,Apple___Black_rot,0.9795918367346939
linear_probe_s0,none,0,Apple___Cedar_apple_rust,0.9523809523809523
linear_probe_s0,none,0,Apple___healthy,0.9924812030075187
linear_probe_s0,none,0,Blueberry___healthy,1.0
linear_probe_s0,none,0,Cherry_(including_sour)___Powdery_mildew,1.0
linear_probe_s0,none,0,Cherry_(including_sour)___healthy,0.9855072463768116
linear_probe_s0,none,0,Corn_(maize)___Cercospora_leaf_spot_Gray_leaf_spot,0.8648648648648649
linear_probe_s0,none,0,Corn_(maize)___Common_rust_,0.9896907216494846
linear_probe_s0,none,0,Corn_(maize)___Northern_Leaf_Blight,0.95
linear_probe_s0,none,0,Corn_(maize)___healthy,1.0
linear_probe_s0,none,0,Grape___Black_rot,0.9690721649484536
linear_probe_s0,none,0,Grape___Esca_(Black_Measles),0.9908256880733946
linear_probe_s0,none,0,Grape___Leaf_blight_(Isariopsis_Leaf_Spot),1.0
linear_probe_s0,none,0,Grape___healthy,0.9696969696969697
linear_probe_s0,none,0,Orange___Haunglongbing_(Citrus_greening),0.9977324263038548
linear_probe_s0,none,0,Peach___Bacterial_spot,0.9732620320855615
linear_probe_s0,none,0,Peach___healthy,0.9230769230769231
linear_probe_s0,none,0,"Pepper,_bell___Bacterial_spot",1.0
linear_probe_s0,none,0,"Pepper,_bell___healthy",1.0
linear_probe_s0,none,0,Potato___Early_blight,1.0
linear_probe_s0,none,0,Potato___Late_blight,1.0
linear_probe_s0,none,0,Potato___healthy,1.0
linear_probe_s0,none,0,Raspberry___healthy,1.0
linear_probe_s0,none,0,Soybean___healthy,0.9975429975429976
linear_probe_s0,none,0,Squash___Powdery_mildew,1.0
linear_probe_s0,none,0,Strawberry___Leaf_scorch,1.0
linear_probe_s0,none,0,Strawberry___healthy,1.0
linear_probe_s0,none,0,Tomato___Bacterial_spot,0.9642857142857143
linear_probe_s0,none,0,Tomato___Early_blight,0.926829268292683
linear_probe_s0,none,0,Tomato___Late_blight,0.948051948051948
linear_probe_s0,none,0,Tomato___Leaf_Mold,0.958904109589041
linear_probe_s0,none,0,Tomato___Septoria_leaf_spot,0.951048951048951
linear_probe_s0,none,0,Tomato___Spider_mites_Two-spotted_spider_mite,0.9629629629629629
linear_probe_s0,none,0,Tomato___Target_Spot,0.9357798165137615
linear_probe_s0,none,0,Tomato___Tomato_Yellow_Leaf_Curl_Virus,0.9883449883449883
linear_probe_s0,none,0,Tomato___Tomato_mosaic_virus,0.9655172413793104
linear_probe_s0,none,0,Tomato___healthy,0.9922480620155039
linear_probe_s1,none,0,Apple___Apple_scab,1.0
linear_probe_s1,none,0,Apple___Black_rot,0.9795918367346939
linear_probe_s1,none,0,Apple___Cedar_apple_rust,1.0
linear_probe_s1,none,0,Apple___healthy,0.9924812030075187
linear_probe_s1,none,0,Blueberry___healthy,1.0
linear_probe_s1,none,0,Cherry_(including_sour)___Powdery_mildew,1.0
linear_probe_s1,none,0,Cherry_(including_sour)___healthy,0.9855072463768116
linear_probe_s1,none,0,Corn_(maize)___Cercospora_leaf_spot_Gray_leaf_spot,0.85
linear_probe_s1,none,0,Corn_(maize)___Common_rust_,1.0
linear_probe_s1,none,0,Corn_(maize)___Northern_Leaf_Blight,0.935064935064935
linear_probe_s1,none,0,Corn_(maize)___healthy,1.0
linear_probe_s1,none,0,Grape___Black_rot,0.9494949494949495
linear_probe_s1,none,0,Grape___Esca_(Black_Measles),0.9622641509433962
linear_probe_s1,none,0,Grape___Leaf_blight_(Isariopsis_Leaf_Spot),1.0
linear_probe_s1,none,0,Grape___healthy,1.0
linear_probe_s1,none,0,Orange___Haunglongbing_(Citrus_greening),1.0
linear_probe_s1,none,0,Peach___Bacterial_spot,0.989247311827957
linear_probe_s1,none,0,Peach___healthy,0.9629629629629629
linear_probe_s1,none,0,"Pepper,_bell___Bacterial_spot",0.9876543209876543
linear_probe_s1,none,0,"Pepper,_bell___healthy",1.0
linear_probe_s1,none,0,Potato___Early_blight,1.0
linear_probe_s1,none,0,Potato___Late_blight,0.9873417721518988
linear_probe_s1,none,0,Potato___healthy,1.0
linear_probe_s1,none,0,Raspberry___healthy,1.0
linear_probe_s1,none,0,Soybean___healthy,0.9975429975429976
linear_probe_s1,none,0,Squash___Powdery_mildew,1.0
linear_probe_s1,none,0,Strawberry___Leaf_scorch,1.0
linear_probe_s1,none,0,Strawberry___healthy,1.0
linear_probe_s1,none,0,Tomato___Bacterial_spot,0.9696969696969697
linear_probe_s1,none,0,Tomato___Early_blight,0.9069767441860465
linear_probe_s1,none,0,Tomato___Late_blight,0.9171974522292994
linear_probe_s1,none,0,Tomato___Leaf_Mold,0.9444444444444444
linear_probe_s1,none,0,Tomato___Septoria_leaf_spot,0.9565217391304348
linear_probe_s1,none,0,Tomato___Spider_mites_Two-spotted_spider_mite,0.948905109489051
linear_probe_s1,none,0,Tomato___Target_Spot,0.9090909090909091
linear_probe_s1,none,0,Tomato___Tomato_Yellow_Leaf_Curl_Virus,0.993006993006993
linear_probe_s1,none,0,Tomato___Tomato_mosaic_virus,1.0
linear_probe_s1,none,0,Tomato___healthy,0.9921259842519685
finetune_s42,none,0,Apple___Apple_scab,1.0
finetune_s42,none,0,Apple___Black_rot,1.0
finetune_s42,none,0,Apple___Cedar_apple_rust,1.0
finetune_s42,none,0,Apple___healthy,1.0
finetune_s42,none,0,Blueberry___healthy,1.0
finetune_s42,none,0,Cherry_(including_sour)___Powdery_mildew,1.0
finetune_s42,none,0,Cherry_(including_sour)___healthy,1.0
finetune_s42,none,0,Corn_(maize)___Cercospora_leaf_spot_Gray_leaf_spot,0.9473684210526315
finetune_s42,none,0,Corn_(maize)___Common_rust_,1.0
finetune_s42,none,0,Corn_(maize)___Northern_Leaf_Blight,0.975
finetune_s42,none,0,Corn_(maize)___healthy,1.0
finetune_s42,none,0,Grape___Black_rot,1.0
finetune_s42,none,0,Grape___Esca_(Black_Measles),1.0
finetune_s42,none,0,Grape___Leaf_blight_(Isariopsis_Leaf_Spot),1.0
finetune_s42,none,0,Grape___healthy,1.0
finetune_s42,none,0,Orange___Haunglongbing_(Citrus_greening),1.0
finetune_s42,none,0,Peach___Bacterial_spot,1.0
finetune_s42,none,0,Peach___healthy,1.0
finetune_s42,none,0,"Pepper,_bell___Bacterial_spot",1.0
finetune_s42,none,0,"Pepper,_bell___healthy",1.0
finetune_s42,none,0,Potato___Early_blight,1.0
finetune_s42,none,0,Potato___Late_blight,1.0
finetune_s42,none,0,Potato___healthy,1.0
finetune_s42,none,0,Raspberry___healthy,1.0
finetune_s42,none,0,Soybean___healthy,1.0
finetune_s42,none,0,Squash___Powdery_mildew,1.0
finetune_s42,none,0,Strawberry___Leaf_scorch,1.0
finetune_s42,none,0,Strawberry___healthy,1.0
finetune_s42,none,0,Tomato___Bacterial_spot,0.9940828402366864
finetune_s42,none,0,Tomato___Early_blight,1.0
finetune_s42,none,0,Tomato___Late_blight,0.9934640522875817
finetune_s42,none,0,Tomato___Leaf_Mold,1.0
finetune_s42,none,0,Tomato___Septoria_leaf_spot,1.0
finetune_s42,none,0,Tomato___Spider_mites_Two-spotted_spider_mite,1.0
finetune_s42,none,0,Tomato___Target_Spot,1.0
finetune_s42,none,0,Tomato___Tomato_Yellow_Leaf_Curl_Virus,1.0
finetune_s42,none,0,Tomato___Tomato_mosaic_virus,1.0
finetune_s42,none,0,Tomato___healthy,1.0
finetune_s0,none,0,Apple___Apple_scab,1.0
finetune_s0,none,0,Apple___Black_rot,1.0
finetune_s0,none,0,Apple___Cedar_apple_rust,1.0
finetune_s0,none,0,Apple___healthy,1.0
finetune_s0,none,0,Blueberry___healthy,1.0
finetune_s0,none,0,Cherry_(including_sour)___Powdery_mildew,1.0
finetune_s0,none,0,Cherry_(including_sour)___healthy,1.0
finetune_s0,none,0,Corn_(maize)___Cercospora_leaf_spot_Gray_leaf_spot,0.95
finetune_s0,none,0,Corn_(maize)___Common_rust_,1.0
finetune_s0,none,0,Corn_(maize)___Northern_Leaf_Blight,0.9743589743589743
finetune_s0,none,0,Corn_(maize)___healthy,1.0
finetune_s0,none,0,Grape___Black_rot,1.0
finetune_s0,none,0,Grape___Esca_(Black_Measles),1.0
finetune_s0,none,0,Grape___Leaf_blight_(Isariopsis_Leaf_Spot),1.0
finetune_s0,none,0,Grape___healthy,1.0
finetune_s0,none,0,Orange___Haunglongbing_(Citrus_greening),1.0
finetune_s0,none,0,Peach___Bacterial_spot,1.0
finetune_s0,none,0,Peach___healthy,1.0
finetune_s0,none,0,"Pepper,_bell___Bacterial_spot",1.0
finetune_s0,none,0,"Pepper,_bell___healthy",1.0
finetune_s0,none,0,Potato___Early_blight,1.0
finetune_s0,none,0,Potato___Late_blight,1.0
finetune_s0,none,0,Potato___healthy,1.0
finetune_s0,none,0,Raspberry___healthy,1.0
finetune_s0,none,0,Soybean___healthy,1.0
finetune_s0,none,0,Squash___Powdery_mildew,1.0
finetune_s0,none,0,Strawberry___Leaf_scorch,1.0
finetune_s0,none,0,Strawberry___healthy,1.0
finetune_s0,none,0,Tomato___Bacterial_spot,1.0
finetune_s0,none,0,Tomato___Early_blight,1.0
finetune_s0,none,0,Tomato___Late_blight,1.0
finetune_s0,none,0,Tomato___Leaf_Mold,1.0
finetune_s0,none,0,Tomato___Septoria_leaf_spot,1.0
finetune_s0,none,0,Tomato___Spider_mites_Two-spotted_spider_mite,1.0
finetune_s0,none,0,Tomato___Target_Spot,1.0
finetune_s0,none,0,Tomato___Tomato_Yellow_Leaf_Curl_Virus,1.0
finetune_s0,none,0,Tomato___Tomato_mosaic_virus,1.0
finetune_s0,none,0,Tomato___healthy,1.0
finetune_s1,none,0,Apple___Apple_scab,1.0
finetune_s1,none,0,Apple___Black_rot,1.0
finetune_s1,none,0,Apple___Cedar_apple_rust,1.0
finetune_s1,none,0,Apple___healthy,1.0
finetune_s1,none,0,Blueberry___healthy,1.0
finetune_s1,none,0,Cherry_(including_sour)___Powdery_mildew,1.0
finetune_s1,none,0,Cherry_(including_sour)___healthy,1.0
finetune_s1,none,0,Corn_(maize)___Cercospora_leaf_spot_Gray_leaf_spot,0.9743589743589743
finetune_s1,none,0,Corn_(maize)___Common_rust_,1.0
finetune_s1,none,0,Corn_(maize)___Northern_Leaf_Blight,0.9873417721518988
finetune_s1,none,0,Corn_(maize)___healthy,1.0
finetune_s1,none,0,Grape___Black_rot,1.0
finetune_s1,none,0,Grape___Esca_(Black_Measles),1.0
finetune_s1,none,0,Grape___Leaf_blight_(Isariopsis_Leaf_Spot),1.0
finetune_s1,none,0,Grape___healthy,1.0
finetune_s1,none,0,Orange___Haunglongbing_(Citrus_greening),1.0
finetune_s1,none,0,Peach___Bacterial_spot,1.0
finetune_s1,none,0,Peach___healthy,1.0
finetune_s1,none,0,"Pepper,_bell___Bacterial_spot",1.0
finetune_s1,none,0,"Pepper,_bell___healthy",1.0
finetune_s1,none,0,Potato___Early_blight,1.0
finetune_s1,none,0,Potato___Late_blight,1.0
finetune_s1,none,0,Potato___healthy,1.0
finetune_s1,none,0,Raspberry___healthy,1.0
finetune_s1,none,0,Soybean___healthy,1.0
finetune_s1,none,0,Squash___Powdery_mildew,1.0
finetune_s1,none,0,Strawberry___Leaf_scorch,1.0
finetune_s1,none,0,Strawberry___healthy,1.0
finetune_s1,none,0,Tomato___Bacterial_spot,0.9940828402366864
finetune_s1,none,0,Tomato___Early_blight,1.0
finetune_s1,none,0,Tomato___Late_blight,0.9868421052631579
finetune_s1,none,0,Tomato___Leaf_Mold,1.0
finetune_s1,none,0,Tomato___Septoria_leaf_spot,1.0
finetune_s1,none,0,Tomato___Spider_mites_Two-spotted_spider_mite,1.0
finetune_s1,none,0,Tomato___Target_Spot,1.0
finetune_s1,none,0,Tomato___Tomato_Yellow_Leaf_Curl_Virus,0.9976689976689976
finetune_s1,none,0,Tomato___Tomato_mosaic_virus,1.0
finetune_s1,none,0,Tomato___healthy,1.0
linear_probe_s42,motion_blur,1,Apple___Apple_scab,0.9795918367346939
linear_probe_s42,motion_blur,1,Apple___Black_rot,0.9583333333333334
linear_probe_s42,motion_blur,1,Apple___Cedar_apple_rust,1.0
linear_probe_s42,motion_blur,1,Apple___healthy,0.9354838709677419
linear_probe_s42,motion_blur,1,Blueberry___healthy,0.967741935483871
linear_probe_s42,motion_blur,1,Cherry_(including_sour)___Powdery_mildew,0.9523809523809523
linear_probe_s42,motion_blur,1,Cherry_(including_sour)___healthy,0.9444444444444444
linear_probe_s42,motion_blur,1,Corn_(maize)___Cercospora_leaf_spot_Gray_leaf_spot,0.8717948717948718
linear_probe_s42,motion_blur,1,Corn_(maize)___Common_rust_,1.0
linear_probe_s42,motion_blur,1,Corn_(maize)___Northern_Leaf_Blight,0.95
linear_probe_s42,motion_blur,1,Corn_(maize)___healthy,1.0
linear_probe_s42,motion_blur,1,Grape___Black_rot,0.896551724137931
linear_probe_s42,motion_blur,1,Grape___Esca_(Black_Measles),0.9649122807017544
linear_probe_s42,motion_blur,1,Grape___Leaf_blight_(Isariopsis_Leaf_Spot),0.9156626506024096
linear_probe_s42,motion_blur,1,Grape___healthy,1.0
linear_probe_s42,motion_blur,1,Orange___Haunglongbing_(Citrus_greening),0.9977220956719818
linear_probe_s42,motion_blur,1,Peach___Bacterial_spot,0.9112426035502958
linear_probe_s42,motion_blur,1,Peach___healthy,0.7027027027027027
linear_probe_s42,motion_blur,1,"Pepper,_bell___Bacterial_spot",0.9135802469135802
linear_probe_s42,motion_blur,1,"Pepper,_bell___healthy",0.9655172413793104
linear_probe_s42,motion_blur,1,Potato___Early_blight,0.9066666666666666
linear_probe_s42,motion_blur,1,Potato___Late_blight,0.8169014084507042
linear_probe_s42,motion_blur,1,Potato___healthy,0.9090909090909091
linear_probe_s42,motion_blur,1,Raspberry___healthy,0.9285714285714286
linear_probe_s42,motion_blur,1,Soybean___healthy,0.9759615384615384
linear_probe_s42,motion_blur,1,Squash___Powdery_mildew,0.9861111111111112
linear_probe_s42,motion_blur,1,Strawberry___Leaf_scorch,0.9767441860465116
linear_probe_s42,motion_blur,1,Strawberry___healthy,1.0
linear_probe_s42,motion_blur,1,Tomato___Bacterial_spot,0.8456375838926175
linear_probe_s42,motion_blur,1,Tomato___Early_blight,0.475
linear_probe_s42,motion_blur,1,Tomato___Late_blight,0.8205128205128205
linear_probe_s42,motion_blur,1,Tomato___Leaf_Mold,0.7160493827160493
linear_probe_s42,motion_blur,1,Tomato___Septoria_leaf_spot,0.7540983606557377
linear_probe_s42,motion_blur,1,Tomato___Spider_mites_Two-spotted_spider_mite,0.6095238095238096
linear_probe_s42,motion_blur,1,Tomato___Target_Spot,0.5066666666666667
linear_probe_s42,motion_blur,1,Tomato___Tomato_Yellow_Leaf_Curl_Virus,0.8898128898128899
linear_probe_s42,motion_blur,1,Tomato___Tomato_mosaic_virus,0.967741935483871
linear_probe_s42,motion_blur,1,Tomato___healthy,0.9256198347107438
linear_probe_s0,motion_blur,1,Apple___Apple_scab,0.9387755102040817
linear_probe_s0,motion_blur,1,Apple___Black_rot,0.9130434782608695
linear_probe_s0,motion_blur,1,Apple___Cedar_apple_rust,0.9523809523809523
linear_probe_s0,motion_blur,1,Apple___healthy,0.9180327868852459
linear_probe_s0,motion_blur,1,Blueberry___healthy,0.967741935483871
linear_probe_s0,motion_blur,1,Cherry_(including_sour)___Powdery_mildew,0.963855421686747
linear_probe_s0,motion_blur,1,Cherry_(including_sour)___healthy,0.9315068493150684
linear_probe_s0,motion_blur,1,Corn_(maize)___Cercospora_leaf_spot_Gray_leaf_spot,0.8
linear_probe_s0,motion_blur,1,Corn_(maize)___Common_rust_,1.0
linear_probe_s0,motion_blur,1,Corn_(maize)___Northern_Leaf_Blight,0.9
linear_probe_s0,motion_blur,1,Corn_(maize)___healthy,1.0
linear_probe_s0,motion_blur,1,Grape___Black_rot,0.9213483146067416
linear_probe_s0,motion_blur,1,Grape___Esca_(Black_Measles),0.9473684210526315
linear_probe_s0,motion_blur,1,Grape___Leaf_blight_(Isariopsis_Leaf_Spot),0.9523809523809523
linear_probe_s0,motion_blur,1,Grape___healthy,0.9696969696969697
linear_probe_s0,motion_blur,1,Orange___Haunglongbing_(Citrus_greening),0.9977220956719818
linear_probe_s0,motion_blur,1,Peach___Bacterial_spot,0.9565217391304348
linear_probe_s0,motion_blur,1,Peach___healthy,0.8387096774193549
linear_probe_s0,motion_blur,1,"Pepper,_bell___Bacterial_spot",0.9
linear_probe_s0,motion_blur,1,"Pepper,_bell___healthy",0.9739130434782609
linear_probe_s0,motion_blur,1,Potato___Early_blight,0.9210526315789473
linear_probe_s0,motion_blur,1,Potato___Late_blight,0.8717948717948718
linear_probe_s0,motion_blur,1,Potato___healthy,0.6666666666666666
linear_probe_s0,motion_blur,1,Raspberry___healthy,0.896551724137931
linear_probe_s0,motion_blur,1,Soybean___healthy,0.9643705463182898
linear_probe_s0,motion_blur,1,Squash___Powdery_mildew,1.0
linear_probe_s0,motion_blur,1,Strawberry___Leaf_scorch,0.9767441860465116
linear_probe_s0,motion_blur,1,Strawberry___healthy,0.9714285714285714
linear_probe_s0,motion_blur,1,Tomato___Bacterial_spot,0.8513513513513513
linear_probe_s0,motion_blur,1,Tomato___Early_blight,0.5735294117647058
linear_probe_s0,motion_blur,1,Tomato___Late_blight,0.8395061728395061
linear_probe_s0,motion_blur,1,Tomato___Leaf_Mold,0.7088607594936709
linear_probe_s0,motion_blur,1,Tomato___Septoria_leaf_spot,0.784
linear_probe_s0,motion_blur,1,Tomato___Spider_mites_Two-spotted_spider_mite,0.6785714285714286
linear_probe_s0,motion_blur,1,Tomato___Target_Spot,0.4864864864864865
linear_probe_s0,motion_blur,1,Tomato___Tomato_Yellow_Leaf_Curl_Virus,0.9122055674518201
linear_probe_s0,motion_blur,1,Tomato___Tomato_mosaic_virus,0.9090909090909091
linear_probe_s0,motion_blur,1,Tomato___healthy,0.9606299212598425
linear_probe_s1,motion_blur,1,Apple___Apple_scab,0.9361702127659575
linear_probe_s1,motion_blur,1,Apple___Black_rot,0.9583333333333334
linear_probe_s1,motion_blur,1,Apple___Cedar_apple_rust,1.0
linear_probe_s1,motion_blur,1,Apple___healthy,0.926829268292683
linear_probe_s1,motion_blur,1,Blueberry___healthy,0.96
linear_probe_s1,motion_blur,1,Cherry_(including_sour)___Powdery_mildew,0.9523809523809523
linear_probe_s1,motion_blur,1,Cherry_(including_sour)___healthy,0.9714285714285714
linear_probe_s1,motion_blur,1,Corn_(maize)___Cercospora_leaf_spot_Gray_leaf_spot,0.8292682926829268
linear_probe_s1,motion_blur,1,Corn_(maize)___Common_rust_,1.0
linear_probe_s1,motion_blur,1,Corn_(maize)___Northern_Leaf_Blight,0.9230769230769231
linear_probe_s1,motion_blur,1,Corn_(maize)___healthy,1.0
linear_probe_s1,motion_blur,1,Grape___Black_rot,0.9333333333333333
linear_probe_s1,motion_blur,1,Grape___Esca_(Black_Measles),0.9629629629629629
linear_probe_s1,motion_blur,1,Grape___Leaf_blight_(Isariopsis_Leaf_Spot),0.9512195121951219
linear_probe_s1,motion_blur,1,Grape___healthy,1.0
linear_probe_s1,motion_blur,1,Orange___Haunglongbing_(Citrus_greening),0.9977220956719818
linear_probe_s1,motion_blur,1,Peach___Bacterial_spot,0.9340659340659341
linear_probe_s1,motion_blur,1,Peach___healthy,0.75
linear_probe_s1,motion_blur,1,"Pepper,_bell___Bacterial_spot",0.9024390243902439
linear_probe_s1,motion_blur,1,"Pepper,_bell___healthy",0.9565217391304348
linear_probe_s1,motion_blur,1,Potato___Early_blight,0.9066666666666666
linear_probe_s1,motion_blur,1,Potato___Late_blight,0.8533333333333334
linear_probe_s1,motion_blur,1,Potato___healthy,0.9090909090909091
linear_probe_s1,motion_blur,1,Raspberry___healthy,1.0
linear_probe_s1,motion_blur,1,Soybean___healthy,0.9759615384615384
linear_probe_s1,motion_blur,1,Squash___Powdery_mildew,1.0
linear_probe_s1,motion_blur,1,Strawberry___Leaf_scorch,0.9887640449438202
linear_probe_s1,motion_blur,1,Strawberry___healthy,1.0
linear_probe_s1,motion_blur,1,Tomato___Bacterial_spot,0.8194444444444444
linear_probe_s1,motion_blur,1,Tomato___Early_blight,0.5234899328859061
linear_probe_s1,motion_blur,1,Tomato___Late_blight,0.8263473053892215
linear_probe_s1,motion_blur,1,Tomato___Leaf_Mold,0.7073170731707317
linear_probe_s1,motion_blur,1,Tomato___Septoria_leaf_spot,0.7627118644067796
linear_probe_s1,motion_blur,1,Tomato___Spider_mites_Two-spotted_spider_mite,0.6037735849056604
linear_probe_s1,motion_blur,1,Tomato___Target_Spot,0.34285714285714286
linear_probe_s1,motion_blur,1,Tomato___Tomato_Yellow_Leaf_Curl_Virus,0.8861283643892339
linear_probe_s1,motion_blur,1,Tomato___Tomato_mosaic_virus,0.875
linear_probe_s1,motion_blur,1,Tomato___healthy,0.9243697478991597
finetune_s42,motion_blur,1,Apple___Apple_scab,1.0
finetune_s42,motion_blur,1,Apple___Black_rot,1.0
finetune_s42,motion_blur,1,Apple___Cedar_apple_rust,1.0
finetune_s42,motion_blur,1,Apple___healthy,0.9777777777777777
finetune_s42,motion_blur,1,Blueberry___healthy,1.0
finetune_s42,motion_blur,1,Cherry_(including_sour)___Powdery_mildew,0.9882352941176471
finetune_s42,motion_blur,1,Cherry_(including_sour)___healthy,1.0
finetune_s42,motion_blur,1,Corn_(maize)___Cercospora_leaf_spot_Gray_leaf_spot,0.8888888888888888
finetune_s42,motion_blur,1,Corn_(maize)___Common_rust_,1.0
finetune_s42,motion_blur,1,Corn_(maize)___Northern_Leaf_Blight,0.9512195121951219
finetune_s42,motion_blur,1,Corn_(maize)___healthy,1.0
finetune_s42,motion_blur,1,Grape___Black_rot,1.0
finetune_s42,motion_blur,1,Grape___Esca_(Black_Measles),1.0
finetune_s42,motion_blur,1,Grape___Leaf_blight_(Isariopsis_Leaf_Spot),1.0
finetune_s42,motion_blur,1,Grape___healthy,0.9696969696969697
finetune_s42,motion_blur,1,Orange___Haunglongbing_(Citrus_greening),1.0
finetune_s42,motion_blur,1,Peach___Bacterial_spot,1.0
finetune_s42,motion_blur,1,Peach___healthy,0.9655172413793104
finetune_s42,motion_blur,1,"Pepper,_bell___Bacterial_spot",0.9876543209876543
finetune_s42,motion_blur,1,"Pepper,_bell___healthy",0.9914529914529915
finetune_s42,motion_blur,1,Potato___Early_blight,1.0
finetune_s42,motion_blur,1,Potato___Late_blight,0.9743589743589743
finetune_s42,motion_blur,1,Potato___healthy,1.0
finetune_s42,motion_blur,1,Raspberry___healthy,0.967741935483871
finetune_s42,motion_blur,1,Soybean___healthy,0.9975550122249389
finetune_s42,motion_blur,1,Squash___Powdery_mildew,0.993103448275862
finetune_s42,motion_blur,1,Strawberry___Leaf_scorch,1.0
finetune_s42,motion_blur,1,Strawberry___healthy,0.9090909090909091
finetune_s42,motion_blur,1,Tomato___Bacterial_spot,0.9375
finetune_s42,motion_blur,1,Tomato___Early_blight,0.8602150537634409
finetune_s42,motion_blur,1,Tomato___Late_blight,0.9459459459459459
finetune_s42,motion_blur,1,Tomato___Leaf_Mold,0.961038961038961
finetune_s42,motion_blur,1,Tomato___Septoria_leaf_spot,0.9558823529411765
finetune_s42,motion_blur,1,Tomato___Spider_mites_Two-spotted_spider_mite,0.9852941176470589
finetune_s42,motion_blur,1,Tomato___Target_Spot,0.9636363636363636
finetune_s42,motion_blur,1,Tomato___Tomato_Yellow_Leaf_Curl_Virus,0.9861751152073732
finetune_s42,motion_blur,1,Tomato___Tomato_mosaic_virus,0.967741935483871
finetune_s42,motion_blur,1,Tomato___healthy,0.9921259842519685
finetune_s0,motion_blur,1,Apple___Apple_scab,0.9795918367346939
finetune_s0,motion_blur,1,Apple___Black_rot,0.9803921568627451
finetune_s0,motion_blur,1,Apple___Cedar_apple_rust,1.0
finetune_s0,motion_blur,1,Apple___healthy,0.9923664122137404
finetune_s0,motion_blur,1,Blueberry___healthy,1.0
finetune_s0,motion_blur,1,Cherry_(including_sour)___Powdery_mildew,0.9882352941176471
finetune_s0,motion_blur,1,Cherry_(including_sour)___healthy,1.0
finetune_s0,motion_blur,1,Corn_(maize)___Cercospora_leaf_spot_Gray_leaf_spot,0.8947368421052632
finetune_s0,motion_blur,1,Corn_(maize)___Common_rust_,0.9894736842105263
finetune_s0,motion_blur,1,Corn_(maize)___Northern_Leaf_Blight,0.9382716049382716
finetune_s0,motion_blur,1,Corn_(maize)___healthy,1.0
finetune_s0,motion_blur,1,Grape___Black_rot,0.9894736842105263
finetune_s0,motion_blur,1,Grape___Esca_(Black_Measles),0.9908256880733946
finetune_s0,motion_blur,1,Grape___Leaf_blight_(Isariopsis_Leaf_Spot),0.963855421686747
finetune_s0,motion_blur,1,Grape___healthy,1.0
finetune_s0,motion_blur,1,Orange___Haunglongbing_(Citrus_greening),1.0
finetune_s0,motion_blur,1,Peach___Bacterial_spot,0.994535519125683
finetune_s0,motion_blur,1,Peach___healthy,1.0
finetune_s0,motion_blur,1,"Pepper,_bell___Bacterial_spot",1.0
finetune_s0,motion_blur,1,"Pepper,_bell___healthy",0.9655172413793104
finetune_s0,motion_blur,1,Potato___Early_blight,0.9873417721518988
finetune_s0,motion_blur,1,Potato___Late_blight,1.0
finetune_s0,motion_blur,1,Potato___healthy,0.9090909090909091
finetune_s0,motion_blur,1,Raspberry___healthy,0.967741935483871
finetune_s0,motion_blur,1,Soybean___healthy,0.9878934624697336
finetune_s0,motion_blur,1,Squash___Powdery_mildew,0.993103448275862
finetune_s0,motion_blur,1,Strawberry___Leaf_scorch,0.9777777777777777
finetune_s0,motion_blur,1,Strawberry___healthy,0.9714285714285714
finetune_s0,motion_blur,1,Tomato___Bacterial_spot,0.8888888888888888
finetune_s0,motion_blur,1,Tomato___Early_blight,0.8695652173913043
finetune_s0,motion_blur,1,Tomato___Late_blight,0.974025974025974
finetune_s0,motion_blur,1,Tomato___Leaf_Mold,0.961038961038961
finetune_s0,motion_blur,1,Tomato___Septoria_leaf_spot,0.9640287769784173
finetune_s0,motion_blur,1,Tomato___Spider_mites_Two-spotted_spider_mite,0.9848484848484849
finetune_s0,motion_blur,1,Tomato___Target_Spot,1.0
finetune_s0,motion_blur,1,Tomato___Tomato_Yellow_Leaf_Curl_Virus,0.9839080459770115
finetune_s0,motion_blur,1,Tomato___Tomato_mosaic_virus,0.9375
finetune_s0,motion_blur,1,Tomato___healthy,1.0
finetune_s1,motion_blur,1,Apple___Apple_scab,1.0
finetune_s1,motion_blur,1,Apple___Black_rot,1.0
finetune_s1,motion_blur,1,Apple___Cedar_apple_rust,1.0
finetune_s1,motion_blur,1,Apple___healthy,1.0
finetune_s1,motion_blur,1,Blueberry___healthy,1.0
finetune_s1,motion_blur,1,Cherry_(including_sour)___Powdery_mildew,1.0
finetune_s1,motion_blur,1,Cherry_(including_sour)___healthy,1.0
finetune_s1,motion_blur,1,Corn_(maize)___Cercospora_leaf_spot_Gray_leaf_spot,0.9743589743589743
finetune_s1,motion_blur,1,Corn_(maize)___Common_rust_,1.0
finetune_s1,motion_blur,1,Corn_(maize)___Northern_Leaf_Blight,0.9873417721518988
finetune_s1,motion_blur,1,Corn_(maize)___healthy,1.0
finetune_s1,motion_blur,1,Grape___Black_rot,1.0
finetune_s1,motion_blur,1,Grape___Esca_(Black_Measles),1.0
finetune_s1,motion_blur,1,Grape___Leaf_blight_(Isariopsis_Leaf_Spot),0.9882352941176471
finetune_s1,motion_blur,1,Grape___healthy,0.9696969696969697
finetune_s1,motion_blur,1,Orange___Haunglongbing_(Citrus_greening),1.0
finetune_s1,motion_blur,1,Peach___Bacterial_spot,1.0
finetune_s1,motion_blur,1,Peach___healthy,1.0
finetune_s1,motion_blur,1,"Pepper,_bell___Bacterial_spot",1.0
finetune_s1,motion_blur,1,"Pepper,_bell___healthy",1.0
finetune_s1,motion_blur,1,Potato___Early_blight,0.9873417721518988
finetune_s1,motion_blur,1,Potato___Late_blight,1.0
finetune_s1,motion_blur,1,Potato___healthy,1.0
finetune_s1,motion_blur,1,Raspberry___healthy,0.967741935483871
finetune_s1,motion_blur,1,Soybean___healthy,1.0
finetune_s1,motion_blur,1,Squash___Powdery_mildew,1.0
finetune_s1,motion_blur,1,Strawberry___Leaf_scorch,0.9777777777777777
finetune_s1,motion_blur,1,Strawberry___healthy,1.0
finetune_s1,motion_blur,1,Tomato___Bacterial_spot,0.8961038961038961
finetune_s1,motion_blur,1,Tomato___Early_blight,0.975
finetune_s1,motion_blur,1,Tomato___Late_blight,0.9868421052631579
finetune_s1,motion_blur,1,Tomato___Leaf_Mold,0.9620253164556962
finetune_s1,motion_blur,1,Tomato___Septoria_leaf_spot,0.9411764705882353
finetune_s1,motion_blur,1,Tomato___Spider_mites_Two-spotted_spider_mite,0.9848484848484849
finetune_s1,motion_blur,1,Tomato___Target_Spot,1.0
finetune_s1,motion_blur,1,Tomato___Tomato_Yellow_Leaf_Curl_Virus,0.9661399548532731
finetune_s1,motion_blur,1,Tomato___Tomato_mosaic_virus,0.8333333333333334
finetune_s1,motion_blur,1,Tomato___healthy,1.0
linear_probe_s42,motion_blur,2,Apple___Apple_scab,0.8163265306122449
linear_probe_s42,motion_blur,2,Apple___Black_rot,0.3870967741935484
linear_probe_s42,motion_blur,2,Apple___Cedar_apple_rust,0.7777777777777778
linear_probe_s42,motion_blur,2,Apple___healthy,0.6391752577319587
linear_probe_s42,motion_blur,2,Blueberry___healthy,0.8702290076335878
linear_probe_s42,motion_blur,2,Cherry_(including_sour)___Powdery_mildew,0.64
linear_probe_s42,motion_blur,2,Cherry_(including_sour)___healthy,0.7586206896551724
linear_probe_s42,motion_blur,2,Corn_(maize)___Cercospora_leaf_spot_Gray_leaf_spot,0.85
linear_probe_s42,motion_blur,2,Corn_(maize)___Common_rust_,1.0
linear_probe_s42,motion_blur,2,Corn_(maize)___Northern_Leaf_Blight,0.7916666666666666
linear_probe_s42,motion_blur,2,Corn_(maize)___healthy,0.9583333333333334
linear_probe_s42,motion_blur,2,Grape___Black_rot,0.5538461538461539
linear_probe_s42,motion_blur,2,Grape___Esca_(Black_Measles),0.8867924528301887
linear_probe_s42,motion_blur,2,Grape___Leaf_blight_(Isariopsis_Leaf_Spot),0.7058823529411765
linear_probe_s42,motion_blur,2,Grape___healthy,0.8666666666666667
linear_probe_s42,motion_blur,2,Orange___Haunglongbing_(Citrus_greening),0.9698375870069605
linear_probe_s42,motion_blur,2,Peach___Bacterial_spot,0.7236842105263158
linear_probe_s42,motion_blur,2,Peach___healthy,0.5957446808510638
linear_probe_s42,motion_blur,2,"Pepper,_bell___Bacterial_spot",0.7317073170731707
linear_probe_s42,motion_blur,2,"Pepper,_bell___healthy",0.7843137254901961
linear_probe_s42,motion_blur,2,Potato___Early_blight,0.3333333333333333
linear_probe_s42,motion_blur,2,Potato___Late_blight,0.39215686274509803
linear_probe_s42,motion_blur,2,Potato___healthy,0.0
linear_probe_s42,motion_blur,2,Raspberry___healthy,0.5
linear_probe_s42,motion_blur,2,Soybean___healthy,0.8947368421052632
linear_probe_s42,motion_blur,2,Squash___Powdery_mildew,0.8130081300813008
linear_probe_s42,motion_blur,2,Strawberry___Leaf_scorch,0.8717948717948718
linear_probe_s42,motion_blur,2,Strawberry___healthy,0.7142857142857143
linear_probe_s42,motion_blur,2,Tomato___Bacterial_spot,0.4036697247706422
linear_probe_s42,motion_blur,2,Tomato___Early_blight,0.24437299035369775
linear_probe_s42,motion_blur,2,Tomato___Late_blight,0.631578947368421
linear_probe_s42,motion_blur,2,Tomato___Leaf_Mold,0.5252525252525253
linear_probe_s42,motion_blur,2,Tomato___Septoria_leaf_spot,0.44776119402985076
linear_probe_s42,motion_blur,2,Tomato___Spider_mites_Two-spotted_spider_mite,0.3132530120481928
linear_probe_s42,motion_blur,2,Tomato___Target_Spot,0.26865671641791045
linear_probe_s42,motion_blur,2,Tomato___Tomato_Yellow_Leaf_Curl_Virus,0.7955390334572491
linear_probe_s42,motion_blur,2,Tomato___Tomato_mosaic_virus,0.64
linear_probe_s42,motion_blur,2,Tomato___healthy,0.7339449541284404
linear_probe_s0,motion_blur,2,Apple___Apple_scab,0.6567164179104478
linear_probe_s0,motion_blur,2,Apple___Black_rot,0.4375
linear_probe_s0,motion_blur,2,Apple___Cedar_apple_rust,0.7777777777777778
linear_probe_s0,motion_blur,2,Apple___healthy,0.5434782608695652
linear_probe_s0,motion_blur,2,Blueberry___healthy,0.921875
linear_probe_s0,motion_blur,2,Cherry_(including_sour)___Powdery_mildew,0.6949152542372882
linear_probe_s0,motion_blur,2,Cherry_(including_sour)___healthy,0.7368421052631579
linear_probe_s0,motion_blur,2,Corn_(maize)___Cercospora_leaf_spot_Gray_leaf_spot,0.75
linear_probe_s0,motion_blur,2,Corn_(maize)___Common_rust_,1.0
linear_probe_s0,motion_blur,2,Corn_(maize)___Northern_Leaf_Blight,0.7526881720430108
linear_probe_s0,motion_blur,2,Corn_(maize)___healthy,0.968421052631579
linear_probe_s0,motion_blur,2,Grape___Black_rot,0.5970149253731343
linear_probe_s0,motion_blur,2,Grape___Esca_(Black_Measles),0.86
linear_probe_s0,motion_blur,2,Grape___Leaf_blight_(Isariopsis_Leaf_Spot),0.696969696969697
linear_probe_s0,motion_blur,2,Grape___healthy,0.64
linear_probe_s0,motion_blur,2,Orange___Haunglongbing_(Citrus_greening),0.9722222222222222
linear_probe_s0,motion_blur,2,Peach___Bacterial_spot,0.7674418604651163
linear_probe_s0,motion_blur,2,Peach___healthy,0.6222222222222222
linear_probe_s0,motion_blur,2,"Pepper,_bell___Bacterial_spot",0.7804878048780488
linear_probe_s0,motion_blur,2,"Pepper,_bell___healthy",0.8181818181818182
linear_probe_s0,motion_blur,2,Potato___Early_blight,0.5517241379310345
linear_probe_s0,motion_blur,2,Potato___Late_blight,0.6101694915254238
linear_probe_s0,motion_blur,2,Potato___healthy,0.0
linear_probe_s0,motion_blur,2,Raspberry___healthy,0.42105263157894735
linear_probe_s0,motion_blur,2,Soybean___healthy,0.8869565217391304
linear_probe_s0,motion_blur,2,Squash___Powdery_mildew,0.8412698412698413
linear_probe_s0,motion_blur,2,Strawberry___Leaf_scorch,0.9135802469135802
linear_probe_s0,motion_blur,2,Strawberry___healthy,0.56
linear_probe_s0,motion_blur,2,Tomato___Bacterial_spot,0.6285714285714286
linear_probe_s0,motion_blur,2,Tomato___Early_blight,0.36363636363636365
linear_probe_s0,motion_blur,2,Tomato___Late_blight,0.632768361581921
linear_probe_s0,motion_blur,2,Tomato___Leaf_Mold,0.5882352941176471
linear_probe_s0,motion_blur,2,Tomato___Septoria_leaf_spot,0.46846846846846846
linear_probe_s0,motion_blur,2,Tomato___Spider_mites_Two-spotted_spider_mite,0.46153846153846156
linear_probe_s0,motion_blur,2,Tomato___Target_Spot,0.3380281690140845
linear_probe_s0,motion_blur,2,Tomato___Tomato_Yellow_Leaf_Curl_Virus,0.8153846153846154
linear_probe_s0,motion_blur,2,Tomato___Tomato_mosaic_virus,0.6046511627906976
linear_probe_s0,motion_blur,2,Tomato___healthy,0.7169811320754716
linear_probe_s1,motion_blur,2,Apple___Apple_scab,0.7777777777777778
linear_probe_s1,motion_blur,2,Apple___Black_rot,0.3333333333333333
linear_probe_s1,motion_blur,2,Apple___Cedar_apple_rust,0.7058823529411765
linear_probe_s1,motion_blur,2,Apple___healthy,0.5652173913043478
linear_probe_s1,motion_blur,2,Blueberry___healthy,0.9016393442622951
linear_probe_s1,motion_blur,2,Cherry_(including_sour)___Powdery_mildew,0.44808743169398907
linear_probe_s1,motion_blur,2,Cherry_(including_sour)___healthy,0.6122448979591837
linear_probe_s1,motion_blur,2,Corn_(maize)___Cercospora_leaf_spot_Gray_leaf_spot,0.76
linear_probe_s1,motion_blur,2,Corn_(maize)___Common_rust_,1.0
linear_probe_s1,motion_blur,2,Corn_(maize)___Northern_Leaf_Blight,0.8089887640449438
linear_probe_s1,motion_blur,2,Corn_(maize)___healthy,0.9787234042553191
linear_probe_s1,motion_blur,2,Grape___Black_rot,0.5797101449275363
linear_probe_s1,motion_blur,2,Grape___Esca_(Black_Measles),0.8571428571428571
linear_probe_s1,motion_blur,2,Grape___Leaf_blight_(Isariopsis_Leaf_Spot),0.5901639344262295
linear_probe_s1,motion_blur,2,Grape___healthy,0.7857142857142857
linear_probe_s1,motion_blur,2,Orange___Haunglongbing_(Citrus_greening),0.9631336405529954
linear_probe_s1,motion_blur,2,Peach___Bacterial_spot,0.7613636363636364
linear_probe_s1,motion_blur,2,Peach___healthy,0.509090909090909
linear_probe_s1,motion_blur,2,"Pepper,_bell___Bacterial_spot",0.7407407407407407
linear_probe_s1,motion_blur,2,"Pepper,_bell___healthy",0.8073394495412844
linear_probe_s1,motion_blur,2,Potato___Early_blight,0.36
linear_probe_s1,motion_blur,2,Potato___Late_blight,0.6229508196721312
linear_probe_s1,motion_blur,2,Potato___healthy,0.0
linear_probe_s1,motion_blur,2,Raspberry___healthy,0.5714285714285714
linear_probe_s1,motion_blur,2,Soybean___healthy,0.9181818181818182
linear_probe_s1,motion_blur,2,Squash___Powdery_mildew,0.8682170542635659
linear_probe_s1,motion_blur,2,Strawberry___Leaf_scorch,0.9156626506024096
linear_probe_s1,motion_blur,2,Strawberry___healthy,0.7142857142857143
linear_probe_s1,motion_blur,2,Tomato___Bacterial_spot,0.34951456310679613
linear_probe_s1,motion_blur,2,Tomato___Early_blight,0.2692307692307692
linear_probe_s1,motion_blur,2,Tomato___Late_blight,0.6527777777777778
linear_probe_s1,motion_blur,2,Tomato___Leaf_Mold,0.5714285714285714
linear_probe_s1,motion_blur,2,Tomato___Septoria_leaf_spot,0.5522388059701493
linear_probe_s1,motion_blur,2,Tomato___Spider_mites_Two-spotted_spider_mite,0.35714285714285715
linear_probe_s1,motion_blur,2,Tomato___Target_Spot,0.208955223880597
linear_probe_s1,motion_blur,2,Tomato___Tomato_Yellow_Leaf_Curl_Virus,0.79182156133829
linear_probe_s1,motion_blur,2,Tomato___Tomato_mosaic_virus,0.6896551724137931
linear_probe_s1,motion_blur,2,Tomato___healthy,0.6185567010309279
finetune_s42,motion_blur,2,Apple___Apple_scab,0.56
finetune_s42,motion_blur,2,Apple___Black_rot,0.9583333333333334
finetune_s42,motion_blur,2,Apple___Cedar_apple_rust,0.9523809523809523
finetune_s42,motion_blur,2,Apple___healthy,0.8125
finetune_s42,motion_blur,2,Blueberry___healthy,0.926829268292683
finetune_s42,motion_blur,2,Cherry_(including_sour)___Powdery_mildew,0.865979381443299
finetune_s42,motion_blur,2,Cherry_(including_sour)___healthy,0.9850746268656716
finetune_s42,motion_blur,2,Corn_(maize)___Cercospora_leaf_spot_Gray_leaf_spot,0.7096774193548387
finetune_s42,motion_blur,2,Corn_(maize)___Common_rust_,0.9894736842105263
finetune_s42,motion_blur,2,Corn_(maize)___Northern_Leaf_Blight,0.8666666666666667
finetune_s42,motion_blur,2,Corn_(maize)___healthy,0.7076923076923077
finetune_s42,motion_blur,2,Grape___Black_rot,0.9333333333333333
finetune_s42,motion_blur,2,Grape___Esca_(Black_Measles),0.9724770642201835
finetune_s42,motion_blur,2,Grape___Leaf_blight_(Isariopsis_Leaf_Spot),0.9397590361445783
finetune_s42,motion_blur,2,Grape___healthy,0.64
finetune_s42,motion_blur,2,Orange___Haunglongbing_(Citrus_greening),0.9605263157894737
finetune_s42,motion_blur,2,Peach___Bacterial_spot,0.967741935483871
finetune_s42,motion_blur,2,Peach___healthy,0.875
finetune_s42,motion_blur,2,"Pepper,_bell___Bacterial_spot",0.9041095890410958
finetune_s42,motion_blur,2,"Pepper,_bell___healthy",0.9090909090909091
finetune_s42,motion_blur,2,Potato___Early_blight,0.3333333333333333
finetune_s42,motion_blur,2,Potato___Late_blight,0.6666666666666666
finetune_s42,motion_blur,2,Potato___healthy,0.2857142857142857
finetune_s42,motion_blur,2,Raspberry___healthy,0.9285714285714286
finetune_s42,motion_blur,2,Soybean___healthy,0.9675810473815462
finetune_s42,motion_blur,2,Squash___Powdery_mildew,0.8412698412698413
finetune_s42,motion_blur,2,Strawberry___Leaf_scorch,0.9438202247191011
finetune_s42,motion_blur,2,Strawberry___healthy,0.56
finetune_s42,motion_blur,2,Tomato___Bacterial_spot,0.7313432835820896
finetune_s42,motion_blur,2,Tomato___Early_blight,0.5894736842105263
finetune_s42,motion_blur,2,Tomato___Late_blight,0.7120418848167539
finetune_s42,motion_blur,2,Tomato___Leaf_Mold,0.6440677966101694
finetune_s42,motion_blur,2,Tomato___Septoria_leaf_spot,0.5742574257425742
finetune_s42,motion_blur,2,Tomato___Spider_mites_Two-spotted_spider_mite,0.8780487804878049
finetune_s42,motion_blur,2,Tomato___Target_Spot,0.8431372549019608
finetune_s42,motion_blur,2,Tomato___Tomato_Yellow_Leaf_Curl_Virus,0.9277899343544858
finetune_s42,motion_blur,2,Tomato___Tomato_mosaic_virus,0.875
finetune_s42,motion_blur,2,Tomato___healthy,0.72
finetune_s0,motion_blur,2,Apple___Apple_scab,0.8461538461538461
finetune_s0,motion_blur,2,Apple___Black_rot,0.717948717948718
finetune_s0,motion_blur,2,Apple___Cedar_apple_rust,1.0
finetune_s0,motion_blur,2,Apple___healthy,0.8739495798319328
finetune_s0,motion_blur,2,Blueberry___healthy,0.9508196721311475
finetune_s0,motion_blur,2,Cherry_(including_sour)___Powdery_mildew,0.8235294117647058
finetune_s0,motion_blur,2,Cherry_(including_sour)___healthy,0.8275862068965517
finetune_s0,motion_blur,2,Corn_(maize)___Cercospora_leaf_spot_Gray_leaf_spot,0.8
finetune_s0,motion_blur,2,Corn_(maize)___Common_rust_,0.896551724137931
finetune_s0,motion_blur,2,Corn_(maize)___Northern_Leaf_Blight,0.7878787878787878
finetune_s0,motion_blur,2,Corn_(maize)___healthy,0.696969696969697
finetune_s0,motion_blur,2,Grape___Black_rot,0.8148148148148148
finetune_s0,motion_blur,2,Grape___Esca_(Black_Measles),0.9523809523809523
finetune_s0,motion_blur,2,Grape___Leaf_blight_(Isariopsis_Leaf_Spot),0.7714285714285715
finetune_s0,motion_blur,2,Grape___healthy,0.6923076923076923
finetune_s0,motion_blur,2,Orange___Haunglongbing_(Citrus_greening),0.9864864864864865
finetune_s0,motion_blur,2,Peach___Bacterial_spot,0.9782608695652174
finetune_s0,motion_blur,2,Peach___healthy,0.9629629629629629
finetune_s0,motion_blur,2,"Pepper,_bell___Bacterial_spot",0.8732394366197183
finetune_s0,motion_blur,2,"Pepper,_bell___healthy",0.9009009009009009
finetune_s0,motion_blur,2,Potato___Early_blight,0.75
finetune_s0,motion_blur,2,Potato___Late_blight,0.7096774193548387
finetune_s0,motion_blur,2,Potato___healthy,0.0
finetune_s0,motion_blur,2,Raspberry___healthy,0.6666666666666666
finetune_s0,motion_blur,2,Soybean___healthy,0.9066059225512528
finetune_s0,motion_blur,2,Squash___Powdery_mildew,0.84375
finetune_s0,motion_blur,2,Strawberry___Leaf_scorch,0.9052631578947369
finetune_s0,motion_blur,2,Strawberry___healthy,0.2857142857142857
finetune_s0,motion_blur,2,Tomato___Bacterial_spot,0.4074074074074074
finetune_s0,motion_blur,2,Tomato___Early_blight,0.46511627906976744
finetune_s0,motion_blur,2,Tomato___Late_blight,0.7675675675675676
finetune_s0,motion_blur,2,Tomato___Leaf_Mold,0.7058823529411765
finetune_s0,motion_blur,2,Tomato___Septoria_leaf_spot,0.5154639175257731
finetune_s0,motion_blur,2,Tomato___Spider_mites_Two-spotted_spider_mite,0.9291338582677166
finetune_s0,motion_blur,2,Tomato___Target_Spot,0.8349514563106796
finetune_s0,motion_blur,2,Tomato___Tomato_Yellow_Leaf_Curl_Virus,0.9244060475161987
finetune_s0,motion_blur,2,Tomato___Tomato_mosaic_virus,0.8333333333333334
finetune_s0,motion_blur,2,Tomato___healthy,0.9
finetune_s1,motion_blur,2,Apple___Apple_scab,0.5476190476190477
finetune_s1,motion_blur,2,Apple___Black_rot,0.9583333333333334
finetune_s1,motion_blur,2,Apple___Cedar_apple_rust,0.9090909090909091
finetune_s1,motion_blur,2,Apple___healthy,0.9037037037037037
finetune_s1,motion_blur,2,Blueberry___healthy,0.967741935483871
finetune_s1,motion_blur,2,Cherry_(including_sour)___Powdery_mildew,0.7663551401869159
finetune_s1,motion_blur,2,Cherry_(including_sour)___healthy,0.9230769230769231
finetune_s1,motion_blur,2,Corn_(maize)___Cercospora_leaf_spot_Gray_leaf_spot,0.7777777777777778
finetune_s1,motion_blur,2,Corn_(maize)___Common_rust_,0.8837209302325582
finetune_s1,motion_blur,2,Corn_(maize)___Northern_Leaf_Blight,0.896551724137931
finetune_s1,motion_blur,2,Corn_(maize)___healthy,0.5859872611464968
finetune_s1,motion_blur,2,Grape___Black_rot,0.810126582278481
finetune_s1,motion_blur,2,Grape___Esca_(Black_Measles),0.972972972972973
finetune_s1,motion_blur,2,Grape___Leaf_blight_(Isariopsis_Leaf_Spot),0.65625
finetune_s1,motion_blur,2,Grape___healthy,0.5833333333333334
finetune_s1,motion_blur,2,Orange___Haunglongbing_(Citrus_greening),0.9841269841269841
finetune_s1,motion_blur,2,Peach___Bacterial_spot,0.9257142857142857
finetune_s1,motion_blur,2,Peach___healthy,0.9285714285714286
finetune_s1,motion_blur,2,"Pepper,_bell___Bacterial_spot",0.6666666666666666
finetune_s1,motion_blur,2,"Pepper,_bell___healthy",0.8648648648648649
finetune_s1,motion_blur,2,Potato___Early_blight,0.43137254901960786
finetune_s1,motion_blur,2,Potato___Late_blight,0.49056603773584906
finetune_s1,motion_blur,2,Potato___healthy,0.5
finetune_s1,motion_blur,2,Raspberry___healthy,0.6829268292682927
finetune_s1,motion_blur,2,Soybean___healthy,0.944578313253012
finetune_s1,motion_blur,2,Squash___Powdery_mildew,0.7563025210084033
finetune_s1,motion_blur,2,Strawberry___Leaf_scorch,0.8865979381443299
finetune_s1,motion_blur,2,Strawberry___healthy,0.8333333333333334
finetune_s1,motion_blur,2,Tomato___Bacterial_spot,0.46846846846846846
finetune_s1,motion_blur,2,Tomato___Early_blight,0.5932203389830508
finetune_s1,motion_blur,2,Tomato___Late_blight,0.8552631578947368
finetune_s1,motion_blur,2,Tomato___Leaf_Mold,0.6857142857142857
finetune_s1,motion_blur,2,Tomato___Septoria_leaf_spot,0.4
finetune_s1,motion_blur,2,Tomato___Spider_mites_Two-spotted_spider_mite,0.9384615384615385
finetune_s1,motion_blur,2,Tomato___Target_Spot,0.8484848484848485
finetune_s1,motion_blur,2,Tomato___Tomato_Yellow_Leaf_Curl_Virus,0.8663967611336032
finetune_s1,motion_blur,2,Tomato___Tomato_mosaic_virus,0.4918032786885246
finetune_s1,motion_blur,2,Tomato___healthy,0.8771929824561403
linear_probe_s42,motion_blur,3,Apple___Apple_scab,0.43902439024390244
linear_probe_s42,motion_blur,3,Apple___Black_rot,0.27586206896551724
linear_probe_s42,motion_blur,3,Apple___Cedar_apple_rust,0.16666666666666666
linear_probe_s42,motion_blur,3,Apple___healthy,0.28205128205128205
linear_probe_s42,motion_blur,3,Blueberry___healthy,0.7368421052631579
linear_probe_s42,motion_blur,3,Cherry_(including_sour)___Powdery_mildew,0.32653061224489793
linear_probe_s42,motion_blur,3,Cherry_(including_sour)___healthy,0.34782608695652173
linear_probe_s42,motion_blur,3,Corn_(maize)___Cercospora_leaf_spot_Gray_leaf_spot,0.38461538461538464
linear_probe_s42,motion_blur,3,Corn_(maize)___Common_rust_,0.9565217391304348
linear_probe_s42,motion_blur,3,Corn_(maize)___Northern_Leaf_Blight,0.3251231527093596
linear_probe_s42,motion_blur,3,Corn_(maize)___healthy,0.4577114427860697
linear_probe_s42,motion_blur,3,Grape___Black_rot,0.04081632653061224
linear_probe_s42,motion_blur,3,Grape___Esca_(Black_Measles),0.7708333333333334
linear_probe_s42,motion_blur,3,Grape___Leaf_blight_(Isariopsis_Leaf_Spot),0.6666666666666666
linear_probe_s42,motion_blur,3,Grape___healthy,0.45454545454545453
linear_probe_s42,motion_blur,3,Orange___Haunglongbing_(Citrus_greening),0.775623268698061
linear_probe_s42,motion_blur,3,Peach___Bacterial_spot,0.48
linear_probe_s42,motion_blur,3,Peach___healthy,0.375
linear_probe_s42,motion_blur,3,"Pepper,_bell___Bacterial_spot",0.4827586206896552
linear_probe_s42,motion_blur,3,"Pepper,_bell___healthy",0.3380281690140845
linear_probe_s42,motion_blur,3,Potato___Early_blight,0.21739130434782608
linear_probe_s42,motion_blur,3,Potato___Late_blight,0.09523809523809523
linear_probe_s42,motion_blur,3,Potato___healthy,0.0
linear_probe_s42,motion_blur,3,Raspberry___healthy,0.0
linear_probe_s42,motion_blur,3,Soybean___healthy,0.8202764976958525
linear_probe_s42,motion_blur,3,Squash___Powdery_mildew,0.6095238095238096
linear_probe_s42,motion_blur,3,Strawberry___Leaf_scorch,0.625
linear_probe_s42,motion_blur,3,Strawberry___healthy,0.0
linear_probe_s42,motion_blur,3,Tomato___Bacterial_spot,0.1836734693877551
linear_probe_s42,motion_blur,3,Tomato___Early_blight,0.17894736842105263
linear_probe_s42,motion_blur,3,Tomato___Late_blight,0.37254901960784315
linear_probe_s42,motion_blur,3,Tomato___Leaf_Mold,0.5542168674698795
linear_probe_s42,motion_blur,3,Tomato___Septoria_leaf_spot,0.4508670520231214
linear_probe_s42,motion_blur,3,Tomato___Spider_mites_Two-spotted_spider_mite,0.3037974683544304
linear_probe_s42,motion_blur,3,Tomato___Target_Spot,0.03508771929824561
linear_probe_s42,motion_blur,3,Tomato___Tomato_Yellow_Leaf_Curl_Virus,0.8218623481781376
linear_probe_s42,motion_blur,3,Tomato___Tomato_mosaic_virus,0.23529411764705882
linear_probe_s42,motion_blur,3,Tomato___healthy,0.5853658536585366
linear_probe_s0,motion_blur,3,Apple___Apple_scab,0.3902439024390244
linear_probe_s0,motion_blur,3,Apple___Black_rot,0.21428571428571427
linear_probe_s0,motion_blur,3,Apple___Cedar_apple_rust,0.16666666666666666
linear_probe_s0,motion_blur,3,Apple___healthy,0.325
linear_probe_s0,motion_blur,3,Blueberry___healthy,0.8188976377952756
linear_probe_s0,motion_blur,3,Cherry_(including_sour)___Powdery_mildew,0.3956043956043956
linear_probe_s0,motion_blur,3,Cherry_(including_sour)___healthy,0.4528301886792453
linear_probe_s0,motion_blur,3,Corn_(maize)___Cercospora_leaf_spot_Gray_leaf_spot,0.42105263157894735
linear_probe_s0,motion_blur,3,Corn_(maize)___Common_rust_,0.9787234042553191
linear_probe_s0,motion_blur,3,Corn_(maize)___Northern_Leaf_Blight,0.2613065326633166
linear_probe_s0,motion_blur,3,Corn_(maize)___healthy,0.37398373983739835
linear_probe_s0,motion_blur,3,Grape___Black_rot,0.04081632653061224
linear_probe_s0,motion_blur,3,Grape___Esca_(Black_Measles),0.6265060240963856
linear_probe_s0,motion_blur,3,Grape___Leaf_blight_(Isariopsis_Leaf_Spot),0.24489795918367346
linear_probe_s0,motion_blur,3,Grape___healthy,0.0
linear_probe_s0,motion_blur,3,Orange___Haunglongbing_(Citrus_greening),0.8637532133676092
linear_probe_s0,motion_blur,3,Peach___Bacterial_spot,0.5362318840579711
linear_probe_s0,motion_blur,3,Peach___healthy,0.3287671232876712
linear_probe_s0,motion_blur,3,"Pepper,_bell___Bacterial_spot",0.509090909090909
linear_probe_s0,motion_blur,3,"Pepper,_bell___healthy",0.5882352941176471
linear_probe_s0,motion_blur,3,Potato___Early_blight,0.29508196721311475
linear_probe_s0,motion_blur,3,Potato___Late_blight,0.18181818181818182
linear_probe_s0,motion_blur,3,Potato___healthy,0.0
linear_probe_s0,motion_blur,3,Raspberry___healthy,0.0
linear_probe_s0,motion_blur,3,Soybean___healthy,0.8421052631578947
linear_probe_s0,motion_blur,3,Squash___Powdery_mildew,0.6727272727272727
linear_probe_s0,motion_blur,3,Strawberry___Leaf_scorch,0.6865671641791045
linear_probe_s0,motion_blur,3,Strawberry___healthy,0.0
linear_probe_s0,motion_blur,3,Tomato___Bacterial_spot,0.3185840707964602
linear_probe_s0,motion_blur,3,Tomato___Early_blight,0.23863636363636365
linear_probe_s0,motion_blur,3,Tomato___Late_blight,0.38095238095238093
linear_probe_s0,motion_blur,3,Tomato___Leaf_Mold,0.5588235294117647
linear_probe_s0,motion_blur,3,Tomato___Septoria_leaf_spot,0.4339622641509434
linear_probe_s0,motion_blur,3,Tomato___Spider_mites_Two-spotted_spider_mite,0.38095238095238093
linear_probe_s0,motion_blur,3,Tomato___Target_Spot,0.125
linear_probe_s0,motion_blur,3,Tomato___Tomato_Yellow_Leaf_Curl_Virus,0.8137044967880086
linear_probe_s0,motion_blur,3,Tomato___Tomato_mosaic_virus,0.3037974683544304
linear_probe_s0,motion_blur,3,Tomato___healthy,0.5098039215686274
linear_probe_s1,motion_blur,3,Apple___Apple_scab,0.4888888888888889
linear_probe_s1,motion_blur,3,Apple___Black_rot,0.0
linear_probe_s1,motion_blur,3,Apple___Cedar_apple_rust,0.16666666666666666
linear_probe_s1,motion_blur,3,Apple___healthy,0.325
linear_probe_s1,motion_blur,3,Blueberry___healthy,0.7722772277227723
linear_probe_s1,motion_blur,3,Cherry_(including_sour)___Powdery_mildew,0.16427104722792607
linear_probe_s1,motion_blur,3,Cherry_(including_sour)___healthy,0.2
linear_probe_s1,motion_blur,3,Corn_(maize)___Cercospora_leaf_spot_Gray_leaf_spot,0.43243243243243246
linear_probe_s1,motion_blur,3,Corn_(maize)___Common_rust_,0.9787234042553191
linear_probe_s1,motion_blur,3,Corn_(maize)___Northern_Leaf_Blight,0.3316062176165803
linear_probe_s1,motion_blur,3,Corn_(maize)___healthy,0.6618705035971223
linear_probe_s1,motion_blur,3,Grape___Black_rot,0.0784313725490196
linear_probe_s1,motion_blur,3,Grape___Esca_(Black_Measles),0.6428571428571429
linear_probe_s1,motion_blur,3,Grape___Leaf_blight_(Isariopsis_Leaf_Spot),0.1702127659574468
linear_probe_s1,motion_blur,3,Grape___healthy,0.1111111111111111
linear_probe_s1,motion_blur,3,Orange___Haunglongbing_(Citrus_greening),0.8150134048257373
linear_probe_s1,motion_blur,3,Peach___Bacterial_spot,0.5747126436781609
linear_probe_s1,motion_blur,3,Peach___healthy,0.29508196721311475
linear_probe_s1,motion_blur,3,"Pepper,_bell___Bacterial_spot",0.4528301886792453
linear_probe_s1,motion_blur,3,"Pepper,_bell___healthy",0.5432098765432098
linear_probe_s1,motion_blur,3,Potato___Early_blight,0.17777777777777778
linear_probe_s1,motion_blur,3,Potato___Late_blight,0.09523809523809523
linear_probe_s1,motion_blur,3,Potato___healthy,0.0
linear_probe_s1,motion_blur,3,Raspberry___healthy,0.0
linear_probe_s1,motion_blur,3,Soybean___healthy,0.8496420047732697
linear_probe_s1,motion_blur,3,Squash___Powdery_mildew,0.6727272727272727
linear_probe_s1,motion_blur,3,Strawberry___Leaf_scorch,0.7246376811594203
linear_probe_s1,motion_blur,3,Strawberry___healthy,0.10526315789473684
linear_probe_s1,motion_blur,3,Tomato___Bacterial_spot,0.04597701149425287
linear_probe_s1,motion_blur,3,Tomato___Early_blight,0.1935483870967742
linear_probe_s1,motion_blur,3,Tomato___Late_blight,0.4153846153846154
linear_probe_s1,motion_blur,3,Tomato___Leaf_Mold,0.48148148148148145
linear_probe_s1,motion_blur,3,Tomato___Septoria_leaf_spot,0.4714285714285714
linear_probe_s1,motion_blur,3,Tomato___Spider_mites_Two-spotted_spider_mite,0.28205128205128205
linear_probe_s1,motion_blur,3,Tomato___Target_Spot,0.09836065573770492
linear_probe_s1,motion_blur,3,Tomato___Tomato_Yellow_Leaf_Curl_Virus,0.7925311203319502
linear_probe_s1,motion_blur,3,Tomato___Tomato_mosaic_virus,0.38095238095238093
linear_probe_s1,motion_blur,3,Tomato___healthy,0.4186046511627907
finetune_s42,motion_blur,3,Apple___Apple_scab,0.3037974683544304
finetune_s42,motion_blur,3,Apple___Black_rot,0.5294117647058824
finetune_s42,motion_blur,3,Apple___Cedar_apple_rust,0.8421052631578947
finetune_s42,motion_blur,3,Apple___healthy,0.5106382978723404
finetune_s42,motion_blur,3,Blueberry___healthy,0.75
finetune_s42,motion_blur,3,Cherry_(including_sour)___Powdery_mildew,0.6938775510204082
finetune_s42,motion_blur,3,Cherry_(including_sour)___healthy,0.4186046511627907
finetune_s42,motion_blur,3,Corn_(maize)___Cercospora_leaf_spot_Gray_leaf_spot,0.3333333333333333
finetune_s42,motion_blur,3,Corn_(maize)___Common_rust_,0.945054945054945
finetune_s42,motion_blur,3,Corn_(maize)___Northern_Leaf_Blight,0.6178861788617886
finetune_s42,motion_blur,3,Corn_(maize)___healthy,0.24468085106382978
finetune_s42,motion_blur,3,Grape___Black_rot,0.4126984126984127
finetune_s42,motion_blur,3,Grape___Esca_(Black_Measles),0.847457627118644
finetune_s42,motion_blur,3,Grape___Leaf_blight_(Isariopsis_Leaf_Spot),0.4
finetune_s42,motion_blur,3,Grape___healthy,0.0
finetune_s42,motion_blur,3,Orange___Haunglongbing_(Citrus_greening),0.836852207293666
finetune_s42,motion_blur,3,Peach___Bacterial_spot,0.8837209302325582
finetune_s42,motion_blur,3,Peach___healthy,0.7647058823529411
finetune_s42,motion_blur,3,"Pepper,_bell___Bacterial_spot",0.509090909090909
finetune_s42,motion_blur,3,"Pepper,_bell___healthy",0.21212121212121213
finetune_s42,motion_blur,3,Potato___Early_blight,0.0
finetune_s42,motion_blur,3,Potato___Late_blight,0.09523809523809523
finetune_s42,motion_blur,3,Potato___healthy,0.0
finetune_s42,motion_blur,3,Raspberry___healthy,0.3333333333333333
finetune_s42,motion_blur,3,Soybean___healthy,0.7359050445103857
finetune_s42,motion_blur,3,Squash___Powdery_mildew,0.23809523809523808
finetune_s42,motion_blur,3,Strawberry___Leaf_scorch,0.7605633802816901
finetune_s42,motion_blur,3,Strawberry___healthy,0.0
finetune_s42,motion_blur,3,Tomato___Bacterial_spot,0.3269230769230769
finetune_s42,motion_blur,3,Tomato___Early_blight,0.40476190476190477
finetune_s42,motion_blur,3,Tomato___Late_blight,0.5307692307692308
finetune_s42,motion_blur,3,Tomato___Leaf_Mold,0.5
finetune_s42,motion_blur,3,Tomato___Septoria_leaf_spot,0.1518987341772152
finetune_s42,motion_blur,3,Tomato___Spider_mites_Two-spotted_spider_mite,0.6796116504854369
finetune_s42,motion_blur,3,Tomato___Target_Spot,0.3283582089552239
finetune_s42,motion_blur,3,Tomato___Tomato_Yellow_Leaf_Curl_Virus,0.8323471400394478
finetune_s42,motion_blur,3,Tomato___Tomato_mosaic_virus,0.6666666666666666
finetune_s42,motion_blur,3,Tomato___healthy,0.0
finetune_s0,motion_blur,3,Apple___Apple_scab,0.5573770491803278
finetune_s0,motion_blur,3,Apple___Black_rot,0.21428571428571427
finetune_s0,motion_blur,3,Apple___Cedar_apple_rust,0.6363636363636364
finetune_s0,motion_blur,3,Apple___healthy,0.6346153846153846
finetune_s0,motion_blur,3,Blueberry___healthy,0.8495575221238938
finetune_s0,motion_blur,3,Cherry_(including_sour)___Powdery_mildew,0.6785714285714286
finetune_s0,motion_blur,3,Cherry_(including_sour)___healthy,0.16216216216216217
finetune_s0,motion_blur,3,Corn_(maize)___Cercospora_leaf_spot_Gray_leaf_spot,0.37037037037037035
finetune_s0,motion_blur,3,Corn_(maize)___Common_rust_,0.4262295081967213
finetune_s0,motion_blur,3,Corn_(maize)___Northern_Leaf_Blight,0.4105263157894737
finetune_s0,motion_blur,3,Corn_(maize)___healthy,0.2222222222222222
finetune_s0,motion_blur,3,Grape___Black_rot,0.2909090909090909
finetune_s0,motion_blur,3,Grape___Esca_(Black_Measles),0.8043478260869565
finetune_s0,motion_blur,3,Grape___Leaf_blight_(Isariopsis_Leaf_Spot),0.1702127659574468
finetune_s0,motion_blur,3,Grape___healthy,0.0
finetune_s0,motion_blur,3,Orange___Haunglongbing_(Citrus_greening),0.9197396963123644
finetune_s0,motion_blur,3,Peach___Bacterial_spot,0.8982035928143712
finetune_s0,motion_blur,3,Peach___healthy,0.782608695652174
finetune_s0,motion_blur,3,"Pepper,_bell___Bacterial_spot",0.4528301886792453
finetune_s0,motion_blur,3,"Pepper,_bell___healthy",0.475
finetune_s0,motion_blur,3,Potato___Early_blight,0.13953488372093023
finetune_s0,motion_blur,3,Potato___Late_blight,0.2916666666666667
finetune_s0,motion_blur,3,Potato___healthy,0.0
finetune_s0,motion_blur,3,Raspberry___healthy,0.0
finetune_s0,motion_blur,3,Soybean___healthy,0.7093333333333334
finetune_s0,motion_blur,3,Squash___Powdery_mildew,0.27586206896551724
finetune_s0,motion_blur,3,Strawberry___Leaf_scorch,0.8192771084337349
finetune_s0,motion_blur,3,Strawberry___healthy,0.0
finetune_s0,motion_blur,3,Tomato___Bacterial_spot,0.10989010989010989
finetune_s0,motion_blur,3,Tomato___Early_blight,0.2523364485981308
finetune_s0,motion_blur,3,Tomato___Late_blight,0.5490196078431373
finetune_s0,motion_blur,3,Tomato___Leaf_Mold,0.6862745098039216
finetune_s0,motion_blur,3,Tomato___Septoria_leaf_spot,0.2891566265060241
finetune_s0,motion_blur,3,Tomato___Spider_mites_Two-spotted_spider_mite,0.66
finetune_s0,motion_blur,3,Tomato___Target_Spot,0.27692307692307694
finetune_s0,motion_blur,3,Tomato___Tomato_Yellow_Leaf_Curl_Virus,0.8817204301075269
finetune_s0,motion_blur,3,Tomato___Tomato_mosaic_virus,0.8484848484848485
finetune_s0,motion_blur,3,Tomato___healthy,0.5934065934065934
finetune_s1,motion_blur,3,Apple___Apple_scab,0.3333333333333333
finetune_s1,motion_blur,3,Apple___Black_rot,0.5555555555555556
finetune_s1,motion_blur,3,Apple___Cedar_apple_rust,0.3076923076923077
finetune_s1,motion_blur,3,Apple___healthy,0.672
finetune_s1,motion_blur,3,Blueberry___healthy,0.921875
finetune_s1,motion_blur,3,Cherry_(including_sour)___Powdery_mildew,0.5777777777777777
finetune_s1,motion_blur,3,Cherry_(including_sour)___healthy,0.5531914893617021
finetune_s1,motion_blur,3,Corn_(maize)___Cercospora_leaf_spot_Gray_leaf_spot,0.24
finetune_s1,motion_blur,3,Corn_(maize)___Common_rust_,0.3728813559322034
finetune_s1,motion_blur,3,Corn_(maize)___Northern_Leaf_Blight,0.7169811320754716
finetune_s1,motion_blur,3,Corn_(maize)___healthy,0.19126819126819128
finetune_s1,motion_blur,3,Grape___Black_rot,0.32142857142857145
finetune_s1,motion_blur,3,Grape___Esca_(Black_Measles),0.9259259259259259
finetune_s1,motion_blur,3,Grape___Leaf_blight_(Isariopsis_Leaf_Spot),0.0
finetune_s1,motion_blur,3,Grape___healthy,0.1111111111111111
finetune_s1,motion_blur,3,Orange___Haunglongbing_(Citrus_greening),0.9358669833729216
finetune_s1,motion_blur,3,Peach___Bacterial_spot,0.676056338028169
finetune_s1,motion_blur,3,Peach___healthy,0.6428571428571429
finetune_s1,motion_blur,3,"Pepper,_bell___Bacterial_spot",0.09523809523809523
finetune_s1,motion_blur,3,"Pepper,_bell___healthy",0.3466666666666667
finetune_s1,motion_blur,3,Potato___Early_blight,0.0
finetune_s1,motion_blur,3,Potato___Late_blight,0.18181818181818182
finetune_s1,motion_blur,3,Potato___healthy,0.0
finetune_s1,motion_blur,3,Raspberry___healthy,0.4444444444444444
finetune_s1,motion_blur,3,Soybean___healthy,0.6463414634146342
finetune_s1,motion_blur,3,Squash___Powdery_mildew,0.23809523809523808
finetune_s1,motion_blur,3,Strawberry___Leaf_scorch,0.8395061728395061
finetune_s1,motion_blur,3,Strawberry___healthy,0.36363636363636365
finetune_s1,motion_blur,3,Tomato___Bacterial_spot,0.22916666666666666
finetune_s1,motion_blur,3,Tomato___Early_blight,0.3615819209039548
finetune_s1,motion_blur,3,Tomato___Late_blight,0.7875
finetune_s1,motion_blur,3,Tomato___Leaf_Mold,0.5904761904761905
finetune_s1,motion_blur,3,Tomato___Septoria_leaf_spot,0.0547945205479452
finetune_s1,motion_blur,3,Tomato___Spider_mites_Two-spotted_spider_mite,0.847457627118644
finetune_s1,motion_blur,3,Tomato___Target_Spot,0.4383561643835616
finetune_s1,motion_blur,3,Tomato___Tomato_Yellow_Leaf_Curl_Virus,0.7395833333333334
finetune_s1,motion_blur,3,Tomato___Tomato_mosaic_virus,0.5357142857142857
finetune_s1,motion_blur,3,Tomato___healthy,0.43902439024390244
linear_probe_s42,low_light,1,Apple___Apple_scab,0.8928571428571429
linear_probe_s42,low_light,1,Apple___Black_rot,0.9583333333333334
linear_probe_s42,low_light,1,Apple___Cedar_apple_rust,0.9523809523809523
linear_probe_s42,low_light,1,Apple___healthy,0.9523809523809523
linear_probe_s42,low_light,1,Blueberry___healthy,0.9830508474576272
linear_probe_s42,low_light,1,Cherry_(including_sour)___Powdery_mildew,0.963855421686747
linear_probe_s42,low_light,1,Cherry_(including_sour)___healthy,1.0
linear_probe_s42,low_light,1,Corn_(maize)___Cercospora_leaf_spot_Gray_leaf_spot,0.8571428571428571
linear_probe_s42,low_light,1,Corn_(maize)___Common_rust_,0.9696969696969697
linear_probe_s42,low_light,1,Corn_(maize)___Northern_Leaf_Blight,0.9397590361445783
linear_probe_s42,low_light,1,Corn_(maize)___healthy,1.0
linear_probe_s42,low_light,1,Grape___Black_rot,0.8631578947368421
linear_probe_s42,low_light,1,Grape___Esca_(Black_Measles),0.8932038834951457
linear_probe_s42,low_light,1,Grape___Leaf_blight_(Isariopsis_Leaf_Spot),0.9438202247191011
linear_probe_s42,low_light,1,Grape___healthy,0.9444444444444444
linear_probe_s42,low_light,1,Orange___Haunglongbing_(Citrus_greening),0.9909502262443439
linear_probe_s42,low_light,1,Peach___Bacterial_spot,0.9371428571428572
linear_probe_s42,low_light,1,Peach___healthy,0.6222222222222222
linear_probe_s42,low_light,1,"Pepper,_bell___Bacterial_spot",0.7358490566037735
linear_probe_s42,low_light,1,"Pepper,_bell___healthy",0.9285714285714286
linear_probe_s42,low_light,1,Potato___Early_blight,0.9743589743589743
linear_probe_s42,low_light,1,Potato___Late_blight,0.8539325842696629
linear_probe_s42,low_light,1,Potato___healthy,0.9230769230769231
linear_probe_s42,low_light,1,Raspberry___healthy,0.75
linear_probe_s42,low_light,1,Soybean___healthy,0.9829683698296837
linear_probe_s42,low_light,1,Squash___Powdery_mildew,0.9864864864864865
linear_probe_s42,low_light,1,Strawberry___Leaf_scorch,0.9885057471264368
linear_probe_s42,low_light,1,Strawberry___healthy,0.9090909090909091
linear_probe_s42,low_light,1,Tomato___Bacterial_spot,0.8163265306122449
linear_probe_s42,low_light,1,Tomato___Early_blight,0.6753246753246753
linear_probe_s42,low_light,1,Tomato___Late_blight,0.49019607843137253
linear_probe_s42,low_light,1,Tomato___Leaf_Mold,0.5925925925925926
linear_probe_s42,low_light,1,Tomato___Septoria_leaf_spot,0.7857142857142857
linear_probe_s42,low_light,1,Tomato___Spider_mites_Two-spotted_spider_mite,0.6666666666666666
linear_probe_s42,low_light,1,Tomato___Target_Spot,0.6163522012578616
linear_probe_s42,low_light,1,Tomato___Tomato_Yellow_Leaf_Curl_Virus,0.9537712895377128
linear_probe_s42,low_light,1,Tomato___Tomato_mosaic_virus,0.3333333333333333
linear_probe_s42,low_light,1,Tomato___healthy,0.976
linear_probe_s0,low_light,1,Apple___Apple_scab,0.8771929824561403
linear_probe_s0,low_light,1,Apple___Black_rot,0.9361702127659575
linear_probe_s0,low_light,1,Apple___Cedar_apple_rust,0.7777777777777778
linear_probe_s0,low_light,1,Apple___healthy,0.9606299212598425
linear_probe_s0,low_light,1,Blueberry___healthy,0.9915966386554622
linear_probe_s0,low_light,1,Cherry_(including_sour)___Powdery_mildew,0.975609756097561
linear_probe_s0,low_light,1,Cherry_(including_sour)___healthy,1.0
linear_probe_s0,low_light,1,Corn_(maize)___Cercospora_leaf_spot_Gray_leaf_spot,0.8648648648648649
linear_probe_s0,low_light,1,Corn_(maize)___Common_rust_,0.9696969696969697
linear_probe_s0,low_light,1,Corn_(maize)___Northern_Leaf_Blight,0.9382716049382716
linear_probe_s0,low_light,1,Corn_(maize)___healthy,1.0
linear_probe_s0,low_light,1,Grape___Black_rot,0.9032258064516129
linear_probe_s0,low_light,1,Grape___Esca_(Black_Measles),0.9433962264150944
linear_probe_s0,low_light,1,Grape___Leaf_blight_(Isariopsis_Leaf_Spot),0.9655172413793104
linear_probe_s0,low_light,1,Grape___healthy,0.9696969696969697
linear_probe_s0,low_light,1,Orange___Haunglongbing_(Citrus_greening),0.9843400447427293
linear_probe_s0,low_light,1,Peach___Bacterial_spot,0.956989247311828
linear_probe_s0,low_light,1,Peach___healthy,0.6829268292682927
linear_probe_s0,low_light,1,"Pepper,_bell___Bacterial_spot",0.8041237113402062
linear_probe_s0,low_light,1,"Pepper,_bell___healthy",0.9655172413793104
linear_probe_s0,low_light,1,Potato___Early_blight,0.9873417721518988
linear_probe_s0,low_light,1,Potato___Late_blight,0.8602150537634409
linear_probe_s0,low_light,1,Potato___healthy,0.9230769230769231
linear_probe_s0,low_light,1,Raspberry___healthy,0.8888888888888888
linear_probe_s0,low_light,1,Soybean___healthy,0.9901960784313726
linear_probe_s0,low_light,1,Squash___Powdery_mildew,0.9931972789115646
linear_probe_s0,low_light,1,Strawberry___Leaf_scorch,0.9885057471264368
linear_probe_s0,low_light,1,Strawberry___healthy,0.8387096774193549
linear_probe_s0,low_light,1,Tomato___Bacterial_spot,0.7887323943661971
linear_probe_s0,low_light,1,Tomato___Early_blight,0.6461538461538462
linear_probe_s0,low_light,1,Tomato___Late_blight,0.4444444444444444
linear_probe_s0,low_light,1,Tomato___Leaf_Mold,0.6896551724137931
linear_probe_s0,low_light,1,Tomato___Septoria_leaf_spot,0.7931034482758621
linear_probe_s0,low_light,1,Tomato___Spider_mites_Two-spotted_spider_mite,0.6629213483146067
linear_probe_s0,low_light,1,Tomato___Target_Spot,0.6049382716049383
linear_probe_s0,low_light,1,Tomato___Tomato_Yellow_Leaf_Curl_Virus,0.9379652605459057
linear_probe_s0,low_light,1,Tomato___Tomato_mosaic_virus,0.125
linear_probe_s0,low_light,1,Tomato___healthy,0.959349593495935
linear_probe_s1,low_light,1,Apple___Apple_scab,0.8928571428571429
linear_probe_s1,low_light,1,Apple___Black_rot,0.8095238095238095
linear_probe_s1,low_light,1,Apple___Cedar_apple_rust,0.7777777777777778
linear_probe_s1,low_light,1,Apple___healthy,0.9384615384615385
linear_probe_s1,low_light,1,Blueberry___healthy,0.9915966386554622
linear_probe_s1,low_light,1,Cherry_(including_sour)___Powdery_mildew,0.975609756097561
linear_probe_s1,low_light,1,Cherry_(including_sour)___healthy,0.9850746268656716
linear_probe_s1,low_light,1,Corn_(maize)___Cercospora_leaf_spot_Gray_leaf_spot,0.9047619047619048
linear_probe_s1,low_light,1,Corn_(maize)___Common_rust_,1.0
linear_probe_s1,low_light,1,Corn_(maize)___Northern_Leaf_Blight,0.9473684210526315
linear_probe_s1,low_light,1,Corn_(maize)___healthy,1.0
linear_probe_s1,low_light,1,Grape___Black_rot,0.8958333333333334
linear_probe_s1,low_light,1,Grape___Esca_(Black_Measles),0.9333333333333333
linear_probe_s1,low_light,1,Grape___Leaf_blight_(Isariopsis_Leaf_Spot),0.9772727272727273
linear_probe_s1,low_light,1,Grape___healthy,1.0
linear_probe_s1,low_light,1,Orange___Haunglongbing_(Citrus_greening),0.9909502262443439
linear_probe_s1,low_light,1,Peach___Bacterial_spot,0.9310344827586207
linear_probe_s1,low_light,1,Peach___healthy,0.5185185185185185
linear_probe_s1,low_light,1,"Pepper,_bell___Bacterial_spot",0.7647058823529411
linear_probe_s1,low_light,1,"Pepper,_bell___healthy",0.9203539823008849
linear_probe_s1,low_light,1,Potato___Early_blight,0.9873417721518988
linear_probe_s1,low_light,1,Potato___Late_blight,0.891566265060241
linear_probe_s1,low_light,1,Potato___healthy,1.0
linear_probe_s1,low_light,1,Raspberry___healthy,0.6363636363636364
linear_probe_s1,low_light,1,Soybean___healthy,0.9901477832512315
linear_probe_s1,low_light,1,Squash___Powdery_mildew,0.9931972789115646
linear_probe_s1,low_light,1,Strawberry___Leaf_scorch,1.0
linear_probe_s1,low_light,1,Strawberry___healthy,0.8823529411764706
linear_probe_s1,low_light,1,Tomato___Bacterial_spot,0.676923076923077
linear_probe_s1,low_light,1,Tomato___Early_blight,0.5671641791044776
linear_probe_s1,low_light,1,Tomato___Late_blight,0.47058823529411764
linear_probe_s1,low_light,1,Tomato___Leaf_Mold,0.711864406779661
linear_probe_s1,low_light,1,Tomato___Septoria_leaf_spot,0.7976190476190477
linear_probe_s1,low_light,1,Tomato___Spider_mites_Two-spotted_spider_mite,0.6181818181818182
linear_probe_s1,low_light,1,Tomato___Target_Spot,0.4927536231884058
linear_probe_s1,low_light,1,Tomato___Tomato_Yellow_Leaf_Curl_Virus,0.9353233830845771
linear_probe_s1,low_light,1,Tomato___Tomato_mosaic_virus,0.3333333333333333
linear_probe_s1,low_light,1,Tomato___healthy,0.9421487603305785
finetune_s42,low_light,1,Apple___Apple_scab,0.9803921568627451
finetune_s42,low_light,1,Apple___Black_rot,0.8620689655172413
finetune_s42,low_light,1,Apple___Cedar_apple_rust,0.625
finetune_s42,low_light,1,Apple___healthy,0.8907563025210085
finetune_s42,low_light,1,Blueberry___healthy,0.9090909090909091
finetune_s42,low_light,1,Cherry_(including_sour)___Powdery_mildew,1.0
finetune_s42,low_light,1,Cherry_(including_sour)___healthy,0.9577464788732394
finetune_s42,low_light,1,Corn_(maize)___Cercospora_leaf_spot_Gray_leaf_spot,0.9230769230769231
finetune_s42,low_light,1,Corn_(maize)___Common_rust_,0.9795918367346939
finetune_s42,low_light,1,Corn_(maize)___Northern_Leaf_Blight,0.9382716049382716
finetune_s42,low_light,1,Corn_(maize)___healthy,1.0
finetune_s42,low_light,1,Grape___Black_rot,1.0
finetune_s42,low_light,1,Grape___Esca_(Black_Measles),1.0
finetune_s42,low_light,1,Grape___Leaf_blight_(Isariopsis_Leaf_Spot),1.0
finetune_s42,low_light,1,Grape___healthy,1.0
finetune_s42,low_light,1,Orange___Haunglongbing_(Citrus_greening),0.9977324263038548
finetune_s42,low_light,1,Peach___Bacterial_spot,0.989247311827957
finetune_s42,low_light,1,Peach___healthy,0.9230769230769231
finetune_s42,low_light,1,"Pepper,_bell___Bacterial_spot",0.9195402298850575
finetune_s42,low_light,1,"Pepper,_bell___healthy",0.9473684210526315
finetune_s42,low_light,1,Potato___Early_blight,1.0
finetune_s42,low_light,1,Potato___Late_blight,0.9876543209876543
finetune_s42,low_light,1,Potato___healthy,0.9090909090909091
finetune_s42,low_light,1,Raspberry___healthy,0.8888888888888888
finetune_s42,low_light,1,Soybean___healthy,0.9484536082474226
finetune_s42,low_light,1,Squash___Powdery_mildew,0.9496402877697842
finetune_s42,low_light,1,Strawberry___Leaf_scorch,0.9565217391304348
finetune_s42,low_light,1,Strawberry___healthy,0.918918918918919
finetune_s42,low_light,1,Tomato___Bacterial_spot,0.411214953271028
finetune_s42,low_light,1,Tomato___Early_blight,0.6206896551724138
finetune_s42,low_light,1,Tomato___Late_blight,0.49504950495049505
finetune_s42,low_light,1,Tomato___Leaf_Mold,0.7333333333333333
finetune_s42,low_light,1,Tomato___Septoria_leaf_spot,0.39775910364145656
finetune_s42,low_light,1,Tomato___Spider_mites_Two-spotted_spider_mite,0.9147286821705426
finetune_s42,low_light,1,Tomato___Target_Spot,0.7872340425531915
finetune_s42,low_light,1,Tomato___Tomato_Yellow_Leaf_Curl_Virus,0.9881796690307328
finetune_s42,low_light,1,Tomato___Tomato_mosaic_virus,0.896551724137931
finetune_s42,low_light,1,Tomato___healthy,0.7924528301886793
finetune_s0,low_light,1,Apple___Apple_scab,0.9803921568627451
finetune_s0,low_light,1,Apple___Black_rot,1.0
finetune_s0,low_light,1,Apple___Cedar_apple_rust,0.9
finetune_s0,low_light,1,Apple___healthy,0.9767441860465116
finetune_s0,low_light,1,Blueberry___healthy,0.9917355371900827
finetune_s0,low_light,1,Cherry_(including_sour)___Powdery_mildew,1.0
finetune_s0,low_light,1,Cherry_(including_sour)___healthy,1.0
finetune_s0,low_light,1,Corn_(maize)___Cercospora_leaf_spot_Gray_leaf_spot,0.9090909090909091
finetune_s0,low_light,1,Corn_(maize)___Common_rust_,0.9896907216494846
finetune_s0,low_light,1,Corn_(maize)___Northern_Leaf_Blight,0.9210526315789473
finetune_s0,low_light,1,Corn_(maize)___healthy,1.0
finetune_s0,low_light,1,Grape___Black_rot,1.0
finetune_s0,low_light,1,Grape___Esca_(Black_Measles),1.0
finetune_s0,low_light,1,Grape___Leaf_blight_(Isariopsis_Leaf_Spot),1.0
finetune_s0,low_light,1,Grape___healthy,0.9696969696969697
finetune_s0,low_light,1,Orange___Haunglongbing_(Citrus_greening),1.0
finetune_s0,low_light,1,Peach___Bacterial_spot,0.9735449735449735
finetune_s0,low_light,1,Peach___healthy,0.782608695652174
finetune_s0,low_light,1,"Pepper,_bell___Bacterial_spot",0.9876543209876543
finetune_s0,low_light,1,"Pepper,_bell___healthy",1.0
finetune_s0,low_light,1,Potato___Early_blight,0.9629629629629629
finetune_s0,low_light,1,Potato___Late_blight,0.961038961038961
finetune_s0,low_light,1,Potato___healthy,0.9230769230769231
finetune_s0,low_light,1,Raspberry___healthy,0.8461538461538461
finetune_s0,low_light,1,Soybean___healthy,0.9593908629441624
finetune_s0,low_light,1,Squash___Powdery_mildew,0.9931972789115646
finetune_s0,low_light,1,Strawberry___Leaf_scorch,1.0
finetune_s0,low_light,1,Strawberry___healthy,0.8181818181818182
finetune_s0,low_light,1,Tomato___Bacterial_spot,0.24742268041237114
finetune_s0,low_light,1,Tomato___Early_blight,0.49056603773584906
finetune_s0,low_light,1,Tomato___Late_blight,0.8740740740740741
finetune_s0,low_light,1,Tomato___Leaf_Mold,0.8947368421052632
finetune_s0,low_light,1,Tomato___Septoria_leaf_spot,0.46557377049180326
finetune_s0,low_light,1,Tomato___Spider_mites_Two-spotted_spider_mite,0.8992248062015504
finetune_s0,low_light,1,Tomato___Target_Spot,0.6666666666666666
finetune_s0,low_light,1,Tomato___Tomato_Yellow_Leaf_Curl_Virus,0.9953271028037384
finetune_s0,low_light,1,Tomato___Tomato_mosaic_virus,0.9090909090909091
finetune_s0,low_light,1,Tomato___healthy,0.9508196721311475
finetune_s1,low_light,1,Apple___Apple_scab,0.9803921568627451
finetune_s1,low_light,1,Apple___Black_rot,1.0
finetune_s1,low_light,1,Apple___Cedar_apple_rust,0.9523809523809523
finetune_s1,low_light,1,Apple___healthy,0.9180327868852459
finetune_s1,low_light,1,Blueberry___healthy,0.9090909090909091
finetune_s1,low_light,1,Cherry_(including_sour)___Powdery_mildew,0.9882352941176471
finetune_s1,low_light,1,Cherry_(including_sour)___healthy,1.0
finetune_s1,low_light,1,Corn_(maize)___Cercospora_leaf_spot_Gray_leaf_spot,0.9473684210526315
finetune_s1,low_light,1,Corn_(maize)___Common_rust_,0.9795918367346939
finetune_s1,low_light,1,Corn_(maize)___Northern_Leaf_Blight,0.9512195121951219
finetune_s1,low_light,1,Corn_(maize)___healthy,1.0
finetune_s1,low_light,1,Grape___Black_rot,0.9782608695652174
finetune_s1,low_light,1,Grape___Esca_(Black_Measles),1.0
finetune_s1,low_light,1,Grape___Leaf_blight_(Isariopsis_Leaf_Spot),0.9885057471264368
finetune_s1,low_light,1,Grape___healthy,0.8275862068965517
finetune_s1,low_light,1,Orange___Haunglongbing_(Citrus_greening),0.9908256880733946
finetune_s1,low_light,1,Peach___Bacterial_spot,0.9945945945945946
finetune_s1,low_light,1,Peach___healthy,0.9230769230769231
finetune_s1,low_light,1,"Pepper,_bell___Bacterial_spot",1.0
finetune_s1,low_light,1,"Pepper,_bell___healthy",1.0
finetune_s1,low_light,1,Potato___Early_blight,0.9743589743589743
finetune_s1,low_light,1,Potato___Late_blight,0.9620253164556962
finetune_s1,low_light,1,Potato___healthy,1.0
finetune_s1,low_light,1,Raspberry___healthy,0.9285714285714286
finetune_s1,low_light,1,Soybean___healthy,0.9402597402597402
finetune_s1,low_light,1,Squash___Powdery_mildew,0.8769230769230769
finetune_s1,low_light,1,Strawberry___Leaf_scorch,0.9887640449438202
finetune_s1,low_light,1,Strawberry___healthy,0.972972972972973
finetune_s1,low_light,1,Tomato___Bacterial_spot,0.22916666666666666
finetune_s1,low_light,1,Tomato___Early_blight,0.6206896551724138
finetune_s1,low_light,1,Tomato___Late_blight,0.6055045871559633
finetune_s1,low_light,1,Tomato___Leaf_Mold,0.8529411764705882
finetune_s1,low_light,1,Tomato___Septoria_leaf_spot,0.398876404494382
finetune_s1,low_light,1,Tomato___Spider_mites_Two-spotted_spider_mite,0.9850746268656716
finetune_s1,low_light,1,Tomato___Target_Spot,0.7956989247311828
finetune_s1,low_light,1,Tomato___Tomato_Yellow_Leaf_Curl_Virus,0.9882352941176471
finetune_s1,low_light,1,Tomato___Tomato_mosaic_virus,0.8571428571428571
finetune_s1,low_light,1,Tomato___healthy,0.967741935483871
linear_probe_s42,low_light,2,Apple___Apple_scab,0.684931506849315
linear_probe_s42,low_light,2,Apple___Black_rot,0.6111111111111112
linear_probe_s42,low_light,2,Apple___Cedar_apple_rust,0.9523809523809523
linear_probe_s42,low_light,2,Apple___healthy,0.831858407079646
linear_probe_s42,low_light,2,Blueberry___healthy,0.9310344827586207
linear_probe_s42,low_light,2,Cherry_(including_sour)___Powdery_mildew,0.9523809523809523
linear_probe_s42,low_light,2,Cherry_(including_sour)___healthy,0.8852459016393442
linear_probe_s42,low_light,2,Corn_(maize)___Cercospora_leaf_spot_Gray_leaf_spot,0.85
linear_probe_s42,low_light,2,Corn_(maize)___Common_rust_,0.9795918367346939
linear_probe_s42,low_light,2,Corn_(maize)___Northern_Leaf_Blight,0.8780487804878049
linear_probe_s42,low_light,2,Corn_(maize)___healthy,1.0
linear_probe_s42,low_light,2,Grape___Black_rot,0.6301369863013698
linear_probe_s42,low_light,2,Grape___Esca_(Black_Measles),0.8952380952380953
linear_probe_s42,low_light,2,Grape___Leaf_blight_(Isariopsis_Leaf_Spot),0.9052631578947369
linear_probe_s42,low_light,2,Grape___healthy,0.9142857142857143
linear_probe_s42,low_light,2,Orange___Haunglongbing_(Citrus_greening),0.9770642201834863
linear_probe_s42,low_light,2,Peach___Bacterial_spot,0.8982035928143712
linear_probe_s42,low_light,2,Peach___healthy,0.4444444444444444
linear_probe_s42,low_light,2,"Pepper,_bell___Bacterial_spot",0.4519774011299435
linear_probe_s42,low_light,2,"Pepper,_bell___healthy",0.6436781609195402
linear_probe_s42,low_light,2,Potato___Early_blight,0.9333333333333333
linear_probe_s42,low_light,2,Potato___Late_blight,0.7956989247311828
linear_probe_s42,low_light,2,Potato___healthy,1.0
linear_probe_s42,low_light,2,Raspberry___healthy,0.5
linear_probe_s42,low_light,2,Soybean___healthy,0.9571428571428572
linear_probe_s42,low_light,2,Squash___Powdery_mildew,0.954248366013072
linear_probe_s42,low_light,2,Strawberry___Leaf_scorch,0.9397590361445783
linear_probe_s42,low_light,2,Strawberry___healthy,0.7586206896551724
linear_probe_s42,low_light,2,Tomato___Bacterial_spot,0.608
linear_probe_s42,low_light,2,Tomato___Early_blight,0.45614035087719296
linear_probe_s42,low_light,2,Tomato___Late_blight,0.14285714285714285
linear_probe_s42,low_light,2,Tomato___Leaf_Mold,0.34782608695652173
linear_probe_s42,low_light,2,Tomato___Septoria_leaf_spot,0.5506072874493927
linear_probe_s42,low_light,2,Tomato___Spider_mites_Two-spotted_spider_mite,0.6111111111111112
linear_probe_s42,low_light,2,Tomato___Target_Spot,0.4692737430167598
linear_probe_s42,low_light,2,Tomato___Tomato_Yellow_Leaf_Curl_Virus,0.8720626631853786
linear_probe_s42,low_light,2,Tomato___Tomato_mosaic_virus,0.0
linear_probe_s42,low_light,2,Tomato___healthy,0.907563025210084
linear_probe_s0,low_light,2,Apple___Apple_scab,0.6944444444444444
linear_probe_s0,low_light,2,Apple___Black_rot,0.6111111111111112
linear_probe_s0,low_light,2,Apple___Cedar_apple_rust,0.5333333333333333
linear_probe_s0,low_light,2,Apple___healthy,0.8925619834710744
linear_probe_s0,low_light,2,Blueberry___healthy,0.9565217391304348
linear_probe_s0,low_light,2,Cherry_(including_sour)___Powdery_mildew,0.9512195121951219
linear_probe_s0,low_light,2,Cherry_(including_sour)___healthy,0.9375
linear_probe_s0,low_light,2,Corn_(maize)___Cercospora_leaf_spot_Gray_leaf_spot,0.782608695652174
linear_probe_s0,low_light,2,Corn_(maize)___Common_rust_,0.9896907216494846
linear_probe_s0,low_light,2,Corn_(maize)___Northern_Leaf_Blight,0.88
linear_probe_s0,low_light,2,Corn_(maize)___healthy,1.0
linear_probe_s0,low_light,2,Grape___Black_rot,0.5671641791044776
linear_probe_s0,low_light,2,Grape___Esca_(Black_Measles),0.9259259259259259
linear_probe_s0,low_light,2,Grape___Leaf_blight_(Isariopsis_Leaf_Spot),0.9010989010989011
linear_probe_s0,low_light,2,Grape___healthy,0.9375
linear_probe_s0,low_light,2,Orange___Haunglongbing_(Citrus_greening),0.9819004524886877
linear_probe_s0,low_light,2,Peach___Bacterial_spot,0.9617486338797814
linear_probe_s0,low_light,2,Peach___healthy,0.6363636363636364
linear_probe_s0,low_light,2,"Pepper,_bell___Bacterial_spot",0.6451612903225806
linear_probe_s0,low_light,2,"Pepper,_bell___healthy",0.8080808080808081
linear_probe_s0,low_light,2,Potato___Early_blight,0.9333333333333333
linear_probe_s0,low_light,2,Potato___Late_blight,0.7450980392156863
linear_probe_s0,low_light,2,Potato___healthy,0.9090909090909091
linear_probe_s0,low_light,2,Raspberry___healthy,0.6363636363636364
linear_probe_s0,low_light,2,Soybean___healthy,0.9598108747044918
linear_probe_s0,low_light,2,Squash___Powdery_mildew,0.9171974522292994
linear_probe_s0,low_light,2,Strawberry___Leaf_scorch,0.9647058823529412
linear_probe_s0,low_light,2,Strawberry___healthy,0.7142857142857143
linear_probe_s0,low_light,2,Tomato___Bacterial_spot,0.5043478260869565
linear_probe_s0,low_light,2,Tomato___Early_blight,0.39215686274509803
linear_probe_s0,low_light,2,Tomato___Late_blight,0.18823529411764706
linear_probe_s0,low_light,2,Tomato___Leaf_Mold,0.3111111111111111
linear_probe_s0,low_light,2,Tomato___Septoria_leaf_spot,0.5418326693227091
linear_probe_s0,low_light,2,Tomato___Spider_mites_Two-spotted_spider_mite,0.5125628140703518
linear_probe_s0,low_light,2,Tomato___Target_Spot,0.417910447761194
linear_probe_s0,low_light,2,Tomato___Tomato_Yellow_Leaf_Curl_Virus,0.8260869565217391
linear_probe_s0,low_light,2,Tomato___Tomato_mosaic_virus,0.0
linear_probe_s0,low_light,2,Tomato___healthy,0.72
linear_probe_s1,low_light,2,Apple___Apple_scab,0.7352941176470589
linear_probe_s1,low_light,2,Apple___Black_rot,0.48484848484848486
linear_probe_s1,low_light,2,Apple___Cedar_apple_rust,0.3076923076923077
linear_probe_s1,low_light,2,Apple___healthy,0.8818897637795275
linear_probe_s1,low_light,2,Blueberry___healthy,0.9473684210526315
linear_probe_s1,low_light,2,Cherry_(including_sour)___Powdery_mildew,0.9367088607594937
linear_probe_s1,low_light,2,Cherry_(including_sour)___healthy,0.7407407407407407
linear_probe_s1,low_light,2,Corn_(maize)___Cercospora_leaf_spot_Gray_leaf_spot,0.7659574468085106
linear_probe_s1,low_light,2,Corn_(maize)___Common_rust_,1.0
linear_probe_s1,low_light,2,Corn_(maize)___Northern_Leaf_Blight,0.8648648648648649
linear_probe_s1,low_light,2,Corn_(maize)___healthy,0.989010989010989
linear_probe_s1,low_light,2,Grape___Black_rot,0.6666666666666666
linear_probe_s1,low_light,2,Grape___Esca_(Black_Measles),0.9345794392523364
linear_probe_s1,low_light,2,Grape___Leaf_blight_(Isariopsis_Leaf_Spot),0.9333333333333333
linear_probe_s1,low_light,2,Grape___healthy,0.9411764705882353
linear_probe_s1,low_light,2,Orange___Haunglongbing_(Citrus_greening),0.9748283752860412
linear_probe_s1,low_light,2,Peach___Bacterial_spot,0.9239766081871345
linear_probe_s1,low_light,2,Peach___healthy,0.4307692307692308
linear_probe_s1,low_light,2,"Pepper,_bell___Bacterial_spot",0.5228758169934641
linear_probe_s1,low_light,2,"Pepper,_bell___healthy",0.7311827956989247
linear_probe_s1,low_light,2,Potato___Early_blight,0.9473684210526315
linear_probe_s1,low_light,2,Potato___Late_blight,0.8222222222222222
linear_probe_s1,low_light,2,Potato___healthy,0.8
linear_probe_s1,low_light,2,Raspberry___healthy,0.5
linear_probe_s1,low_light,2,Soybean___healthy,0.9705882352941176
linear_probe_s1,low_light,2,Squash___Powdery_mildew,0.935064935064935
linear_probe_s1,low_light,2,Strawberry___Leaf_scorch,0.9523809523809523
linear_probe_s1,low_light,2,Strawberry___healthy,0.8
linear_probe_s1,low_light,2,Tomato___Bacterial_spot,0.42201834862385323
linear_probe_s1,low_light,2,Tomato___Early_blight,0.4230769230769231
linear_probe_s1,low_light,2,Tomato___Late_blight,0.22988505747126436
linear_probe_s1,low_light,2,Tomato___Leaf_Mold,0.4489795918367347
linear_probe_s1,low_light,2,Tomato___Septoria_leaf_spot,0.5638766519823789
linear_probe_s1,low_light,2,Tomato___Spider_mites_Two-spotted_spider_mite,0.48863636363636365
linear_probe_s1,low_light,2,Tomato___Target_Spot,0.3356643356643357
linear_probe_s1,low_light,2,Tomato___Tomato_Yellow_Leaf_Curl_Virus,0.7865168539325843
linear_probe_s1,low_light,2,Tomato___Tomato_mosaic_virus,0.0
linear_probe_s1,low_light,2,Tomato___healthy,0.5934065934065934
finetune_s42,low_light,2,Apple___Apple_scab,0.6111111111111112
finetune_s42,low_light,2,Apple___Black_rot,0.4948453608247423
finetune_s42,low_light,2,Apple___Cedar_apple_rust,0.0
finetune_s42,low_light,2,Apple___healthy,0.08695652173913043
finetune_s42,low_light,2,Blueberry___healthy,0.8636363636363636
finetune_s42,low_light,2,Cherry_(including_sour)___Powdery_mildew,0.9090909090909091
finetune_s42,low_light,2,Cherry_(including_sour)___healthy,0.6923076923076923
finetune_s42,low_light,2,Corn_(maize)___Cercospora_leaf_spot_Gray_leaf_spot,0.76
finetune_s42,low_light,2,Corn_(maize)___Common_rust_,0.8135593220338984
finetune_s42,low_light,2,Corn_(maize)___Northern_Leaf_Blight,0.7037037037037037
finetune_s42,low_light,2,Corn_(maize)___healthy,0.7397260273972602
finetune_s42,low_light,2,Grape___Black_rot,0.6376811594202898
finetune_s42,low_light,2,Grape___Esca_(Black_Measles),0.9
finetune_s42,low_light,2,Grape___Leaf_blight_(Isariopsis_Leaf_Spot),0.8674698795180723
finetune_s42,low_light,2,Grape___healthy,0.6923076923076923
finetune_s42,low_light,2,Orange___Haunglongbing_(Citrus_greening),0.9648711943793911
finetune_s42,low_light,2,Peach___Bacterial_spot,0.8681318681318682
finetune_s42,low_light,2,Peach___healthy,0.6
finetune_s42,low_light,2,"Pepper,_bell___Bacterial_spot",0.5333333333333333
finetune_s42,low_light,2,"Pepper,_bell___healthy",0.5227272727272727
finetune_s42,low_light,2,Potato___Early_blight,0.7435897435897436
finetune_s42,low_light,2,Potato___Late_blight,0.3333333333333333
finetune_s42,low_light,2,Potato___healthy,0.0
finetune_s42,low_light,2,Raspberry___healthy,0.0
finetune_s42,low_light,2,Soybean___healthy,0.30578512396694213
finetune_s42,low_light,2,Squash___Powdery_mildew,0.773109243697479
finetune_s42,low_light,2,Strawberry___Leaf_scorch,0.45595854922279794
finetune_s42,low_light,2,Strawberry___healthy,0.36363636363636365
finetune_s42,low_light,2,Tomato___Bacterial_spot,0.0
finetune_s42,low_light,2,Tomato___Early_blight,0.09523809523809523
finetune_s42,low_light,2,Tomato___Late_blight,0.0759493670886076
finetune_s42,low_light,2,Tomato___Leaf_Mold,0.1
finetune_s42,low_light,2,Tomato___Septoria_leaf_spot,0.18857901726427623
finetune_s42,low_light,2,Tomato___Spider_mites_Two-spotted_spider_mite,0.21333333333333335
finetune_s42,low_light,2,Tomato___Target_Spot,0.24615384615384617
finetune_s42,low_light,2,Tomato___Tomato_Yellow_Leaf_Curl_Virus,0.8494623655913979
finetune_s42,low_light,2,Tomato___Tomato_mosaic_virus,0.6086956521739131
finetune_s42,low_light,2,Tomato___healthy,0.08955223880597014
finetune_s0,low_light,2,Apple___Apple_scab,0.8627450980392157
finetune_s0,low_light,2,Apple___Black_rot,0.4117647058823529
finetune_s0,low_light,2,Apple___Cedar_apple_rust,0.16666666666666666
finetune_s0,low_light,2,Apple___healthy,0.5
finetune_s0,low_light,2,Blueberry___healthy,0.7891156462585034
finetune_s0,low_light,2,Cherry_(including_sour)___Powdery_mildew,0.9135802469135802
finetune_s0,low_light,2,Cherry_(including_sour)___healthy,0.8888888888888888
finetune_s0,low_light,2,Corn_(maize)___Cercospora_leaf_spot_Gray_leaf_spot,0.7407407407407407
finetune_s0,low_light,2,Corn_(maize)___Common_rust_,0.9411764705882353
finetune_s0,low_light,2,Corn_(maize)___Northern_Leaf_Blight,0.8611111111111112
finetune_s0,low_light,2,Corn_(maize)___healthy,0.9176470588235294
finetune_s0,low_light,2,Grape___Black_rot,0.45901639344262296
finetune_s0,low_light,2,Grape___Esca_(Black_Measles),0.8943089430894309
finetune_s0,low_light,2,Grape___Leaf_blight_(Isariopsis_Leaf_Spot),0.8941176470588236
finetune_s0,low_light,2,Grape___healthy,0.6923076923076923
finetune_s0,low_light,2,Orange___Haunglongbing_(Citrus_greening),0.9671361502347418
finetune_s0,low_light,2,Peach___Bacterial_spot,0.8911917098445595
finetune_s0,low_light,2,Peach___healthy,0.13333333333333333
finetune_s0,low_light,2,"Pepper,_bell___Bacterial_spot",0.9512195121951219
finetune_s0,low_light,2,"Pepper,_bell___healthy",0.8990825688073395
finetune_s0,low_light,2,Potato___Early_blight,0.7397260273972602
finetune_s0,low_light,2,Potato___Late_blight,0.0
finetune_s0,low_light,2,Potato___healthy,0.0
finetune_s0,low_light,2,Raspberry___healthy,0.6363636363636364
finetune_s0,low_light,2,Soybean___healthy,0.46441947565543074
finetune_s0,low_light,2,Squash___Powdery_mildew,0.8944099378881988
finetune_s0,low_light,2,Strawberry___Leaf_scorch,0.5906040268456376
finetune_s0,low_light,2,Strawberry___healthy,0.6938775510204082
finetune_s0,low_light,2,Tomato___Bacterial_spot,0.0
finetune_s0,low_light,2,Tomato___Early_blight,0.0
finetune_s0,low_light,2,Tomato___Late_blight,0.0759493670886076
finetune_s0,low_light,2,Tomato___Leaf_Mold,0.47058823529411764
finetune_s0,low_light,2,Tomato___Septoria_leaf_spot,0.18783068783068782
finetune_s0,low_light,2,Tomato___Spider_mites_Two-spotted_spider_mite,0.23376623376623376
finetune_s0,low_light,2,Tomato___Target_Spot,0.0
finetune_s0,low_light,2,Tomato___Tomato_Yellow_Leaf_Curl_Virus,0.8766404199475065
finetune_s0,low_light,2,Tomato___Tomato_mosaic_virus,0.36666666666666664
finetune_s0,low_light,2,Tomato___healthy,0.3116883116883117
finetune_s1,low_light,2,Apple___Apple_scab,0.3333333333333333
finetune_s1,low_light,2,Apple___Black_rot,0.36363636363636365
finetune_s1,low_light,2,Apple___Cedar_apple_rust,0.16666666666666666
finetune_s1,low_light,2,Apple___healthy,0.0
finetune_s1,low_light,2,Blueberry___healthy,0.5106382978723404
finetune_s1,low_light,2,Cherry_(including_sour)___Powdery_mildew,0.9090909090909091
finetune_s1,low_light,2,Cherry_(including_sour)___healthy,0.8055555555555556
finetune_s1,low_light,2,Corn_(maize)___Cercospora_leaf_spot_Gray_leaf_spot,0.8947368421052632
finetune_s1,low_light,2,Corn_(maize)___Common_rust_,0.8888888888888888
finetune_s1,low_light,2,Corn_(maize)___Northern_Leaf_Blight,0.926829268292683
finetune_s1,low_light,2,Corn_(maize)___healthy,1.0
finetune_s1,low_light,2,Grape___Black_rot,0.12
finetune_s1,low_light,2,Grape___Esca_(Black_Measles),0.9401709401709402
finetune_s1,low_light,2,Grape___Leaf_blight_(Isariopsis_Leaf_Spot),0.7407407407407407
finetune_s1,low_light,2,Grape___healthy,0.0
finetune_s1,low_light,2,Orange___Haunglongbing_(Citrus_greening),0.61198738170347
finetune_s1,low_light,2,Peach___Bacterial_spot,0.8983957219251337
finetune_s1,low_light,2,Peach___healthy,0.0
finetune_s1,low_light,2,"Pepper,_bell___Bacterial_spot",0.8378378378378378
finetune_s1,low_light,2,"Pepper,_bell___healthy",0.8909090909090909
finetune_s1,low_light,2,Potato___Early_blight,0.2553191489361702
finetune_s1,low_light,2,Potato___Late_blight,0.04878048780487805
finetune_s1,low_light,2,Potato___healthy,0.0
finetune_s1,low_light,2,Raspberry___healthy,0.42105263157894735
finetune_s1,low_light,2,Soybean___healthy,0.48175182481751827
finetune_s1,low_light,2,Squash___Powdery_mildew,0.41304347826086957
finetune_s1,low_light,2,Strawberry___Leaf_scorch,0.7154471544715447
finetune_s1,low_light,2,Strawberry___healthy,0.38461538461538464
finetune_s1,low_light,2,Tomato___Bacterial_spot,0.0
finetune_s1,low_light,2,Tomato___Early_blight,0.04878048780487805
finetune_s1,low_light,2,Tomato___Late_blight,0.0
finetune_s1,low_light,2,Tomato___Leaf_Mold,0.05128205128205128
finetune_s1,low_light,2,Tomato___Septoria_leaf_spot,0.13536701620591038
finetune_s1,low_light,2,Tomato___Spider_mites_Two-spotted_spider_mite,0.1643835616438356
finetune_s1,low_light,2,Tomato___Target_Spot,0.06896551724137931
finetune_s1,low_light,2,Tomato___Tomato_Yellow_Leaf_Curl_Virus,0.6148867313915858
finetune_s1,low_light,2,Tomato___Tomato_mosaic_virus,0.3283582089552239
finetune_s1,low_light,2,Tomato___healthy,0.24324324324324326
linear_probe_s42,low_light,3,Apple___Apple_scab,0.1895734597156398
linear_probe_s42,low_light,3,Apple___Black_rot,0.14814814814814814
linear_probe_s42,low_light,3,Apple___Cedar_apple_rust,0.0
linear_probe_s42,low_light,3,Apple___healthy,0.4421052631578947
linear_probe_s42,low_light,3,Blueberry___healthy,0.5185185185185185
linear_probe_s42,low_light,3,Cherry_(including_sour)___Powdery_mildew,0.625
linear_probe_s42,low_light,3,Cherry_(including_sour)___healthy,0.05714285714285714
linear_probe_s42,low_light,3,Corn_(maize)___Cercospora_leaf_spot_Gray_leaf_spot,0.49230769230769234
linear_probe_s42,low_light,3,Corn_(maize)___Common_rust_,0.8444444444444444
linear_probe_s42,low_light,3,Corn_(maize)___Northern_Leaf_Blight,0.5084745762711864
linear_probe_s42,low_light,3,Corn_(maize)___healthy,0.8035714285714286
linear_probe_s42,low_light,3,Grape___Black_rot,0.0
linear_probe_s42,low_light,3,Grape___Esca_(Black_Measles),0.3582089552238806
linear_probe_s42,low_light,3,Grape___Leaf_blight_(Isariopsis_Leaf_Spot),0.6436781609195402
linear_probe_s42,low_light,3,Grape___healthy,0.38461538461538464
linear_probe_s42,low_light,3,Orange___Haunglongbing_(Citrus_greening),0.7078651685393258
linear_probe_s42,low_light,3,Peach___Bacterial_spot,0.711864406779661
linear_probe_s42,low_light,3,Peach___healthy,0.32558139534883723
linear_probe_s42,low_light,3,"Pepper,_bell___Bacterial_spot",0.36809815950920244
linear_probe_s42,low_light,3,"Pepper,_bell___healthy",0.21212121212121213
linear_probe_s42,low_light,3,Potato___Early_blight,0.2222222222222222
linear_probe_s42,low_light,3,Potato___Late_blight,0.41509433962264153
linear_probe_s42,low_light,3,Potato___healthy,0.0
linear_probe_s42,low_light,3,Raspberry___healthy,0.0
linear_probe_s42,low_light,3,Soybean___healthy,0.7975708502024291
linear_probe_s42,low_light,3,Squash___Powdery_mildew,0.5360824742268041
linear_probe_s42,low_light,3,Strawberry___Leaf_scorch,0.6153846153846154
linear_probe_s42,low_light,3,Strawberry___healthy,0.2
linear_probe_s42,low_light,3,Tomato___Bacterial_spot,0.18181818181818182
linear_probe_s42,low_light,3,Tomato___Early_blight,0.047619047619047616
linear_probe_s42,low_light,3,Tomato___Late_blight,0.11904761904761904
linear_probe_s42,low_light,3,Tomato___Leaf_Mold,0.0
linear_probe_s42,low_light,3,Tomato___Septoria_leaf_spot,0.25190839694656486
linear_probe_s42,low_light,3,Tomato___Spider_mites_Two-spotted_spider_mite,0.12195121951219512
linear_probe_s42,low_light,3,Tomato___Target_Spot,0.2318840579710145
linear_probe_s42,low_light,3,Tomato___Tomato_Yellow_Leaf_Curl_Virus,0.5255972696245734
linear_probe_s42,low_light,3,Tomato___Tomato_mosaic_virus,0.0
linear_probe_s42,low_light,3,Tomato___healthy,0.5454545454545454
linear_probe_s0,low_light,3,Apple___Apple_scab,0.1623931623931624
linear_probe_s0,low_light,3,Apple___Black_rot,0.14814814814814814
linear_probe_s0,low_light,3,Apple___Cedar_apple_rust,0.0
linear_probe_s0,low_light,3,Apple___healthy,0.4158415841584158
linear_probe_s0,low_light,3,Blueberry___healthy,0.6153846153846154
linear_probe_s0,low_light,3,Cherry_(including_sour)___Powdery_mildew,0.5573770491803278
linear_probe_s0,low_light,3,Cherry_(including_sour)___healthy,0.0
linear_probe_s0,low_light,3,Corn_(maize)___Cercospora_leaf_spot_Gray_leaf_spot,0.1837837837837838
linear_probe_s0,low_light,3,Corn_(maize)___Common_rust_,0.8571428571428571
linear_probe_s0,low_light,3,Corn_(maize)___Northern_Leaf_Blight,0.18181818181818182
linear_probe_s0,low_light,3,Corn_(maize)___healthy,0.8256880733944955
linear_probe_s0,low_light,3,Grape___Black_rot,0.0
linear_probe_s0,low_light,3,Grape___Esca_(Black_Measles),0.25396825396825395
linear_probe_s0,low_light,3,Grape___Leaf_blight_(Isariopsis_Leaf_Spot),0.5882352941176471
linear_probe_s0,low_light,3,Grape___healthy,0.0
linear_probe_s0,low_light,3,Orange___Haunglongbing_(Citrus_greening),0.7851851851851852
linear_probe_s0,low_light,3,Peach___Bacterial_spot,0.7391304347826086
linear_probe_s0,low_light,3,Peach___healthy,0.2926829268292683
linear_probe_s0,low_light,3,"Pepper,_bell___Bacterial_spot",0.4819277108433735
linear_probe_s0,low_light,3,"Pepper,_bell___healthy",0.2857142857142857
linear_probe_s0,low_light,3,Potato___Early_blight,0.18181818181818182
linear_probe_s0,low_light,3,Potato___Late_blight,0.4126984126984127
linear_probe_s0,low_light,3,Potato___healthy,0.0
linear_probe_s0,low_light,3,Raspberry___healthy,0.0
linear_probe_s0,low_light,3,Soybean___healthy,0.7624521072796935
linear_probe_s0,low_light,3,Squash___Powdery_mildew,0.5578947368421052
linear_probe_s0,low_light,3,Strawberry___Leaf_scorch,0.6285714285714286
linear_probe_s0,low_light,3,Strawberry___healthy,0.2857142857142857
linear_probe_s0,low_light,3,Tomato___Bacterial_spot,0.0
linear_probe_s0,low_light,3,Tomato___Early_blight,0.0
linear_probe_s0,low_light,3,Tomato___Late_blight,0.12195121951219512
linear_probe_s0,low_light,3,Tomato___Leaf_Mold,0.09523809523809523
linear_probe_s0,low_light,3,Tomato___Septoria_leaf_spot,0.2771855010660981
linear_probe_s0,low_light,3,Tomato___Spider_mites_Two-spotted_spider_mite,0.18032786885245902
linear_probe_s0,low_light,3,Tomato___Target_Spot,0.24369747899159663
linear_probe_s0,low_light,3,Tomato___Tomato_Yellow_Leaf_Curl_Virus,0.34108527131782945
linear_probe_s0,low_light,3,Tomato___Tomato_mosaic_virus,0.0
linear_probe_s0,low_light,3,Tomato___healthy,0.46808510638297873
linear_probe_s1,low_light,3,Apple___Apple_scab,0.19753086419753085
linear_probe_s1,low_light,3,Apple___Black_rot,0.14814814814814814
linear_probe_s1,low_light,3,Apple___Cedar_apple_rust,0.0
linear_probe_s1,low_light,3,Apple___healthy,0.5571428571428572
linear_probe_s1,low_light,3,Blueberry___healthy,0.49645390070921985
linear_probe_s1,low_light,3,Cherry_(including_sour)___Powdery_mildew,0.576271186440678
linear_probe_s1,low_light,3,Cherry_(including_sour)___healthy,0.0
linear_probe_s1,low_light,3,Corn_(maize)___Cercospora_leaf_spot_Gray_leaf_spot,0.17989417989417988
linear_probe_s1,low_light,3,Corn_(maize)___Common_rust_,0.8048780487804879
linear_probe_s1,low_light,3,Corn_(maize)___Northern_Leaf_Blight,0.09302325581395349
linear_probe_s1,low_light,3,Corn_(maize)___healthy,0.8541666666666666
linear_probe_s1,low_light,3,Grape___Black_rot,0.0
linear_probe_s1,low_light,3,Grape___Esca_(Black_Measles),0.4057971014492754
linear_probe_s1,low_light,3,Grape___Leaf_blight_(Isariopsis_Leaf_Spot),0.4918032786885246
linear_probe_s1,low_light,3,Grape___healthy,0.2
linear_probe_s1,low_light,3,Orange___Haunglongbing_(Citrus_greening),0.6666666666666666
linear_probe_s1,low_light,3,Peach___Bacterial_spot,0.7291666666666666
linear_probe_s1,low_light,3,Peach___healthy,0.23880597014925373
linear_probe_s1,low_light,3,"Pepper,_bell___Bacterial_spot",0.4426229508196721
linear_probe_s1,low_light,3,"Pepper,_bell___healthy",0.23529411764705882
linear_probe_s1,low_light,3,Potato___Early_blight,0.2978723404255319
linear_probe_s1,low_light,3,Potato___Late_blight,0.5074626865671642
linear_probe_s1,low_light,3,Potato___healthy,0.0
linear_probe_s1,low_light,3,Raspberry___healthy,0.0
linear_probe_s1,low_light,3,Soybean___healthy,0.8656036446469249
linear_probe_s1,low_light,3,Squash___Powdery_mildew,0.5581395348837209
linear_probe_s1,low_light,3,Strawberry___Leaf_scorch,0.4827586206896552
linear_probe_s1,low_light,3,Strawberry___healthy,0.43478260869565216
linear_probe_s1,low_light,3,Tomato___Bacterial_spot,0.0
linear_probe_s1,low_light,3,Tomato___Early_blight,0.0
linear_probe_s1,low_light,3,Tomato___Late_blight,0.14457831325301204
linear_probe_s1,low_light,3,Tomato___Leaf_Mold,0.09523809523809523
linear_probe_s1,low_light,3,Tomato___Septoria_leaf_spot,0.25833333333333336
linear_probe_s1,low_light,3,Tomato___Spider_mites_Two-spotted_spider_mite,0.0625
linear_probe_s1,low_light,3,Tomato___Target_Spot,0.1945945945945946
linear_probe_s1,low_light,3,Tomato___Tomato_Yellow_Leaf_Curl_Virus,0.288
linear_probe_s1,low_light,3,Tomato___Tomato_mosaic_virus,0.0
linear_probe_s1,low_light,3,Tomato___healthy,0.3855421686746988
finetune_s42,low_light,3,Apple___Apple_scab,0.0
finetune_s42,low_light,3,Apple___Black_rot,0.37735849056603776
finetune_s42,low_light,3,Apple___Cedar_apple_rust,0.0
finetune_s42,low_light,3,Apple___healthy,0.0
finetune_s42,low_light,3,Blueberry___healthy,0.09523809523809523
finetune_s42,low_light,3,Cherry_(including_sour)___Powdery_mildew,0.0
finetune_s42,low_light,3,Cherry_(including_sour)___healthy,0.024691358024691357
finetune_s42,low_light,3,Corn_(maize)___Cercospora_leaf_spot_Gray_leaf_spot,0.6842105263157895
finetune_s42,low_light,3,Corn_(maize)___Common_rust_,0.35555555555555557
finetune_s42,low_light,3,Corn_(maize)___Northern_Leaf_Blight,0.13333333333333333
finetune_s42,low_light,3,Corn_(maize)___healthy,0.0
finetune_s42,low_light,3,Grape___Black_rot,0.0
finetune_s42,low_light,3,Grape___Esca_(Black_Measles),0.5476190476190477
finetune_s42,low_light,3,Grape___Leaf_blight_(Isariopsis_Leaf_Spot),0.044444444444444446
finetune_s42,low_light,3,Grape___healthy,0.0
finetune_s42,low_light,3,Orange___Haunglongbing_(Citrus_greening),0.0
finetune_s42,low_light,3,Peach___Bacterial_spot,0.21238938053097345
finetune_s42,low_light,3,Peach___healthy,0.0
finetune_s42,low_light,3,"Pepper,_bell___Bacterial_spot",0.22972972972972974
finetune_s42,low_light,3,"Pepper,_bell___healthy",0.06451612903225806
finetune_s42,low_light,3,Potato___Early_blight,0.0
finetune_s42,low_light,3,Potato___Late_blight,0.0
finetune_s42,low_light,3,Potato___healthy,0.0
finetune_s42,low_light,3,Raspberry___healthy,0.0
finetune_s42,low_light,3,Soybean___healthy,0.0
finetune_s42,low_light,3,Squash___Powdery_mildew,0.0
finetune_s42,low_light,3,Strawberry___Leaf_scorch,0.2838283828382838
finetune_s42,low_light,3,Strawberry___healthy,0.0
finetune_s42,low_light,3,Tomato___Bacterial_spot,0.0
finetune_s42,low_light,3,Tomato___Early_blight,0.0
finetune_s42,low_light,3,Tomato___Late_blight,0.0
finetune_s42,low_light,3,Tomato___Leaf_Mold,0.0
finetune_s42,low_light,3,Tomato___Septoria_leaf_spot,0.17857142857142858
finetune_s42,low_light,3,Tomato___Spider_mites_Two-spotted_spider_mite,0.0
finetune_s42,low_light,3,Tomato___Target_Spot,0.0
finetune_s42,low_light,3,Tomato___Tomato_Yellow_Leaf_Curl_Virus,0.0
finetune_s42,low_light,3,Tomato___Tomato_mosaic_virus,0.0
finetune_s42,low_light,3,Tomato___healthy,0.0
finetune_s0,low_light,3,Apple___Apple_scab,0.0
finetune_s0,low_light,3,Apple___Black_rot,0.0
finetune_s0,low_light,3,Apple___Cedar_apple_rust,0.0
finetune_s0,low_light,3,Apple___healthy,0.0
finetune_s0,low_light,3,Blueberry___healthy,0.125
finetune_s0,low_light,3,Cherry_(including_sour)___Powdery_mildew,0.0
finetune_s0,low_light,3,Cherry_(including_sour)___healthy,0.19047619047619047
finetune_s0,low_light,3,Corn_(maize)___Cercospora_leaf_spot_Gray_leaf_spot,0.30303030303030304
finetune_s0,low_light,3,Corn_(maize)___Common_rust_,0.4948453608247423
finetune_s0,low_light,3,Corn_(maize)___Northern_Leaf_Blight,0.0784313725490196
finetune_s0,low_light,3,Corn_(maize)___healthy,0.08333333333333333
finetune_s0,low_light,3,Grape___Black_rot,0.0
finetune_s0,low_light,3,Grape___Esca_(Black_Measles),0.5454545454545454
finetune_s0,low_light,3,Grape___Leaf_blight_(Isariopsis_Leaf_Spot),0.0
finetune_s0,low_light,3,Grape___healthy,0.0
finetune_s0,low_light,3,Orange___Haunglongbing_(Citrus_greening),0.0
finetune_s0,low_light,3,Peach___Bacterial_spot,0.17475728155339806
finetune_s0,low_light,3,Peach___healthy,0.0
finetune_s0,low_light,3,"Pepper,_bell___Bacterial_spot",0.09302325581395349
finetune_s0,low_light,3,"Pepper,_bell___healthy",0.3380281690140845
finetune_s0,low_light,3,Potato___Early_blight,0.0
finetune_s0,low_light,3,Potato___Late_blight,0.0
finetune_s0,low_light,3,Potato___healthy,0.0
finetune_s0,low_light,3,Raspberry___healthy,0.0
finetune_s0,low_light,3,Soybean___healthy,0.009708737864077669
finetune_s0,low_light,3,Squash___Powdery_mildew,0.4881889763779528
finetune_s0,low_light,3,Strawberry___Leaf_scorch,0.13129770992366413
finetune_s0,low_light,3,Strawberry___healthy,0.0
finetune_s0,low_light,3,Tomato___Bacterial_spot,0.0
finetune_s0,low_light,3,Tomato___Early_blight,0.0
finetune_s0,low_light,3,Tomato___Late_blight,0.0
finetune_s0,low_light,3,Tomato___Leaf_Mold,0.0
finetune_s0,low_light,3,Tomato___Septoria_leaf_spot,0.13052208835341367
finetune_s0,low_light,3,Tomato___Spider_mites_Two-spotted_spider_mite,0.0
finetune_s0,low_light,3,Tomato___Target_Spot,0.0
finetune_s0,low_light,3,Tomato___Tomato_Yellow_Leaf_Curl_Virus,0.0
finetune_s0,low_light,3,Tomato___Tomato_mosaic_virus,0.0
finetune_s0,low_light,3,Tomato___healthy,0.09195402298850575
finetune_s1,low_light,3,Apple___Apple_scab,0.0
finetune_s1,low_light,3,Apple___Black_rot,0.0
finetune_s1,low_light,3,Apple___Cedar_apple_rust,0.0
finetune_s1,low_light,3,Apple___healthy,0.0
finetune_s1,low_light,3,Blueberry___healthy,0.44
finetune_s1,low_light,3,Cherry_(including_sour)___Powdery_mildew,0.0
finetune_s1,low_light,3,Cherry_(including_sour)___healthy,0.07633587786259542
finetune_s1,low_light,3,Corn_(maize)___Cercospora_leaf_spot_Gray_leaf_spot,0.18181818181818182
finetune_s1,low_light,3,Corn_(maize)___Common_rust_,0.9411764705882353
finetune_s1,low_light,3,Corn_(maize)___Northern_Leaf_Blight,0.3018867924528302
finetune_s1,low_light,3,Corn_(maize)___healthy,0.38596491228070173
finetune_s1,low_light,3,Grape___Black_rot,0.0
finetune_s1,low_light,3,Grape___Esca_(Black_Measles),0.4057971014492754
finetune_s1,low_light,3,Grape___Leaf_blight_(Isariopsis_Leaf_Spot),0.0
finetune_s1,low_light,3,Grape___healthy,0.0
finetune_s1,low_light,3,Orange___Haunglongbing_(Citrus_greening),0.0
finetune_s1,low_light,3,Peach___Bacterial_spot,0.43548387096774194
finetune_s1,low_light,3,Peach___healthy,0.0
finetune_s1,low_light,3,"Pepper,_bell___Bacterial_spot",0.28169014084507044
finetune_s1,low_light,3,"Pepper,_bell___healthy",0.14925373134328357
finetune_s1,low_light,3,Potato___Early_blight,0.0
finetune_s1,low_light,3,Potato___Late_blight,0.0
finetune_s1,low_light,3,Potato___healthy,0.0
finetune_s1,low_light,3,Raspberry___healthy,0.0
finetune_s1,low_light,3,Soybean___healthy,0.13934426229508196
finetune_s1,low_light,3,Squash___Powdery_mildew,0.0
finetune_s1,low_light,3,Strawberry___Leaf_scorch,0.5203252032520326
finetune_s1,low_light,3,Strawberry___healthy,0.0
finetune_s1,low_light,3,Tomato___Bacterial_spot,0.0
finetune_s1,low_light,3,Tomato___Early_blight,0.0
finetune_s1,low_light,3,Tomato___Late_blight,0.0
finetune_s1,low_light,3,Tomato___Leaf_Mold,0.0
finetune_s1,low_light,3,Tomato___Septoria_leaf_spot,0.0824143934997098
finetune_s1,low_light,3,Tomato___Spider_mites_Two-spotted_spider_mite,0.0
finetune_s1,low_light,3,Tomato___Target_Spot,0.0
finetune_s1,low_light,3,Tomato___Tomato_Yellow_Leaf_Curl_Virus,0.0
finetune_s1,low_light,3,Tomato___Tomato_mosaic_virus,0.0
finetune_s1,low_light,3,Tomato___healthy,0.13836477987421383
linear_probe_s42,gaussian_noise,1,Apple___Apple_scab,0.8928571428571429
linear_probe_s42,gaussian_noise,1,Apple___Black_rot,0.9795918367346939
linear_probe_s42,gaussian_noise,1,Apple___Cedar_apple_rust,0.9523809523809523
linear_probe_s42,gaussian_noise,1,Apple___healthy,0.9523809523809523
linear_probe_s42,gaussian_noise,1,Blueberry___healthy,0.9743589743589743
linear_probe_s42,gaussian_noise,1,Cherry_(including_sour)___Powdery_mildew,0.9647058823529412
linear_probe_s42,gaussian_noise,1,Cherry_(including_sour)___healthy,0.9850746268656716
linear_probe_s42,gaussian_noise,1,Corn_(maize)___Cercospora_leaf_spot_Gray_leaf_spot,0.918918918918919
linear_probe_s42,gaussian_noise,1,Corn_(maize)___Common_rust_,0.9795918367346939
linear_probe_s42,gaussian_noise,1,Corn_(maize)___Northern_Leaf_Blight,0.975
linear_probe_s42,gaussian_noise,1,Corn_(maize)___healthy,1.0
linear_probe_s42,gaussian_noise,1,Grape___Black_rot,0.9111111111111111
linear_probe_s42,gaussian_noise,1,Grape___Esca_(Black_Measles),0.9636363636363636
linear_probe_s42,gaussian_noise,1,Grape___Leaf_blight_(Isariopsis_Leaf_Spot),0.9555555555555556
linear_probe_s42,gaussian_noise,1,Grape___healthy,1.0
linear_probe_s42,gaussian_noise,1,Orange___Haunglongbing_(Citrus_greening),0.9931972789115646
linear_probe_s42,gaussian_noise,1,Peach___Bacterial_spot,0.9239766081871345
linear_probe_s42,gaussian_noise,1,Peach___healthy,0.5714285714285714
linear_probe_s42,gaussian_noise,1,"Pepper,_bell___Bacterial_spot",0.7547169811320755
linear_probe_s42,gaussian_noise,1,"Pepper,_bell___healthy",0.9557522123893806
linear_probe_s42,gaussian_noise,1,Potato___Early_blight,0.9743589743589743
linear_probe_s42,gaussian_noise,1,Potato___Late_blight,0.7959183673469388
linear_probe_s42,gaussian_noise,1,Potato___healthy,1.0
linear_probe_s42,gaussian_noise,1,Raspberry___healthy,0.8461538461538461
linear_probe_s42,gaussian_noise,1,Soybean___healthy,0.9828850855745721
linear_probe_s42,gaussian_noise,1,Squash___Powdery_mildew,0.9864864864864865
linear_probe_s42,gaussian_noise,1,Strawberry___Leaf_scorch,0.9767441860465116
linear_probe_s42,gaussian_noise,1,Strawberry___healthy,0.8
linear_probe_s42,gaussian_noise,1,Tomato___Bacterial_spot,0.8701298701298701
linear_probe_s42,gaussian_noise,1,Tomato___Early_blight,0.7469879518072289
linear_probe_s42,gaussian_noise,1,Tomato___Late_blight,0.45098039215686275
linear_probe_s42,gaussian_noise,1,Tomato___Leaf_Mold,0.5384615384615384
linear_probe_s42,gaussian_noise,1,Tomato___Septoria_leaf_spot,0.8211920529801324
linear_probe_s42,gaussian_noise,1,Tomato___Spider_mites_Two-spotted_spider_mite,0.6982248520710059
linear_probe_s42,gaussian_noise,1,Tomato___Target_Spot,0.6415094339622641
linear_probe_s42,gaussian_noise,1,Tomato___Tomato_Yellow_Leaf_Curl_Virus,0.946078431372549
linear_probe_s42,gaussian_noise,1,Tomato___Tomato_mosaic_virus,0.23529411764705882
linear_probe_s42,gaussian_noise,1,Tomato___healthy,0.9516129032258065
linear_probe_s0,gaussian_noise,1,Apple___Apple_scab,0.8928571428571429
linear_probe_s0,gaussian_noise,1,Apple___Black_rot,0.9795918367346939
linear_probe_s0,gaussian_noise,1,Apple___Cedar_apple_rust,0.9
linear_probe_s0,gaussian_noise,1,Apple___healthy,0.9606299212598425
linear_probe_s0,gaussian_noise,1,Blueberry___healthy,0.9830508474576272
linear_probe_s0,gaussian_noise,1,Cherry_(including_sour)___Powdery_mildew,0.9879518072289156
linear_probe_s0,gaussian_noise,1,Cherry_(including_sour)___healthy,1.0
linear_probe_s0,gaussian_noise,1,Corn_(maize)___Cercospora_leaf_spot_Gray_leaf_spot,0.8717948717948718
linear_probe_s0,gaussian_noise,1,Corn_(maize)___Common_rust_,0.9795918367346939
linear_probe_s0,gaussian_noise,1,Corn_(maize)___Northern_Leaf_Blight,0.9367088607594937
linear_probe_s0,gaussian_noise,1,Corn_(maize)___healthy,1.0
linear_probe_s0,gaussian_noise,1,Grape___Black_rot,0.9090909090909091
linear_probe_s0,gaussian_noise,1,Grape___Esca_(Black_Measles),0.9734513274336283
linear_probe_s0,gaussian_noise,1,Grape___Leaf_blight_(Isariopsis_Leaf_Spot),0.9772727272727273
linear_probe_s0,gaussian_noise,1,Grape___healthy,0.9696969696969697
linear_probe_s0,gaussian_noise,1,Orange___Haunglongbing_(Citrus_greening),0.9909502262443439
linear_probe_s0,gaussian_noise,1,Peach___Bacterial_spot,0.9726775956284153
linear_probe_s0,gaussian_noise,1,Peach___healthy,0.7368421052631579
linear_probe_s0,gaussian_noise,1,"Pepper,_bell___Bacterial_spot",0.8602150537634409
linear_probe_s0,gaussian_noise,1,"Pepper,_bell___healthy",0.9649122807017544
linear_probe_s0,gaussian_noise,1,Potato___Early_blight,0.9873417721518988
linear_probe_s0,gaussian_noise,1,Potato___Late_blight,0.7878787878787878
linear_probe_s0,gaussian_noise,1,Potato___healthy,0.9230769230769231
linear_probe_s0,gaussian_noise,1,Raspberry___healthy,0.9285714285714286
linear_probe_s0,gaussian_noise,1,Soybean___healthy,0.9757281553398058
linear_probe_s0,gaussian_noise,1,Squash___Powdery_mildew,0.9864864864864865
linear_probe_s0,gaussian_noise,1,Strawberry___Leaf_scorch,0.9885057471264368
linear_probe_s0,gaussian_noise,1,Strawberry___healthy,0.8
linear_probe_s0,gaussian_noise,1,Tomato___Bacterial_spot,0.7945205479452054
linear_probe_s0,gaussian_noise,1,Tomato___Early_blight,0.7246376811594203
linear_probe_s0,gaussian_noise,1,Tomato___Late_blight,0.49019607843137253
linear_probe_s0,gaussian_noise,1,Tomato___Leaf_Mold,0.6181818181818182
linear_probe_s0,gaussian_noise,1,Tomato___Septoria_leaf_spot,0.8344370860927153
linear_probe_s0,gaussian_noise,1,Tomato___Spider_mites_Two-spotted_spider_mite,0.6596858638743456
linear_probe_s0,gaussian_noise,1,Tomato___Target_Spot,0.5696969696969697
linear_probe_s0,gaussian_noise,1,Tomato___Tomato_Yellow_Leaf_Curl_Virus,0.9379652605459057
linear_probe_s0,gaussian_noise,1,Tomato___Tomato_mosaic_virus,0.125
linear_probe_s0,gaussian_noise,1,Tomato___healthy,0.943089430894309
linear_probe_s1,gaussian_noise,1,Apple___Apple_scab,0.9433962264150944
linear_probe_s1,gaussian_noise,1,Apple___Black_rot,0.8372093023255814
linear_probe_s1,gaussian_noise,1,Apple___Cedar_apple_rust,0.9
linear_probe_s1,gaussian_noise,1,Apple___healthy,0.916030534351145
linear_probe_s1,gaussian_noise,1,Blueberry___healthy,0.9743589743589743
linear_probe_s1,gaussian_noise,1,Cherry_(including_sour)___Powdery_mildew,0.975609756097561
linear_probe_s1,gaussian_noise,1,Cherry_(including_sour)___healthy,0.9538461538461539
linear_probe_s1,gaussian_noise,1,Corn_(maize)___Cercospora_leaf_spot_Gray_leaf_spot,0.8444444444444444
linear_probe_s1,gaussian_noise,1,Corn_(maize)___Common_rust_,1.0
linear_probe_s1,gaussian_noise,1,Corn_(maize)___Northern_Leaf_Blight,0.9041095890410958
linear_probe_s1,gaussian_noise,1,Corn_(maize)___healthy,1.0
linear_probe_s1,gaussian_noise,1,Grape___Black_rot,0.946236559139785
linear_probe_s1,gaussian_noise,1,Grape___Esca_(Black_Measles),0.9724770642201835
linear_probe_s1,gaussian_noise,1,Grape___Leaf_blight_(Isariopsis_Leaf_Spot),0.9885057471264368
linear_probe_s1,gaussian_noise,1,Grape___healthy,1.0
linear_probe_s1,gaussian_noise,1,Orange___Haunglongbing_(Citrus_greening),0.9931972789115646
linear_probe_s1,gaussian_noise,1,Peach___Bacterial_spot,0.9239766081871345
linear_probe_s1,gaussian_noise,1,Peach___healthy,0.45161290322580644
linear_probe_s1,gaussian_noise,1,"Pepper,_bell___Bacterial_spot",0.8387096774193549
linear_probe_s1,gaussian_noise,1,"Pepper,_bell___healthy",0.9739130434782609
linear_probe_s1,gaussian_noise,1,Potato___Early_blight,0.9873417721518988
linear_probe_s1,gaussian_noise,1,Potato___Late_blight,0.8764044943820225
linear_probe_s1,gaussian_noise,1,Potato___healthy,1.0
linear_probe_s1,gaussian_noise,1,Raspberry___healthy,0.5714285714285714
linear_probe_s1,gaussian_noise,1,Soybean___healthy,0.9828009828009828
linear_probe_s1,gaussian_noise,1,Squash___Powdery_mildew,0.9798657718120806
linear_probe_s1,gaussian_noise,1,Strawberry___Leaf_scorch,0.9885057471264368
linear_probe_s1,gaussian_noise,1,Strawberry___healthy,0.875
linear_probe_s1,gaussian_noise,1,Tomato___Bacterial_spot,0.6917293233082706
linear_probe_s1,gaussian_noise,1,Tomato___Early_blight,0.64
linear_probe_s1,gaussian_noise,1,Tomato___Late_blight,0.5420560747663551
linear_probe_s1,gaussian_noise,1,Tomato___Leaf_Mold,0.6181818181818182
linear_probe_s1,gaussian_noise,1,Tomato___Septoria_leaf_spot,0.8413793103448276
linear_probe_s1,gaussian_noise,1,Tomato___Spider_mites_Two-spotted_spider_mite,0.6358381502890174
linear_probe_s1,gaussian_noise,1,Tomato___Target_Spot,0.5047619047619047
linear_probe_s1,gaussian_noise,1,Tomato___Tomato_Yellow_Leaf_Curl_Virus,0.9379652605459057
linear_probe_s1,gaussian_noise,1,Tomato___Tomato_mosaic_virus,0.23529411764705882
linear_probe_s1,gaussian_noise,1,Tomato___healthy,0.9344262295081968
finetune_s42,gaussian_noise,1,Apple___Apple_scab,0.9615384615384616
finetune_s42,gaussian_noise,1,Apple___Black_rot,0.7575757575757576
finetune_s42,gaussian_noise,1,Apple___Cedar_apple_rust,0.5333333333333333
finetune_s42,gaussian_noise,1,Apple___healthy,0.68
finetune_s42,gaussian_noise,1,Blueberry___healthy,0.8823529411764706
finetune_s42,gaussian_noise,1,Cherry_(including_sour)___Powdery_mildew,0.9879518072289156
finetune_s42,gaussian_noise,1,Cherry_(including_sour)___healthy,0.8947368421052632
finetune_s42,gaussian_noise,1,Corn_(maize)___Cercospora_leaf_spot_Gray_leaf_spot,0.9230769230769231
finetune_s42,gaussian_noise,1,Corn_(maize)___Common_rust_,0.9896907216494846
finetune_s42,gaussian_noise,1,Corn_(maize)___Northern_Leaf_Blight,0.9047619047619048
finetune_s42,gaussian_noise,1,Corn_(maize)___healthy,1.0
finetune_s42,gaussian_noise,1,Grape___Black_rot,0.989247311827957
finetune_s42,gaussian_noise,1,Grape___Esca_(Black_Measles),1.0
finetune_s42,gaussian_noise,1,Grape___Leaf_blight_(Isariopsis_Leaf_Spot),1.0
finetune_s42,gaussian_noise,1,Grape___healthy,0.9696969696969697
finetune_s42,gaussian_noise,1,Orange___Haunglongbing_(Citrus_greening),0.995475113122172
finetune_s42,gaussian_noise,1,Peach___Bacterial_spot,0.9732620320855615
finetune_s42,gaussian_noise,1,Peach___healthy,0.88
finetune_s42,gaussian_noise,1,"Pepper,_bell___Bacterial_spot",0.898876404494382
finetune_s42,gaussian_noise,1,"Pepper,_bell___healthy",0.9122807017543859
finetune_s42,gaussian_noise,1,Potato___Early_blight,0.9873417721518988
finetune_s42,gaussian_noise,1,Potato___Late_blight,0.9512195121951219
finetune_s42,gaussian_noise,1,Potato___healthy,0.6666666666666666
finetune_s42,gaussian_noise,1,Raspberry___healthy,0.8461538461538461
finetune_s42,gaussian_noise,1,Soybean___healthy,0.9095744680851063
finetune_s42,gaussian_noise,1,Squash___Powdery_mildew,0.9496402877697842
finetune_s42,gaussian_noise,1,Strawberry___Leaf_scorch,0.9072164948453608
finetune_s42,gaussian_noise,1,Strawberry___healthy,0.8823529411764706
finetune_s42,gaussian_noise,1,Tomato___Bacterial_spot,0.04597701149425287
finetune_s42,gaussian_noise,1,Tomato___Early_blight,0.2608695652173913
finetune_s42,gaussian_noise,1,Tomato___Late_blight,0.32967032967032966
finetune_s42,gaussian_noise,1,Tomato___Leaf_Mold,0.4166666666666667
finetune_s42,gaussian_noise,1,Tomato___Septoria_leaf_spot,0.30603448275862066
finetune_s42,gaussian_noise,1,Tomato___Spider_mites_Two-spotted_spider_mite,0.7706422018348624
finetune_s42,gaussian_noise,1,Tomato___Target_Spot,0.6428571428571429
finetune_s42,gaussian_noise,1,Tomato___Tomato_Yellow_Leaf_Curl_Virus,0.9905660377358491
finetune_s42,gaussian_noise,1,Tomato___Tomato_mosaic_virus,0.896551724137931
finetune_s42,gaussian_noise,1,Tomato___healthy,0.6526315789473685
finetune_s0,gaussian_noise,1,Apple___Apple_scab,0.9803921568627451
finetune_s0,gaussian_noise,1,Apple___Black_rot,0.9130434782608695
finetune_s0,gaussian_noise,1,Apple___Cedar_apple_rust,0.9
finetune_s0,gaussian_noise,1,Apple___healthy,0.9180327868852459
finetune_s0,gaussian_noise,1,Blueberry___healthy,0.944
finetune_s0,gaussian_noise,1,Cherry_(including_sour)___Powdery_mildew,1.0
finetune_s0,gaussian_noise,1,Cherry_(including_sour)___healthy,0.9850746268656716
finetune_s0,gaussian_noise,1,Corn_(maize)___Cercospora_leaf_spot_Gray_leaf_spot,0.975609756097561
finetune_s0,gaussian_noise,1,Corn_(maize)___Common_rust_,0.9896907216494846
finetune_s0,gaussian_noise,1,Corn_(maize)___Northern_Leaf_Blight,0.95
finetune_s0,gaussian_noise,1,Corn_(maize)___healthy,1.0
finetune_s0,gaussian_noise,1,Grape___Black_rot,0.967032967032967
finetune_s0,gaussian_noise,1,Grape___Esca_(Black_Measles),0.990990990990991
finetune_s0,gaussian_noise,1,Grape___Leaf_blight_(Isariopsis_Leaf_Spot),0.9772727272727273
finetune_s0,gaussian_noise,1,Grape___healthy,0.9696969696969697
finetune_s0,gaussian_noise,1,Orange___Haunglongbing_(Citrus_greening),0.9954545454545455
finetune_s0,gaussian_noise,1,Peach___Bacterial_spot,0.9533678756476683
finetune_s0,gaussian_noise,1,Peach___healthy,0.5263157894736842
finetune_s0,gaussian_noise,1,"Pepper,_bell___Bacterial_spot",0.9876543209876543
finetune_s0,gaussian_noise,1,"Pepper,_bell___healthy",1.0
finetune_s0,gaussian_noise,1,Potato___Early_blight,0.9285714285714286
finetune_s0,gaussian_noise,1,Potato___Late_blight,0.8571428571428571
finetune_s0,gaussian_noise,1,Potato___healthy,0.9230769230769231
finetune_s0,gaussian_noise,1,Raspberry___healthy,0.8888888888888888
finetune_s0,gaussian_noise,1,Soybean___healthy,0.9620253164556962
finetune_s0,gaussian_noise,1,Squash___Powdery_mildew,0.9864864864864865
finetune_s0,gaussian_noise,1,Strawberry___Leaf_scorch,0.946236559139785
finetune_s0,gaussian_noise,1,Strawberry___healthy,0.8780487804878049
finetune_s0,gaussian_noise,1,Tomato___Bacterial_spot,0.04597701149425287
finetune_s0,gaussian_noise,1,Tomato___Early_blight,0.3673469387755102
finetune_s0,gaussian_noise,1,Tomato___Late_blight,0.7580645161290323
finetune_s0,gaussian_noise,1,Tomato___Leaf_Mold,0.75
finetune_s0,gaussian_noise,1,Tomato___Septoria_leaf_spot,0.3697916666666667
finetune_s0,gaussian_noise,1,Tomato___Spider_mites_Two-spotted_spider_mite,0.7454545454545455
finetune_s0,gaussian_noise,1,Tomato___Target_Spot,0.4864864864864865
finetune_s0,gaussian_noise,1,Tomato___Tomato_Yellow_Leaf_Curl_Virus,0.9809523809523809
finetune_s0,gaussian_noise,1,Tomato___Tomato_mosaic_virus,0.6511627906976745
finetune_s0,gaussian_noise,1,Tomato___healthy,0.780952380952381
finetune_s1,gaussian_noise,1,Apple___Apple_scab,0.96
finetune_s1,gaussian_noise,1,Apple___Black_rot,0.875
finetune_s1,gaussian_noise,1,Apple___Cedar_apple_rust,0.9523809523809523
finetune_s1,gaussian_noise,1,Apple___healthy,0.7307692307692307
finetune_s1,gaussian_noise,1,Blueberry___healthy,0.8163265306122449
finetune_s1,gaussian_noise,1,Cherry_(including_sour)___Powdery_mildew,0.9882352941176471
finetune_s1,gaussian_noise,1,Cherry_(including_sour)___healthy,0.9714285714285714
finetune_s1,gaussian_noise,1,Corn_(maize)___Cercospora_leaf_spot_Gray_leaf_spot,0.9473684210526315
finetune_s1,gaussian_noise,1,Corn_(maize)___Common_rust_,0.9696969696969697
finetune_s1,gaussian_noise,1,Corn_(maize)___Northern_Leaf_Blight,0.9176470588235294
finetune_s1,gaussian_noise,1,Corn_(maize)___healthy,1.0
finetune_s1,gaussian_noise,1,Grape___Black_rot,0.8941176470588236
finetune_s1,gaussian_noise,1,Grape___Esca_(Black_Measles),0.9565217391304348
finetune_s1,gaussian_noise,1,Grape___Leaf_blight_(Isariopsis_Leaf_Spot),0.9052631578947369
finetune_s1,gaussian_noise,1,Grape___healthy,0.6923076923076923
finetune_s1,gaussian_noise,1,Orange___Haunglongbing_(Citrus_greening),0.9791183294663574
finetune_s1,gaussian_noise,1,Peach___Bacterial_spot,0.978494623655914
finetune_s1,gaussian_noise,1,Peach___healthy,0.7272727272727273
finetune_s1,gaussian_noise,1,"Pepper,_bell___Bacterial_spot",0.9743589743589743
finetune_s1,gaussian_noise,1,"Pepper,_bell___healthy",1.0
finetune_s1,gaussian_noise,1,Potato___Early_blight,0.9873417721518988
finetune_s1,gaussian_noise,1,Potato___Late_blight,0.9473684210526315
finetune_s1,gaussian_noise,1,Potato___healthy,1.0
finetune_s1,gaussian_noise,1,Raspberry___healthy,0.8461538461538461
finetune_s1,gaussian_noise,1,Soybean___healthy,0.8983957219251337
finetune_s1,gaussian_noise,1,Squash___Powdery_mildew,0.8939393939393939
finetune_s1,gaussian_noise,1,Strawberry___Leaf_scorch,0.967032967032967
finetune_s1,gaussian_noise,1,Strawberry___healthy,0.918918918918919
finetune_s1,gaussian_noise,1,Tomato___Bacterial_spot,0.04597701149425287
finetune_s1,gaussian_noise,1,Tomato___Early_blight,0.46153846153846156
finetune_s1,gaussian_noise,1,Tomato___Late_blight,0.4
finetune_s1,gaussian_noise,1,Tomato___Leaf_Mold,0.6440677966101694
finetune_s1,gaussian_noise,1,Tomato___Septoria_leaf_spot,0.3093681917211329
finetune_s1,gaussian_noise,1,Tomato___Spider_mites_Two-spotted_spider_mite,0.8571428571428571
finetune_s1,gaussian_noise,1,Tomato___Target_Spot,0.5641025641025641
finetune_s1,gaussian_noise,1,Tomato___Tomato_Yellow_Leaf_Curl_Virus,0.9379652605459057
finetune_s1,gaussian_noise,1,Tomato___Tomato_mosaic_virus,0.625
finetune_s1,gaussian_noise,1,Tomato___healthy,0.896551724137931
linear_probe_s42,gaussian_noise,2,Apple___Apple_scab,0.6666666666666666
linear_probe_s42,gaussian_noise,2,Apple___Black_rot,0.6842105263157895
linear_probe_s42,gaussian_noise,2,Apple___Cedar_apple_rust,0.8695652173913043
linear_probe_s42,gaussian_noise,2,Apple___healthy,0.8034188034188035
linear_probe_s42,gaussian_noise,2,Blueberry___healthy,0.9565217391304348
linear_probe_s42,gaussian_noise,2,Cherry_(including_sour)___Powdery_mildew,0.963855421686747
linear_probe_s42,gaussian_noise,2,Cherry_(including_sour)___healthy,0.9538461538461539
linear_probe_s42,gaussian_noise,2,Corn_(maize)___Cercospora_leaf_spot_Gray_leaf_spot,0.8108108108108109
linear_probe_s42,gaussian_noise,2,Corn_(maize)___Common_rust_,0.9795918367346939
linear_probe_s42,gaussian_noise,2,Corn_(maize)___Northern_Leaf_Blight,0.8705882352941177
linear_probe_s42,gaussian_noise,2,Corn_(maize)___healthy,0.989247311827957
linear_probe_s42,gaussian_noise,2,Grape___Black_rot,0.6575342465753424
linear_probe_s42,gaussian_noise,2,Grape___Esca_(Black_Measles),0.9345794392523364
linear_probe_s42,gaussian_noise,2,Grape___Leaf_blight_(Isariopsis_Leaf_Spot),0.8775510204081632
linear_probe_s42,gaussian_noise,2,Grape___healthy,0.9714285714285714
linear_probe_s42,gaussian_noise,2,Orange___Haunglongbing_(Citrus_greening),0.9722222222222222
linear_probe_s42,gaussian_noise,2,Peach___Bacterial_spot,0.8711656441717791
linear_probe_s42,gaussian_noise,2,Peach___healthy,0.4
linear_probe_s42,gaussian_noise,2,"Pepper,_bell___Bacterial_spot",0.4968152866242038
linear_probe_s42,gaussian_noise,2,"Pepper,_bell___healthy",0.7032967032967034
linear_probe_s42,gaussian_noise,2,Potato___Early_blight,0.9041095890410958
linear_probe_s42,gaussian_noise,2,Potato___Late_blight,0.7741935483870968
linear_probe_s42,gaussian_noise,2,Potato___healthy,1.0
linear_probe_s42,gaussian_noise,2,Raspberry___healthy,0.3333333333333333
linear_probe_s42,gaussian_noise,2,Soybean___healthy,0.9640287769784173
linear_probe_s42,gaussian_noise,2,Squash___Powdery_mildew,0.9459459459459459
linear_probe_s42,gaussian_noise,2,Strawberry___Leaf_scorch,0.9767441860465116
linear_probe_s42,gaussian_noise,2,Strawberry___healthy,0.7586206896551724
linear_probe_s42,gaussian_noise,2,Tomato___Bacterial_spot,0.56
linear_probe_s42,gaussian_noise,2,Tomato___Early_blight,0.36363636363636365
linear_probe_s42,gaussian_noise,2,Tomato___Late_blight,0.22988505747126436
linear_probe_s42,gaussian_noise,2,Tomato___Leaf_Mold,0.34782608695652173
linear_probe_s42,gaussian_noise,2,Tomato___Septoria_leaf_spot,0.5679012345679012
linear_probe_s42,gaussian_noise,2,Tomato___Spider_mites_Two-spotted_spider_mite,0.582089552238806
linear_probe_s42,gaussian_noise,2,Tomato___Target_Spot,0.44
linear_probe_s42,gaussian_noise,2,Tomato___Tomato_Yellow_Leaf_Curl_Virus,0.8894601542416453
linear_probe_s42,gaussian_noise,2,Tomato___Tomato_mosaic_virus,0.125
linear_probe_s42,gaussian_noise,2,Tomato___healthy,0.8695652173913043
linear_probe_s0,gaussian_noise,2,Apple___Apple_scab,0.64
linear_probe_s0,gaussian_noise,2,Apple___Black_rot,0.6842105263157895
linear_probe_s0,gaussian_noise,2,Apple___Cedar_apple_rust,0.42857142857142855
linear_probe_s0,gaussian_noise,2,Apple___healthy,0.8852459016393442
linear_probe_s0,gaussian_noise,2,Blueberry___healthy,0.9473684210526315
linear_probe_s0,gaussian_noise,2,Cherry_(including_sour)___Powdery_mildew,0.9382716049382716
linear_probe_s0,gaussian_noise,2,Cherry_(including_sour)___healthy,0.9696969696969697
linear_probe_s0,gaussian_noise,2,Corn_(maize)___Cercospora_leaf_spot_Gray_leaf_spot,0.782608695652174
linear_probe_s0,gaussian_noise,2,Corn_(maize)___Common_rust_,0.96
linear_probe_s0,gaussian_noise,2,Corn_(maize)___Northern_Leaf_Blight,0.8421052631578947
linear_probe_s0,gaussian_noise,2,Corn_(maize)___healthy,0.989010989010989
linear_probe_s0,gaussian_noise,2,Grape___Black_rot,0.5671641791044776
linear_probe_s0,gaussian_noise,2,Grape___Esca_(Black_Measles),0.9174311926605505
linear_probe_s0,gaussian_noise,2,Grape___Leaf_blight_(Isariopsis_Leaf_Spot),0.8958333333333334
linear_probe_s0,gaussian_noise,2,Grape___healthy,0.9032258064516129
linear_probe_s0,gaussian_noise,2,Orange___Haunglongbing_(Citrus_greening),0.9748283752860412
linear_probe_s0,gaussian_noise,2,Peach___Bacterial_spot,0.9340659340659341
linear_probe_s0,gaussian_noise,2,Peach___healthy,0.5777777777777777
linear_probe_s0,gaussian_noise,2,"Pepper,_bell___Bacterial_spot",0.7090909090909091
linear_probe_s0,gaussian_noise,2,"Pepper,_bell___healthy",0.8543689320388349
linear_probe_s0,gaussian_noise,2,Potato___Early_blight,0.8888888888888888
linear_probe_s0,gaussian_noise,2,Potato___Late_blight,0.7115384615384616
linear_probe_s0,gaussian_noise,2,Potato___healthy,0.9230769230769231
linear_probe_s0,gaussian_noise,2,Raspberry___healthy,0.5714285714285714
linear_probe_s0,gaussian_noise,2,Soybean___healthy,0.9505882352941176
linear_probe_s0,gaussian_noise,2,Squash___Powdery_mildew,0.9733333333333334
linear_probe_s0,gaussian_noise,2,Strawberry___Leaf_scorch,1.0
linear_probe_s0,gaussian_noise,2,Strawberry___healthy,0.7586206896551724
linear_probe_s0,gaussian_noise,2,Tomato___Bacterial_spot,0.4778761061946903
linear_probe_s0,gaussian_noise,2,Tomato___Early_blight,0.35294117647058826
linear_probe_s0,gaussian_noise,2,Tomato___Late_blight,0.16666666666666666
linear_probe_s0,gaussian_noise,2,Tomato___Leaf_Mold,0.3829787234042553
linear_probe_s0,gaussian_noise,2,Tomato___Septoria_leaf_spot,0.5654008438818565
linear_probe_s0,gaussian_noise,2,Tomato___Spider_mites_Two-spotted_spider_mite,0.5077720207253886
linear_probe_s0,gaussian_noise,2,Tomato___Target_Spot,0.35714285714285715
linear_probe_s0,gaussian_noise,2,Tomato___Tomato_Yellow_Leaf_Curl_Virus,0.814404432132964
linear_probe_s0,gaussian_noise,2,Tomato___Tomato_mosaic_virus,0.0
linear_probe_s0,gaussian_noise,2,Tomato___healthy,0.7777777777777778
linear_probe_s1,gaussian_noise,2,Apple___Apple_scab,0.6857142857142857
linear_probe_s1,gaussian_noise,2,Apple___Black_rot,0.4375
linear_probe_s1,gaussian_noise,2,Apple___Cedar_apple_rust,0.42857142857142855
linear_probe_s1,gaussian_noise,2,Apple___healthy,0.8682170542635659
linear_probe_s1,gaussian_noise,2,Blueberry___healthy,0.9655172413793104
linear_probe_s1,gaussian_noise,2,Cherry_(including_sour)___Powdery_mildew,0.9090909090909091
linear_probe_s1,gaussian_noise,2,Cherry_(including_sour)___healthy,0.7857142857142857
linear_probe_s1,gaussian_noise,2,Corn_(maize)___Cercospora_leaf_spot_Gray_leaf_spot,0.6428571428571429
linear_probe_s1,gaussian_noise,2,Corn_(maize)___Common_rust_,1.0
linear_probe_s1,gaussian_noise,2,Corn_(maize)___Northern_Leaf_Blight,0.7647058823529411
linear_probe_s1,gaussian_noise,2,Corn_(maize)___healthy,0.989010989010989
linear_probe_s1,gaussian_noise,2,Grape___Black_rot,0.5797101449275363
linear_probe_s1,gaussian_noise,2,Grape___Esca_(Black_Measles),0.9345794392523364
linear_probe_s1,gaussian_noise,2,Grape___Leaf_blight_(Isariopsis_Leaf_Spot),0.9247311827956989
linear_probe_s1,gaussian_noise,2,Grape___healthy,0.9714285714285714
linear_probe_s1,gaussian_noise,2,Orange___Haunglongbing_(Citrus_greening),0.9675925925925926
linear_probe_s1,gaussian_noise,2,Peach___Bacterial_spot,0.8875739644970414
linear_probe_s1,gaussian_noise,2,Peach___healthy,0.42424242424242425
linear_probe_s1,gaussian_noise,2,"Pepper,_bell___Bacterial_spot",0.5531914893617021
linear_probe_s1,gaussian_noise,2,"Pepper,_bell___healthy",0.7959183673469388
linear_probe_s1,gaussian_noise,2,Potato___Early_blight,0.918918918918919
linear_probe_s1,gaussian_noise,2,Potato___Late_blight,0.7816091954022989
linear_probe_s1,gaussian_noise,2,Potato___healthy,1.0
linear_probe_s1,gaussian_noise,2,Raspberry___healthy,0.23529411764705882
linear_probe_s1,gaussian_noise,2,Soybean___healthy,0.9635036496350365
linear_probe_s1,gaussian_noise,2,Squash___Powdery_mildew,0.9798657718120806
linear_probe_s1,gaussian_noise,2,Strawberry___Leaf_scorch,0.9767441860465116
linear_probe_s1,gaussian_noise,2,Strawberry___healthy,0.875
linear_probe_s1,gaussian_noise,2,Tomato___Bacterial_spot,0.3300970873786408
linear_probe_s1,gaussian_noise,2,Tomato___Early_blight,0.3137254901960784
linear_probe_s1,gaussian_noise,2,Tomato___Late_blight,0.14285714285714285
linear_probe_s1,gaussian_noise,2,Tomato___Leaf_Mold,0.4489795918367347
linear_probe_s1,gaussian_noise,2,Tomato___Septoria_leaf_spot,0.5726872246696035
linear_probe_s1,gaussian_noise,2,Tomato___Spider_mites_Two-spotted_spider_mite,0.40816326530612246
linear_probe_s1,gaussian_noise,2,Tomato___Target_Spot,0.28313253012048195
linear_probe_s1,gaussian_noise,2,Tomato___Tomato_Yellow_Leaf_Curl_Virus,0.7909604519774012
linear_probe_s1,gaussian_noise,2,Tomato___Tomato_mosaic_virus,0.0
linear_probe_s1,gaussian_noise,2,Tomato___healthy,0.6236559139784946
finetune_s42,gaussian_noise,2,Apple___Apple_scab,0.27586206896551724
finetune_s42,gaussian_noise,2,Apple___Black_rot,0.4782608695652174
finetune_s42,gaussian_noise,2,Apple___Cedar_apple_rust,0.0
finetune_s42,gaussian_noise,2,Apple___healthy,0.0
finetune_s42,gaussian_noise,2,Blueberry___healthy,0.9016393442622951
finetune_s42,gaussian_noise,2,Cherry_(including_sour)___Powdery_mildew,0.8333333333333334
finetune_s42,gaussian_noise,2,Cherry_(including_sour)___healthy,0.627906976744186
finetune_s42,gaussian_noise,2,Corn_(maize)___Cercospora_leaf_spot_Gray_leaf_spot,0.7555555555555555
finetune_s42,gaussian_noise,2,Corn_(maize)___Common_rust_,0.768
finetune_s42,gaussian_noise,2,Corn_(maize)___Northern_Leaf_Blight,0.6115702479338843
finetune_s42,gaussian_noise,2,Corn_(maize)___healthy,0.7894736842105263
finetune_s42,gaussian_noise,2,Grape___Black_rot,0.19230769230769232
finetune_s42,gaussian_noise,2,Grape___Esca_(Black_Measles),0.8548387096774194
finetune_s42,gaussian_noise,2,Grape___Leaf_blight_(Isariopsis_Leaf_Spot),0.8470588235294118
finetune_s42,gaussian_noise,2,Grape___healthy,0.5217391304347826
finetune_s42,gaussian_noise,2,Orange___Haunglongbing_(Citrus_greening),0.9476190476190476
finetune_s42,gaussian_noise,2,Peach___Bacterial_spot,0.8379888268156425
finetune_s42,gaussian_noise,2,Peach___healthy,0.5263157894736842
finetune_s42,gaussian_noise,2,"Pepper,_bell___Bacterial_spot",0.49032258064516127
finetune_s42,gaussian_noise,2,"Pepper,_bell___healthy",0.4634146341463415
finetune_s42,gaussian_noise,2,Potato___Early_blight,0.6571428571428571
finetune_s42,gaussian_noise,2,Potato___Late_blight,0.09523809523809523
finetune_s42,gaussian_noise,2,Potato___healthy,0.0
finetune_s42,gaussian_noise,2,Raspberry___healthy,0.0
finetune_s42,gaussian_noise,2,Soybean___healthy,0.2553191489361702
finetune_s42,gaussian_noise,2,Squash___Powdery_mildew,0.7521367521367521
finetune_s42,gaussian_noise,2,Strawberry___Leaf_scorch,0.37130801687763715
finetune_s42,gaussian_noise,2,Strawberry___healthy,0.10526315789473684
finetune_s42,gaussian_noise,2,Tomato___Bacterial_spot,0.0
finetune_s42,gaussian_noise,2,Tomato___Early_blight,0.04878048780487805
finetune_s42,gaussian_noise,2,Tomato___Late_blight,0.0
finetune_s42,gaussian_noise,2,Tomato___Leaf_Mold,0.05128205128205128
finetune_s42,gaussian_noise,2,Tomato___Septoria_leaf_spot,0.17274939172749393
finetune_s42,gaussian_noise,2,Tomato___Spider_mites_Two-spotted_spider_mite,0.057971014492753624
finetune_s42,gaussian_noise,2,Tomato___Target_Spot,0.15873015873015872
finetune_s42,gaussian_noise,2,Tomato___Tomato_Yellow_Leaf_Curl_Virus,0.691131498470948
finetune_s42,gaussian_noise,2,Tomato___Tomato_mosaic_virus,0.6086956521739131
finetune_s42,gaussian_noise,2,Tomato___healthy,0.11764705882352941
finetune_s0,gaussian_noise,2,Apple___Apple_scab,0.6046511627906976
finetune_s0,gaussian_noise,2,Apple___Black_rot,0.26666666666666666
finetune_s0,gaussian_noise,2,Apple___Cedar_apple_rust,0.0
finetune_s0,gaussian_noise,2,Apple___healthy,0.21621621621621623
finetune_s0,gaussian_noise,2,Blueberry___healthy,0.8055555555555556
finetune_s0,gaussian_noise,2,Cherry_(including_sour)___Powdery_mildew,0.9113924050632911
finetune_s0,gaussian_noise,2,Cherry_(including_sour)___healthy,0.8666666666666667
finetune_s0,gaussian_noise,2,Corn_(maize)___Cercospora_leaf_spot_Gray_leaf_spot,0.7547169811320755
finetune_s0,gaussian_noise,2,Corn_(maize)___Common_rust_,0.9320388349514563
finetune_s0,gaussian_noise,2,Corn_(maize)___Northern_Leaf_Blight,0.8266666666666667
finetune_s0,gaussian_noise,2,Corn_(maize)___healthy,0.9302325581395349
finetune_s0,gaussian_noise,2,Grape___Black_rot,0.1568627450980392
finetune_s0,gaussian_noise,2,Grape___Esca_(Black_Measles),0.8527131782945736
finetune_s0,gaussian_noise,2,Grape___Leaf_blight_(Isariopsis_Leaf_Spot),0.8735632183908046
finetune_s0,gaussian_noise,2,Grape___healthy,0.45454545454545453
finetune_s0,gaussian_noise,2,Orange___Haunglongbing_(Citrus_greening),0.9346246973365617
finetune_s0,gaussian_noise,2,Peach___Bacterial_spot,0.8936170212765957
finetune_s0,gaussian_noise,2,Peach___healthy,0.0
finetune_s0,gaussian_noise,2,"Pepper,_bell___Bacterial_spot",0.8354430379746836
finetune_s0,gaussian_noise,2,"Pepper,_bell___healthy",0.8571428571428571
finetune_s0,gaussian_noise,2,Potato___Early_blight,0.7142857142857143
finetune_s0,gaussian_noise,2,Potato___Late_blight,0.0
finetune_s0,gaussian_noise,2,Potato___healthy,0.0
finetune_s0,gaussian_noise,2,Raspberry___healthy,0.6363636363636364
finetune_s0,gaussian_noise,2,Soybean___healthy,0.41245136186770426
finetune_s0,gaussian_noise,2,Squash___Powdery_mildew,0.8780487804878049
finetune_s0,gaussian_noise,2,Strawberry___Leaf_scorch,0.4861878453038674
finetune_s0,gaussian_noise,2,Strawberry___healthy,0.6153846153846154
finetune_s0,gaussian_noise,2,Tomato___Bacterial_spot,0.0
finetune_s0,gaussian_noise,2,Tomato___Early_blight,0.0
finetune_s0,gaussian_noise,2,Tomato___Late_blight,0.0759493670886076
finetune_s0,gaussian_noise,2,Tomato___Leaf_Mold,0.3673469387755102
finetune_s0,gaussian_noise,2,Tomato___Septoria_leaf_spot,0.16928657799274485
finetune_s0,gaussian_noise,2,Tomato___Spider_mites_Two-spotted_spider_mite,0.1111111111111111
finetune_s0,gaussian_noise,2,Tomato___Target_Spot,0.0
finetune_s0,gaussian_noise,2,Tomato___Tomato_Yellow_Leaf_Curl_Virus,0.7521865889212828
finetune_s0,gaussian_noise,2,Tomato___Tomato_mosaic_virus,0.3076923076923077
finetune_s0,gaussian_noise,2,Tomato___healthy,0.40476190476190477
finetune_s1,gaussian_noise,2,Apple___Apple_scab,0.14814814814814814
finetune_s1,gaussian_noise,2,Apple___Black_rot,0.1935483870967742
finetune_s1,gaussian_noise,2,Apple___Cedar_apple_rust,0.3076923076923077
finetune_s1,gaussian_noise,2,Apple___healthy,0.0
finetune_s1,gaussian_noise,2,Blueberry___healthy,0.5
finetune_s1,gaussian_noise,2,Cherry_(including_sour)___Powdery_mildew,0.88
finetune_s1,gaussian_noise,2,Cherry_(including_sour)___healthy,0.759493670886076
finetune_s1,gaussian_noise,2,Corn_(maize)___Cercospora_leaf_spot_Gray_leaf_spot,0.8888888888888888
finetune_s1,gaussian_noise,2,Corn_(maize)___Common_rust_,0.897196261682243
finetune_s1,gaussian_noise,2,Corn_(maize)___Northern_Leaf_Blight,0.896551724137931
finetune_s1,gaussian_noise,2,Corn_(maize)___healthy,1.0
finetune_s1,gaussian_noise,2,Grape___Black_rot,0.0
finetune_s1,gaussian_noise,2,Grape___Esca_(Black_Measles),0.9401709401709402
finetune_s1,gaussian_noise,2,Grape___Leaf_blight_(Isariopsis_Leaf_Spot),0.7
finetune_s1,gaussian_noise,2,Grape___healthy,0.0
finetune_s1,gaussian_noise,2,Orange___Haunglongbing_(Citrus_greening),0.4879725085910653
finetune_s1,gaussian_noise,2,Peach___Bacterial_spot,0.8947368421052632
finetune_s1,gaussian_noise,2,Peach___healthy,0.0
finetune_s1,gaussian_noise,2,"Pepper,_bell___Bacterial_spot",0.8108108108108109
finetune_s1,gaussian_noise,2,"Pepper,_bell___healthy",0.8380952380952381
finetune_s1,gaussian_noise,2,Potato___Early_blight,0.32653061224489793
finetune_s1,gaussian_noise,2,Potato___Late_blight,0.0
finetune_s1,gaussian_noise,2,Potato___healthy,0.0
finetune_s1,gaussian_noise,2,Raspberry___healthy,0.3333333333333333
finetune_s1,gaussian_noise,2,Soybean___healthy,0.4981949458483754
finetune_s1,gaussian_noise,2,Squash___Powdery_mildew,0.37777777777777777
finetune_s1,gaussian_noise,2,Strawberry___Leaf_scorch,0.6153846153846154
finetune_s1,gaussian_noise,2,Strawberry___healthy,0.2
finetune_s1,gaussian_noise,2,Tomato___Bacterial_spot,0.0
finetune_s1,gaussian_noise,2,Tomato___Early_blight,0.047619047619047616
finetune_s1,gaussian_noise,2,Tomato___Late_blight,0.0
finetune_s1,gaussian_noise,2,Tomato___Leaf_Mold,0.05128205128205128
finetune_s1,gaussian_noise,2,Tomato___Septoria_leaf_spot,0.1278127812781278
finetune_s1,gaussian_noise,2,Tomato___Spider_mites_Two-spotted_spider_mite,0.057971014492753624
finetune_s1,gaussian_noise,2,Tomato___Target_Spot,0.0
finetune_s1,gaussian_noise,2,Tomato___Tomato_Yellow_Leaf_Curl_Virus,0.4548736462093863
finetune_s1,gaussian_noise,2,Tomato___Tomato_mosaic_virus,0.37735849056603776
finetune_s1,gaussian_noise,2,Tomato___healthy,0.19718309859154928
linear_probe_s42,gaussian_noise,3,Apple___Apple_scab,0.1724137931034483
linear_probe_s42,gaussian_noise,3,Apple___Black_rot,0.21428571428571427
linear_probe_s42,gaussian_noise,3,Apple___Cedar_apple_rust,0.0
linear_probe_s42,gaussian_noise,3,Apple___healthy,0.3448275862068966
linear_probe_s42,gaussian_noise,3,Blueberry___healthy,0.4077669902912621
linear_probe_s42,gaussian_noise,3,Cherry_(including_sour)___Powdery_mildew,0.5846153846153846
linear_probe_s42,gaussian_noise,3,Cherry_(including_sour)___healthy,0.0
linear_probe_s42,gaussian_noise,3,Corn_(maize)___Cercospora_leaf_spot_Gray_leaf_spot,0.43333333333333335
linear_probe_s42,gaussian_noise,3,Corn_(maize)___Common_rust_,0.8604651162790697
linear_probe_s42,gaussian_noise,3,Corn_(maize)___Northern_Leaf_Blight,0.45714285714285713
linear_probe_s42,gaussian_noise,3,Corn_(maize)___healthy,0.8256880733944955
linear_probe_s42,gaussian_noise,3,Grape___Black_rot,0.0
linear_probe_s42,gaussian_noise,3,Grape___Esca_(Black_Measles),0.28125
linear_probe_s42,gaussian_noise,3,Grape___Leaf_blight_(Isariopsis_Leaf_Spot),0.6835443037974683
linear_probe_s42,gaussian_noise,3,Grape___healthy,0.46153846153846156
linear_probe_s42,gaussian_noise,3,Orange___Haunglongbing_(Citrus_greening),0.6060606060606061
linear_probe_s42,gaussian_noise,3,Peach___Bacterial_spot,0.7052023121387283
linear_probe_s42,gaussian_noise,3,Peach___healthy,0.26666666666666666
linear_probe_s42,gaussian_noise,3,"Pepper,_bell___Bacterial_spot",0.3924050632911392
linear_probe_s42,gaussian_noise,3,"Pepper,_bell___healthy",0.0967741935483871
linear_probe_s42,gaussian_noise,3,Potato___Early_blight,0.18181818181818182
linear_probe_s42,gaussian_noise,3,Potato___Late_blight,0.38596491228070173
linear_probe_s42,gaussian_noise,3,Potato___healthy,0.25
linear_probe_s42,gaussian_noise,3,Raspberry___healthy,0.0
linear_probe_s42,gaussian_noise,3,Soybean___healthy,0.7740667976424361
linear_probe_s42,gaussian_noise,3,Squash___Powdery_mildew,0.5527638190954773
linear_probe_s42,gaussian_noise,3,Strawberry___Leaf_scorch,0.4918032786885246
linear_probe_s42,gaussian_noise,3,Strawberry___healthy,0.10526315789473684
linear_probe_s42,gaussian_noise,3,Tomato___Bacterial_spot,0.1981981981981982
linear_probe_s42,gaussian_noise,3,Tomato___Early_blight,0.0
linear_probe_s42,gaussian_noise,3,Tomato___Late_blight,0.1686746987951807
linear_probe_s42,gaussian_noise,3,Tomato___Leaf_Mold,0.1
linear_probe_s42,gaussian_noise,3,Tomato___Septoria_leaf_spot,0.250996015936255
linear_probe_s42,gaussian_noise,3,Tomato___Spider_mites_Two-spotted_spider_mite,0.075
linear_probe_s42,gaussian_noise,3,Tomato___Target_Spot,0.2242152466367713
linear_probe_s42,gaussian_noise,3,Tomato___Tomato_Yellow_Leaf_Curl_Virus,0.5540540540540541
linear_probe_s42,gaussian_noise,3,Tomato___Tomato_mosaic_virus,0.0
linear_probe_s42,gaussian_noise,3,Tomato___healthy,0.45714285714285713
linear_probe_s0,gaussian_noise,3,Apple___Apple_scab,0.1643835616438356
linear_probe_s0,gaussian_noise,3,Apple___Black_rot,0.21428571428571427
linear_probe_s0,gaussian_noise,3,Apple___Cedar_apple_rust,0.0
linear_probe_s0,gaussian_noise,3,Apple___healthy,0.3917525773195876
linear_probe_s0,gaussian_noise,3,Blueberry___healthy,0.5957446808510638
linear_probe_s0,gaussian_noise,3,Cherry_(including_sour)___Powdery_mildew,0.4827586206896552
linear_probe_s0,gaussian_noise,3,Cherry_(including_sour)___healthy,0.05714285714285714
linear_probe_s0,gaussian_noise,3,Corn_(maize)___Cercospora_leaf_spot_Gray_leaf_spot,0.1339712918660287
linear_probe_s0,gaussian_noise,3,Corn_(maize)___Common_rust_,0.8571428571428571
linear_probe_s0,gaussian_noise,3,Corn_(maize)___Northern_Leaf_Blight,0.17777777777777778
linear_probe_s0,gaussian_noise,3,Corn_(maize)___healthy,0.7521367521367521
linear_probe_s0,gaussian_noise,3,Grape___Black_rot,0.08163265306122448
linear_probe_s0,gaussian_noise,3,Grape___Esca_(Black_Measles),0.28125
linear_probe_s0,gaussian_noise,3,Grape___Leaf_blight_(Isariopsis_Leaf_Spot),0.6470588235294118
linear_probe_s0,gaussian_noise,3,Grape___healthy,0.0
linear_probe_s0,gaussian_noise,3,Orange___Haunglongbing_(Citrus_greening),0.7524752475247525
linear_probe_s0,gaussian_noise,3,Peach___Bacterial_spot,0.7052631578947368
linear_probe_s0,gaussian_noise,3,Peach___healthy,0.3181818181818182
linear_probe_s0,gaussian_noise,3,"Pepper,_bell___Bacterial_spot",0.5333333333333333
linear_probe_s0,gaussian_noise,3,"Pepper,_bell___healthy",0.2647058823529412
linear_probe_s0,gaussian_noise,3,Potato___Early_blight,0.13953488372093023
linear_probe_s0,gaussian_noise,3,Potato___Late_blight,0.46875
linear_probe_s0,gaussian_noise,3,Potato___healthy,0.0
linear_probe_s0,gaussian_noise,3,Raspberry___healthy,0.0
linear_probe_s0,gaussian_noise,3,Soybean___healthy,0.7372262773722628
linear_probe_s0,gaussian_noise,3,Squash___Powdery_mildew,0.5257731958762887
linear_probe_s0,gaussian_noise,3,Strawberry___Leaf_scorch,0.46153846153846156
linear_probe_s0,gaussian_noise,3,Strawberry___healthy,0.10526315789473684
linear_probe_s0,gaussian_noise,3,Tomato___Bacterial_spot,0.045454545454545456
linear_probe_s0,gaussian_noise,3,Tomato___Early_blight,0.0
linear_probe_s0,gaussian_noise,3,Tomato___Late_blight,0.05128205128205128
linear_probe_s0,gaussian_noise,3,Tomato___Leaf_Mold,0.19047619047619047
linear_probe_s0,gaussian_noise,3,Tomato___Septoria_leaf_spot,0.273542600896861
linear_probe_s0,gaussian_noise,3,Tomato___Spider_mites_Two-spotted_spider_mite,0.10810810810810811
linear_probe_s0,gaussian_noise,3,Tomato___Target_Spot,0.24193548387096775
linear_probe_s0,gaussian_noise,3,Tomato___Tomato_Yellow_Leaf_Curl_Virus,0.2948207171314741
linear_probe_s0,gaussian_noise,3,Tomato___Tomato_mosaic_virus,0.0
linear_probe_s0,gaussian_noise,3,Tomato___healthy,0.42696629213483145
linear_probe_s1,gaussian_noise,3,Apple___Apple_scab,0.2127659574468085
linear_probe_s1,gaussian_noise,3,Apple___Black_rot,0.21428571428571427
linear_probe_s1,gaussian_noise,3,Apple___Cedar_apple_rust,0.0
linear_probe_s1,gaussian_noise,3,Apple___healthy,0.5165562913907285
linear_probe_s1,gaussian_noise,3,Blueberry___healthy,0.48951048951048953
linear_probe_s1,gaussian_noise,3,Cherry_(including_sour)___Powdery_mildew,0.5263157894736842
linear_probe_s1,gaussian_noise,3,Cherry_(including_sour)___healthy,0.0
linear_probe_s1,gaussian_noise,3,Corn_(maize)___Cercospora_leaf_spot_Gray_leaf_spot,0.13793103448275862
linear_probe_s1,gaussian_noise,3,Corn_(maize)___Common_rust_,0.7692307692307693
linear_probe_s1,gaussian_noise,3,Corn_(maize)___Northern_Leaf_Blight,0.09302325581395349
linear_probe_s1,gaussian_noise,3,Corn_(maize)___healthy,0.8210526315789474
linear_probe_s1,gaussian_noise,3,Grape___Black_rot,0.0
linear_probe_s1,gaussian_noise,3,Grape___Esca_(Black_Measles),0.37681159420289856
linear_probe_s1,gaussian_noise,3,Grape___Leaf_blight_(Isariopsis_Leaf_Spot),0.5245901639344263
linear_probe_s1,gaussian_noise,3,Grape___healthy,0.21052631578947367
linear_probe_s1,gaussian_noise,3,Orange___Haunglongbing_(Citrus_greening),0.60625
linear_probe_s1,gaussian_noise,3,Peach___Bacterial_spot,0.6810810810810811
linear_probe_s1,gaussian_noise,3,Peach___healthy,0.19718309859154928
linear_probe_s1,gaussian_noise,3,"Pepper,_bell___Bacterial_spot",0.5765765765765766
linear_probe_s1,gaussian_noise,3,"Pepper,_bell___healthy",0.18461538461538463
linear_probe_s1,gaussian_noise,3,Potato___Early_blight,0.2222222222222222
linear_probe_s1,gaussian_noise,3,Potato___Late_blight,0.4307692307692308
linear_probe_s1,gaussian_noise,3,Potato___healthy,0.0
linear_probe_s1,gaussian_noise,3,Raspberry___healthy,0.0
linear_probe_s1,gaussian_noise,3,Soybean___healthy,0.8591549295774648
linear_probe_s1,gaussian_noise,3,Squash___Powdery_mildew,0.5485714285714286
linear_probe_s1,gaussian_noise,3,Strawberry___Leaf_scorch,0.4406779661016949
linear_probe_s1,gaussian_noise,3,Strawberry___healthy,0.2
linear_probe_s1,gaussian_noise,3,Tomato___Bacterial_spot,0.0
linear_probe_s1,gaussian_noise,3,Tomato___Early_blight,0.0
linear_probe_s1,gaussian_noise,3,Tomato___Late_blight,0.14634146341463414
linear_probe_s1,gaussian_noise,3,Tomato___Leaf_Mold,0.22727272727272727
linear_probe_s1,gaussian_noise,3,Tomato___Septoria_leaf_spot,0.27310924369747897
linear_probe_s1,gaussian_noise,3,Tomato___Spider_mites_Two-spotted_spider_mite,0.06315789473684211
linear_probe_s1,gaussian_noise,3,Tomato___Target_Spot,0.17955112219451372
linear_probe_s1,gaussian_noise,3,Tomato___Tomato_Yellow_Leaf_Curl_Virus,0.26720647773279355
linear_probe_s1,gaussian_noise,3,Tomato___Tomato_mosaic_virus,0.0
linear_probe_s1,gaussian_noise,3,Tomato___healthy,0.3291139240506329
finetune_s42,gaussian_noise,3,Apple___Apple_scab,0.0
finetune_s42,gaussian_noise,3,Apple___Black_rot,0.34615384615384615
finetune_s42,gaussian_noise,3,Apple___Cedar_apple_rust,0.0
finetune_s42,gaussian_noise,3,Apple___healthy,0.0
finetune_s42,gaussian_noise,3,Blueberry___healthy,0.03278688524590164
finetune_s42,gaussian_noise,3,Cherry_(including_sour)___Powdery_mildew,0.0
finetune_s42,gaussian_noise,3,Cherry_(including_sour)___healthy,0.03821656050955414
finetune_s42,gaussian_noise,3,Corn_(maize)___Cercospora_leaf_spot_Gray_leaf_spot,0.6842105263157895
finetune_s42,gaussian_noise,3,Corn_(maize)___Common_rust_,0.32764505119453924
finetune_s42,gaussian_noise,3,Corn_(maize)___Northern_Leaf_Blight,0.12520064205457465
finetune_s42,gaussian_noise,3,Corn_(maize)___healthy,0.0
finetune_s42,gaussian_noise,3,Grape___Black_rot,0.0
finetune_s42,gaussian_noise,3,Grape___Esca_(Black_Measles),0.5057471264367817
finetune_s42,gaussian_noise,3,Grape___Leaf_blight_(Isariopsis_Leaf_Spot),0.0
finetune_s42,gaussian_noise,3,Grape___healthy,0.0
finetune_s42,gaussian_noise,3,Orange___Haunglongbing_(Citrus_greening),0.0
finetune_s42,gaussian_noise,3,Peach___Bacterial_spot,0.17857142857142858
finetune_s42,gaussian_noise,3,Peach___healthy,0.0
finetune_s42,gaussian_noise,3,"Pepper,_bell___Bacterial_spot",0.2463768115942029
finetune_s42,gaussian_noise,3,"Pepper,_bell___healthy",0.12121212121212122
finetune_s42,gaussian_noise,3,Potato___Early_blight,0.0
finetune_s42,gaussian_noise,3,Potato___Late_blight,0.0
finetune_s42,gaussian_noise,3,Potato___healthy,0.0
finetune_s42,gaussian_noise,3,Raspberry___healthy,0.0
finetune_s42,gaussian_noise,3,Soybean___healthy,0.0
finetune_s42,gaussian_noise,3,Squash___Powdery_mildew,0.0
finetune_s42,gaussian_noise,3,Strawberry___Leaf_scorch,0.26973684210526316
finetune_s42,gaussian_noise,3,Strawberry___healthy,0.0
finetune_s42,gaussian_noise,3,Tomato___Bacterial_spot,0.0
finetune_s42,gaussian_noise,3,Tomato___Early_blight,0.0
finetune_s42,gaussian_noise,3,Tomato___Late_blight,0.0
finetune_s42,gaussian_noise,3,Tomato___Leaf_Mold,0.0
finetune_s42,gaussian_noise,3,Tomato___Septoria_leaf_spot,0.1858267716535433
finetune_s42,gaussian_noise,3,Tomato___Spider_mites_Two-spotted_spider_mite,0.0
finetune_s42,gaussian_noise,3,Tomato___Target_Spot,0.0
finetune_s42,gaussian_noise,3,Tomato___Tomato_Yellow_Leaf_Curl_Virus,0.0
finetune_s42,gaussian_noise,3,Tomato___Tomato_mosaic_virus,0.0
finetune_s42,gaussian_noise,3,Tomato___healthy,0.0
finetune_s0,gaussian_noise,3,Apple___Apple_scab,0.0
finetune_s0,gaussian_noise,3,Apple___Black_rot,0.0
finetune_s0,gaussian_noise,3,Apple___Cedar_apple_rust,0.0
finetune_s0,gaussian_noise,3,Apple___healthy,0.0
finetune_s0,gaussian_noise,3,Blueberry___healthy,0.06451612903225806
finetune_s0,gaussian_noise,3,Cherry_(including_sour)___Powdery_mildew,0.0
finetune_s0,gaussian_noise,3,Cherry_(including_sour)___healthy,0.22727272727272727
finetune_s0,gaussian_noise,3,Corn_(maize)___Cercospora_leaf_spot_Gray_leaf_spot,0.2777777777777778
finetune_s0,gaussian_noise,3,Corn_(maize)___Common_rust_,0.47474747474747475
finetune_s0,gaussian_noise,3,Corn_(maize)___Northern_Leaf_Blight,0.07692307692307693
finetune_s0,gaussian_noise,3,Corn_(maize)___healthy,0.0425531914893617
finetune_s0,gaussian_noise,3,Grape___Black_rot,0.0
finetune_s0,gaussian_noise,3,Grape___Esca_(Black_Measles),0.5333333333333333
finetune_s0,gaussian_noise,3,Grape___Leaf_blight_(Isariopsis_Leaf_Spot),0.0
finetune_s0,gaussian_noise,3,Grape___healthy,0.0
finetune_s0,gaussian_noise,3,Orange___Haunglongbing_(Citrus_greening),0.00904977375565611
finetune_s0,gaussian_noise,3,Peach___Bacterial_spot,0.10204081632653061
finetune_s0,gaussian_noise,3,Peach___healthy,0.0
finetune_s0,gaussian_noise,3,"Pepper,_bell___Bacterial_spot",0.0851063829787234
finetune_s0,gaussian_noise,3,"Pepper,_bell___healthy",0.3380281690140845
finetune_s0,gaussian_noise,3,Potato___Early_blight,0.0
finetune_s0,gaussian_noise,3,Potato___Late_blight,0.0
finetune_s0,gaussian_noise,3,Potato___healthy,0.0
finetune_s0,gaussian_noise,3,Raspberry___healthy,0.0
finetune_s0,gaussian_noise,3,Soybean___healthy,0.0
finetune_s0,gaussian_noise,3,Squash___Powdery_mildew,0.5396825396825397
finetune_s0,gaussian_noise,3,Strawberry___Leaf_scorch,0.12998522895125553
finetune_s0,gaussian_noise,3,Strawberry___healthy,0.0
finetune_s0,gaussian_noise,3,Tomato___Bacterial_spot,0.0
finetune_s0,gaussian_noise,3,Tomato___Early_blight,0.0
finetune_s0,gaussian_noise,3,Tomato___Late_blight,0.0
finetune_s0,gaussian_noise,3,Tomato___Leaf_Mold,0.0
finetune_s0,gaussian_noise,3,Tomato___Septoria_leaf_spot,0.1285563751317176
finetune_s0,gaussian_noise,3,Tomato___Spider_mites_Two-spotted_spider_mite,0.0
finetune_s0,gaussian_noise,3,Tomato___Target_Spot,0.0
finetune_s0,gaussian_noise,3,Tomato___Tomato_Yellow_Leaf_Curl_Virus,0.0
finetune_s0,gaussian_noise,3,Tomato___Tomato_mosaic_virus,0.0
finetune_s0,gaussian_noise,3,Tomato___healthy,0.07368421052631578
finetune_s1,gaussian_noise,3,Apple___Apple_scab,0.0
finetune_s1,gaussian_noise,3,Apple___Black_rot,0.0
finetune_s1,gaussian_noise,3,Apple___Cedar_apple_rust,0.0
finetune_s1,gaussian_noise,3,Apple___healthy,0.0
finetune_s1,gaussian_noise,3,Blueberry___healthy,0.44680851063829785
finetune_s1,gaussian_noise,3,Cherry_(including_sour)___Powdery_mildew,0.0
finetune_s1,gaussian_noise,3,Cherry_(including_sour)___healthy,0.06756756756756757
finetune_s1,gaussian_noise,3,Corn_(maize)___Cercospora_leaf_spot_Gray_leaf_spot,0.09523809523809523
finetune_s1,gaussian_noise,3,Corn_(maize)___Common_rust_,0.9795918367346939
finetune_s1,gaussian_noise,3,Corn_(maize)___Northern_Leaf_Blight,0.4
finetune_s1,gaussian_noise,3,Corn_(maize)___healthy,0.4918032786885246
finetune_s1,gaussian_noise,3,Grape___Black_rot,0.0
finetune_s1,gaussian_noise,3,Grape___Esca_(Black_Measles),0.28125
finetune_s1,gaussian_noise,3,Grape___Leaf_blight_(Isariopsis_Leaf_Spot),0.0
finetune_s1,gaussian_noise,3,Grape___healthy,0.0
finetune_s1,gaussian_noise,3,Orange___Haunglongbing_(Citrus_greening),0.0
finetune_s1,gaussian_noise,3,Peach___Bacterial_spot,0.38016528925619836
finetune_s1,gaussian_noise,3,Peach___healthy,0.0
finetune_s1,gaussian_noise,3,"Pepper,_bell___Bacterial_spot",0.29411764705882354
finetune_s1,gaussian_noise,3,"Pepper,_bell___healthy",0.12307692307692308
finetune_s1,gaussian_noise,3,Potato___Early_blight,0.0
finetune_s1,gaussian_noise,3,Potato___Late_blight,0.0
finetune_s1,gaussian_noise,3,Potato___healthy,0.0
finetune_s1,gaussian_noise,3,Raspberry___healthy,0.0
finetune_s1,gaussian_noise,3,Soybean___healthy,0.13168724279835392
finetune_s1,gaussian_noise,3,Squash___Powdery_mildew,0.0
finetune_s1,gaussian_noise,3,Strawberry___Leaf_scorch,0.5147058823529411
finetune_s1,gaussian_noise,3,Strawberry___healthy,0.0
finetune_s1,gaussian_noise,3,Tomato___Bacterial_spot,0.0
finetune_s1,gaussian_noise,3,Tomato___Early_blight,0.0
finetune_s1,gaussian_noise,3,Tomato___Late_blight,0.0
finetune_s1,gaussian_noise,3,Tomato___Leaf_Mold,0.0
finetune_s1,gaussian_noise,3,Tomato___Septoria_leaf_spot,0.08348030570252793
finetune_s1,gaussian_noise,3,Tomato___Spider_mites_Two-spotted_spider_mite,0.0
finetune_s1,gaussian_noise,3,Tomato___Target_Spot,0.0
finetune_s1,gaussian_noise,3,Tomato___Tomato_Yellow_Leaf_Curl_Virus,0.0
finetune_s1,gaussian_noise,3,Tomato___Tomato_mosaic_virus,0.0
finetune_s1,gaussian_noise,3,Tomato___healthy,0.09411764705882353
linear_probe_s42,jpeg,1,Apple___Apple_scab,0.9259259259259259
linear_probe_s42,jpeg,1,Apple___Black_rot,0.9583333333333334
linear_probe_s42,jpeg,1,Apple___Cedar_apple_rust,0.9
linear_probe_s42,jpeg,1,Apple___healthy,0.96875
linear_probe_s42,jpeg,1,Blueberry___healthy,0.9915966386554622
linear_probe_s42,jpeg,1,Cherry_(including_sour)___Powdery_mildew,1.0
linear_probe_s42,jpeg,1,Cherry_(including_sour)___healthy,1.0
linear_probe_s42,jpeg,1,Corn_(maize)___Cercospora_leaf_spot_Gray_leaf_spot,0.8780487804878049
linear_probe_s42,jpeg,1,Corn_(maize)___Common_rust_,0.9894736842105263
linear_probe_s42,jpeg,1,Corn_(maize)___Northern_Leaf_Blight,0.9487179487179487
linear_probe_s42,jpeg,1,Corn_(maize)___healthy,1.0
linear_probe_s42,jpeg,1,Grape___Black_rot,0.9565217391304348
linear_probe_s42,jpeg,1,Grape___Esca_(Black_Measles),0.9818181818181818
linear_probe_s42,jpeg,1,Grape___Leaf_blight_(Isariopsis_Leaf_Spot),0.9885057471264368
linear_probe_s42,jpeg,1,Grape___healthy,1.0
linear_probe_s42,jpeg,1,Orange___Haunglongbing_(Citrus_greening),0.9977220956719818
linear_probe_s42,jpeg,1,Peach___Bacterial_spot,0.9726775956284153
linear_probe_s42,jpeg,1,Peach___healthy,0.9230769230769231
linear_probe_s42,jpeg,1,"Pepper,_bell___Bacterial_spot",0.9523809523809523
linear_probe_s42,jpeg,1,"Pepper,_bell___healthy",0.9827586206896551
linear_probe_s42,jpeg,1,Potato___Early_blight,1.0
linear_probe_s42,jpeg,1,Potato___Late_blight,0.9411764705882353
linear_probe_s42,jpeg,1,Potato___healthy,0.9090909090909091
linear_probe_s42,jpeg,1,Raspberry___healthy,1.0
linear_probe_s42,jpeg,1,Soybean___healthy,0.9951219512195122
linear_probe_s42,jpeg,1,Squash___Powdery_mildew,0.993103448275862
linear_probe_s42,jpeg,1,Strawberry___Leaf_scorch,1.0
linear_probe_s42,jpeg,1,Strawberry___healthy,0.972972972972973
linear_probe_s42,jpeg,1,Tomato___Bacterial_spot,0.9371428571428572
linear_probe_s42,jpeg,1,Tomato___Early_blight,0.8533333333333334
linear_probe_s42,jpeg,1,Tomato___Late_blight,0.9358974358974359
linear_probe_s42,jpeg,1,Tomato___Leaf_Mold,0.8985507246376812
linear_probe_s42,jpeg,1,Tomato___Septoria_leaf_spot,0.9054054054054054
linear_probe_s42,jpeg,1,Tomato___Spider_mites_Two-spotted_spider_mite,0.8870967741935484
linear_probe_s42,jpeg,1,Tomato___Target_Spot,0.8253968253968254
linear_probe_s42,jpeg,1,Tomato___Tomato_Yellow_Leaf_Curl_Virus,0.9815668202764977
linear_probe_s42,jpeg,1,Tomato___Tomato_mosaic_virus,0.9285714285714286
linear_probe_s42,jpeg,1,Tomato___healthy,0.9243697478991597
linear_probe_s0,jpeg,1,Apple___Apple_scab,0.9090909090909091
linear_probe_s0,jpeg,1,Apple___Black_rot,0.9583333333333334
linear_probe_s0,jpeg,1,Apple___Cedar_apple_rust,0.7777777777777778
linear_probe_s0,jpeg,1,Apple___healthy,0.9523809523809523
linear_probe_s0,jpeg,1,Blueberry___healthy,1.0
linear_probe_s0,jpeg,1,Cherry_(including_sour)___Powdery_mildew,0.9879518072289156
linear_probe_s0,jpeg,1,Cherry_(including_sour)___healthy,0.9855072463768116
linear_probe_s0,jpeg,1,Corn_(maize)___Cercospora_leaf_spot_Gray_leaf_spot,0.8947368421052632
linear_probe_s0,jpeg,1,Corn_(maize)___Common_rust_,1.0
linear_probe_s0,jpeg,1,Corn_(maize)___Northern_Leaf_Blight,0.95
linear_probe_s0,jpeg,1,Corn_(maize)___healthy,1.0
linear_probe_s0,jpeg,1,Grape___Black_rot,0.967741935483871
linear_probe_s0,jpeg,1,Grape___Esca_(Black_Measles),0.9818181818181818
linear_probe_s0,jpeg,1,Grape___Leaf_blight_(Isariopsis_Leaf_Spot),1.0
linear_probe_s0,jpeg,1,Grape___healthy,0.9696969696969697
linear_probe_s0,jpeg,1,Orange___Haunglongbing_(Citrus_greening),0.9977220956719818
linear_probe_s0,jpeg,1,Peach___Bacterial_spot,0.9680851063829787
linear_probe_s0,jpeg,1,Peach___healthy,0.88
linear_probe_s0,jpeg,1,"Pepper,_bell___Bacterial_spot",0.9411764705882353
linear_probe_s0,jpeg,1,"Pepper,_bell___healthy",0.9649122807017544
linear_probe_s0,jpeg,1,Potato___Early_blight,1.0
linear_probe_s0,jpeg,1,Potato___Late_blight,0.9195402298850575
linear_probe_s0,jpeg,1,Potato___healthy,0.8
linear_probe_s0,jpeg,1,Raspberry___healthy,1.0
linear_probe_s0,jpeg,1,Soybean___healthy,0.9902912621359223
linear_probe_s0,jpeg,1,Squash___Powdery_mildew,0.993103448275862
linear_probe_s0,jpeg,1,Strawberry___Leaf_scorch,1.0
linear_probe_s0,jpeg,1,Strawberry___healthy,1.0
linear_probe_s0,jpeg,1,Tomato___Bacterial_spot,0.9265536723163842
linear_probe_s0,jpeg,1,Tomato___Early_blight,0.8108108108108109
linear_probe_s0,jpeg,1,Tomato___Late_blight,0.9139072847682119
linear_probe_s0,jpeg,1,Tomato___Leaf_Mold,0.9166666666666666
linear_probe_s0,jpeg,1,Tomato___Septoria_leaf_spot,0.89171974522293
linear_probe_s0,jpeg,1,Tomato___Spider_mites_Two-spotted_spider_mite,0.8943089430894309
linear_probe_s0,jpeg,1,Tomato___Target_Spot,0.8547008547008547
linear_probe_s0,jpeg,1,Tomato___Tomato_Yellow_Leaf_Curl_Virus,0.9814814814814815
linear_probe_s0,jpeg,1,Tomato___Tomato_mosaic_virus,0.8888888888888888
linear_probe_s0,jpeg,1,Tomato___healthy,0.9508196721311475
linear_probe_s1,jpeg,1,Apple___Apple_scab,0.9411764705882353
linear_probe_s1,jpeg,1,Apple___Black_rot,0.9795918367346939
linear_probe_s1,jpeg,1,Apple___Cedar_apple_rust,0.9090909090909091
linear_probe_s1,jpeg,1,Apple___healthy,0.9612403100775194
linear_probe_s1,jpeg,1,Blueberry___healthy,0.9915966386554622
linear_probe_s1,jpeg,1,Cherry_(including_sour)___Powdery_mildew,0.9879518072289156
linear_probe_s1,jpeg,1,Cherry_(including_sour)___healthy,0.9850746268656716
linear_probe_s1,jpeg,1,Corn_(maize)___Cercospora_leaf_spot_Gray_leaf_spot,0.8571428571428571
linear_probe_s1,jpeg,1,Corn_(maize)___Common_rust_,0.9787234042553191
linear_probe_s1,jpeg,1,Corn_(maize)___Northern_Leaf_Blight,0.9487179487179487
linear_probe_s1,jpeg,1,Corn_(maize)___healthy,1.0
linear_probe_s1,jpeg,1,Grape___Black_rot,0.945054945054945
linear_probe_s1,jpeg,1,Grape___Esca_(Black_Measles),0.9818181818181818
linear_probe_s1,jpeg,1,Grape___Leaf_blight_(Isariopsis_Leaf_Spot),1.0
linear_probe_s1,jpeg,1,Grape___healthy,1.0
linear_probe_s1,jpeg,1,Orange___Haunglongbing_(Citrus_greening),0.9977220956719818
linear_probe_s1,jpeg,1,Peach___Bacterial_spot,0.9629629629629629
linear_probe_s1,jpeg,1,Peach___healthy,0.9230769230769231
linear_probe_s1,jpeg,1,"Pepper,_bell___Bacterial_spot",0.9523809523809523
linear_probe_s1,jpeg,1,"Pepper,_bell___healthy",0.9827586206896551
linear_probe_s1,jpeg,1,Potato___Early_blight,1.0
linear_probe_s1,jpeg,1,Potato___Late_blight,0.9090909090909091
linear_probe_s1,jpeg,1,Potato___healthy,0.6666666666666666
linear_probe_s1,jpeg,1,Raspberry___healthy,1.0
linear_probe_s1,jpeg,1,Soybean___healthy,0.9926650366748166
linear_probe_s1,jpeg,1,Squash___Powdery_mildew,0.993103448275862
linear_probe_s1,jpeg,1,Strawberry___Leaf_scorch,1.0
linear_probe_s1,jpeg,1,Strawberry___healthy,1.0
linear_probe_s1,jpeg,1,Tomato___Bacterial_spot,0.9364161849710982
linear_probe_s1,jpeg,1,Tomato___Early_blight,0.8461538461538461
linear_probe_s1,jpeg,1,Tomato___Late_blight,0.9
linear_probe_s1,jpeg,1,Tomato___Leaf_Mold,0.8888888888888888
linear_probe_s1,jpeg,1,Tomato___Septoria_leaf_spot,0.8933333333333333
linear_probe_s1,jpeg,1,Tomato___Spider_mites_Two-spotted_spider_mite,0.8760330578512396
linear_probe_s1,jpeg,1,Tomato___Target_Spot,0.8305084745762712
linear_probe_s1,jpeg,1,Tomato___Tomato_Yellow_Leaf_Curl_Virus,0.9792147806004619
linear_probe_s1,jpeg,1,Tomato___Tomato_mosaic_virus,0.8888888888888888
linear_probe_s1,jpeg,1,Tomato___healthy,0.9333333333333333
finetune_s42,jpeg,1,Apple___Apple_scab,1.0
finetune_s42,jpeg,1,Apple___Black_rot,1.0
finetune_s42,jpeg,1,Apple___Cedar_apple_rust,1.0
finetune_s42,jpeg,1,Apple___healthy,1.0
finetune_s42,jpeg,1,Blueberry___healthy,0.9915966386554622
finetune_s42,jpeg,1,Cherry_(including_sour)___Powdery_mildew,1.0
finetune_s42,jpeg,1,Cherry_(including_sour)___healthy,1.0
finetune_s42,jpeg,1,Corn_(maize)___Cercospora_leaf_spot_Gray_leaf_spot,0.8947368421052632
finetune_s42,jpeg,1,Corn_(maize)___Common_rust_,1.0
finetune_s42,jpeg,1,Corn_(maize)___Northern_Leaf_Blight,0.95
finetune_s42,jpeg,1,Corn_(maize)___healthy,1.0
finetune_s42,jpeg,1,Grape___Black_rot,1.0
finetune_s42,jpeg,1,Grape___Esca_(Black_Measles),1.0
finetune_s42,jpeg,1,Grape___Leaf_blight_(Isariopsis_Leaf_Spot),1.0
finetune_s42,jpeg,1,Grape___healthy,0.9714285714285714
finetune_s42,jpeg,1,Orange___Haunglongbing_(Citrus_greening),1.0
finetune_s42,jpeg,1,Peach___Bacterial_spot,1.0
finetune_s42,jpeg,1,Peach___healthy,1.0
finetune_s42,jpeg,1,"Pepper,_bell___Bacterial_spot",1.0
finetune_s42,jpeg,1,"Pepper,_bell___healthy",0.9914529914529915
finetune_s42,jpeg,1,Potato___Early_blight,1.0
finetune_s42,jpeg,1,Potato___Late_blight,0.9876543209876543
finetune_s42,jpeg,1,Potato___healthy,1.0
finetune_s42,jpeg,1,Raspberry___healthy,1.0
finetune_s42,jpeg,1,Soybean___healthy,0.9951219512195122
finetune_s42,jpeg,1,Squash___Powdery_mildew,0.993103448275862
finetune_s42,jpeg,1,Strawberry___Leaf_scorch,1.0
finetune_s42,jpeg,1,Strawberry___healthy,1.0
finetune_s42,jpeg,1,Tomato___Bacterial_spot,1.0
finetune_s42,jpeg,1,Tomato___Early_blight,0.9876543209876543
finetune_s42,jpeg,1,Tomato___Late_blight,0.9866666666666667
finetune_s42,jpeg,1,Tomato___Leaf_Mold,0.9866666666666667
finetune_s42,jpeg,1,Tomato___Septoria_leaf_spot,1.0
finetune_s42,jpeg,1,Tomato___Spider_mites_Two-spotted_spider_mite,1.0
finetune_s42,jpeg,1,Tomato___Target_Spot,1.0
finetune_s42,jpeg,1,Tomato___Tomato_Yellow_Leaf_Curl_Virus,0.9976689976689976
finetune_s42,jpeg,1,Tomato___Tomato_mosaic_virus,1.0
finetune_s42,jpeg,1,Tomato___healthy,1.0
finetune_s0,jpeg,1,Apple___Apple_scab,1.0
finetune_s0,jpeg,1,Apple___Black_rot,1.0
finetune_s0,jpeg,1,Apple___Cedar_apple_rust,1.0
finetune_s0,jpeg,1,Apple___healthy,0.9696969696969697
finetune_s0,jpeg,1,Blueberry___healthy,1.0
finetune_s0,jpeg,1,Cherry_(including_sour)___Powdery_mildew,1.0
finetune_s0,jpeg,1,Cherry_(including_sour)___healthy,1.0
finetune_s0,jpeg,1,Corn_(maize)___Cercospora_leaf_spot_Gray_leaf_spot,0.8947368421052632
finetune_s0,jpeg,1,Corn_(maize)___Common_rust_,1.0
finetune_s0,jpeg,1,Corn_(maize)___Northern_Leaf_Blight,0.95
finetune_s0,jpeg,1,Corn_(maize)___healthy,1.0
finetune_s0,jpeg,1,Grape___Black_rot,1.0
finetune_s0,jpeg,1,Grape___Esca_(Black_Measles),1.0
finetune_s0,jpeg,1,Grape___Leaf_blight_(Isariopsis_Leaf_Spot),1.0
finetune_s0,jpeg,1,Grape___healthy,1.0
finetune_s0,jpeg,1,Orange___Haunglongbing_(Citrus_greening),1.0
finetune_s0,jpeg,1,Peach___Bacterial_spot,1.0
finetune_s0,jpeg,1,Peach___healthy,1.0
finetune_s0,jpeg,1,"Pepper,_bell___Bacterial_spot",1.0
finetune_s0,jpeg,1,"Pepper,_bell___healthy",0.9827586206896551
finetune_s0,jpeg,1,Potato___Early_blight,1.0
finetune_s0,jpeg,1,Potato___Late_blight,1.0
finetune_s0,jpeg,1,Potato___healthy,1.0
finetune_s0,jpeg,1,Raspberry___healthy,0.9655172413793104
finetune_s0,jpeg,1,Soybean___healthy,0.9902912621359223
finetune_s0,jpeg,1,Squash___Powdery_mildew,1.0
finetune_s0,jpeg,1,Strawberry___Leaf_scorch,1.0
finetune_s0,jpeg,1,Strawberry___healthy,0.9714285714285714
finetune_s0,jpeg,1,Tomato___Bacterial_spot,1.0
finetune_s0,jpeg,1,Tomato___Early_blight,1.0
finetune_s0,jpeg,1,Tomato___Late_blight,0.9933774834437086
finetune_s0,jpeg,1,Tomato___Leaf_Mold,1.0
finetune_s0,jpeg,1,Tomato___Septoria_leaf_spot,1.0
finetune_s0,jpeg,1,Tomato___Spider_mites_Two-spotted_spider_mite,0.9774436090225563
finetune_s0,jpeg,1,Tomato___Target_Spot,0.9824561403508771
finetune_s0,jpeg,1,Tomato___Tomato_Yellow_Leaf_Curl_Virus,0.9953271028037384
finetune_s0,jpeg,1,Tomato___Tomato_mosaic_virus,1.0
finetune_s0,jpeg,1,Tomato___healthy,1.0
finetune_s1,jpeg,1,Apple___Apple_scab,1.0
finetune_s1,jpeg,1,Apple___Black_rot,1.0
finetune_s1,jpeg,1,Apple___Cedar_apple_rust,1.0
finetune_s1,jpeg,1,Apple___healthy,1.0
finetune_s1,jpeg,1,Blueberry___healthy,1.0
finetune_s1,jpeg,1,Cherry_(including_sour)___Powdery_mildew,1.0
finetune_s1,jpeg,1,Cherry_(including_sour)___healthy,1.0
finetune_s1,jpeg,1,Corn_(maize)___Cercospora_leaf_spot_Gray_leaf_spot,0.9743589743589743
finetune_s1,jpeg,1,Corn_(maize)___Common_rust_,1.0
finetune_s1,jpeg,1,Corn_(maize)___Northern_Leaf_Blight,0.9873417721518988
finetune_s1,jpeg,1,Corn_(maize)___healthy,1.0
finetune_s1,jpeg,1,Grape___Black_rot,1.0
finetune_s1,jpeg,1,Grape___Esca_(Black_Measles),1.0
finetune_s1,jpeg,1,Grape___Leaf_blight_(Isariopsis_Leaf_Spot),1.0
finetune_s1,jpeg,1,Grape___healthy,1.0
finetune_s1,jpeg,1,Orange___Haunglongbing_(Citrus_greening),1.0
finetune_s1,jpeg,1,Peach___Bacterial_spot,1.0
finetune_s1,jpeg,1,Peach___healthy,1.0
finetune_s1,jpeg,1,"Pepper,_bell___Bacterial_spot",1.0
finetune_s1,jpeg,1,"Pepper,_bell___healthy",1.0
finetune_s1,jpeg,1,Potato___Early_blight,1.0
finetune_s1,jpeg,1,Potato___Late_blight,0.9876543209876543
finetune_s1,jpeg,1,Potato___healthy,1.0
finetune_s1,jpeg,1,Raspberry___healthy,1.0
finetune_s1,jpeg,1,Soybean___healthy,1.0
finetune_s1,jpeg,1,Squash___Powdery_mildew,1.0
finetune_s1,jpeg,1,Strawberry___Leaf_scorch,1.0
finetune_s1,jpeg,1,Strawberry___healthy,1.0
finetune_s1,jpeg,1,Tomato___Bacterial_spot,1.0
finetune_s1,jpeg,1,Tomato___Early_blight,1.0
finetune_s1,jpeg,1,Tomato___Late_blight,0.9866666666666667
finetune_s1,jpeg,1,Tomato___Leaf_Mold,1.0
finetune_s1,jpeg,1,Tomato___Septoria_leaf_spot,1.0
finetune_s1,jpeg,1,Tomato___Spider_mites_Two-spotted_spider_mite,1.0
finetune_s1,jpeg,1,Tomato___Target_Spot,1.0
finetune_s1,jpeg,1,Tomato___Tomato_Yellow_Leaf_Curl_Virus,0.9976689976689976
finetune_s1,jpeg,1,Tomato___Tomato_mosaic_virus,1.0
finetune_s1,jpeg,1,Tomato___healthy,1.0
linear_probe_s42,jpeg,2,Apple___Apple_scab,0.7384615384615385
linear_probe_s42,jpeg,2,Apple___Black_rot,0.75
linear_probe_s42,jpeg,2,Apple___Cedar_apple_rust,0.3076923076923077
linear_probe_s42,jpeg,2,Apple___healthy,0.8421052631578947
linear_probe_s42,jpeg,2,Blueberry___healthy,0.8235294117647058
linear_probe_s42,jpeg,2,Cherry_(including_sour)___Powdery_mildew,0.975609756097561
linear_probe_s42,jpeg,2,Cherry_(including_sour)___healthy,0.7857142857142857
linear_probe_s42,jpeg,2,Corn_(maize)___Cercospora_leaf_spot_Gray_leaf_spot,0.8085106382978723
linear_probe_s42,jpeg,2,Corn_(maize)___Common_rust_,0.967741935483871
linear_probe_s42,jpeg,2,Corn_(maize)___Northern_Leaf_Blight,0.9066666666666666
linear_probe_s42,jpeg,2,Corn_(maize)___healthy,1.0
linear_probe_s42,jpeg,2,Grape___Black_rot,0.8275862068965517
linear_probe_s42,jpeg,2,Grape___Esca_(Black_Measles),0.9245283018867925
linear_probe_s42,jpeg,2,Grape___Leaf_blight_(Isariopsis_Leaf_Spot),0.9425287356321839
linear_probe_s42,jpeg,2,Grape___healthy,1.0
linear_probe_s42,jpeg,2,Orange___Haunglongbing_(Citrus_greening),0.9931662870159453
linear_probe_s42,jpeg,2,Peach___Bacterial_spot,0.9109947643979057
linear_probe_s42,jpeg,2,Peach___healthy,0.7272727272727273
linear_probe_s42,jpeg,2,"Pepper,_bell___Bacterial_spot",0.8041237113402062
linear_probe_s42,jpeg,2,"Pepper,_bell___healthy",0.8461538461538461
linear_probe_s42,jpeg,2,Potato___Early_blight,0.9066666666666666
linear_probe_s42,jpeg,2,Potato___Late_blight,0.8941176470588236
linear_probe_s42,jpeg,2,Potato___healthy,0.2857142857142857
linear_probe_s42,jpeg,2,Raspberry___healthy,0.8
linear_probe_s42,jpeg,2,Soybean___healthy,0.918552036199095
linear_probe_s42,jpeg,2,Squash___Powdery_mildew,0.9264705882352942
linear_probe_s42,jpeg,2,Strawberry___Leaf_scorch,1.0
linear_probe_s42,jpeg,2,Strawberry___healthy,0.972972972972973
linear_probe_s42,jpeg,2,Tomato___Bacterial_spot,0.6763285024154589
linear_probe_s42,jpeg,2,Tomato___Early_blight,0.4827586206896552
linear_probe_s42,jpeg,2,Tomato___Late_blight,0.7320261437908496
linear_probe_s42,jpeg,2,Tomato___Leaf_Mold,0.65625
linear_probe_s42,jpeg,2,Tomato___Septoria_leaf_spot,0.5224489795918368
linear_probe_s42,jpeg,2,Tomato___Spider_mites_Two-spotted_spider_mite,0.616822429906542
linear_probe_s42,jpeg,2,Tomato___Target_Spot,0.6611570247933884
linear_probe_s42,jpeg,2,Tomato___Tomato_Yellow_Leaf_Curl_Virus,0.9622641509433962
linear_probe_s42,jpeg,2,Tomato___Tomato_mosaic_virus,0.47619047619047616
linear_probe_s42,jpeg,2,Tomato___healthy,0.6804123711340206
linear_probe_s0,jpeg,2,Apple___Apple_scab,0.6944444444444444
linear_probe_s0,jpeg,2,Apple___Black_rot,0.8095238095238095
linear_probe_s0,jpeg,2,Apple___Cedar_apple_rust,0.42857142857142855
linear_probe_s0,jpeg,2,Apple___healthy,0.8214285714285714
linear_probe_s0,jpeg,2,Blueberry___healthy,0.7628865979381443
linear_probe_s0,jpeg,2,Cherry_(including_sour)___Powdery_mildew,0.9629629629629629
linear_probe_s0,jpeg,2,Cherry_(including_sour)___healthy,0.8070175438596491
linear_probe_s0,jpeg,2,Corn_(maize)___Cercospora_leaf_spot_Gray_leaf_spot,0.782608695652174
linear_probe_s0,jpeg,2,Corn_(maize)___Common_rust_,0.9565217391304348
linear_probe_s0,jpeg,2,Corn_(maize)___Northern_Leaf_Blight,0.9230769230769231
linear_probe_s0,jpeg,2,Corn_(maize)___healthy,1.0
linear_probe_s0,jpeg,2,Grape___Black_rot,0.8433734939759037
linear_probe_s0,jpeg,2,Grape___Esca_(Black_Measles),0.9454545454545454
linear_probe_s0,jpeg,2,Grape___Leaf_blight_(Isariopsis_Leaf_Spot),0.9047619047619048
linear_probe_s0,jpeg,2,Grape___healthy,0.9696969696969697
linear_probe_s0,jpeg,2,Orange___Haunglongbing_(Citrus_greening),0.9908256880733946
linear_probe_s0,jpeg,2,Peach___Bacterial_spot,0.9081632653061225
linear_probe_s0,jpeg,2,Peach___healthy,0.6
linear_probe_s0,jpeg,2,"Pepper,_bell___Bacterial_spot",0.8210526315789474
linear_probe_s0,jpeg,2,"Pepper,_bell___healthy",0.8571428571428571
linear_probe_s0,jpeg,2,Potato___Early_blight,0.935064935064935
linear_probe_s0,jpeg,2,Potato___Late_blight,0.8351648351648352
linear_probe_s0,jpeg,2,Potato___healthy,0.2857142857142857
linear_probe_s0,jpeg,2,Raspberry___healthy,0.6956521739130435
linear_probe_s0,jpeg,2,Soybean___healthy,0.9103139013452914
linear_probe_s0,jpeg,2,Squash___Powdery_mildew,0.9343065693430657
linear_probe_s0,jpeg,2,Strawberry___Leaf_scorch,1.0
linear_probe_s0,jpeg,2,Strawberry___healthy,0.9473684210526315
linear_probe_s0,jpeg,2,Tomato___Bacterial_spot,0.7064676616915423
linear_probe_s0,jpeg,2,Tomato___Early_blight,0.48148148148148145
linear_probe_s0,jpeg,2,Tomato___Late_blight,0.654320987654321
linear_probe_s0,jpeg,2,Tomato___Leaf_Mold,0.7397260273972602
linear_probe_s0,jpeg,2,Tomato___Septoria_leaf_spot,0.5058365758754864
linear_probe_s0,jpeg,2,Tomato___Spider_mites_Two-spotted_spider_mite,0.6213592233009708
linear_probe_s0,jpeg,2,Tomato___Target_Spot,0.5306122448979592
linear_probe_s0,jpeg,2,Tomato___Tomato_Yellow_Leaf_Curl_Virus,0.950354609929078
linear_probe_s0,jpeg,2,Tomato___Tomato_mosaic_virus,0.3333333333333333
linear_probe_s0,jpeg,2,Tomato___healthy,0.6804123711340206
linear_probe_s1,jpeg,2,Apple___Apple_scab,0.6885245901639344
linear_probe_s1,jpeg,2,Apple___Black_rot,0.8888888888888888
linear_probe_s1,jpeg,2,Apple___Cedar_apple_rust,0.3076923076923077
linear_probe_s1,jpeg,2,Apple___healthy,0.8448275862068966
linear_probe_s1,jpeg,2,Blueberry___healthy,0.6813186813186813
linear_probe_s1,jpeg,2,Cherry_(including_sour)___Powdery_mildew,0.9629629629629629
linear_probe_s1,jpeg,2,Cherry_(including_sour)___healthy,0.8275862068965517
linear_probe_s1,jpeg,2,Corn_(maize)___Cercospora_leaf_spot_Gray_leaf_spot,0.7659574468085106
linear_probe_s1,jpeg,2,Corn_(maize)___Common_rust_,0.9565217391304348
linear_probe_s1,jpeg,2,Corn_(maize)___Northern_Leaf_Blight,0.9090909090909091
linear_probe_s1,jpeg,2,Corn_(maize)___healthy,1.0
linear_probe_s1,jpeg,2,Grape___Black_rot,0.8292682926829268
linear_probe_s1,jpeg,2,Grape___Esca_(Black_Measles),0.9557522123893806
linear_probe_s1,jpeg,2,Grape___Leaf_blight_(Isariopsis_Leaf_Spot),0.9662921348314607
linear_probe_s1,jpeg,2,Grape___healthy,1.0
linear_probe_s1,jpeg,2,Orange___Haunglongbing_(Citrus_greening),0.9886104783599089
linear_probe_s1,jpeg,2,Peach___Bacterial_spot,0.8921568627450981
linear_probe_s1,jpeg,2,Peach___healthy,0.5714285714285714
linear_probe_s1,jpeg,2,"Pepper,_bell___Bacterial_spot",0.7027027027027027
linear_probe_s1,jpeg,2,"Pepper,_bell___healthy",0.7551020408163265
linear_probe_s1,jpeg,2,Potato___Early_blight,0.8918918918918919
linear_probe_s1,jpeg,2,Potato___Late_blight,0.7789473684210526
linear_probe_s1,jpeg,2,Potato___healthy,0.2857142857142857
linear_probe_s1,jpeg,2,Raspberry___healthy,0.8461538461538461
linear_probe_s1,jpeg,2,Soybean___healthy,0.9290617848970252
linear_probe_s1,jpeg,2,Squash___Powdery_mildew,0.9343065693430657
linear_probe_s1,jpeg,2,Strawberry___Leaf_scorch,1.0
linear_probe_s1,jpeg,2,Strawberry___healthy,1.0
linear_probe_s1,jpeg,2,Tomato___Bacterial_spot,0.6965174129353234
linear_probe_s1,jpeg,2,Tomato___Early_blight,0.5
linear_probe_s1,jpeg,2,Tomato___Late_blight,0.6629834254143646
linear_probe_s1,jpeg,2,Tomato___Leaf_Mold,0.7352941176470589
linear_probe_s1,jpeg,2,Tomato___Septoria_leaf_spot,0.5933014354066986
linear_probe_s1,jpeg,2,Tomato___Spider_mites_Two-spotted_spider_mite,0.6346153846153846
linear_probe_s1,jpeg,2,Tomato___Target_Spot,0.6326530612244898
linear_probe_s1,jpeg,2,Tomato___Tomato_Yellow_Leaf_Curl_Virus,0.9671361502347418
linear_probe_s1,jpeg,2,Tomato___Tomato_mosaic_virus,0.3333333333333333
linear_probe_s1,jpeg,2,Tomato___healthy,0.7128712871287128
finetune_s42,jpeg,2,Apple___Apple_scab,0.9615384615384616
finetune_s42,jpeg,2,Apple___Black_rot,0.9803921568627451
finetune_s42,jpeg,2,Apple___Cedar_apple_rust,1.0
finetune_s42,jpeg,2,Apple___healthy,0.9142857142857143
finetune_s42,jpeg,2,Blueberry___healthy,0.8349514563106796
finetune_s42,jpeg,2,Cherry_(including_sour)___Powdery_mildew,0.9647058823529412
finetune_s42,jpeg,2,Cherry_(including_sour)___healthy,1.0
finetune_s42,jpeg,2,Corn_(maize)___Cercospora_leaf_spot_Gray_leaf_spot,0.9302325581395349
finetune_s42,jpeg,2,Corn_(maize)___Common_rust_,0.9894736842105263
finetune_s42,jpeg,2,Corn_(maize)___Northern_Leaf_Blight,0.9743589743589743
finetune_s42,jpeg,2,Corn_(maize)___healthy,1.0
finetune_s42,jpeg,2,Grape___Black_rot,0.989247311827957
finetune_s42,jpeg,2,Grape___Esca_(Black_Measles),0.9908256880733946
finetune_s42,jpeg,2,Grape___Leaf_blight_(Isariopsis_Leaf_Spot),0.9885057471264368
finetune_s42,jpeg,2,Grape___healthy,0.9714285714285714
finetune_s42,jpeg,2,Orange___Haunglongbing_(Citrus_greening),0.9954545454545455
finetune_s42,jpeg,2,Peach___Bacterial_spot,0.9834254143646409
finetune_s42,jpeg,2,Peach___healthy,0.9655172413793104
finetune_s42,jpeg,2,"Pepper,_bell___Bacterial_spot",0.961038961038961
finetune_s42,jpeg,2,"Pepper,_bell___healthy",0.6956521739130435
finetune_s42,jpeg,2,Potato___Early_blight,0.975609756097561
finetune_s42,jpeg,2,Potato___Late_blight,0.975
finetune_s42,jpeg,2,Potato___healthy,0.6
finetune_s42,jpeg,2,Raspberry___healthy,1.0
finetune_s42,jpeg,2,Soybean___healthy,0.8947368421052632
finetune_s42,jpeg,2,Squash___Powdery_mildew,0.993103448275862
finetune_s42,jpeg,2,Strawberry___Leaf_scorch,1.0
finetune_s42,jpeg,2,Strawberry___healthy,0.875
finetune_s42,jpeg,2,Tomato___Bacterial_spot,0.9590643274853801
finetune_s42,jpeg,2,Tomato___Early_blight,0.9156626506024096
finetune_s42,jpeg,2,Tomato___Late_blight,0.9182389937106918
finetune_s42,jpeg,2,Tomato___Leaf_Mold,0.972972972972973
finetune_s42,jpeg,2,Tomato___Septoria_leaf_spot,0.890625
finetune_s42,jpeg,2,Tomato___Spider_mites_Two-spotted_spider_mite,0.921875
finetune_s42,jpeg,2,Tomato___Target_Spot,0.8347826086956521
finetune_s42,jpeg,2,Tomato___Tomato_Yellow_Leaf_Curl_Virus,0.993006993006993
finetune_s42,jpeg,2,Tomato___Tomato_mosaic_virus,1.0
finetune_s42,jpeg,2,Tomato___healthy,0.9365079365079365
finetune_s0,jpeg,2,Apple___Apple_scab,0.9615384615384616
finetune_s0,jpeg,2,Apple___Black_rot,0.9615384615384616
finetune_s0,jpeg,2,Apple___Cedar_apple_rust,0.9565217391304348
finetune_s0,jpeg,2,Apple___healthy,0.859504132231405
finetune_s0,jpeg,2,Blueberry___healthy,0.9090909090909091
finetune_s0,jpeg,2,Cherry_(including_sour)___Powdery_mildew,0.9882352941176471
finetune_s0,jpeg,2,Cherry_(including_sour)___healthy,0.9850746268656716
finetune_s0,jpeg,2,Corn_(maize)___Cercospora_leaf_spot_Gray_leaf_spot,0.9230769230769231
finetune_s0,jpeg,2,Corn_(maize)___Common_rust_,0.9894736842105263
finetune_s0,jpeg,2,Corn_(maize)___Northern_Leaf_Blight,0.95
finetune_s0,jpeg,2,Corn_(maize)___healthy,1.0
finetune_s0,jpeg,2,Grape___Black_rot,0.9213483146067416
finetune_s0,jpeg,2,Grape___Esca_(Black_Measles),0.9908256880733946
finetune_s0,jpeg,2,Grape___Leaf_blight_(Isariopsis_Leaf_Spot),0.9885057471264368
finetune_s0,jpeg,2,Grape___healthy,1.0
finetune_s0,jpeg,2,Orange___Haunglongbing_(Citrus_greening),0.9977220956719818
finetune_s0,jpeg,2,Peach___Bacterial_spot,0.9945945945945946
finetune_s0,jpeg,2,Peach___healthy,1.0
finetune_s0,jpeg,2,"Pepper,_bell___Bacterial_spot",0.9873417721518988
finetune_s0,jpeg,2,"Pepper,_bell___healthy",0.8235294117647058
finetune_s0,jpeg,2,Potato___Early_blight,0.9876543209876543
finetune_s0,jpeg,2,Potato___Late_blight,0.9333333333333333
finetune_s0,jpeg,2,Potato___healthy,0.8
finetune_s0,jpeg,2,Raspberry___healthy,0.9655172413793104
finetune_s0,jpeg,2,Soybean___healthy,0.9107142857142857
finetune_s0,jpeg,2,Squash___Powdery_mildew,0.9861111111111112
finetune_s0,jpeg,2,Strawberry___Leaf_scorch,1.0
finetune_s0,jpeg,2,Strawberry___healthy,0.9090909090909091
finetune_s0,jpeg,2,Tomato___Bacterial_spot,0.9081081081081082
finetune_s0,jpeg,2,Tomato___Early_blight,0.926829268292683
finetune_s0,jpeg,2,Tomato___Late_blight,0.8957055214723927
finetune_s0,jpeg,2,Tomato___Leaf_Mold,0.958904109589041
finetune_s0,jpeg,2,Tomato___Septoria_leaf_spot,0.9571428571428572
finetune_s0,jpeg,2,Tomato___Spider_mites_Two-spotted_spider_mite,0.7238095238095238
finetune_s0,jpeg,2,Tomato___Target_Spot,0.8088235294117647
finetune_s0,jpeg,2,Tomato___Tomato_Yellow_Leaf_Curl_Virus,0.993006993006993
finetune_s0,jpeg,2,Tomato___Tomato_mosaic_virus,0.9655172413793104
finetune_s0,jpeg,2,Tomato___healthy,0.9333333333333333
finetune_s1,jpeg,2,Apple___Apple_scab,0.9795918367346939
finetune_s1,jpeg,2,Apple___Black_rot,0.9803921568627451
finetune_s1,jpeg,2,Apple___Cedar_apple_rust,0.9090909090909091
finetune_s1,jpeg,2,Apple___healthy,0.9302325581395349
finetune_s1,jpeg,2,Blueberry___healthy,0.9473684210526315
finetune_s1,jpeg,2,Cherry_(including_sour)___Powdery_mildew,0.8936170212765957
finetune_s1,jpeg,2,Cherry_(including_sour)___healthy,0.9705882352941176
finetune_s1,jpeg,2,Corn_(maize)___Cercospora_leaf_spot_Gray_leaf_spot,0.926829268292683
finetune_s1,jpeg,2,Corn_(maize)___Common_rust_,0.9894736842105263
finetune_s1,jpeg,2,Corn_(maize)___Northern_Leaf_Blight,0.9743589743589743
finetune_s1,jpeg,2,Corn_(maize)___healthy,0.989247311827957
finetune_s1,jpeg,2,Grape___Black_rot,0.9318181818181818
finetune_s1,jpeg,2,Grape___Esca_(Black_Measles),1.0
finetune_s1,jpeg,2,Grape___Leaf_blight_(Isariopsis_Leaf_Spot),0.9882352941176471
finetune_s1,jpeg,2,Grape___healthy,0.918918918918919
finetune_s1,jpeg,2,Orange___Haunglongbing_(Citrus_greening),0.9908256880733946
finetune_s1,jpeg,2,Peach___Bacterial_spot,0.989010989010989
finetune_s1,jpeg,2,Peach___healthy,1.0
finetune_s1,jpeg,2,"Pepper,_bell___Bacterial_spot",0.9873417721518988
finetune_s1,jpeg,2,"Pepper,_bell___healthy",0.8316831683168316
finetune_s1,jpeg,2,Potato___Early_blight,0.9523809523809523
finetune_s1,jpeg,2,Potato___Late_blight,0.935064935064935
finetune_s1,jpeg,2,Potato___healthy,0.9230769230769231
finetune_s1,jpeg,2,Raspberry___healthy,0.967741935483871
finetune_s1,jpeg,2,Soybean___healthy,0.9379310344827586
finetune_s1,jpeg,2,Squash___Powdery_mildew,0.9861111111111112
finetune_s1,jpeg,2,Strawberry___Leaf_scorch,1.0
finetune_s1,jpeg,2,Strawberry___healthy,0.9714285714285714
finetune_s1,jpeg,2,Tomato___Bacterial_spot,0.8539325842696629
finetune_s1,jpeg,2,Tomato___Early_blight,0.9135802469135802
finetune_s1,jpeg,2,Tomato___Late_blight,0.9444444444444444
finetune_s1,jpeg,2,Tomato___Leaf_Mold,0.9367088607594937
finetune_s1,jpeg,2,Tomato___Septoria_leaf_spot,0.8360655737704918
finetune_s1,jpeg,2,Tomato___Spider_mites_Two-spotted_spider_mite,1.0
finetune_s1,jpeg,2,Tomato___Target_Spot,0.9464285714285714
finetune_s1,jpeg,2,Tomato___Tomato_Yellow_Leaf_Curl_Virus,0.9594594594594594
finetune_s1,jpeg,2,Tomato___Tomato_mosaic_virus,1.0
finetune_s1,jpeg,2,Tomato___healthy,0.9921259842519685
linear_probe_s42,jpeg,3,Apple___Apple_scab,0.4057971014492754
linear_probe_s42,jpeg,3,Apple___Black_rot,0.3870967741935484
linear_probe_s42,jpeg,3,Apple___Cedar_apple_rust,0.0
linear_probe_s42,jpeg,3,Apple___healthy,0.5684210526315789
linear_probe_s42,jpeg,3,Blueberry___healthy,0.30985915492957744
linear_probe_s42,jpeg,3,Cherry_(including_sour)___Powdery_mildew,0.8157894736842105
linear_probe_s42,jpeg,3,Cherry_(including_sour)___healthy,0.34146341463414637
linear_probe_s42,jpeg,3,Corn_(maize)___Cercospora_leaf_spot_Gray_leaf_spot,0.475
linear_probe_s42,jpeg,3,Corn_(maize)___Common_rust_,0.945054945054945
linear_probe_s42,jpeg,3,Corn_(maize)___Northern_Leaf_Blight,0.6567164179104478
linear_probe_s42,jpeg,3,Corn_(maize)___healthy,0.968421052631579
linear_probe_s42,jpeg,3,Grape___Black_rot,0.41935483870967744
linear_probe_s42,jpeg,3,Grape___Esca_(Black_Measles),0.6818181818181818
linear_probe_s42,jpeg,3,Grape___Leaf_blight_(Isariopsis_Leaf_Spot),0.7560975609756098
linear_probe_s42,jpeg,3,Grape___healthy,0.6428571428571429
linear_probe_s42,jpeg,3,Orange___Haunglongbing_(Citrus_greening),0.9502262443438914
linear_probe_s42,jpeg,3,Peach___Bacterial_spot,0.8709677419354839
linear_probe_s42,jpeg,3,Peach___healthy,0.9629629629629629
linear_probe_s42,jpeg,3,"Pepper,_bell___Bacterial_spot",0.6296296296296297
linear_probe_s42,jpeg,3,"Pepper,_bell___healthy",0.6067415730337079
linear_probe_s42,jpeg,3,Potato___Early_blight,0.8405797101449275
linear_probe_s42,jpeg,3,Potato___Late_blight,0.5538461538461539
linear_probe_s42,jpeg,3,Potato___healthy,0.0
linear_probe_s42,jpeg,3,Raspberry___healthy,0.42105263157894735
linear_probe_s42,jpeg,3,Soybean___healthy,0.8063872255489022
linear_probe_s42,jpeg,3,Squash___Powdery_mildew,0.5544554455445545
linear_probe_s42,jpeg,3,Strawberry___Leaf_scorch,0.8888888888888888
linear_probe_s42,jpeg,3,Strawberry___healthy,0.9090909090909091
linear_probe_s42,jpeg,3,Tomato___Bacterial_spot,0.4583333333333333
linear_probe_s42,jpeg,3,Tomato___Early_blight,0.24561403508771928
linear_probe_s42,jpeg,3,Tomato___Late_blight,0.42718446601941745
linear_probe_s42,jpeg,3,Tomato___Leaf_Mold,0.3793103448275862
linear_probe_s42,jpeg,3,Tomato___Septoria_leaf_spot,0.2732919254658385
linear_probe_s42,jpeg,3,Tomato___Spider_mites_Two-spotted_spider_mite,0.3516483516483517
linear_probe_s42,jpeg,3,Tomato___Target_Spot,0.41025641025641024
linear_probe_s42,jpeg,3,Tomato___Tomato_Yellow_Leaf_Curl_Virus,0.8746803069053708
linear_probe_s42,jpeg,3,Tomato___Tomato_mosaic_virus,0.0
linear_probe_s42,jpeg,3,Tomato___healthy,0.6534653465346535
linear_probe_s0,jpeg,3,Apple___Apple_scab,0.3956043956043956
linear_probe_s0,jpeg,3,Apple___Black_rot,0.3333333333333333
linear_probe_s0,jpeg,3,Apple___Cedar_apple_rust,0.16666666666666666
linear_probe_s0,jpeg,3,Apple___healthy,0.5591397849462365
linear_probe_s0,jpeg,3,Blueberry___healthy,0.23529411764705882
linear_probe_s0,jpeg,3,Cherry_(including_sour)___Powdery_mildew,0.7291666666666666
linear_probe_s0,jpeg,3,Cherry_(including_sour)___healthy,0.3333333333333333
linear_probe_s0,jpeg,3,Corn_(maize)___Cercospora_leaf_spot_Gray_leaf_spot,0.4578313253012048
linear_probe_s0,jpeg,3,Corn_(maize)___Common_rust_,0.945054945054945
linear_probe_s0,jpeg,3,Corn_(maize)___Northern_Leaf_Blight,0.6229508196721312
linear_probe_s0,jpeg,3,Corn_(maize)___healthy,0.9583333333333334
linear_probe_s0,jpeg,3,Grape___Black_rot,0.3448275862068966
linear_probe_s0,jpeg,3,Grape___Esca_(Black_Measles),0.6813186813186813
linear_probe_s0,jpeg,3,Grape___Leaf_blight_(Isariopsis_Leaf_Spot),0.759493670886076
linear_probe_s0,jpeg,3,Grape___healthy,0.5
linear_probe_s0,jpeg,3,Orange___Haunglongbing_(Citrus_greening),0.9541284403669725
linear_probe_s0,jpeg,3,Peach___Bacterial_spot,0.8333333333333334
linear_probe_s0,jpeg,3,Peach___healthy,0.4444444444444444
linear_probe_s0,jpeg,3,"Pepper,_bell___Bacterial_spot",0.64
linear_probe_s0,jpeg,3,"Pepper,_bell___healthy",0.6595744680851063
linear_probe_s0,jpeg,3,Potato___Early_blight,0.88
linear_probe_s0,jpeg,3,Potato___Late_blight,0.5714285714285714
linear_probe_s0,jpeg,3,Potato___healthy,0.0
linear_probe_s0,jpeg,3,Raspberry___healthy,0.42105263157894735
linear_probe_s0,jpeg,3,Soybean___healthy,0.8136272545090181
linear_probe_s0,jpeg,3,Squash___Powdery_mildew,0.6355140186915887
linear_probe_s0,jpeg,3,Strawberry___Leaf_scorch,0.8461538461538461
linear_probe_s0,jpeg,3,Strawberry___healthy,0.7878787878787878
linear_probe_s0,jpeg,3,Tomato___Bacterial_spot,0.5135135135135135
linear_probe_s0,jpeg,3,Tomato___Early_blight,0.1276595744680851
linear_probe_s0,jpeg,3,Tomato___Late_blight,0.4549763033175355
linear_probe_s0,jpeg,3,Tomato___Leaf_Mold,0.46153846153846156
linear_probe_s0,jpeg,3,Tomato___Septoria_leaf_spot,0.27906976744186046
linear_probe_s0,jpeg,3,Tomato___Spider_mites_Two-spotted_spider_mite,0.2988505747126437
linear_probe_s0,jpeg,3,Tomato___Target_Spot,0.3380281690140845
linear_probe_s0,jpeg,3,Tomato___Tomato_Yellow_Leaf_Curl_Virus,0.8351063829787234
linear_probe_s0,jpeg,3,Tomato___Tomato_mosaic_virus,0.0
linear_probe_s0,jpeg,3,Tomato___healthy,0.625
linear_probe_s1,jpeg,3,Apple___Apple_scab,0.5098039215686274
linear_probe_s1,jpeg,3,Apple___Black_rot,0.5714285714285714
linear_probe_s1,jpeg,3,Apple___Cedar_apple_rust,0.0
linear_probe_s1,jpeg,3,Apple___healthy,0.6262626262626263
linear_probe_s1,jpeg,3,Blueberry___healthy,0.208955223880597
linear_probe_s1,jpeg,3,Cherry_(including_sour)___Powdery_mildew,0.8354430379746836
linear_probe_s1,jpeg,3,Cherry_(including_sour)___healthy,0.2564102564102564
linear_probe_s1,jpeg,3,Corn_(maize)___Cercospora_leaf_spot_Gray_leaf_spot,0.5
linear_probe_s1,jpeg,3,Corn_(maize)___Common_rust_,0.9565217391304348
linear_probe_s1,jpeg,3,Corn_(maize)___Northern_Leaf_Blight,0.6451612903225806
linear_probe_s1,jpeg,3,Corn_(maize)___healthy,0.8288288288288288
linear_probe_s1,jpeg,3,Grape___Black_rot,0.36065573770491804
linear_probe_s1,jpeg,3,Grape___Esca_(Black_Measles),0.76
linear_probe_s1,jpeg,3,Grape___Leaf_blight_(Isariopsis_Leaf_Spot),0.813953488372093
linear_probe_s1,jpeg,3,Grape___healthy,0.5185185185185185
linear_probe_s1,jpeg,3,Orange___Haunglongbing_(Citrus_greening),0.9521640091116174
linear_probe_s1,jpeg,3,Peach___Bacterial_spot,0.8110599078341014
linear_probe_s1,jpeg,3,Peach___healthy,0.35294117647058826
linear_probe_s1,jpeg,3,"Pepper,_bell___Bacterial_spot",0.5174825174825175
linear_probe_s1,jpeg,3,"Pepper,_bell___healthy",0.5581395348837209
linear_probe_s1,jpeg,3,Potato___Early_blight,0.88
linear_probe_s1,jpeg,3,Potato___Late_blight,0.5753424657534246
linear_probe_s1,jpeg,3,Potato___healthy,0.0
linear_probe_s1,jpeg,3,Raspberry___healthy,0.42105263157894735
linear_probe_s1,jpeg,3,Soybean___healthy,0.8547368421052631
linear_probe_s1,jpeg,3,Squash___Powdery_mildew,0.6226415094339622
linear_probe_s1,jpeg,3,Strawberry___Leaf_scorch,0.8888888888888888
linear_probe_s1,jpeg,3,Strawberry___healthy,0.8333333333333334
linear_probe_s1,jpeg,3,Tomato___Bacterial_spot,0.47761194029850745
linear_probe_s1,jpeg,3,Tomato___Early_blight,0.19047619047619047
linear_probe_s1,jpeg,3,Tomato___Late_blight,0.392
linear_probe_s1,jpeg,3,Tomato___Leaf_Mold,0.5373134328358209
linear_probe_s1,jpeg,3,Tomato___Septoria_leaf_spot,0.3181818181818182
linear_probe_s1,jpeg,3,Tomato___Spider_mites_Two-spotted_spider_mite,0.3711340206185567
linear_probe_s1,jpeg,3,Tomato___Target_Spot,0.3835616438356164
linear_probe_s1,jpeg,3,Tomato___Tomato_Yellow_Leaf_Curl_Virus,0.8548812664907651
linear_probe_s1,jpeg,3,Tomato___Tomato_mosaic_virus,0.0
linear_probe_s1,jpeg,3,Tomato___healthy,0.5894736842105263
finetune_s42,jpeg,3,Apple___Apple_scab,0.6938775510204082
finetune_s42,jpeg,3,Apple___Black_rot,0.9803921568627451
finetune_s42,jpeg,3,Apple___Cedar_apple_rust,0.16666666666666666
finetune_s42,jpeg,3,Apple___healthy,0.7397260273972602
finetune_s42,jpeg,3,Blueberry___healthy,0.18181818181818182
finetune_s42,jpeg,3,Cherry_(including_sour)___Powdery_mildew,0.8636363636363636
finetune_s42,jpeg,3,Cherry_(including_sour)___healthy,0.8831168831168831
finetune_s42,jpeg,3,Corn_(maize)___Cercospora_leaf_spot_Gray_leaf_spot,0.34782608695652173
finetune_s42,jpeg,3,Corn_(maize)___Common_rust_,0.9787234042553191
finetune_s42,jpeg,3,Corn_(maize)___Northern_Leaf_Blight,0.6744186046511628
finetune_s42,jpeg,3,Corn_(maize)___healthy,0.989010989010989
finetune_s42,jpeg,3,Grape___Black_rot,0.9230769230769231
finetune_s42,jpeg,3,Grape___Esca_(Black_Measles),0.8852459016393442
finetune_s42,jpeg,3,Grape___Leaf_blight_(Isariopsis_Leaf_Spot),0.9655172413793104
finetune_s42,jpeg,3,Grape___healthy,0.9090909090909091
finetune_s42,jpeg,3,Orange___Haunglongbing_(Citrus_greening),0.9383886255924171
finetune_s42,jpeg,3,Peach___Bacterial_spot,0.9213483146067416
finetune_s42,jpeg,3,Peach___healthy,0.88
finetune_s42,jpeg,3,"Pepper,_bell___Bacterial_spot",0.7058823529411765
finetune_s42,jpeg,3,"Pepper,_bell___healthy",0.2898550724637681
finetune_s42,jpeg,3,Potato___Early_blight,0.9047619047619048
finetune_s42,jpeg,3,Potato___Late_blight,0.6376811594202898
finetune_s42,jpeg,3,Potato___healthy,0.5
finetune_s42,jpeg,3,Raspberry___healthy,0.8
finetune_s42,jpeg,3,Soybean___healthy,0.7541589648798521
finetune_s42,jpeg,3,Squash___Powdery_mildew,0.5252525252525253
finetune_s42,jpeg,3,Strawberry___Leaf_scorch,0.7945205479452054
finetune_s42,jpeg,3,Strawberry___healthy,0.7586206896551724
finetune_s42,jpeg,3,Tomato___Bacterial_spot,0.7593582887700535
finetune_s42,jpeg,3,Tomato___Early_blight,0.44036697247706424
finetune_s42,jpeg,3,Tomato___Late_blight,0.6545454545454545
finetune_s42,jpeg,3,Tomato___Leaf_Mold,0.8
finetune_s42,jpeg,3,Tomato___Septoria_leaf_spot,0.5656565656565656
finetune_s42,jpeg,3,Tomato___Spider_mites_Two-spotted_spider_mite,0.5871559633027523
finetune_s42,jpeg,3,Tomato___Target_Spot,0.49523809523809526
finetune_s42,jpeg,3,Tomato___Tomato_Yellow_Leaf_Curl_Virus,0.9560975609756097
finetune_s42,jpeg,3,Tomato___Tomato_mosaic_virus,0.5714285714285714
finetune_s42,jpeg,3,Tomato___healthy,0.7454545454545455
finetune_s0,jpeg,3,Apple___Apple_scab,0.6222222222222222
finetune_s0,jpeg,3,Apple___Black_rot,0.9056603773584906
finetune_s0,jpeg,3,Apple___Cedar_apple_rust,0.16666666666666666
finetune_s0,jpeg,3,Apple___healthy,0.3902439024390244
finetune_s0,jpeg,3,Blueberry___healthy,0.18181818181818182
finetune_s0,jpeg,3,Cherry_(including_sour)___Powdery_mildew,0.8210526315789474
finetune_s0,jpeg,3,Cherry_(including_sour)___healthy,0.9444444444444444
finetune_s0,jpeg,3,Corn_(maize)___Cercospora_leaf_spot_Gray_leaf_spot,0.7169811320754716
finetune_s0,jpeg,3,Corn_(maize)___Common_rust_,0.9213483146067416
finetune_s0,jpeg,3,Corn_(maize)___Northern_Leaf_Blight,0.9014084507042254
finetune_s0,jpeg,3,Corn_(maize)___healthy,0.989247311827957
finetune_s0,jpeg,3,Grape___Black_rot,0.8372093023255814
finetune_s0,jpeg,3,Grape___Esca_(Black_Measles),0.9622641509433962
finetune_s0,jpeg,3,Grape___Leaf_blight_(Isariopsis_Leaf_Spot),0.8533333333333334
finetune_s0,jpeg,3,Grape___healthy,0.64
finetune_s0,jpeg,3,Orange___Haunglongbing_(Citrus_greening),0.9720930232558139
finetune_s0,jpeg,3,Peach___Bacterial_spot,0.8775510204081632
finetune_s0,jpeg,3,Peach___healthy,0.88
finetune_s0,jpeg,3,"Pepper,_bell___Bacterial_spot",0.85
finetune_s0,jpeg,3,"Pepper,_bell___healthy",0.6363636363636364
finetune_s0,jpeg,3,Potato___Early_blight,0.8780487804878049
finetune_s0,jpeg,3,Potato___Late_blight,0.5357142857142857
finetune_s0,jpeg,3,Potato___healthy,0.0
finetune_s0,jpeg,3,Raspberry___healthy,0.8461538461538461
finetune_s0,jpeg,3,Soybean___healthy,0.7712665406427222
finetune_s0,jpeg,3,Squash___Powdery_mildew,0.6605504587155964
finetune_s0,jpeg,3,Strawberry___Leaf_scorch,0.7428571428571429
finetune_s0,jpeg,3,Strawberry___healthy,0.7741935483870968
finetune_s0,jpeg,3,Tomato___Bacterial_spot,0.6234817813765182
finetune_s0,jpeg,3,Tomato___Early_blight,0.5048543689320388
finetune_s0,jpeg,3,Tomato___Late_blight,0.4755700325732899
finetune_s0,jpeg,3,Tomato___Leaf_Mold,0.8235294117647058
finetune_s0,jpeg,3,Tomato___Septoria_leaf_spot,0.7769784172661871
finetune_s0,jpeg,3,Tomato___Spider_mites_Two-spotted_spider_mite,0.27848101265822783
finetune_s0,jpeg,3,Tomato___Target_Spot,0.4423076923076923
finetune_s0,jpeg,3,Tomato___Tomato_Yellow_Leaf_Curl_Virus,0.9397590361445783
finetune_s0,jpeg,3,Tomato___Tomato_mosaic_virus,0.6956521739130435
finetune_s0,jpeg,3,Tomato___healthy,0.7254901960784313
finetune_s1,jpeg,3,Apple___Apple_scab,0.6666666666666666
finetune_s1,jpeg,3,Apple___Black_rot,0.9411764705882353
finetune_s1,jpeg,3,Apple___Cedar_apple_rust,0.4
finetune_s1,jpeg,3,Apple___healthy,0.8360655737704918
finetune_s1,jpeg,3,Blueberry___healthy,0.23529411764705882
finetune_s1,jpeg,3,Cherry_(including_sour)___Powdery_mildew,0.4666666666666667
finetune_s1,jpeg,3,Cherry_(including_sour)___healthy,0.5964912280701754
finetune_s1,jpeg,3,Corn_(maize)___Cercospora_leaf_spot_Gray_leaf_spot,0.7407407407407407
finetune_s1,jpeg,3,Corn_(maize)___Common_rust_,0.9565217391304348
finetune_s1,jpeg,3,Corn_(maize)___Northern_Leaf_Blight,0.9459459459459459
finetune_s1,jpeg,3,Corn_(maize)___healthy,0.9583333333333334
finetune_s1,jpeg,3,Grape___Black_rot,0.6944444444444444
finetune_s1,jpeg,3,Grape___Esca_(Black_Measles),0.9557522123893806
finetune_s1,jpeg,3,Grape___Leaf_blight_(Isariopsis_Leaf_Spot),0.8157894736842105
finetune_s1,jpeg,3,Grape___healthy,0.8333333333333334
finetune_s1,jpeg,3,Orange___Haunglongbing_(Citrus_greening),0.7978142076502732
finetune_s1,jpeg,3,Peach___Bacterial_spot,0.8674698795180723
finetune_s1,jpeg,3,Peach___healthy,0.8333333333333334
finetune_s1,jpeg,3,"Pepper,_bell___Bacterial_spot",0.8169014084507042
finetune_s1,jpeg,3,"Pepper,_bell___healthy",0.4266666666666667
finetune_s1,jpeg,3,Potato___Early_blight,0.896551724137931
finetune_s1,jpeg,3,Potato___Late_blight,0.48148148148148145
finetune_s1,jpeg,3,Potato___healthy,1.0
finetune_s1,jpeg,3,Raspberry___healthy,0.5555555555555556
finetune_s1,jpeg,3,Soybean___healthy,0.7771428571428571
finetune_s1,jpeg,3,Squash___Powdery_mildew,0.8527131782945736
finetune_s1,jpeg,3,Strawberry___Leaf_scorch,0.9647058823529412
finetune_s1,jpeg,3,Strawberry___healthy,0.7368421052631579
finetune_s1,jpeg,3,Tomato___Bacterial_spot,0.6091954022988506
finetune_s1,jpeg,3,Tomato___Early_blight,0.5567010309278351
finetune_s1,jpeg,3,Tomato___Late_blight,0.8322147651006712
finetune_s1,jpeg,3,Tomato___Leaf_Mold,0.8571428571428571
finetune_s1,jpeg,3,Tomato___Septoria_leaf_spot,0.6666666666666666
finetune_s1,jpeg,3,Tomato___Spider_mites_Two-spotted_spider_mite,0.6915887850467289
finetune_s1,jpeg,3,Tomato___Target_Spot,0.5054945054945055
finetune_s1,jpeg,3,Tomato___Tomato_Yellow_Leaf_Curl_Virus,0.8612836438923396
finetune_s1,jpeg,3,Tomato___Tomato_mosaic_virus,0.8666666666666667
finetune_s1,jpeg,3,Tomato___healthy,0.8256880733944955
