1789313521211 DESKTOP-6M3IBBI info ClearML Task: created new task id=94a420606b0f4641882c097ea72e34f5
2026-09-13 18:32:01,274 - clearml.Task - INFO - No repository found, storing script code instead
CLEARML-SERVER new package available: UPGRADE to v2.4.0 is recommended!
Release Notes:
### New features and improvements
- Add show/hide matching filter control to UI Task Scalars and Plots ([ClearML #744](https://github.com/clearml/clearml/issues/744), [ClearML #1253](https://github.com/clearml/clearml/issues/1253))
- Task Comparison view: Display task color indicators in task list instead of task legend ([ClearML #1461](https://github.com/clearml/clearml/issues/1461))
- Add support for setting task type during UI task creation ([ClearML Web #115](https://github.com/clearml/clearml-web/issues/115))
- Add configuration-based overrides for default Elasticsearch mappings
- Add UI task clone options to reset Python requirements
- Update Elastic to version 8.19.9
- Make Task Repository URL in Task Execution tab clickable
- Support short project names (fewer than 3 characters)

### Bug Fixes
- Fix API Server sometimes crashes on sharded Redis deployments ([ClearML Server #305](https://github.com/clearml/clearml-server/issues/305))
- Fix UI bulk task reset affecting published tasks ([ClearML #1490](https://github.com/clearml/clearml/issues/1490))
- UI Object table filters:
  * Fix "User" filter in UI "All Models" table not displaying users who have no tasks
  * Fix "User" filter displaying outdated user names after name change
- Fix tasks not appearing in the correct queue after being moved in UI Orchestration > Queues
- Fix UI Task Scalars tab hiding multiple graphs with the same name when toggling one
- Fix Scientific notation can't be used in integer/float fields in UI Pipeline "New Run" modal
- Fix "Enqueue" button is enabled in UI Task "Enqueue" / " Retry" modal when "Queue" field is blank
- Global search
  * Fix filter section not displaying by default when switching from Advanced to Basic search modes
  * Fix filter indicator appearing on all search tabs instead of the active tab
  * Fix spaces being removed while typing in search term
- Fix Project Path icon displayed on Root Project folder in UI Reports page
- Fix last graph legends in UI task table comparison view are obscured
- Fix project tag filters displaying task tags in UI Projects
- Fix sorting not working in UI task comparison selection
- Fix missing "Edit" button in task Configuration tab
- Fix UI comparison plots incorrectly merging subplots with multiple variants
- Fix “No data to show” message incorrectly appearing while UI pages load
- Fix Projects Workload graph's tooltip does not display all legends
1789313525198 DESKTOP-6M3IBBI info ClearML results page: https://<clearml-app>/projects/b5b1a092161c4fb38732cf141337d8bc/experiments/94a420606b0f4641882c097ea72e34f5/output/log
2026-09-13 18:32:05,198 - clearml.resource_monitor - WARNING - Could not fetch GPU stats: NVML Shared Library Not Found
1789313525987 aiagent02:gpu0 INFO task 94a420606b0f4641882c097ea72e34f5 pulled from 123ff84cb09a48f6855c2aac47c8ca31 by worker aiagent02:gpu0

1789313526118 aiagent02:gpu0 INFO Running Task 94a420606b0f4641882c097ea72e34f5 inside default docker: nvidia/cuda:12.9.1-cudnn-runtime-ubuntu24.04 arguments: []

1789313526206 aiagent02:gpu0 INFO Executing: ['docker', 'run', '-t', '--gpus', '"device=0"', '--shm-size=8g', '--ipc=host', '-l', 'clearml-worker-id=aiagent02:gpu0', '-l', 'clearml-parent-worker-id=aiagent02:gpu0', '-e', 'CLEARML_WORKER_ID=aiagent02:gpu0', '-e', 'CLEARML_DOCKER_IMAGE=nvidia/cuda:12.9.1-cudnn-runtime-ubuntu24.04', '-e', 'CLEARML_TASK_ID=94a420606b0f4641882c097ea72e34f5', '-v', '/tmp/.clearml_agent.w714dgc7.cfg:/tmp/clearml.conf', '-e', 'CLEARML_CONFIG_FILE=/tmp/clearml.conf', '-v', '/tmp/clearml_agent.ssh.p9i6c3dv:/.ssh', '-v', '/root/.clearml/apt-cache.1:/var/cache/apt/archives', '-v', '/root/.clearml/pip-cache:/root/.cache/pip', '-v', '/root/.clearml/pip-download-cache:/root/.clearml/pip-download-cache', '-v', '/root/.clearml/cache:/clearml_agent_cache', '-v', '/root/.clearml/vcs-cache:/root/.clearml/vcs-cache', '-v', '/root/.clearml/venvs-cache:/root/.clearml/venvs-cache', '--rm', 'nvidia/cuda:12.9.1-cudnn-runtime-ubuntu24.04', 'bash', '-c', 'echo \'Binary::apt::APT::Keep-Downloaded-Packages "true";\' > /etc/apt/apt.conf.d/docker-clean ; chown -R $(whoami) $HOME/.cache/pip ; export DEBIAN_FRONTEND=noninteractive ; export CLEARML_APT_INSTALL="$CLEARML_APT_INSTALL libsm6 libxext6 libxrender-dev libglib2.0-0" ; cp -Rf /.ssh -T ~/.ssh ; [ ! -z $(which git 2> /dev/null || command -v git) ] || export CLEARML_APT_INSTALL="$CLEARML_APT_INSTALL git" ; declare LOCAL_PYTHON ; [ ! -z $LOCAL_PYTHON ] || for i in {20..5}; do (which python3.$i 2> /dev/null || command -v python3.$i) && python3.$i -m pip --version && export LOCAL_PYTHON=$(which python3.$i 2> /dev/null || command -v python3.$i) && break ; done ; [ ! -z $LOCAL_PYTHON ] || export CLEARML_APT_INSTALL="$CLEARML_APT_INSTALL python3-pip" ; [ -z "$CLEARML_APT_INSTALL" ] || (apt-get update -y ; apt-get install -y $CLEARML_APT_INSTALL) || (dnf install -y $CLEARML_APT_INSTALL) ; rm -f /usr/lib/python3.*/EXTERNALLY-MANAGED ; [ ! -z $LOCAL_PYTHON ] || export LOCAL_PYTHON=python3 ; $LOCAL_PYTHON -m pip --version > /dev/null || export LOCAL_PYTHON=$(PATH=/usr/local/sbin:/usr/local/bin:/usr/sbin:/usr/bin:/sbin:/bin command -v python3) ; $LOCAL_PYTHON -m pip install -U "pip<20.2 ; python_version < \'3.10\'" "pip<22.3 ; python_version >= \'3.10\' and python_version <= \'3.11\'" "pip>=23,<24.3 ; python_version >= \'3.12\'" ; $LOCAL_PYTHON -m pip install -U clearml-agent ; cp /tmp/clearml.conf ~/default_clearml.conf ; NVIDIA_VISIBLE_DEVICES=all $LOCAL_PYTHON -u -m clearml_agent execute --disable-monitoring  --id 94a420606b0f4641882c097ea72e34f5']

1789313531328 aiagent02:gpu0 DEBUG 
==========
== CUDA ==
==========

CUDA Version 12.9.1

Container image Copyright (c) 2016-2023, NVIDIA CORPORATION & AFFILIATES. All rights reserved.

This container image and its contents are governed by the NVIDIA Deep Learning Container License.
By pulling and using the container, you accept the terms and conditions of this license:
https://developer.nvidia.com/ngc/nvidia-deep-learning-container-license

A copy of this license is made available in this container at /NGC-DL-CONTAINER-LICENSE for your convenience.

Get:1 http://security.ubuntu.com/ubuntu noble-security InRelease [126 kB]
Get:2 http://archive.ubuntu.com/ubuntu noble InRelease [256 kB]
Get:3 http://security.ubuntu.com/ubuntu noble-security/multiverse amd64 Packages [50.0 kB]
Get:4 http://security.ubuntu.com/ubuntu noble-security/restricted amd64 Packages [1796 kB]
Get:5 http://security.ubuntu.com/ubuntu noble-security/main amd64 Packages [1242 kB]
Get:6 http://security.ubuntu.com/ubuntu noble-security/universe amd64 Packages [1530 kB]
Get:7 http://archive.ubuntu.com/ubuntu noble-updates InRelease [126 kB]
Get:8 http://archive.ubuntu.com/ubuntu noble-backports InRelease [126 kB]
Get:9 https://developer.download.nvidia.com/compute/cuda/repos/ubuntu2404/x86_64  InRelease [1578 B]
Get:10 http://archive.ubuntu.com/ubuntu noble/universe amd64 Packages [19.3 MB]
26% [10 Packages 85.2 kB/19.3 MB 0%]

1789313536505 aiagent02:gpu0 DEBUG Get:11 https://developer.download.nvidia.com/compute/cuda/repos/ubuntu2404/x86_64  Packages [1847 kB]
Get:12 http://archive.ubuntu.com/ubuntu noble/main amd64 Packages [1808 kB]
Get:13 http://archive.ubuntu.com/ubuntu noble/restricted amd64 Packages [117 kB]
Get:14 http://archive.ubuntu.com/ubuntu noble/multiverse amd64 Packages [331 kB]
Get:15 http://archive.ubuntu.com/ubuntu noble-updates/restricted amd64 Packages [1913 kB]
Get:16 http://archive.ubuntu.com/ubuntu noble-updates/main amd64 Packages [1565 kB]
Get:17 http://archive.ubuntu.com/ubuntu noble-updates/universe amd64 Packages [2151 kB]
Get:18 http://archive.ubuntu.com/ubuntu noble-updates/multiverse amd64 Packages [55.8 kB]
Get:19 http://archive.ubuntu.com/ubuntu noble-backports/universe amd64 Packages [35.9 kB]
Get:20 http://archive.ubuntu.com/ubuntu noble-backports/main amd64 Packages [48.9 kB]
Get:21 http://archive.ubuntu.com/ubuntu noble-backports/multiverse amd64 Packages [671 B]
Fetched 34.4 MB in 6s (5959 kB/s)

W: https://developer.download.nvidia.com/compute/cuda/repos/ubuntu2404/x86_64/InRelease: Key is stored in legacy trusted.gpg keyring (/etc/apt/trusted.gpg), see the DEPRECATION section in apt-key(8) for details.



Note, selecting 'libglib2.0-0t64' instead of 'libglib2.0-0'
The following additional packages will be installed:
  binutils binutils-common binutils-x86-64-linux-gnu build-essential bzip2 cpp
  cpp-13 cpp-13-x86-64-linux-gnu cpp-x86-64-linux-gnu dpkg dpkg-dev fakeroot
  fontconfig-config fonts-dejavu-core fonts-dejavu-mono g++ g++-13
  g++-13-x86-64-linux-gnu g++-x86-64-linux-gnu gcc gcc-13 gcc-13-base
  gcc-13-x86-64-linux-gnu gcc-14-base gcc-x86-64-linux-gnu git-man
  javascript-common krb5-locales less libalgorithm-diff-perl
  libalgorithm-diff-xs-perl libalgorithm-merge-perl libaom3 libasan8
  libatomic1 libbinutils libbrotli1 libbsd0 libbz2-1.0 libc-bin libc-dev-bin
  libc-devtools libc6 libc6-dev libcbor0.10 libcc1-0 libcrypt-dev
  libctf-nobfd0 libctf0 libcurl3t64-gnutls libdeflate0 libdpkg-perl libedit2
  liberror-perl libexpat1 libexpat1-dev libfakeroot libfido2-1
  libfile-fcntllock-perl libfontconfig1 libfreetype6 libgcc-13-dev libgcc-s1
  libgd3 libgdbm-compat4t64 libgdbm6t64 libglib2.0-data libgomp1 libgprofng0
  libgssapi-krb5-2 libheif-plugin-aomdec libheif-plugin-aomenc libheif1
  libhwasan0 libice6 libicu74 libisl23 libitm1 libjansson4 libjbig0
  libjpeg-turbo8 libjpeg8 libjs-jquery libjs-sphinxdoc libjs-underscore
  libk5crypto3 libkeyutils1 libkrb5-3 libkrb5support0 liblerc4
  liblocale-gettext-perl liblsan0 liblzma5 libmpc3 libmpfr6 libnghttp2-14
  libperl5.38t64 libpng16-16t64 libpsl5t64 libpthread-stubs0-dev
  libpython3-dev libpython3-stdlib libpython3.12-dev libpython3.12-minimal
  libpython3.12-stdlib libpython3.12t64 libquadmath0 librtmp1 libsframe1
  libsharpyuv0 libssh-4 libstdc++-13-dev libstdc++6 libtiff6 libtsan2
  libubsan1 libwebp7 libx11-6 libx11-data libx11-dev libxau-dev libxau6
  libxcb1 libxcb1-dev libxdmcp-dev libxdmcp6 libxml2 libxmuu1 libxpm4
  libxrender1 linux-libc-dev lto-disabled-list make manpages manpages-dev
  media-types netbase openssh-client patch perl perl-base perl-modules-5.38
  publicsuffix python3 python3-dev python3-minimal python3-pkg-resources
  python3-setuptools python3-wheel python3.12 python3.12-dev
  python3.12-minimal rpcsvc-proto shared-mime-info tzdata x11-common
  x11proto-dev xauth xdg-user-dirs xorg-sgml-doctools xtrans-dev xz-utils
  zlib1g zlib1g-dev
Suggested packages:
  binutils-doc gprofng-gui bzip2-doc cpp-doc gcc-13-locales cpp-13-doc
  debsig-verify debian-keyring g++-multilib g++-13-multilib gcc-13-doc
  gcc-multilib autoconf automake libtool flex bison gdb gcc-doc
  gcc-13-multilib gdb-x86-64-linux-gnu gettext-base git-daemon-run
  | git-daemon-sysvinit git-doc git-email git-gui gitk gitweb git-cvs
  git-mediawiki git-svn apache2 | lighttpd | httpd glibc-doc locales
  libnss-nis libnss-nisplus bzr libgd-tools gdbm-l10n low-memory-monitor
  krb5-doc krb5-user libheif-plugin-libde265 libheif-plugin-x265
  libheif-plugin-ffmpegdec libheif-plugin-jpegdec libheif-plugin-jpegenc
  libheif-plugin-j2kdec libheif-plugin-j2kenc libheif-plugin-rav1e
  libheif-plugin-svtenc libstdc++-13-doc libx11-doc libxcb-doc make-doc
  man-browser keychain libpam-ssh monkeysphere ssh-askpass ed diffutils-doc
  perl-doc libterm-readline-gnu-perl | libterm-readline-perl-perl
  libtap-harness-archive-perl python3-doc python3-tk python3-venv
  python-setuptools-doc python3.12-venv python3.12-doc binfmt-support
The following NEW packages will be installed:
  binutils binutils-common binutils-x86-64-linux-gnu build-essential bzip2 cpp
  cpp-13 cpp-13-x86-64-linux-gnu cpp-x86-64-linux-gnu dpkg-dev fakeroot
  fontconfig-config fonts-dejavu-core fonts-dejavu-mono g++ g++-13
  g++-13-x86-64-linux-gnu g++-x86-64-linux-gnu gcc gcc-13 gcc-13-base
  gcc-13-x86-64-linux-gnu gcc-x86-64-linux-gnu git git-man javascript-common
  krb5-locales less libalgorithm-diff-perl libalgorithm-diff-xs-perl
  libalgorithm-merge-perl libaom3 libasan8 libatomic1 libbinutils libbrotli1
  libbsd0 libc-dev-bin libc-devtools libc6-dev libcbor0.10 libcc1-0
  libcrypt-dev libctf-nobfd0 libctf0 libcurl3t64-gnutls libdeflate0
  libdpkg-perl libedit2 liberror-perl libexpat1 libexpat1-dev libfakeroot
  libfido2-1 libfile-fcntllock-perl libfontconfig1 libfreetype6 libgcc-13-dev
  libgd3 libgdbm-compat4t64 libgdbm6t64 libglib2.0-0t64 libglib2.0-data
  libgomp1 libgprofng0 libgssapi-krb5-2 libheif-plugin-aomdec
  libheif-plugin-aomenc libheif1 libhwasan0 libice6 libicu74 libisl23 libitm1
  libjansson4 libjbig0 libjpeg-turbo8 libjpeg8 libjs-jquery libjs-sphinxdoc
  libjs-underscore libk5crypto3 libkeyutils1 libkrb5-3 libkrb5support0
  liblerc4 liblocale-gettext-perl liblsan0 libmpc3 libmpfr6 libnghttp2-14
  libperl5.38t64 libpng16-16t64 libpsl5t64 libpthread-stubs0-dev
  libpython3-dev libpython3-stdlib libpython3.12-dev libpython3.12-minimal
  libpython3.12-stdlib libpython3.12t64 libquadmath0 librtmp1 libsframe1
  libsharpyuv0 libsm6 libssh-4 libstdc++-13-dev libtiff6 libtsan2 libubsan1
  libwebp7 libx11-6 libx11-data libx11-dev libxau-dev libxau6 libxcb1
  libxcb1-dev libxdmcp-dev libxdmcp6 libxext6 libxml2 libxmuu1 libxpm4
  libxrender-dev libxrender1 linux-libc-dev lto-disabled-list make manpages
  manpages-dev media-types netbase openssh-client patch perl perl-modules-5.38
  publicsuffix python3 python3-dev python3-minimal python3-pip
  python3-pkg-resources python3-setuptools python3-wheel python3.12
  python3.12-dev python3.12-minimal rpcsvc-proto shared-mime-info tzdata
  x11-common x11proto-dev xauth xdg-user-dirs xorg-sgml-doctools xtrans-dev
  xz-utils zlib1g-dev
The following packages will be upgraded:
  dpkg gcc-14-base libbz2-1.0 libc-bin libc6 libgcc-s1 liblzma5 libstdc++6
  perl-base zlib1g
10 upgraded, 160 newly installed, 0 to remove and 51 not upgraded.
Need to get 0 B/139 MB of archives.
After this operation, 493 MB of additional disk space will be used.

1789313541617 aiagent02:gpu0 DEBUG debconf: delaying package configuration, since apt-utils is not installed
(Reading database ... 5322 files and directories currently installed.)
Preparing to unpack .../dpkg_1.22.6ubuntu6.6_amd64.deb ...
Unpacking dpkg (1.22.6ubuntu6.6) over (1.22.6ubuntu6.1) ...
Setting up dpkg (1.22.6ubuntu6.6) ...
(Reading database ... 5322 files and directories currently installed.)
Preparing to unpack .../perl-base_5.38.2-3.2ubuntu0.4_amd64.deb ...
Unpacking perl-base (5.38.2-3.2ubuntu0.4) over (5.38.2-3.2ubuntu0.1) ...
Setting up perl-base (5.38.2-3.2ubuntu0.4) ...
(Reading database ... 5322 files and directories currently installed.)
Preparing to unpack .../gcc-14-base_14.2.0-4ubuntu2~24.04.1_amd64.deb ...
Unpacking gcc-14-base:amd64 (14.2.0-4ubuntu2~24.04.1) over (14.2.0-4ubuntu2~24.04) ...
Setting up gcc-14-base:amd64 (14.2.0-4ubuntu2~24.04.1) ...
(Reading database ... 5322 files and directories currently installed.)
Preparing to unpack .../libgcc-s1_14.2.0-4ubuntu2~24.04.1_amd64.deb ...
Unpacking libgcc-s1:amd64 (14.2.0-4ubuntu2~24.04.1) over (14.2.0-4ubuntu2~24.04) ...
Setting up libgcc-s1:amd64 (14.2.0-4ubuntu2~24.04.1) ...
(Reading database ... 5322 files and directories currently installed.)
Preparing to unpack .../libstdc++6_14.2.0-4ubuntu2~24.04.1_amd64.deb ...
Unpacking libstdc++6:amd64 (14.2.0-4ubuntu2~24.04.1) over (14.2.0-4ubuntu2~24.04) ...
Setting up libstdc++6:amd64 (14.2.0-4ubuntu2~24.04.1) ...
(Reading database ... 5322 files and directories currently installed.)
Preparing to unpack .../libc6_2.39-0ubuntu8.9_amd64.deb ...
Unpacking libc6:amd64 (2.39-0ubuntu8.9) over (2.39-0ubuntu8.5) ...
Setting up libc6:amd64 (2.39-0ubuntu8.9) ...
(Reading database ... 5322 files and directories currently installed.)
Preparing to unpack .../libc-bin_2.39-0ubuntu8.9_amd64.deb ...
Unpacking libc-bin (2.39-0ubuntu8.9) over (2.39-0ubuntu8.5) ...
Setting up libc-bin (2.39-0ubuntu8.9) ...
Selecting previously unselected package liblocale-gettext-perl.
(Reading database ... 5322 files and directories currently installed.)
Preparing to unpack .../liblocale-gettext-perl_1.07-6ubuntu5_amd64.deb ...
Unpacking liblocale-gettext-perl (1.07-6ubuntu5) ...
Selecting previously unselected package libpython3.12-minimal:amd64.
Preparing to unpack .../libpython3.12-minimal_3.12.3-1ubuntu0.17_amd64.deb ...
Unpacking libpython3.12-minimal:amd64 (3.12.3-1ubuntu0.17) ...
Selecting previously unselected package libexpat1:amd64.
Preparing to unpack .../libexpat1_2.6.1-2ubuntu0.4_amd64.deb ...
Unpacking libexpat1:amd64 (2.6.1-2ubuntu0.4) ...
Preparing to unpack .../zlib1g_1%3a1.3.dfsg-3.1ubuntu2.2_amd64.deb ...
Unpacking zlib1g:amd64 (1:1.3.dfsg-3.1ubuntu2.2) over (1:1.3.dfsg-3.1ubuntu2.1) ...
Setting up zlib1g:amd64 (1:1.3.dfsg-3.1ubuntu2.2) ...
Selecting previously unselected package python3.12-minimal.
(Reading database ... 5644 files and directories currently installed.)
Preparing to unpack .../python3.12-minimal_3.12.3-1ubuntu0.17_amd64.deb ...
Unpacking python3.12-minimal (3.12.3-1ubuntu0.17) ...
Setting up libpython3.12-minimal:amd64 (3.12.3-1ubuntu0.17) ...
Setting up libexpat1:amd64 (2.6.1-2ubuntu0.4) ...
Setting up python3.12-minimal (3.12.3-1ubuntu0.17) ...
Selecting previously unselected package python3-minimal.
(Reading database ... 5655 files and directories currently installed.)
Preparing to unpack .../python3-minimal_3.12.3-0ubuntu2.1_amd64.deb ...
Unpacking python3-minimal (3.12.3-0ubuntu2.1) ...
Selecting previously unselected package media-types.
Preparing to unpack .../media-types_10.1.0_all.deb ...
Unpacking media-types (10.1.0) ...
Selecting previously unselected package netbase.
Preparing to unpack .../archives/netbase_6.4_all.deb ...
Unpacking netbase (6.4) ...
Selecting previously unselected package tzdata.
Preparing to unpack .../tzdata_2026c-0ubuntu0.24.04.1_all.deb ...
Unpacking tzdata (2026c-0ubuntu0.24.04.1) ...
Preparing to unpack .../libbz2-1.0_1.0.8-5.1ubuntu0.1_amd64.deb ...
Unpacking libbz2-1.0:amd64 (1.0.8-5.1ubuntu0.1) over (1.0.8-5.1build0.1) ...
Setting up libbz2-1.0:amd64 (1.0.8-5.1ubuntu0.1) ...
(Reading database ... 6218 files and directories currently installed.)
Preparing to unpack .../liblzma5_5.6.1+really5.4.5-1ubuntu0.3_amd64.deb ...
Unpacking liblzma5:amd64 (5.6.1+really5.4.5-1ubuntu0.3) over (5.6.1+really5.4.5-1ubuntu0.2) ...
Setting up liblzma5:amd64 (5.6.1+really5.4.5-1ubuntu0.3) ...
Selecting previously unselected package libpython3.12-stdlib:amd64.
(Reading database ... 6218 files and directories currently installed.)
Preparing to unpack .../libpython3.12-stdlib_3.12.3-1ubuntu0.17_amd64.deb ...
Unpacking libpython3.12-stdlib:amd64 (3.12.3-1ubuntu0.17) ...
Selecting previously unselected package python3.12.
Preparing to unpack .../python3.12_3.12.3-1ubuntu0.17_amd64.deb ...
Unpacking python3.12 (3.12.3-1ubuntu0.17) ...
Selecting previously unselected package libpython3-stdlib:amd64.
Preparing to unpack .../libpython3-stdlib_3.12.3-0ubuntu2.1_amd64.deb ...
Unpacking libpython3-stdlib:amd64 (3.12.3-0ubuntu2.1) ...
Setting up python3-minimal (3.12.3-0ubuntu2.1) ...
Selecting previously unselected package python3.
(Reading database ... 6625 files and directories currently installed.)
Preparing to unpack .../000-python3_3.12.3-0ubuntu2.1_amd64.deb ...
Unpacking python3 (3.12.3-0ubuntu2.1) ...
Selecting previously unselected package perl-modules-5.38.
Preparing to unpack .../001-perl-modules-5.38_5.38.2-3.2ubuntu0.4_all.deb ...
Unpacking perl-modules-5.38 (5.38.2-3.2ubuntu0.4) ...
Selecting previously unselected package libgdbm6t64:amd64.
Preparing to unpack .../002-libgdbm6t64_1.23-5.1build1_amd64.deb ...
Unpacking libgdbm6t64:amd64 (1.23-5.1build1) ...
Selecting previously unselected package libgdbm-compat4t64:amd64.
Preparing to unpack .../003-libgdbm-compat4t64_1.23-5.1build1_amd64.deb ...
Unpacking libgdbm-compat4t64:amd64 (1.23-5.1build1) ...
Selecting previously unselected package libperl5.38t64:amd64.
Preparing to unpack .../004-libperl5.38t64_5.38.2-3.2ubuntu0.4_amd64.deb ...
Unpacking libperl5.38t64:amd64 (5.38.2-3.2ubuntu0.4) ...
Selecting previously unselected package perl.
Preparing to unpack .../005-perl_5.38.2-3.2ubuntu0.4_amd64.deb ...
Unpacking perl (5.38.2-3.2ubuntu0.4) ...
Selecting previously unselected package krb5-locales.
Preparing to unpack .../006-krb5-locales_1.20.1-6ubuntu2.8_all.deb ...
Unpacking krb5-locales (1.20.1-6ubuntu2.8) ...
Selecting previously unselected package less.
Preparing to unpack .../007-less_590-2ubuntu2.1_amd64.deb ...
Unpacking less (590-2ubuntu2.1) ...
Selecting previously unselected package libbsd0:amd64.
Preparing to unpack .../008-libbsd0_0.12.1-1build1.1_amd64.deb ...
Unpacking libbsd0:amd64 (0.12.1-1build1.1) ...
Selecting previously unselected package libglib2.0-0t64:amd64.

1789313547030 aiagent02:gpu0 DEBUG Preparing to unpack .../009-libglib2.0-0t64_2.80.0-6ubuntu3.8_amd64.deb ...
Unpacking libglib2.0-0t64:amd64 (2.80.0-6ubuntu3.8) ...
Selecting previously unselected package libglib2.0-data.
Preparing to unpack .../010-libglib2.0-data_2.80.0-6ubuntu3.8_all.deb ...
Unpacking libglib2.0-data (2.80.0-6ubuntu3.8) ...
Selecting previously unselected package libkrb5support0:amd64.
Preparing to unpack .../011-libkrb5support0_1.20.1-6ubuntu2.8_amd64.deb ...
Unpacking libkrb5support0:amd64 (1.20.1-6ubuntu2.8) ...
Selecting previously unselected package libk5crypto3:amd64.
Preparing to unpack .../012-libk5crypto3_1.20.1-6ubuntu2.8_amd64.deb ...
Unpacking libk5crypto3:amd64 (1.20.1-6ubuntu2.8) ...
Selecting previously unselected package libkeyutils1:amd64.
Preparing to unpack .../013-libkeyutils1_1.6.3-3build1_amd64.deb ...
Unpacking libkeyutils1:amd64 (1.6.3-3build1) ...
Selecting previously unselected package libkrb5-3:amd64.
Preparing to unpack .../014-libkrb5-3_1.20.1-6ubuntu2.8_amd64.deb ...
Unpacking libkrb5-3:amd64 (1.20.1-6ubuntu2.8) ...
Selecting previously unselected package libgssapi-krb5-2:amd64.
Preparing to unpack .../015-libgssapi-krb5-2_1.20.1-6ubuntu2.8_amd64.deb ...
Unpacking libgssapi-krb5-2:amd64 (1.20.1-6ubuntu2.8) ...
Selecting previously unselected package libicu74:amd64.
Preparing to unpack .../016-libicu74_74.2-1ubuntu3.1_amd64.deb ...
Unpacking libicu74:amd64 (74.2-1ubuntu3.1) ...
Selecting previously unselected package libxml2:amd64.
Preparing to unpack .../017-libxml2_2.9.14+dfsg-1.3ubuntu3.8_amd64.deb ...
Unpacking libxml2:amd64 (2.9.14+dfsg-1.3ubuntu3.8) ...
Selecting previously unselected package python3-pkg-resources.
Preparing to unpack .../018-python3-pkg-resources_68.1.2-2ubuntu1.2_all.deb ...
Unpacking python3-pkg-resources (68.1.2-2ubuntu1.2) ...
Selecting previously unselected package shared-mime-info.
Preparing to unpack .../019-shared-mime-info_2.4-4_amd64.deb ...
Unpacking shared-mime-info (2.4-4) ...
Selecting previously unselected package xdg-user-dirs.
Preparing to unpack .../020-xdg-user-dirs_0.18-1build1_amd64.deb ...
Unpacking xdg-user-dirs (0.18-1build1) ...
Selecting previously unselected package libcbor0.10:amd64.
Preparing to unpack .../021-libcbor0.10_0.10.2-1.2ubuntu2_amd64.deb ...
Unpacking libcbor0.10:amd64 (0.10.2-1.2ubuntu2) ...
Selecting previously unselected package libedit2:amd64.
Preparing to unpack .../022-libedit2_3.1-20230828-1build1_amd64.deb ...
Unpacking libedit2:amd64 (3.1-20230828-1build1) ...
Selecting previously unselected package libfido2-1:amd64.
Preparing to unpack .../023-libfido2-1_1.14.0-1build3_amd64.deb ...
Unpacking libfido2-1:amd64 (1.14.0-1build3) ...
Selecting previously unselected package libjansson4:amd64.
Preparing to unpack .../024-libjansson4_2.14-2build2_amd64.deb ...
Unpacking libjansson4:amd64 (2.14-2build2) ...
Selecting previously unselected package libnghttp2-14:amd64.
Preparing to unpack .../025-libnghttp2-14_1.59.0-1ubuntu0.4_amd64.deb ...
Unpacking libnghttp2-14:amd64 (1.59.0-1ubuntu0.4) ...
Selecting previously unselected package libpng16-16t64:amd64.
Preparing to unpack .../026-libpng16-16t64_1.6.43-5ubuntu0.6_amd64.deb ...
Unpacking libpng16-16t64:amd64 (1.6.43-5ubuntu0.6) ...
Selecting previously unselected package libpsl5t64:amd64.
Preparing to unpack .../027-libpsl5t64_0.21.2-1.1build1_amd64.deb ...
Unpacking libpsl5t64:amd64 (0.21.2-1.1build1) ...
Selecting previously unselected package libxau6:amd64.
Preparing to unpack .../028-libxau6_1%3a1.0.9-1build6_amd64.deb ...
Unpacking libxau6:amd64 (1:1.0.9-1build6) ...
Selecting previously unselected package libxdmcp6:amd64.
Preparing to unpack .../029-libxdmcp6_1%3a1.1.3-0ubuntu6_amd64.deb ...
Unpacking libxdmcp6:amd64 (1:1.1.3-0ubuntu6) ...
Selecting previously unselected package libxcb1:amd64.
Preparing to unpack .../030-libxcb1_1.15-1ubuntu2_amd64.deb ...
Unpacking libxcb1:amd64 (1.15-1ubuntu2) ...
Selecting previously unselected package libx11-data.
Preparing to unpack .../031-libx11-data_2%3a1.8.7-1build1_all.deb ...
Unpacking libx11-data (2:1.8.7-1build1) ...
Selecting previously unselected package libx11-6:amd64.
Preparing to unpack .../032-libx11-6_2%3a1.8.7-1build1_amd64.deb ...
Unpacking libx11-6:amd64 (2:1.8.7-1build1) ...
Selecting previously unselected package libxext6:amd64.
Preparing to unpack .../033-libxext6_2%3a1.3.4-1build2_amd64.deb ...
Unpacking libxext6:amd64 (2:1.3.4-1build2) ...
Selecting previously unselected package libxmuu1:amd64.
Preparing to unpack .../034-libxmuu1_2%3a1.1.3-3build2_amd64.deb ...
Unpacking libxmuu1:amd64 (2:1.1.3-3build2) ...
Selecting previously unselected package manpages.
Preparing to unpack .../035-manpages_6.7-2_all.deb ...
Unpacking manpages (6.7-2) ...
Selecting previously unselected package openssh-client.
Preparing to unpack .../036-openssh-client_1%3a9.6p1-3ubuntu13.19_amd64.deb ...
Unpacking openssh-client (1:9.6p1-3ubuntu13.19) ...
Selecting previously unselected package publicsuffix.
Preparing to unpack .../037-publicsuffix_20231001.0357-0.1_all.deb ...
Unpacking publicsuffix (20231001.0357-0.1) ...
Selecting previously unselected package xauth.
Preparing to unpack .../038-xauth_1%3a1.1.2-1build1_amd64.deb ...
Unpacking xauth (1:1.1.2-1build1) ...
Selecting previously unselected package xz-utils.
Preparing to unpack .../039-xz-utils_5.6.1+really5.4.5-1ubuntu0.3_amd64.deb ...
Unpacking xz-utils (5.6.1+really5.4.5-1ubuntu0.3) ...
Selecting previously unselected package binutils-common:amd64.
Preparing to unpack .../040-binutils-common_2.42-4ubuntu2.10_amd64.deb ...
Unpacking binutils-common:amd64 (2.42-4ubuntu2.10) ...
Selecting previously unselected package libsframe1:amd64.
Preparing to unpack .../041-libsframe1_2.42-4ubuntu2.10_amd64.deb ...
Unpacking libsframe1:amd64 (2.42-4ubuntu2.10) ...
Selecting previously unselected package libbinutils:amd64.
Preparing to unpack .../042-libbinutils_2.42-4ubuntu2.10_amd64.deb ...
Unpacking libbinutils:amd64 (2.42-4ubuntu2.10) ...
Selecting previously unselected package libctf-nobfd0:amd64.
Preparing to unpack .../043-libctf-nobfd0_2.42-4ubuntu2.10_amd64.deb ...
Unpacking libctf-nobfd0:amd64 (2.42-4ubuntu2.10) ...
Selecting previously unselected package libctf0:amd64.
Preparing to unpack .../044-libctf0_2.42-4ubuntu2.10_amd64.deb ...
Unpacking libctf0:amd64 (2.42-4ubuntu2.10) ...
Selecting previously unselected package libgprofng0:amd64.
Preparing to unpack .../045-libgprofng0_2.42-4ubuntu2.10_amd64.deb ...
Unpacking libgprofng0:amd64 (2.42-4ubuntu2.10) ...
Selecting previously unselected package binutils-x86-64-linux-gnu.
Preparing to unpack .../046-binutils-x86-64-linux-gnu_2.42-4ubuntu2.10_amd64.deb ...
Unpacking binutils-x86-64-linux-gnu (2.42-4ubuntu2.10) ...
Selecting previously unselected package binutils.
Preparing to unpack .../047-binutils_2.42-4ubuntu2.10_amd64.deb ...
Unpacking binutils (2.42-4ubuntu2.10) ...
Selecting previously unselected package libc-dev-bin.
Preparing to unpack .../048-libc-dev-bin_2.39-0ubuntu8.9_amd64.deb ...
Unpacking libc-dev-bin (2.39-0ubuntu8.9) ...
Selecting previously unselected package linux-libc-dev:amd64.
Preparing to unpack .../049-linux-libc-dev_6.8.0-139.139_amd64.deb ...
Unpacking linux-libc-dev:amd64 (6.8.0-139.139) ...
Selecting previously unselected package libcrypt-dev:amd64.
Preparing to unpack .../050-libcrypt-dev_1%3a4.4.36-4build1_amd64.deb ...
Unpacking libcrypt-dev:amd64 (1:4.4.36-4build1) ...
Selecting previously unselected package rpcsvc-proto.
Preparing to unpack .../051-rpcsvc-proto_1.4.2-0ubuntu7_amd64.deb ...
Unpacking rpcsvc-proto (1.4.2-0ubuntu7) ...
Selecting previously unselected package libc6-dev:amd64.
Preparing to unpack .../052-libc6-dev_2.39-0ubuntu8.9_amd64.deb ...
Unpacking libc6-dev:amd64 (2.39-0ubuntu8.9) ...
Selecting previously unselected package gcc-13-base:amd64.
Preparing to unpack .../053-gcc-13-base_13.3.0-6ubuntu2~24.04.1_amd64.deb ...
Unpacking gcc-13-base:amd64 (13.3.0-6ubuntu2~24.04.1) ...
Selecting previously unselected package libisl23:amd64.
Preparing to unpack .../054-libisl23_0.26-3build1.1_amd64.deb ...
Unpacking libisl23:amd64 (0.26-3build1.1) ...
Selecting previously unselected package libmpfr6:amd64.
Preparing to unpack .../055-libmpfr6_4.2.1-1build1.1_amd64.deb ...
Unpacking libmpfr6:amd64 (4.2.1-1build1.1) ...
Selecting previously unselected package libmpc3:amd64.
Preparing to unpack .../056-libmpc3_1.3.1-1build1.1_amd64.deb ...
Unpacking libmpc3:amd64 (1.3.1-1build1.1) ...
Selecting previously unselected package cpp-13-x86-64-linux-gnu.
Preparing to unpack .../057-cpp-13-x86-64-linux-gnu_13.3.0-6ubuntu2~24.04.1_amd64.deb ...
Unpacking cpp-13-x86-64-linux-gnu (13.3.0-6ubuntu2~24.04.1) ...
Selecting previously unselected package cpp-13.
Preparing to unpack .../058-cpp-13_13.3.0-6ubuntu2~24.04.1_amd64.deb ...
Unpacking cpp-13 (13.3.0-6ubuntu2~24.04.1) ...
Selecting previously unselected package cpp-x86-64-linux-gnu.
Preparing to unpack .../059-cpp-x86-64-linux-gnu_4%3a13.2.0-7ubuntu1_amd64.deb ...
Unpacking cpp-x86-64-linux-gnu (4:13.2.0-7ubuntu1) ...
Selecting previously unselected package cpp.
Preparing to unpack .../060-cpp_4%3a13.2.0-7ubuntu1_amd64.deb ...
Unpacking cpp (4:13.2.0-7ubuntu1) ...
Selecting previously unselected package libcc1-0:amd64.
Preparing to unpack .../061-libcc1-0_14.2.0-4ubuntu2~24.04.1_amd64.deb ...
Unpacking libcc1-0:amd64 (14.2.0-4ubuntu2~24.04.1) ...
Selecting previously unselected package libgomp1:amd64.
Preparing to unpack .../062-libgomp1_14.2.0-4ubuntu2~24.04.1_amd64.deb ...
Unpacking libgomp1:amd64 (14.2.0-4ubuntu2~24.04.1) ...
Selecting previously unselected package libitm1:amd64.
Preparing to unpack .../063-libitm1_14.2.0-4ubuntu2~24.04.1_amd64.deb ...
Unpacking libitm1:amd64 (14.2.0-4ubuntu2~24.04.1) ...
Selecting previously unselected package libatomic1:amd64.
Preparing to unpack .../064-libatomic1_14.2.0-4ubuntu2~24.04.1_amd64.deb ...
Unpacking libatomic1:amd64 (14.2.0-4ubuntu2~24.04.1) ...
Selecting previously unselected package libasan8:amd64.
Preparing to unpack .../065-libasan8_14.2.0-4ubuntu2~24.04.1_amd64.deb ...
Unpacking libasan8:amd64 (14.2.0-4ubuntu2~24.04.1) ...
Selecting previously unselected package liblsan0:amd64.
Preparing to unpack .../066-liblsan0_14.2.0-4ubuntu2~24.04.1_amd64.deb ...
Unpacking liblsan0:amd64 (14.2.0-4ubuntu2~24.04.1) ...
Selecting previously unselected package libtsan2:amd64.
Preparing to unpack .../067-libtsan2_14.2.0-4ubuntu2~24.04.1_amd64.deb ...
Unpacking libtsan2:amd64 (14.2.0-4ubuntu2~24.04.1) ...
Selecting previously unselected package libubsan1:amd64.
Preparing to unpack .../068-libubsan1_14.2.0-4ubuntu2~24.04.1_amd64.deb ...
Unpacking libubsan1:amd64 (14.2.0-4ubuntu2~24.04.1) ...
Selecting previously unselected package libhwasan0:amd64.
Preparing to unpack .../069-libhwasan0_14.2.0-4ubuntu2~24.04.1_amd64.deb ...
Unpacking libhwasan0:amd64 (14.2.0-4ubuntu2~24.04.1) ...
Selecting previously unselected package libquadmath0:amd64.
Preparing to unpack .../070-libquadmath0_14.2.0-4ubuntu2~24.04.1_amd64.deb ...
Unpacking libquadmath0:amd64 (14.2.0-4ubuntu2~24.04.1) ...
Selecting previously unselected package libgcc-13-dev:amd64.
Preparing to unpack .../071-libgcc-13-dev_13.3.0-6ubuntu2~24.04.1_amd64.deb ...
Unpacking libgcc-13-dev:amd64 (13.3.0-6ubuntu2~24.04.1) ...
Selecting previously unselected package gcc-13-x86-64-linux-gnu.
Preparing to unpack .../072-gcc-13-x86-64-linux-gnu_13.3.0-6ubuntu2~24.04.1_amd64.deb ...
Unpacking gcc-13-x86-64-linux-gnu (13.3.0-6ubuntu2~24.04.1) ...
Selecting previously unselected package gcc-13.
Preparing to unpack .../073-gcc-13_13.3.0-6ubuntu2~24.04.1_amd64.deb ...
Unpacking gcc-13 (13.3.0-6ubuntu2~24.04.1) ...
Selecting previously unselected package gcc-x86-64-linux-gnu.
Preparing to unpack .../074-gcc-x86-64-linux-gnu_4%3a13.2.0-7ubuntu1_amd64.deb ...
Unpacking gcc-x86-64-linux-gnu (4:13.2.0-7ubuntu1) ...
Selecting previously unselected package gcc.
Preparing to unpack .../075-gcc_4%3a13.2.0-7ubuntu1_amd64.deb ...
Unpacking gcc (4:13.2.0-7ubuntu1) ...
Selecting previously unselected package libstdc++-13-dev:amd64.
Preparing to unpack .../076-libstdc++-13-dev_13.3.0-6ubuntu2~24.04.1_amd64.deb ...
Unpacking libstdc++-13-dev:amd64 (13.3.0-6ubuntu2~24.04.1) ...
Selecting previously unselected package g++-13-x86-64-linux-gnu.
Preparing to unpack .../077-g++-13-x86-64-linux-gnu_13.3.0-6ubuntu2~24.04.1_amd64.deb ...
Unpacking g++-13-x86-64-linux-gnu (13.3.0-6ubuntu2~24.04.1) ...
Selecting previously unselected package g++-13.
Preparing to unpack .../078-g++-13_13.3.0-6ubuntu2~24.04.1_amd64.deb ...
Unpacking g++-13 (13.3.0-6ubuntu2~24.04.1) ...
Selecting previously unselected package g++-x86-64-linux-gnu.
Preparing to unpack .../079-g++-x86-64-linux-gnu_4%3a13.2.0-7ubuntu1_amd64.deb ...
Unpacking g++-x86-64-linux-gnu (4:13.2.0-7ubuntu1) ...
Selecting previously unselected package g++.
Preparing to unpack .../080-g++_4%3a13.2.0-7ubuntu1_amd64.deb ...
Unpacking g++ (4:13.2.0-7ubuntu1) ...
Selecting previously unselected package make.
Preparing to unpack .../081-make_4.3-4.1build2_amd64.deb ...
Unpacking make (4.3-4.1build2) ...
Selecting previously unselected package libdpkg-perl.
Preparing to unpack .../082-libdpkg-perl_1.22.6ubuntu6.6_all.deb ...
Unpacking libdpkg-perl (1.22.6ubuntu6.6) ...
Selecting previously unselected package bzip2.
Preparing to unpack .../083-bzip2_1.0.8-5.1ubuntu0.1_amd64.deb ...
Unpacking bzip2 (1.0.8-5.1ubuntu0.1) ...
Selecting previously unselected package patch.
Preparing to unpack .../084-patch_2.7.6-7build3_amd64.deb ...
Unpacking patch (2.7.6-7build3) ...
Selecting previously unselected package lto-disabled-list.
Preparing to unpack .../085-lto-disabled-list_47_all.deb ...
Unpacking lto-disabled-list (47) ...
Selecting previously unselected package dpkg-dev.
Preparing to unpack .../086-dpkg-dev_1.22.6ubuntu6.6_all.deb ...
Unpacking dpkg-dev (1.22.6ubuntu6.6) ...
Selecting previously unselected package build-essential.
Preparing to unpack .../087-build-essential_12.10ubuntu1_amd64.deb ...
Unpacking build-essential (12.10ubuntu1) ...
Selecting previously unselected package libfakeroot:amd64.
Preparing to unpack .../088-libfakeroot_1.33-1_amd64.deb ...
Unpacking libfakeroot:amd64 (1.33-1) ...
Selecting previously unselected package fakeroot.
Preparing to unpack .../089-fakeroot_1.33-1_amd64.deb ...
Unpacking fakeroot (1.33-1) ...
Selecting previously unselected package fonts-dejavu-mono.
Preparing to unpack .../090-fonts-dejavu-mono_2.37-8_all.deb ...
Unpacking fonts-dejavu-mono (2.37-8) ...
Selecting previously unselected package fonts-dejavu-core.
Preparing to unpack .../091-fonts-dejavu-core_2.37-8_all.deb ...
Unpacking fonts-dejavu-core (2.37-8) ...
Selecting previously unselected package fontconfig-config.
Preparing to unpack .../092-fontconfig-config_2.15.0-1.1ubuntu2_amd64.deb ...
Unpacking fontconfig-config (2.15.0-1.1ubuntu2) ...
Selecting previously unselected package libbrotli1:amd64.
Preparing to unpack .../093-libbrotli1_1.1.0-2build2_amd64.deb ...
Unpacking libbrotli1:amd64 (1.1.0-2build2) ...
Selecting previously unselected package librtmp1:amd64.
Preparing to unpack .../094-librtmp1_2.4+20151223.gitfa8646d.1-2build7_amd64.deb ...
Unpacking librtmp1:amd64 (2.4+20151223.gitfa8646d.1-2build7) ...
Selecting previously unselected package libssh-4:amd64.
Preparing to unpack .../095-libssh-4_0.10.6-2ubuntu0.5_amd64.deb ...
Unpacking libssh-4:amd64 (0.10.6-2ubuntu0.5) ...
Selecting previously unselected package libcurl3t64-gnutls:amd64.
Preparing to unpack .../096-libcurl3t64-gnutls_8.5.0-2ubuntu10.13_amd64.deb ...
Unpacking libcurl3t64-gnutls:amd64 (8.5.0-2ubuntu10.13) ...
Selecting previously unselected package liberror-perl.
Preparing to unpack .../097-liberror-perl_0.17029-2_all.deb ...
Unpacking liberror-perl (0.17029-2) ...
Selecting previously unselected package git-man.
Preparing to unpack .../098-git-man_1%3a2.43.0-1ubuntu7.3_all.deb ...
Unpacking git-man (1:2.43.0-1ubuntu7.3) ...
Selecting previously unselected package git.
Preparing to unpack .../099-git_1%3a2.43.0-1ubuntu7.3_amd64.deb ...
Unpacking git (1:2.43.0-1ubuntu7.3) ...
Selecting previously unselected package javascript-common.
Preparing to unpack .../100-javascript-common_11+nmu1_all.deb ...
Unpacking javascript-common (11+nmu1) ...
Selecting previously unselected package libalgorithm-diff-perl.
Preparing to unpack .../101-libalgorithm-diff-perl_1.201-1_all.deb ...
Unpacking libalgorithm-diff-perl (1.201-1) ...
Selecting previously unselected package libalgorithm-diff-xs-perl:amd64.
Preparing to unpack .../102-libalgorithm-diff-xs-perl_0.04-8build3_amd64.deb ...
Unpacking libalgorithm-diff-xs-perl:amd64 (0.04-8build3) ...
Selecting previously unselected package libalgorithm-merge-perl.
Preparing to unpack .../103-libalgorithm-merge-perl_0.08-5_all.deb ...
Unpacking libalgorithm-merge-perl (0.08-5) ...
Selecting previously unselected package libaom3:amd64.
Preparing to unpack .../104-libaom3_3.8.2-2ubuntu0.1_amd64.deb ...
Unpacking libaom3:amd64 (3.8.2-2ubuntu0.1) ...
Selecting previously unselected package libfreetype6:amd64.
Preparing to unpack .../105-libfreetype6_2.13.2+dfsg-1ubuntu0.1_amd64.deb ...
Unpacking libfreetype6:amd64 (2.13.2+dfsg-1ubuntu0.1) ...
Selecting previously unselected package libfontconfig1:amd64.
Preparing to unpack .../106-libfontconfig1_2.15.0-1.1ubuntu2_amd64.deb ...
Unpacking libfontconfig1:amd64 (2.15.0-1.1ubuntu2) ...
Selecting previously unselected package libsharpyuv0:amd64.
Preparing to unpack .../107-libsharpyuv0_1.3.2-0.4build3_amd64.deb ...
Unpacking libsharpyuv0:amd64 (1.3.2-0.4build3) ...
Selecting previously unselected package libheif-plugin-aomdec:amd64.
Preparing to unpack .../108-libheif-plugin-aomdec_1.17.6-1ubuntu4.8_amd64.deb ...
Unpacking libheif-plugin-aomdec:amd64 (1.17.6-1ubuntu4.8) ...
Selecting previously unselected package libheif1:amd64.
Preparing to unpack .../109-libheif1_1.17.6-1ubuntu4.8_amd64.deb ...
Unpacking libheif1:amd64 (1.17.6-1ubuntu4.8) ...
Selecting previously unselected package libjpeg-turbo8:amd64.
Preparing to unpack .../110-libjpeg-turbo8_2.1.5-2ubuntu2_amd64.deb ...
Unpacking libjpeg-turbo8:amd64 (2.1.5-2ubuntu2) ...
Selecting previously unselected package libjpeg8:amd64.
Preparing to unpack .../111-libjpeg8_8c-2ubuntu11_amd64.deb ...
Unpacking libjpeg8:amd64 (8c-2ubuntu11) ...
Selecting previously unselected package libdeflate0:amd64.
Preparing to unpack .../112-libdeflate0_1.19-1build1.1_amd64.deb ...
Unpacking libdeflate0:amd64 (1.19-1build1.1) ...
Selecting previously unselected package libjbig0:amd64.
Preparing to unpack .../113-libjbig0_2.1-6.1ubuntu2_amd64.deb ...
Unpacking libjbig0:amd64 (2.1-6.1ubuntu2) ...
Selecting previously unselected package liblerc4:amd64.
Preparing to unpack .../114-liblerc4_4.0.0+ds-4ubuntu2_amd64.deb ...
Unpacking liblerc4:amd64 (4.0.0+ds-4ubuntu2) ...
Selecting previously unselected package libwebp7:amd64.
Preparing to unpack .../115-libwebp7_1.3.2-0.4build3_amd64.deb ...
Unpacking libwebp7:amd64 (1.3.2-0.4build3) ...
Selecting previously unselected package libtiff6:amd64.
Preparing to unpack .../116-libtiff6_4.5.1+git230720-4ubuntu2.5_amd64.deb ...
Unpacking libtiff6:amd64 (4.5.1+git230720-4ubuntu2.5) ...
Selecting previously unselected package libxpm4:amd64.
Preparing to unpack .../117-libxpm4_1%3a3.5.17-1ubuntu0.24.04.1_amd64.deb ...
Unpacking libxpm4:amd64 (1:3.5.17-1ubuntu0.24.04.1) ...
Selecting previously unselected package libgd3:amd64.
Preparing to unpack .../118-libgd3_2.3.3-9ubuntu5_amd64.deb ...
Unpacking libgd3:amd64 (2.3.3-9ubuntu5) ...
Selecting previously unselected package libc-devtools.
Preparing to unpack .../119-libc-devtools_2.39-0ubuntu8.9_amd64.deb ...
Unpacking libc-devtools (2.39-0ubuntu8.9) ...
Selecting previously unselected package libexpat1-dev:amd64.
Preparing to unpack .../120-libexpat1-dev_2.6.1-2ubuntu0.4_amd64.deb ...
Unpacking libexpat1-dev:amd64 (2.6.1-2ubuntu0.4) ...
Selecting previously unselected package libfile-fcntllock-perl.
Preparing to unpack .../121-libfile-fcntllock-perl_0.22-4ubuntu5_amd64.deb ...
Unpacking libfile-fcntllock-perl (0.22-4ubuntu5) ...
Selecting previously unselected package libheif-plugin-aomenc:amd64.
Preparing to unpack .../122-libheif-plugin-aomenc_1.17.6-1ubuntu4.8_amd64.deb ...
Unpacking libheif-plugin-aomenc:amd64 (1.17.6-1ubuntu4.8) ...
Selecting previously unselected package x11-common.
Preparing to unpack .../123-x11-common_1%3a7.7+23ubuntu3_all.deb ...
Unpacking x11-common (1:7.7+23ubuntu3) ...
Selecting previously unselected package libice6:amd64.
Preparing to unpack .../124-libice6_2%3a1.0.10-1build3_amd64.deb ...
Unpacking libice6:amd64 (2:1.0.10-1build3) ...
Selecting previously unselected package libjs-jquery.
Preparing to unpack .../125-libjs-jquery_3.6.1+dfsg+~3.5.14-1_all.deb ...
Unpacking libjs-jquery (3.6.1+dfsg+~3.5.14-1) ...
Selecting previously unselected package libjs-underscore.
Preparing to unpack .../126-libjs-underscore_1.13.4~dfsg+~1.11.4-3_all.deb ...
Unpacking libjs-underscore (1.13.4~dfsg+~1.11.4-3) ...
Selecting previously unselected package libjs-sphinxdoc.
Preparing to unpack .../127-libjs-sphinxdoc_7.2.6-6_all.deb ...
Unpacking libjs-sphinxdoc (7.2.6-6) ...
Selecting previously unselected package libpthread-stubs0-dev:amd64.
Preparing to unpack .../128-libpthread-stubs0-dev_0.4-1build3_amd64.deb ...
Unpacking libpthread-stubs0-dev:amd64 (0.4-1build3) ...
Selecting previously unselected package libpython3.12t64:amd64.
Preparing to unpack .../129-libpython3.12t64_3.12.3-1ubuntu0.17_amd64.deb ...
Unpacking libpython3.12t64:amd64 (3.12.3-1ubuntu0.17) ...
Selecting previously unselected package zlib1g-dev:amd64.
Preparing to unpack .../130-zlib1g-dev_1%3a1.3.dfsg-3.1ubuntu2.2_amd64.deb ...
Unpacking zlib1g-dev:amd64 (1:1.3.dfsg-3.1ubuntu2.2) ...
Selecting previously unselected package libpython3.12-dev:amd64.
Preparing to unpack .../131-libpython3.12-dev_3.12.3-1ubuntu0.17_amd64.deb ...
Unpacking libpython3.12-dev:amd64 (3.12.3-1ubuntu0.17) ...
Selecting previously unselected package libpython3-dev:amd64.
Preparing to unpack .../132-libpython3-dev_3.12.3-0ubuntu2.1_amd64.deb ...
Unpacking libpython3-dev:amd64 (3.12.3-0ubuntu2.1) ...
Selecting previously unselected package libsm6:amd64.
Preparing to unpack .../133-libsm6_2%3a1.2.3-1build3_amd64.deb ...
Unpacking libsm6:amd64 (2:1.2.3-1build3) ...
Selecting previously unselected package xorg-sgml-doctools.
Preparing to unpack .../134-xorg-sgml-doctools_1%3a1.11-1.1_all.deb ...
Unpacking xorg-sgml-doctools (1:1.11-1.1) ...
Selecting previously unselected package x11proto-dev.
Preparing to unpack .../135-x11proto-dev_2023.2-1_all.deb ...
Unpacking x11proto-dev (2023.2-1) ...
Selecting previously unselected package libxau-dev:amd64.
Preparing to unpack .../136-libxau-dev_1%3a1.0.9-1build6_amd64.deb ...
Unpacking libxau-dev:amd64 (1:1.0.9-1build6) ...
Selecting previously unselected package libxdmcp-dev:amd64.
Preparing to unpack .../137-libxdmcp-dev_1%3a1.1.3-0ubuntu6_amd64.deb ...
Unpacking libxdmcp-dev:amd64 (1:1.1.3-0ubuntu6) ...
Selecting previously unselected package xtrans-dev.
Preparing to unpack .../138-xtrans-dev_1.4.0-1_all.deb ...
Unpacking xtrans-dev (1.4.0-1) ...
Selecting previously unselected package libxcb1-dev:amd64.
Preparing to unpack .../139-libxcb1-dev_1.15-1ubuntu2_amd64.deb ...
Unpacking libxcb1-dev:amd64 (1.15-1ubuntu2) ...
Selecting previously unselected package libx11-dev:amd64.
Preparing to unpack .../140-libx11-dev_2%3a1.8.7-1build1_amd64.deb ...
Unpacking libx11-dev:amd64 (2:1.8.7-1build1) ...

1789313551933 aiagent02:gpu0 DEBUG Selecting previously unselected package libxrender1:amd64.
Preparing to unpack .../141-libxrender1_1%3a0.9.10-1.1build1_amd64.deb ...
Unpacking libxrender1:amd64 (1:0.9.10-1.1build1) ...
Selecting previously unselected package libxrender-dev:amd64.
Preparing to unpack .../142-libxrender-dev_1%3a0.9.10-1.1build1_amd64.deb ...
Unpacking libxrender-dev:amd64 (1:0.9.10-1.1build1) ...
Selecting previously unselected package manpages-dev.
Preparing to unpack .../143-manpages-dev_6.7-2_all.deb ...
Unpacking manpages-dev (6.7-2) ...
Selecting previously unselected package python3.12-dev.
Preparing to unpack .../144-python3.12-dev_3.12.3-1ubuntu0.17_amd64.deb ...
Unpacking python3.12-dev (3.12.3-1ubuntu0.17) ...
Selecting previously unselected package python3-dev.
Preparing to unpack .../145-python3-dev_3.12.3-0ubuntu2.1_amd64.deb ...
Unpacking python3-dev (3.12.3-0ubuntu2.1) ...
Selecting previously unselected package python3-setuptools.
Preparing to unpack .../146-python3-setuptools_68.1.2-2ubuntu1.2_all.deb ...
Unpacking python3-setuptools (68.1.2-2ubuntu1.2) ...
Selecting previously unselected package python3-wheel.
Preparing to unpack .../147-python3-wheel_0.42.0-2_all.deb ...
Unpacking python3-wheel (0.42.0-2) ...
Selecting previously unselected package python3-pip.
Preparing to unpack .../148-python3-pip_24.0+dfsg-1ubuntu1.3_all.deb ...
Unpacking python3-pip (24.0+dfsg-1ubuntu1.3) ...
Setting up media-types (10.1.0) ...
Setting up javascript-common (11+nmu1) ...
Setting up libsharpyuv0:amd64 (1.3.2-0.4build3) ...
Setting up libaom3:amd64 (3.8.2-2ubuntu0.1) ...
Setting up libxau6:amd64 (1:1.0.9-1build6) ...
Setting up libkeyutils1:amd64 (1.6.3-3build1) ...
Setting up lto-disabled-list (47) ...
Setting up liblerc4:amd64 (4.0.0+ds-4ubuntu2) ...
Setting up libgdbm6t64:amd64 (1.23-5.1build1) ...
Setting up libgdbm-compat4t64:amd64 (1.23-5.1build1) ...
Setting up xdg-user-dirs (0.18-1build1) ...
Setting up libcbor0.10:amd64 (0.10.2-1.2ubuntu2) ...
Setting up manpages (6.7-2) ...
Setting up libbrotli1:amd64 (1.1.0-2build2) ...
Setting up binutils-common:amd64 (2.42-4ubuntu2.10) ...
Setting up x11-common (1:7.7+23ubuntu3) ...
invoke-rc.d: could not determine current runlevel
invoke-rc.d: policy-rc.d denied execution of start.
Setting up libpsl5t64:amd64 (0.21.2-1.1build1) ...
Setting up libnghttp2-14:amd64 (1.59.0-1ubuntu0.4) ...
Setting up libdeflate0:amd64 (1.19-1build1.1) ...
Setting up less (590-2ubuntu2.1) ...
Setting up linux-libc-dev:amd64 (6.8.0-139.139) ...
Setting up libctf-nobfd0:amd64 (2.42-4ubuntu2.10) ...
Setting up krb5-locales (1.20.1-6ubuntu2.8) ...
Setting up libgomp1:amd64 (14.2.0-4ubuntu2~24.04.1) ...
Setting up bzip2 (1.0.8-5.1ubuntu0.1) ...
Setting up libpthread-stubs0-dev:amd64 (0.4-1build3) ...
Setting up libjbig0:amd64 (2.1-6.1ubuntu2) ...
Setting up libsframe1:amd64 (2.42-4ubuntu2.10) ...
Setting up libfakeroot:amd64 (1.33-1) ...
Setting up libjansson4:amd64 (2.14-2build2) ...
Setting up libkrb5support0:amd64 (1.20.1-6ubuntu2.8) ...
Setting up tzdata (2026c-0ubuntu0.24.04.1) ...

Current default time zone: 'Etc/UTC'
Local time is now:      Sun Sep 13 15:32:27 UTC 2026.
Universal Time is now:  Sun Sep 13 15:32:27 UTC 2026.
Run 'dpkg-reconfigure tzdata' if you wish to change it.

Setting up fakeroot (1.33-1) ...
update-alternatives: using /usr/bin/fakeroot-sysv to provide /usr/bin/fakeroot (fakeroot) in auto mode
update-alternatives: warning: skip creation of /usr/share/man/man1/fakeroot.1.gz because associated file /usr/share/man/man1/fakeroot-sysv.1.gz (of link group fakeroot) doesn't exist
update-alternatives: warning: skip creation of /usr/share/man/man1/faked.1.gz because associated file /usr/share/man/man1/faked-sysv.1.gz (of link group fakeroot) doesn't exist
update-alternatives: warning: skip creation of /usr/share/man/es/man1/fakeroot.1.gz because associated file /usr/share/man/es/man1/fakeroot-sysv.1.gz (of link group fakeroot) doesn't exist
update-alternatives: warning: skip creation of /usr/share/man/es/man1/faked.1.gz because associated file /usr/share/man/es/man1/faked-sysv.1.gz (of link group fakeroot) doesn't exist
update-alternatives: warning: skip creation of /usr/share/man/fr/man1/fakeroot.1.gz because associated file /usr/share/man/fr/man1/fakeroot-sysv.1.gz (of link group fakeroot) doesn't exist
update-alternatives: warning: skip creation of /usr/share/man/fr/man1/faked.1.gz because associated file /usr/share/man/fr/man1/faked-sysv.1.gz (of link group fakeroot) doesn't exist
update-alternatives: warning: skip creation of /usr/share/man/sv/man1/fakeroot.1.gz because associated file /usr/share/man/sv/man1/fakeroot-sysv.1.gz (of link group fakeroot) doesn't exist
update-alternatives: warning: skip creation of /usr/share/man/sv/man1/faked.1.gz because associated file /usr/share/man/sv/man1/faked-sysv.1.gz (of link group fakeroot) doesn't exist
Setting up xtrans-dev (1.4.0-1) ...
Setting up libglib2.0-0t64:amd64 (2.80.0-6ubuntu3.8) ...
No schema files found: doing nothing.
Setting up libglib2.0-data (2.80.0-6ubuntu3.8) ...
Setting up rpcsvc-proto (1.4.2-0ubuntu7) ...
Setting up gcc-13-base:amd64 (13.3.0-6ubuntu2~24.04.1) ...
Setting up libx11-data (2:1.8.7-1build1) ...
Setting up make (4.3-4.1build2) ...
Setting up libmpfr6:amd64 (4.2.1-1build1.1) ...
Setting up librtmp1:amd64 (2.4+20151223.gitfa8646d.1-2build7) ...
Setting up xz-utils (5.6.1+really5.4.5-1ubuntu0.3) ...
update-alternatives: using /usr/bin/xz to provide /usr/bin/lzma (lzma) in auto mode
update-alternatives: warning: skip creation of /usr/share/man/man1/lzma.1.gz because associated file /usr/share/man/man1/xz.1.gz (of link group lzma) doesn't exist
update-alternatives: warning: skip creation of /usr/share/man/man1/unlzma.1.gz because associated file /usr/share/man/man1/unxz.1.gz (of link group lzma) doesn't exist
update-alternatives: warning: skip creation of /usr/share/man/man1/lzcat.1.gz because associated file /usr/share/man/man1/xzcat.1.gz (of link group lzma) doesn't exist
update-alternatives: warning: skip creation of /usr/share/man/man1/lzmore.1.gz because associated file /usr/share/man/man1/xzmore.1.gz (of link group lzma) doesn't exist
update-alternatives: warning: skip creation of /usr/share/man/man1/lzless.1.gz because associated file /usr/share/man/man1/xzless.1.gz (of link group lzma) doesn't exist
update-alternatives: warning: skip creation of /usr/share/man/man1/lzdiff.1.gz because associated file /usr/share/man/man1/xzdiff.1.gz (of link group lzma) doesn't exist
update-alternatives: warning: skip creation of /usr/share/man/man1/lzcmp.1.gz because associated file /usr/share/man/man1/xzcmp.1.gz (of link group lzma) doesn't exist
update-alternatives: warning: skip creation of /usr/share/man/man1/lzgrep.1.gz because associated file /usr/share/man/man1/xzgrep.1.gz (of link group lzma) doesn't exist
update-alternatives: warning: skip creation of /usr/share/man/man1/lzegrep.1.gz because associated file /usr/share/man/man1/xzegrep.1.gz (of link group lzma) doesn't exist
update-alternatives: warning: skip creation of /usr/share/man/man1/lzfgrep.1.gz because associated file /usr/share/man/man1/xzfgrep.1.gz (of link group lzma) doesn't exist
Setting up perl-modules-5.38 (5.38.2-3.2ubuntu0.4) ...
Setting up libquadmath0:amd64 (14.2.0-4ubuntu2~24.04.1) ...
Setting up fonts-dejavu-mono (2.37-8) ...
Setting up libpng16-16t64:amd64 (1.6.43-5ubuntu0.6) ...
Setting up libmpc3:amd64 (1.3.1-1build1.1) ...
Setting up libatomic1:amd64 (14.2.0-4ubuntu2~24.04.1) ...
Setting up patch (2.7.6-7build3) ...
Setting up fonts-dejavu-core (2.37-8) ...
Setting up libk5crypto3:amd64 (1.20.1-6ubuntu2.8) ...
Setting up libjpeg-turbo8:amd64 (2.1.5-2ubuntu2) ...
Setting up libwebp7:amd64 (1.3.2-0.4build3) ...
Setting up libubsan1:amd64 (14.2.0-4ubuntu2~24.04.1) ...
Setting up libicu74:amd64 (74.2-1ubuntu3.1) ...
Setting up libhwasan0:amd64 (14.2.0-4ubuntu2~24.04.1) ...
Setting up libcrypt-dev:amd64 (1:4.4.36-4build1) ...
Setting up libasan8:amd64 (14.2.0-4ubuntu2~24.04.1) ...
Setting up git-man (1:2.43.0-1ubuntu7.3) ...
Setting up xorg-sgml-doctools (1:1.11-1.1) ...
Setting up netbase (6.4) ...
Setting up libkrb5-3:amd64 (1.20.1-6ubuntu2.8) ...
Setting up libperl5.38t64:amd64 (5.38.2-3.2ubuntu0.4) ...
Setting up libtsan2:amd64 (14.2.0-4ubuntu2~24.04.1) ...
Setting up libjs-jquery (3.6.1+dfsg+~3.5.14-1) ...
Setting up libbinutils:amd64 (2.42-4ubuntu2.10) ...
Setting up libfido2-1:amd64 (1.14.0-1build3) ...
Setting up libisl23:amd64 (0.26-3build1.1) ...
Setting up libc-dev-bin (2.39-0ubuntu8.9) ...
Setting up libbsd0:amd64 (0.12.1-1build1.1) ...
Setting up publicsuffix (20231001.0357-0.1) ...
Setting up libxml2:amd64 (2.9.14+dfsg-1.3ubuntu3.8) ...
Setting up libcc1-0:amd64 (14.2.0-4ubuntu2~24.04.1) ...
Setting up liblocale-gettext-perl (1.07-6ubuntu5) ...
Setting up liblsan0:amd64 (14.2.0-4ubuntu2~24.04.1) ...
Setting up libitm1:amd64 (14.2.0-4ubuntu2~24.04.1) ...
Setting up libjs-underscore (1.13.4~dfsg+~1.11.4-3) ...
Setting up libctf0:amd64 (2.42-4ubuntu2.10) ...
Setting up libjpeg8:amd64 (8c-2ubuntu11) ...
Setting up x11proto-dev (2023.2-1) ...
Setting up manpages-dev (6.7-2) ...
Setting up libice6:amd64 (2:1.0.10-1build3) ...
Setting up libxdmcp6:amd64 (1:1.1.3-0ubuntu6) ...
Setting up libxcb1:amd64 (1.15-1ubuntu2) ...
Setting up libxau-dev:amd64 (1:1.0.9-1build6) ...
Setting up libpython3.12-stdlib:amd64 (3.12.3-1ubuntu0.17) ...
Setting up cpp-13-x86-64-linux-gnu (13.3.0-6ubuntu2~24.04.1) ...
Setting up fontconfig-config (2.15.0-1.1ubuntu2) ...
Setting up python3.12 (3.12.3-1ubuntu0.17) ...
Setting up libedit2:amd64 (3.1-20230828-1build1) ...
Setting up libpython3.12t64:amd64 (3.12.3-1ubuntu0.17) ...
Setting up libxdmcp-dev:amd64 (1:1.1.3-0ubuntu6) ...
Setting up perl (5.38.2-3.2ubuntu0.4) ...
Setting up libgprofng0:amd64 (2.42-4ubuntu2.10) ...
Setting up libfreetype6:amd64 (2.13.2+dfsg-1ubuntu0.1) ...
Setting up shared-mime-info (2.4-4) ...
Setting up libgssapi-krb5-2:amd64 (1.20.1-6ubuntu2.8) ...
Setting up libjs-sphinxdoc (7.2.6-6) ...
Setting up libdpkg-perl (1.22.6ubuntu6.6) ...
Setting up libssh-4:amd64 (0.10.6-2ubuntu0.5) ...
Setting up libgcc-13-dev:amd64 (13.3.0-6ubuntu2~24.04.1) ...
Setting up libtiff6:amd64 (4.5.1+git230720-4ubuntu2.5) ...
Setting up libc6-dev:amd64 (2.39-0ubuntu8.9) ...
Setting up libx11-6:amd64 (2:1.8.7-1build1) ...
Setting up libfontconfig1:amd64 (2.15.0-1.1ubuntu2) ...
Setting up libsm6:amd64 (2:1.2.3-1build3) ...
Setting up libxmuu1:amd64 (2:1.1.3-3build2) ...
Setting up libstdc++-13-dev:amd64 (13.3.0-6ubuntu2~24.04.1) ...
Setting up libpython3-stdlib:amd64 (3.12.3-0ubuntu2.1) ...
Setting up binutils-x86-64-linux-gnu (2.42-4ubuntu2.10) ...
Setting up cpp-x86-64-linux-gnu (4:13.2.0-7ubuntu1) ...
Setting up libxcb1-dev:amd64 (1.15-1ubuntu2) ...
Setting up libxpm4:amd64 (1:3.5.17-1ubuntu0.24.04.1) ...
Setting up cpp-13 (13.3.0-6ubuntu2~24.04.1) ...
Setting up libxrender1:amd64 (1:0.9.10-1.1build1) ...
Setting up libfile-fcntllock-perl (0.22-4ubuntu5) ...
Setting up libalgorithm-diff-perl (1.201-1) ...
Setting up openssh-client (1:9.6p1-3ubuntu13.19) ...
Setting up gcc-13-x86-64-linux-gnu (13.3.0-6ubuntu2~24.04.1) ...
Setting up libx11-dev:amd64 (2:1.8.7-1build1) ...
Setting up libcurl3t64-gnutls:amd64 (8.5.0-2ubuntu10.13) ...
Setting up libxext6:amd64 (2:1.3.4-1build2) ...
Setting up python3 (3.12.3-0ubuntu2.1) ...
Setting up binutils (2.42-4ubuntu2.10) ...
Setting up python3-wheel (0.42.0-2) ...
Setting up dpkg-dev (1.22.6ubuntu6.6) ...
Setting up liberror-perl (0.17029-2) ...
Setting up libexpat1-dev:amd64 (2.6.1-2ubuntu0.4) ...
Setting up gcc-13 (13.3.0-6ubuntu2~24.04.1) ...
Setting up git (1:2.43.0-1ubuntu7.3) ...
Setting up zlib1g-dev:amd64 (1:1.3.dfsg-3.1ubuntu2.2) ...
Setting up xauth (1:1.1.2-1build1) ...
Setting up cpp (4:13.2.0-7ubuntu1) ...
Setting up libxrender-dev:amd64 (1:0.9.10-1.1build1) ...
Setting up libalgorithm-diff-xs-perl:amd64 (0.04-8build3) ...
Setting up libalgorithm-merge-perl (0.08-5) ...
Setting up python3-pkg-resources (68.1.2-2ubuntu1.2) ...
Setting up python3-setuptools (68.1.2-2ubuntu1.2) ...
Setting up g++-13-x86-64-linux-gnu (13.3.0-6ubuntu2~24.04.1) ...
Setting up gcc-x86-64-linux-gnu (4:13.2.0-7ubuntu1) ...
Setting up libpython3.12-dev:amd64 (3.12.3-1ubuntu0.17) ...
Setting up gcc (4:13.2.0-7ubuntu1) ...
Setting up python3.12-dev (3.12.3-1ubuntu0.17) ...
Setting up python3-pip (24.0+dfsg-1ubuntu1.3) ...
Setting up g++-x86-64-linux-gnu (4:13.2.0-7ubuntu1) ...
Setting up g++-13 (13.3.0-6ubuntu2~24.04.1) ...
Setting up libpython3-dev:amd64 (3.12.3-0ubuntu2.1) ...
Setting up python3-dev (3.12.3-0ubuntu2.1) ...
Setting up g++ (4:13.2.0-7ubuntu1) ...
update-alternatives: using /usr/bin/g++ to provide /usr/bin/c++ (c++) in auto mode
update-alternatives: warning: skip creation of /usr/share/man/man1/c++.1.gz because associated file /usr/share/man/man1/g++.1.gz (of link group c++) doesn't exist
Setting up build-essential (12.10ubuntu1) ...
Setting up libheif1:amd64 (1.17.6-1ubuntu4.8) ...
Setting up libgd3:amd64 (2.3.3-9ubuntu5) ...
Setting up libc-devtools (2.39-0ubuntu8.9) ...
Setting up libheif-plugin-aomdec:amd64 (1.17.6-1ubuntu4.8) ...
Setting up libheif-plugin-aomenc:amd64 (1.17.6-1ubuntu4.8) ...
Processing triggers for libc-bin (2.39-0ubuntu8.9) ...

1789313557072 aiagent02:gpu0 DEBUG Ignoring pip: markers 'python_version < "3.10"' don't match your environment
Ignoring pip: markers 'python_version >= "3.10" and python_version <= "3.11"' don't match your environment
Requirement already satisfied: pip<24.3,>=23 in /usr/lib/python3/dist-packages (24.0)
Collecting pip<24.3,>=23
  Using cached pip-24.2-py3-none-any.whl.metadata (3.6 kB)
Using cached pip-24.2-py3-none-any.whl (1.8 MB)
Installing collected packages: pip
  Attempting uninstall: pip
    Found existing installation: pip 24.0
[31mERROR: Cannot uninstall pip 24.0, RECORD file not found. Hint: The package was installed by debian.[0m[31m
[0mCollecting clearml-agent
  Using cached clearml_agent-3.0.3-py3-none-any.whl.metadata (21 kB)
Collecting psutil<7.3,>=3.4.2 (from clearml-agent)
  Using cached psutil-7.2.2-cp36-abi3-manylinux2010_x86_64.manylinux_2_12_x86_64.manylinux_2_28_x86_64.whl.metadata (22 kB)
Collecting urllib3<3,>=1.21.1 (from clearml-agent)
  Using cached urllib3-2.7.0-py3-none-any.whl.metadata (6.9 kB)
Collecting virtualenv<21,>=16 (from clearml-agent)
  Using cached virtualenv-20.39.1-py3-none-any.whl.metadata (3.5 kB)
Collecting requests<2.33,>=2.20.0 (from clearml-agent)
  Using cached requests-2.32.5-py3-none-any.whl.metadata (4.9 kB)
Requirement already satisfied: setuptools<82.0.0 in /usr/lib/python3/dist-packages (from clearml-agent) (68.1.2)
Collecting charset_normalizer<4,>=2 (from requests<2.33,>=2.20.0->clearml-agent)
  Using cached charset_normalizer-3.5.1-cp312-cp312-manylinux2014_x86_64.manylinux_2_17_x86_64.manylinux_2_28_x86_64.whl.metadata (45 kB)
Collecting idna<4,>=2.5 (from requests<2.33,>=2.20.0->clearml-agent)
  Using cached idna-3.19-py3-none-any.whl.metadata (9.2 kB)
Collecting certifi>=2017.4.17 (from requests<2.33,>=2.20.0->clearml-agent)
  Using cached certifi-2026.7.22-py3-none-any.whl.metadata (2.5 kB)
Collecting distlib<1,>=0.3.7 (from virtualenv<21,>=16->clearml-agent)
  Using cached distlib-0.4.3-py2.py3-none-any.whl.metadata (5.3 kB)
Collecting filelock<4,>=3.24.2 (from virtualenv<21,>=16->clearml-agent)
  Using cached filelock-3.32.6-py3-none-any.whl.metadata (2.0 kB)
Collecting platformdirs<5,>=3.9.1 (from virtualenv<21,>=16->clearml-agent)
  Using cached platformdirs-4.11.8-py3-none-any.whl.metadata (5.5 kB)
Using cached clearml_agent-3.0.3-py3-none-any.whl (1.4 MB)
Using cached psutil-7.2.2-cp36-abi3-manylinux2010_x86_64.manylinux_2_12_x86_64.manylinux_2_28_x86_64.whl (155 kB)
Using cached requests-2.32.5-py3-none-any.whl (64 kB)
Using cached urllib3-2.7.0-py3-none-any.whl (131 kB)
Using cached virtualenv-20.39.1-py3-none-any.whl (5.8 MB)
Using cached certifi-2026.7.22-py3-none-any.whl (136 kB)
Using cached charset_normalizer-3.5.1-cp312-cp312-manylinux2014_x86_64.manylinux_2_17_x86_64.manylinux_2_28_x86_64.whl (248 kB)
Using cached distlib-0.4.3-py2.py3-none-any.whl (470 kB)
Using cached filelock-3.32.6-py3-none-any.whl (100 kB)
Using cached idna-3.19-py3-none-any.whl (68 kB)
Using cached platformdirs-4.11.8-py3-none-any.whl (24 kB)
Installing collected packages: distlib, urllib3, psutil, platformdirs, idna, filelock, charset_normalizer, certifi, virtualenv, requests, clearml-agent
Successfully installed certifi-2026.7.22 charset_normalizer-3.5.1 clearml-agent-3.0.3 distlib-0.4.3 filelock-3.32.6 idna-3.19 platformdirs-4.11.8 psutil-7.2.2 requests-2.32.5 urllib3-2.7.0 virtualenv-20.39.1
[33mWARNING: Running pip as the 'root' user can result in broken permissions and conflicting behaviour with the system package manager. It is recommended to use a virtual environment instead: https://pip.pypa.io/warnings/venv[0m[33m
[0mUsing custom configuration file from env var: /tmp/clearml.conf
/usr/local/lib/python3.12/dist-packages/urllib3/connection.py:928: FutureWarning: 'ssl_version' option is deprecated and will be removed in urllib3 v3.0. Instead use 'ssl_minimum_version'
  context = create_urllib3_context(
Current configuration (clearml_agent v3.0.3, location: /tmp/clearml.conf):
----------------------
api.version = 1.5
api.verify_certificate = true
api.default_version = 1.5
api.http.max_req_size = 15728640
api.http.retries.total = 240
api.http.retries.connect = 240
api.http.retries.read = 240
api.http.retries.redirect = 240
api.http.retries.status = 240
api.http.retries.backoff_factor = 1.0
api.http.retries.backoff_max = 120.0
api.http.wait_on_maintenance_forever = true
api.http.pool_maxsize = 512
api.http.pool_connections = 512
api.auth.token_expiration_threshold_sec = ****
api.api_server = https://<clearml-api>/
api.web_server = https://<clearml-app>/
api.files_server = https://<clearml-files>/
api.credentials.access_key = <redacted-access-key>
api.credentials.secret_key = ****
api.host = https://<clearml-api>/
sdk.storage.cache.default_base_dir = /clearml_agent_cache
sdk.storage.cache.size.min_free_bytes = 10GB
sdk.storage.cache.disk_space_file_size_strategy.enabled = true
sdk.storage.cache.disk_space_file_size_strategy.size.max_used_bytes = 200GB
sdk.storage.cache.disk_space_file_size_strategy.size.min_free_bytes = 100GB
sdk.storage.cache.disk_space_file_size_strategy.size.cleanup_margin_percent = 30%
sdk.storage.cache.disk_space_file_size_strategy.zero_file_size_check = true
sdk.storage.direct_access.0.url = file://*
sdk.metrics.file_history_size = 100
sdk.metrics.matplotlib_untitled_history_size = 100
sdk.metrics.images.format = JPEG
sdk.metrics.images.quality = 87
sdk.metrics.images.subsampling = 0
sdk.metrics.tensorboard_single_series_per_graph = false
sdk.network.metrics.file_upload_threads = 4
sdk.network.metrics.file_upload_starvation_warning_sec = 120
sdk.network.iteration.max_retries_on_server_error = 5
sdk.network.iteration.retry_backoff_factor_sec = 10
sdk.aws.s3.key = 
sdk.aws.s3.secret = ****
sdk.aws.s3.region = 
sdk.aws.s3.credentials.0.host = <clearml-storage>:443
sdk.aws.s3.credentials.0.key = clearml-agent
sdk.aws.s3.credentials.0.secret = ****
sdk.aws.s3.credentials.0.multipart = false
sdk.aws.s3.credentials.0.secure = true
sdk.aws.s3.credentials.0.verify = false
sdk.aws.boto3.pool_connections = 512
sdk.aws.boto3.max_multipart_concurrency = 16
sdk.log.null_log_propagate = false
sdk.log.task_log_buffer_capacity = 66
sdk.log.disable_urllib3_info = true
sdk.development.task_reuse_time_window_in_hours = 72.0
sdk.development.vcs_repo_detect_async = true
sdk.development.store_uncommitted_code_diff = true
sdk.development.support_stopping = true
sdk.development.default_output_uri = https://<clearml-files>/
sdk.development.force_analyze_entire_repo = false
sdk.development.suppress_update_message = false
sdk.development.detect_with_pip_freeze = false
sdk.development.worker.report_period_sec = 2
sdk.development.worker.ping_period_sec = 30
sdk.development.worker.log_stdout = true
sdk.development.worker.report_global_mem_used = false
agent.worker_id = aiagent02:gpu0
agent.worker_name = aiagent02
agent.force_git_ssh_protocol = false
agent.git_fetch_args.0 = --all
agent.git_fetch_args.1 = --tags
agent.git_fetch_args.2 = --recurse-submodules
agent.python_binary = 
agent.package_manager.type = pip
agent.package_manager.pip_version.0 = <20.2 ; python_version < '3.10'
agent.package_manager.pip_version.1 = <22.3 ; python_version >\= '3.10' and python_version <\= '3.11'
agent.package_manager.pip_version.2 = >\=23,<24.3 ; python_version >\= '3.12'
agent.package_manager.uv_sync_locked_if_lock_file = true
agent.package_manager.system_site_packages = true
agent.package_manager.force_upgrade = false
agent.package_manager.pip_legacy_resolver.0 = >\=20.3,<24.3
agent.package_manager.conda_channels.0 = pytorch
agent.package_manager.conda_channels.1 = conda-forge
agent.package_manager.conda_channels.2 = nvidia
agent.package_manager.conda_channels.3 = defaults
agent.package_manager.priority_optional_packages.0 = pygobject
agent.package_manager.torch_nightly = false
agent.package_manager.poetry_files_from_repo_working_dir = false
agent.package_manager.uv_files_from_repo_working_dir = false
agent.package_manager.conda_env_as_base_docker = false
agent.venvs_dir = /root/.clearml/venvs-builds
agent.venvs_cache.max_entries = 10
agent.venvs_cache.free_space_threshold_gb = 2.0
agent.venvs_cache.path = /root/.clearml/venvs-cache
agent.vcs_cache.enabled = true
agent.vcs_cache.path = /root/.clearml/vcs-cache
agent.pip_download_cache.enabled = true
agent.pip_download_cache.path = /root/.clearml/pip-download-cache
agent.translate_ssh = true
agent.translate_ssl_replacement_scheme = https
agent.reload_config = false
agent.docker_pip_cache = /root/.clearml/pip-cache
agent.docker_apt_cache = /root/.clearml/apt-cache.1
agent.forbidden_docker_args.0 = entrypoint
agent.bootstrap.use_bootstrap = true
agent.bootstrap.check_for_latest = false
agent.bootstrap.check_for_latest_timeout = 5
agent.bootstrap.host_bootstrap_dir = ~/.clearml.bootstrap
agent.bootstrap.host_bootstrap_cache_dir = ~/.clearml.bootstrap.cache
agent.bootstrap.skip_git_installation = true
agent.bootstrap.always_use_static_git = false
agent.bootstrap.always_install_ca_cert = true
agent.docker_force_pull = false
agent.default_docker.image = nvidia/cuda:12.9.1-cudnn-runtime-ubuntu24.04
agent.default_docker.update_back_task = true
agent.default_docker.match_rules.0.image = python:3.6-bullseye
agent.default_docker.match_rules.0.arguments = --ipc\=host
agent.default_docker.match_rules.0.update_back_task = true
agent.default_docker.match_rules.0.match.script.binary = python3.6$
agent.default_docker.match_rules.1.image = python:3.7-bullseye
agent.default_docker.match_rules.1.arguments = --ipc\=host
agent.default_docker.match_rules.1.update_back_task = true
agent.default_docker.match_rules.1.match.script.binary = python3.7$
agent.default_docker.match_rules.2.image = python:3.8-bullseye
agent.default_docker.match_rules.2.arguments = --ipc\=host
agent.default_docker.match_rules.2.match.script.binary = python3.8$
agent.default_docker.match_rules.3.image = python:3.9-bullseye
agent.default_docker.match_rules.3.arguments = --ipc\=host
agent.default_docker.match_rules.3.match.script.binary = python3.9$
agent.default_docker.match_rules.4.image = python:3.10-bullseye
agent.default_docker.match_rules.4.arguments = --ipc\=host
agent.default_docker.match_rules.4.match.script.binary = python3.10$
agent.default_docker.match_rules.5.image = python:3.11-bullseye
agent.default_docker.match_rules.5.arguments = --ipc\=host
agent.default_docker.match_rules.5.match.script.binary = python3.11$
agent.default_docker.match_rules.6.image = python:3.12-bullseye
agent.default_docker.match_rules.6.arguments = --ipc\=host
agent.default_docker.match_rules.6.match.script.binary = python3.12$
agent.default_docker.match_rules.7.image = python:3.13-bullseye
agent.default_docker.match_rules.7.arguments = --ipc\=host
agent.default_docker.match_rules.7.match.script.binary = python3.13$
agent.enable_task_env = false
agent.sanitize_config_printout = ****
agent.hide_docker_command_env_vars.enabled = true
agent.hide_docker_command_env_vars.parse_embedded_urls = true
agent.abort_callback_max_timeout = 1800
agent.docker_internal_mounts.bootstrap_folder = /.clearml.bootstrap
agent.docker_internal_mounts.bootstrap_cache = /.clearml.bootstrap.cache
agent.docker_internal_mounts.sdk_cache = /clearml_agent_cache
agent.docker_internal_mounts.apt_cache = /var/cache/apt/archives
agent.docker_internal_mounts.ssh_folder = ~/.ssh
agent.docker_internal_mounts.ssh_ro_folder = /.ssh
agent.docker_internal_mounts.pip_cache = /root/.cache/pip
agent.docker_internal_mounts.poetry_cache = /root/.cache/pypoetry
agent.docker_internal_mounts.vcs_cache = /root/.clearml/vcs-cache
agent.docker_internal_mounts.venvs_cache = /root/.clearml/venvs-cache
agent.docker_internal_mounts.venv_build = ~/.clearml/venvs-builds
agent.docker_internal_mounts.pip_download = /root/.clearml/pip-download-cache
agent.apply_environment = true
agent.docker_apply_environment_from_vault = true
agent.apply_files = true
agent.custom_build_script = 
agent.disable_task_docker_override = false
agent.venv_update.enabled = false
agent.git_user = azuredev.AI@uni
agent.git_pass = ****
agent.extra_docker_arguments.0 = --shm-size\=8g
agent.extra_docker_arguments.1 = --ipc\=host
agent.default_python = 3.12
agent.cuda_version = 129
agent.cudnn_version = 0

Executing task id [94a420606b0f4641882c097ea72e34f5]:
repository = 
branch = 
version_num = 
tag = 
docker_cmd = nvidia/cuda:12.9.1-cudnn-runtime-ubuntu24.04
entry_point = plant_disease_resnet50.py
working_dir = .

INFO: acquiring lock [timeout=30.0s] for cache folder: /root/.clearml/venvs-cache

1789313572031 aiagent02:gpu0 DEBUG ::: Using Cached environment /root/.clearml/venvs-cache/427150d6702e69aefbb00cce0f7fbd88.fc4eb732477078a3c7873fe7477d98be :::


Adding venv into cache: /root/.clearml/venvs-builds/3.12
Running task id [94a420606b0f4641882c097ea72e34f5]:
[.]$ /root/.clearml/venvs-builds/3.12/bin/python -u plant_disease_resnet50.py
Summary - installed python packages:
pip:
- attrs==26.1.0
- boto3==1.43.93
- botocore==1.43.93
- certifi==2026.7.22
- charset-normalizer==3.5.1
- clearml==2.1.12
- cloudpickle==3.1.2
- contourpy==1.4.0
- cuda-bindings==12.9.4
- cuda-pathfinder==1.8.1
- cycler==0.12.1
- distlib==0.4.3
- filelock==3.32.6
- fonttools==4.65.0
- fsspec==2026.7.0
- furl==2.1.4
- idna==3.19
- Jinja2==3.1.6
- jmespath==1.1.0
- joblib==1.6.0
- jsonschema-specifications==2025.9.1
- jsonschema==4.26.0
- kiwisolver==1.5.1
- MarkupSafe==3.0.3
- matplotlib==3.11.2
- mpmath==1.3.0
- narwhals==2.26.0
- networkx==3.6.1
- numpy==2.5.3
- nvidia-cublas-cu12==12.9.1.4
- nvidia-cuda-cupti-cu12==12.9.79
- nvidia-cuda-nvrtc-cu12==12.9.86
- nvidia-cuda-runtime-cu12==12.9.79
- nvidia-cudnn-cu12==9.10.2.21
- nvidia-cufft-cu12==11.4.1.4
- nvidia-cufile-cu12==1.14.1.1
- nvidia-curand-cu12==10.3.10.19
- nvidia-cusolver-cu12==11.7.5.82
- nvidia-cusparse-cu12==12.5.10.65
- nvidia-cusparselt-cu12==0.7.1
- nvidia-nccl-cu12==2.27.5
- nvidia-nvjitlink-cu12==12.9.86
- nvidia-nvshmem-cu12==3.4.5
- nvidia-nvtx-cu12==12.9.79
- orderedmultidict==1.0.2
- packaging==26.3
- pathlib2==2.3.7.post1
- pillow==12.3.0
- platformdirs==4.11.8
- psutil==7.2.2
- PyJWT==2.14.0
- pyparsing==3.3.2
- python-dateutil==2.9.0.post0
- PyYAML==6.0.3
- referencing==0.37.0
- requests==2.32.5
- rpds-py==2026.6.3
- s3transfer==0.19.2
- scikit-learn==1.9.1
- scipy==1.18.1
- setuptools==68.1.2
- six==1.17.0
- sympy==1.14.0
- threadpoolctl==3.6.0
- torch==2.10.0+cu129
- torchvision==0.25.0+cu129
- triton==3.6.0
- typing_extensions==4.16.0
- urllib3==2.7.0
- virtualenv==20.39.1
- wheel==0.42.0

Environment setup completed successfully

Starting Task Execution:


1789313577042 aiagent02:gpu0 DEBUG ClearML results page: https://<clearml-app>/projects/b5b1a092161c4fb38732cf141337d8bc/tasks/94a420606b0f4641882c097ea72e34f5/output/log

1789313582140 aiagent02:gpu0 DEBUG 2026-09-13 15:32:57,542 - INFO - Dataset materialised at /clearml_agent_cache/storage_manager/datasets/ds_687ee9f1c8dd4af98240e55e4b18258a
2026-09-13 15:32:57,618 - INFO - Using device: cuda
2026-09-13 15:32:57,618 - INFO - Training mode: finetune
2026-09-13 15:32:57,714 - INFO - Classes: 38
2026-09-13 15:32:57,714 - INFO - Train samples: 41275
2026-09-13 15:32:57,714 - INFO - Validation samples: 10861
2026-09-13 15:32:57,714 - INFO - Test samples: 2169
Downloading: "https://download.pytorch.org/models/resnet50-11ad3fa6.pth" to /root/.cache/torch/hub/checkpoints/resnet50-11ad3fa6.pth
100.0%
2026-09-13 15:33:00,327 - clearml.model - INFO - A model with uri "file:///root/.cache/torch/hub/checkpoints/resnet50-11ad3fa6.pth" already exists. Selecting it
2026-09-13 15:33:00,327 - clearml.model - INFO - Selected model id: e767161a4d3d4875b9a687f6edca9cc0
2026-09-13 15:33:01,114 - INFO - Total parameters: 23585894
2026-09-13 15:33:01,114 - INFO - Trainable parameters: 23585894
/root/.clearml/venvs-builds/3.12/code/plant_disease_resnet50.py:527: FutureWarning:

`torch.cuda.amp.GradScaler(args...)` is deprecated. Please use `torch.amp.GradScaler('cuda', args...)` instead.

/root/.clearml/venvs-builds/3.12/code/plant_disease_resnet50.py:175: FutureWarning:

`torch.cuda.amp.autocast(args...)` is deprecated. Please use `torch.amp.autocast('cuda', args...)` instead.


1789313617293 aiagent02:gpu0 DEBUG /root/.clearml/venvs-builds/3.12/code/plant_disease_resnet50.py:175: FutureWarning:

`torch.cuda.amp.autocast(args...)` is deprecated. Please use `torch.amp.autocast('cuda', args...)` instead.


1789313622375 aiagent02:gpu0 DEBUG 2026-09-13 15:33:40,631 - INFO - Epoch 1/50 | train loss 0.3585 | train accuracy 0.9130 | train macro F1 0.8927 | val loss 0.0320 | val accuracy 0.9898 | val macro F1 0.9878 | lr 0.0001 | 39.0s
/root/.clearml/venvs-builds/3.12/code/plant_disease_resnet50.py:175: FutureWarning:

`torch.cuda.amp.autocast(args...)` is deprecated. Please use `torch.amp.autocast('cuda', args...)` instead.


1789313657542 aiagent02:gpu0 DEBUG /root/.clearml/venvs-builds/3.12/code/plant_disease_resnet50.py:175: FutureWarning:

`torch.cuda.amp.autocast(args...)` is deprecated. Please use `torch.amp.autocast('cuda', args...)` instead.


1789313662625 aiagent02:gpu0 DEBUG 2026-09-13 15:34:17,603 - INFO - Epoch 2/50 | train loss 0.0388 | train accuracy 0.9881 | train macro F1 0.9843 | val loss 0.0326 | val accuracy 0.9902 | val macro F1 0.9872 | lr 0.0001 | 36.5s
/root/.clearml/venvs-builds/3.12/code/plant_disease_resnet50.py:175: FutureWarning:

`torch.cuda.amp.autocast(args...)` is deprecated. Please use `torch.amp.autocast('cuda', args...)` instead.


1789313692769 aiagent02:gpu0 DEBUG /root/.clearml/venvs-builds/3.12/code/plant_disease_resnet50.py:175: FutureWarning:

`torch.cuda.amp.autocast(args...)` is deprecated. Please use `torch.amp.autocast('cuda', args...)` instead.


1789313697893 aiagent02:gpu0 DEBUG 2026-09-13 15:34:54,445 - INFO - Epoch 3/50 | train loss 0.0263 | train accuracy 0.9921 | train macro F1 0.9886 | val loss 0.0171 | val accuracy 0.9947 | val macro F1 0.9916 | lr 0.0001 | 36.8s
/root/.clearml/venvs-builds/3.12/code/plant_disease_resnet50.py:175: FutureWarning:

`torch.cuda.amp.autocast(args...)` is deprecated. Please use `torch.amp.autocast('cuda', args...)` instead.


1789313733122 aiagent02:gpu0 DEBUG /root/.clearml/venvs-builds/3.12/code/plant_disease_resnet50.py:175: FutureWarning:

`torch.cuda.amp.autocast(args...)` is deprecated. Please use `torch.amp.autocast('cuda', args...)` instead.

2026-09-13 15:35:31,907 - INFO - Epoch 4/50 | train loss 0.0196 | train accuracy 0.9936 | train macro F1 0.9902 | val loss 0.0153 | val accuracy 0.9949 | val macro F1 0.9937 | lr 0.0001 | 37.0s
/root/.clearml/venvs-builds/3.12/code/plant_disease_resnet50.py:175: FutureWarning:

`torch.cuda.amp.autocast(args...)` is deprecated. Please use `torch.amp.autocast('cuda', args...)` instead.


1789313768286 aiagent02:gpu0 DEBUG /root/.clearml/venvs-builds/3.12/code/plant_disease_resnet50.py:175: FutureWarning:

`torch.cuda.amp.autocast(args...)` is deprecated. Please use `torch.amp.autocast('cuda', args...)` instead.


1789313773451 aiagent02:gpu0 DEBUG 2026-09-13 15:36:09,300 - INFO - Epoch 5/50 | train loss 0.0154 | train accuracy 0.9948 | train macro F1 0.9928 | val loss 0.0154 | val accuracy 0.9957 | val macro F1 0.9945 | lr 0.0001 | 37.0s
/root/.clearml/venvs-builds/3.12/code/plant_disease_resnet50.py:175: FutureWarning:

`torch.cuda.amp.autocast(args...)` is deprecated. Please use `torch.amp.autocast('cuda', args...)` instead.


1789313803608 aiagent02:gpu0 DEBUG /root/.clearml/venvs-builds/3.12/code/plant_disease_resnet50.py:175: FutureWarning:

`torch.cuda.amp.autocast(args...)` is deprecated. Please use `torch.amp.autocast('cuda', args...)` instead.


1789313808690 aiagent02:gpu0 DEBUG 2026-09-13 15:36:46,352 - INFO - Epoch 6/50 | train loss 0.0153 | train accuracy 0.9953 | train macro F1 0.9938 | val loss 0.0193 | val accuracy 0.9938 | val macro F1 0.9913 | lr 0.0001 | 36.6s
/root/.clearml/venvs-builds/3.12/code/plant_disease_resnet50.py:175: FutureWarning:

`torch.cuda.amp.autocast(args...)` is deprecated. Please use `torch.amp.autocast('cuda', args...)` instead.


1789313843924 aiagent02:gpu0 DEBUG /root/.clearml/venvs-builds/3.12/code/plant_disease_resnet50.py:175: FutureWarning:

`torch.cuda.amp.autocast(args...)` is deprecated. Please use `torch.amp.autocast('cuda', args...)` instead.

2026-09-13 15:37:23,256 - INFO - Epoch 7/50 | train loss 0.0106 | train accuracy 0.9968 | train macro F1 0.9956 | val loss 0.0132 | val accuracy 0.9965 | val macro F1 0.9952 | lr 0.0001 | 36.9s

1789313848999 aiagent02:gpu0 DEBUG /root/.clearml/venvs-builds/3.12/code/plant_disease_resnet50.py:175: FutureWarning:

`torch.cuda.amp.autocast(args...)` is deprecated. Please use `torch.amp.autocast('cuda', args...)` instead.


1789313879150 aiagent02:gpu0 DEBUG /root/.clearml/venvs-builds/3.12/code/plant_disease_resnet50.py:175: FutureWarning:

`torch.cuda.amp.autocast(args...)` is deprecated. Please use `torch.amp.autocast('cuda', args...)` instead.


1789313884291 aiagent02:gpu0 DEBUG 2026-09-13 15:37:59,922 - INFO - Epoch 8/50 | train loss 0.0120 | train accuracy 0.9964 | train macro F1 0.9949 | val loss 0.0140 | val accuracy 0.9956 | val macro F1 0.9945 | lr 0.0001 | 36.3s
/root/.clearml/venvs-builds/3.12/code/plant_disease_resnet50.py:175: FutureWarning:

`torch.cuda.amp.autocast(args...)` is deprecated. Please use `torch.amp.autocast('cuda', args...)` instead.


1789313914501 aiagent02:gpu0 DEBUG /root/.clearml/venvs-builds/3.12/code/plant_disease_resnet50.py:175: FutureWarning:

`torch.cuda.amp.autocast(args...)` is deprecated. Please use `torch.amp.autocast('cuda', args...)` instead.


1789313919594 aiagent02:gpu0 DEBUG 2026-09-13 15:38:36,907 - INFO - Epoch 9/50 | train loss 0.0116 | train accuracy 0.9966 | train macro F1 0.9956 | val loss 0.0141 | val accuracy 0.9959 | val macro F1 0.9934 | lr 0.0001 | 37.0s
/root/.clearml/venvs-builds/3.12/code/plant_disease_resnet50.py:175: FutureWarning:

`torch.cuda.amp.autocast(args...)` is deprecated. Please use `torch.amp.autocast('cuda', args...)` instead.


1789313954752 aiagent02:gpu0 DEBUG /root/.clearml/venvs-builds/3.12/code/plant_disease_resnet50.py:175: FutureWarning:

`torch.cuda.amp.autocast(args...)` is deprecated. Please use `torch.amp.autocast('cuda', args...)` instead.

2026-09-13 15:39:14,145 - INFO - Epoch 10/50 | train loss 0.0113 | train accuracy 0.9965 | train macro F1 0.9950 | val loss 0.0120 | val accuracy 0.9963 | val macro F1 0.9949 | lr 5e-05 | 37.2s
/root/.clearml/venvs-builds/3.12/code/plant_disease_resnet50.py:175: FutureWarning:

`torch.cuda.amp.autocast(args...)` is deprecated. Please use `torch.amp.autocast('cuda', args...)` instead.


1789313989982 aiagent02:gpu0 DEBUG /root/.clearml/venvs-builds/3.12/code/plant_disease_resnet50.py:175: FutureWarning:

`torch.cuda.amp.autocast(args...)` is deprecated. Please use `torch.amp.autocast('cuda', args...)` instead.


1789313995125 aiagent02:gpu0 DEBUG 2026-09-13 15:39:50,631 - INFO - Epoch 11/50 | train loss 0.0039 | train accuracy 0.9989 | train macro F1 0.9983 | val loss 0.0066 | val accuracy 0.9983 | val macro F1 0.9972 | lr 5e-05 | 36.5s
/root/.clearml/venvs-builds/3.12/code/plant_disease_resnet50.py:175: FutureWarning:

`torch.cuda.amp.autocast(args...)` is deprecated. Please use `torch.amp.autocast('cuda', args...)` instead.


1789314025272 aiagent02:gpu0 DEBUG /root/.clearml/venvs-builds/3.12/code/plant_disease_resnet50.py:175: FutureWarning:

`torch.cuda.amp.autocast(args...)` is deprecated. Please use `torch.amp.autocast('cuda', args...)` instead.


1789314030360 aiagent02:gpu0 DEBUG 2026-09-13 15:40:27,849 - INFO - Epoch 12/50 | train loss 0.0029 | train accuracy 0.9990 | train macro F1 0.9986 | val loss 0.0080 | val accuracy 0.9978 | val macro F1 0.9963 | lr 5e-05 | 36.7s
/root/.clearml/venvs-builds/3.12/code/plant_disease_resnet50.py:175: FutureWarning:

`torch.cuda.amp.autocast(args...)` is deprecated. Please use `torch.amp.autocast('cuda', args...)` instead.


1789314065527 aiagent02:gpu0 DEBUG /root/.clearml/venvs-builds/3.12/code/plant_disease_resnet50.py:175: FutureWarning:

`torch.cuda.amp.autocast(args...)` is deprecated. Please use `torch.amp.autocast('cuda', args...)` instead.

2026-09-13 15:41:04,698 - INFO - Epoch 13/50 | train loss 0.0022 | train accuracy 0.9992 | train macro F1 0.9990 | val loss 0.0091 | val accuracy 0.9976 | val macro F1 0.9964 | lr 5e-05 | 36.8s
/root/.clearml/venvs-builds/3.12/code/plant_disease_resnet50.py:175: FutureWarning:

`torch.cuda.amp.autocast(args...)` is deprecated. Please use `torch.amp.autocast('cuda', args...)` instead.


1789314100703 aiagent02:gpu0 DEBUG /root/.clearml/venvs-builds/3.12/code/plant_disease_resnet50.py:175: FutureWarning:

`torch.cuda.amp.autocast(args...)` is deprecated. Please use `torch.amp.autocast('cuda', args...)` instead.


1789314105785 aiagent02:gpu0 DEBUG 2026-09-13 15:41:41,280 - INFO - Epoch 14/50 | train loss 0.0034 | train accuracy 0.9990 | train macro F1 0.9986 | val loss 0.0095 | val accuracy 0.9974 | val macro F1 0.9961 | lr 2.5e-05 | 36.6s
/root/.clearml/venvs-builds/3.12/code/plant_disease_resnet50.py:175: FutureWarning:

`torch.cuda.amp.autocast(args...)` is deprecated. Please use `torch.amp.autocast('cuda', args...)` instead.


1789314135933 aiagent02:gpu0 DEBUG /root/.clearml/venvs-builds/3.12/code/plant_disease_resnet50.py:175: FutureWarning:

`torch.cuda.amp.autocast(args...)` is deprecated. Please use `torch.amp.autocast('cuda', args...)` instead.


1789314141034 aiagent02:gpu0 DEBUG 2026-09-13 15:42:18,339 - INFO - Epoch 15/50 | train loss 0.0015 | train accuracy 0.9996 | train macro F1 0.9995 | val loss 0.0066 | val accuracy 0.9982 | val macro F1 0.9970 | lr 2.5e-05 | 37.1s
/root/.clearml/venvs-builds/3.12/code/plant_disease_resnet50.py:175: FutureWarning:

`torch.cuda.amp.autocast(args...)` is deprecated. Please use `torch.amp.autocast('cuda', args...)` instead.


1789314176191 aiagent02:gpu0 DEBUG /root/.clearml/venvs-builds/3.12/code/plant_disease_resnet50.py:175: FutureWarning:

`torch.cuda.amp.autocast(args...)` is deprecated. Please use `torch.amp.autocast('cuda', args...)` instead.

2026-09-13 15:42:55,166 - INFO - Epoch 16/50 | train loss 0.0009 | train accuracy 0.9998 | train macro F1 0.9997 | val loss 0.0087 | val accuracy 0.9976 | val macro F1 0.9963 | lr 2.5e-05 | 36.8s
2026-09-13 15:42:55,166 - INFO - Early stopping at epoch 16.
2026-09-13 15:42:55,593 - clearml.storage - INFO - Starting upload: /tmp/.clearml.upload_model_guhfquh1.tmp => <clearml-storage>:443/maslovskaya-team/ICV2026_PlantDisease/PlantDisease_ResNet50_finetune.94a420606b0f4641882c097ea72e34f5/models/best_model.pth
/usr/local/lib/python3.12/dist-packages/urllib3/connectionpool.py:1110: InsecureRequestWarning:

Unverified HTTPS request is being made to host '<clearml-storage>'. Adding certificate verification is strongly advised. See: https://urllib3.readthedocs.io/en/latest/advanced-usage.html#tls-warnings

/usr/local/lib/python3.12/dist-packages/urllib3/connectionpool.py:1110: InsecureRequestWarning:

Unverified HTTPS request is being made to host '<clearml-storage>'. Adding certificate verification is strongly advised. See: https://urllib3.readthedocs.io/en/latest/advanced-usage.html#tls-warnings

2026-09-13 15:42:56,058 - clearml.storage - INFO - Uploading: 5.00MB / 90.27MB @ 10.76MBs from /tmp/.clearml.upload_model_guhfquh1.tmp
/usr/local/lib/python3.12/dist-packages/urllib3/connectionpool.py:1110: InsecureRequestWarning:

Unverified HTTPS request is being made to host '<clearml-storage>'. Adding certificate verification is strongly advised. See: https://urllib3.readthedocs.io/en/latest/advanced-usage.html#tls-warnings

2026-09-13 15:42:56,147 - clearml.storage - INFO - Uploading: 10.00MB / 90.27MB @ 56.26MBs from /tmp/.clearml.upload_model_guhfquh1.tmp

1789314181356 aiagent02:gpu0 DEBUG 2026-09-13 15:42:56,180 - clearml.storage - INFO - Uploading: 15.00MB / 90.27MB @ 155.68MBs from /tmp/.clearml.upload_model_guhfquh1.tmp
/usr/local/lib/python3.12/dist-packages/urllib3/connectionpool.py:1110: InsecureRequestWarning:

Unverified HTTPS request is being made to host '<clearml-storage>'. Adding certificate verification is strongly advised. See: https://urllib3.readthedocs.io/en/latest/advanced-usage.html#tls-warnings

2026-09-13 15:42:56,399 - clearml.storage - INFO - Uploading: 20.00MB / 90.27MB @ 22.79MBs from /tmp/.clearml.upload_model_guhfquh1.tmp
/usr/local/lib/python3.12/dist-packages/urllib3/connectionpool.py:1110: InsecureRequestWarning:

Unverified HTTPS request is being made to host '<clearml-storage>'. Adding certificate verification is strongly advised. See: https://urllib3.readthedocs.io/en/latest/advanced-usage.html#tls-warnings

2026-09-13 15:42:56,624 - clearml.storage - INFO - Uploading: 25.00MB / 90.27MB @ 22.29MBs from /tmp/.clearml.upload_model_guhfquh1.tmp
2026-09-13 15:42:56,655 - clearml.storage - INFO - Uploading: 30.00MB / 90.27MB @ 161.95MBs from /tmp/.clearml.upload_model_guhfquh1.tmp
/usr/local/lib/python3.12/dist-packages/urllib3/connectionpool.py:1110: InsecureRequestWarning:

Unverified HTTPS request is being made to host '<clearml-storage>'. Adding certificate verification is strongly advised. See: https://urllib3.readthedocs.io/en/latest/advanced-usage.html#tls-warnings

2026-09-13 15:42:56,817 - clearml.storage - INFO - Uploading: 35.00MB / 90.27MB @ 30.95MBs from /tmp/.clearml.upload_model_guhfquh1.tmp
2026-09-13 15:42:56,846 - clearml.storage - INFO - Uploading: 40.00MB / 90.27MB @ 173.16MBs from /tmp/.clearml.upload_model_guhfquh1.tmp
/usr/local/lib/python3.12/dist-packages/urllib3/connectionpool.py:1110: InsecureRequestWarning:

Unverified HTTPS request is being made to host '<clearml-storage>'. Adding certificate verification is strongly advised. See: https://urllib3.readthedocs.io/en/latest/advanced-usage.html#tls-warnings

2026-09-13 15:42:57,087 - clearml.storage - INFO - Uploading: 45.00MB / 90.27MB @ 20.71MBs from /tmp/.clearml.upload_model_guhfquh1.tmp
/usr/local/lib/python3.12/dist-packages/urllib3/connectionpool.py:1110: InsecureRequestWarning:

Unverified HTTPS request is being made to host '<clearml-storage>'. Adding certificate verification is strongly advised. See: https://urllib3.readthedocs.io/en/latest/advanced-usage.html#tls-warnings

2026-09-13 15:42:57,463 - clearml.storage - INFO - Uploading: 50.00MB / 90.27MB @ 13.31MBs from /tmp/.clearml.upload_model_guhfquh1.tmp
2026-09-13 15:42:57,481 - clearml.storage - INFO - Uploading: 55.00MB / 90.27MB @ 274.79MBs from /tmp/.clearml.upload_model_guhfquh1.tmp
/usr/local/lib/python3.12/dist-packages/urllib3/connectionpool.py:1110: InsecureRequestWarning:

Unverified HTTPS request is being made to host '<clearml-storage>'. Adding certificate verification is strongly advised. See: https://urllib3.readthedocs.io/en/latest/advanced-usage.html#tls-warnings

2026-09-13 15:42:57,705 - clearml.storage - INFO - Uploading: 60.00MB / 90.27MB @ 22.36MBs from /tmp/.clearml.upload_model_guhfquh1.tmp
/usr/local/lib/python3.12/dist-packages/urllib3/connectionpool.py:1110: InsecureRequestWarning:

Unverified HTTPS request is being made to host '<clearml-storage>'. Adding certificate verification is strongly advised. See: https://urllib3.readthedocs.io/en/latest/advanced-usage.html#tls-warnings

2026-09-13 15:42:57,928 - clearml.storage - INFO - Uploading: 65.00MB / 90.27MB @ 22.44MBs from /tmp/.clearml.upload_model_guhfquh1.tmp
2026-09-13 15:42:57,945 - clearml.storage - INFO - Uploading: 70.00MB / 90.27MB @ 310.38MBs from /tmp/.clearml.upload_model_guhfquh1.tmp
/usr/local/lib/python3.12/dist-packages/urllib3/connectionpool.py:1110: InsecureRequestWarning:

Unverified HTTPS request is being made to host '<clearml-storage>'. Adding certificate verification is strongly advised. See: https://urllib3.readthedocs.io/en/latest/advanced-usage.html#tls-warnings

2026-09-13 15:42:58,211 - clearml.storage - INFO - Uploading: 75.00MB / 90.27MB @ 18.75MBs from /tmp/.clearml.upload_model_guhfquh1.tmp
2026-09-13 15:42:58,226 - clearml.storage - INFO - Uploading: 80.00MB / 90.27MB @ 339.06MBs from /tmp/.clearml.upload_model_guhfquh1.tmp
/usr/local/lib/python3.12/dist-packages/urllib3/connectionpool.py:1110: InsecureRequestWarning:

Unverified HTTPS request is being made to host '<clearml-storage>'. Adding certificate verification is strongly advised. See: https://urllib3.readthedocs.io/en/latest/advanced-usage.html#tls-warnings

2026-09-13 15:42:58,456 - clearml.storage - INFO - Uploading: 85.00MB / 90.27MB @ 21.78MBs from /tmp/.clearml.upload_model_guhfquh1.tmp
/usr/local/lib/python3.12/dist-packages/urllib3/connectionpool.py:1110: InsecureRequestWarning:

Unverified HTTPS request is being made to host '<clearml-storage>'. Adding certificate verification is strongly advised. See: https://urllib3.readthedocs.io/en/latest/advanced-usage.html#tls-warnings

2026-09-13 15:42:58,733 - clearml.storage - INFO - Uploading: 90.00MB / 90.27MB @ 18.10MBs from /tmp/.clearml.upload_model_guhfquh1.tmp
2026-09-13 15:42:58,735 - clearml.storage - INFO - Uploading: 90.27MB / 90.27MB @ 121.23MBs from /tmp/.clearml.upload_model_guhfquh1.tmp
/usr/local/lib/python3.12/dist-packages/urllib3/connectionpool.py:1110: InsecureRequestWarning:

Unverified HTTPS request is being made to host '<clearml-storage>'. Adding certificate verification is strongly advised. See: https://urllib3.readthedocs.io/en/latest/advanced-usage.html#tls-warnings

2026-09-13 15:42:59,986 - clearml.Task - INFO - Completed model upload to s3://<clearml-storage>:443/maslovskaya-team/ICV2026_PlantDisease/PlantDisease_ResNet50_finetune.94a420606b0f4641882c097ea72e34f5/models/best_model.pth
/usr/local/lib/python3.12/dist-packages/urllib3/connectionpool.py:1110: InsecureRequestWarning:

Unverified HTTPS request is being made to host '<clearml-storage>'. Adding certificate verification is strongly advised. See: https://urllib3.readthedocs.io/en/latest/advanced-usage.html#tls-warnings


1789314186507 aiagent02:gpu0 DEBUG /usr/local/lib/python3.12/dist-packages/urllib3/connectionpool.py:1110: InsecureRequestWarning:

Unverified HTTPS request is being made to host '<clearml-storage>'. Adding certificate verification is strongly advised. See: https://urllib3.readthedocs.io/en/latest/advanced-usage.html#tls-warnings

2026-09-13 15:43:01,484 - clearml.storage - INFO - Uploading: 5.00MB / 90.27MB @ 16.40MBs from /root/.clearml/venvs-builds/3.12/code/outputs/finetune_20260913_153257/best_model.pth
/usr/local/lib/python3.12/dist-packages/urllib3/connectionpool.py:1110: InsecureRequestWarning:

Unverified HTTPS request is being made to host '<clearml-storage>'. Adding certificate verification is strongly advised. See: https://urllib3.readthedocs.io/en/latest/advanced-usage.html#tls-warnings

2026-09-13 15:43:01,569 - clearml.storage - INFO - Uploading: 10.00MB / 90.27MB @ 58.74MBs from /root/.clearml/venvs-builds/3.12/code/outputs/finetune_20260913_153257/best_model.pth
2026-09-13 15:43:01,586 - clearml.storage - INFO - Uploading: 15.00MB / 90.27MB @ 295.90MBs from /root/.clearml/venvs-builds/3.12/code/outputs/finetune_20260913_153257/best_model.pth
/usr/local/lib/python3.12/dist-packages/urllib3/connectionpool.py:1110: InsecureRequestWarning:

Unverified HTTPS request is being made to host '<clearml-storage>'. Adding certificate verification is strongly advised. See: https://urllib3.readthedocs.io/en/latest/advanced-usage.html#tls-warnings

2026-09-13 15:43:01,649 - clearml.storage - INFO - Uploading: 20.00MB / 90.27MB @ 79.60MBs from /root/.clearml/venvs-builds/3.12/code/outputs/finetune_20260913_153257/best_model.pth
/usr/local/lib/python3.12/dist-packages/urllib3/connectionpool.py:1110: InsecureRequestWarning:

Unverified HTTPS request is being made to host '<clearml-storage>'. Adding certificate verification is strongly advised. See: https://urllib3.readthedocs.io/en/latest/advanced-usage.html#tls-warnings

2026-09-13 15:43:01,882 - clearml.storage - INFO - Uploading: 25.00MB / 90.27MB @ 21.47MBs from /root/.clearml/venvs-builds/3.12/code/outputs/finetune_20260913_153257/best_model.pth
2026-09-13 15:43:01,901 - clearml.storage - INFO - Uploading: 30.00MB / 90.27MB @ 260.74MBs from /root/.clearml/venvs-builds/3.12/code/outputs/finetune_20260913_153257/best_model.pth
/usr/local/lib/python3.12/dist-packages/urllib3/connectionpool.py:1110: InsecureRequestWarning:

Unverified HTTPS request is being made to host '<clearml-storage>'. Adding certificate verification is strongly advised. See: https://urllib3.readthedocs.io/en/latest/advanced-usage.html#tls-warnings

2026-09-13 15:43:02,288 - clearml.storage - INFO - Uploading: 35.00MB / 90.27MB @ 12.92MBs from /root/.clearml/venvs-builds/3.12/code/outputs/finetune_20260913_153257/best_model.pth
2026-09-13 15:43:02,313 - clearml.storage - INFO - Uploading: 40.00MB / 90.27MB @ 199.98MBs from /root/.clearml/venvs-builds/3.12/code/outputs/finetune_20260913_153257/best_model.pth
/usr/local/lib/python3.12/dist-packages/urllib3/connectionpool.py:1110: InsecureRequestWarning:

Unverified HTTPS request is being made to host '<clearml-storage>'. Adding certificate verification is strongly advised. See: https://urllib3.readthedocs.io/en/latest/advanced-usage.html#tls-warnings

2026-09-13 15:43:02,906 - clearml.storage - INFO - Uploading: 45.00MB / 90.27MB @ 8.43MBs from /root/.clearml/venvs-builds/3.12/code/outputs/finetune_20260913_153257/best_model.pth
/usr/local/lib/python3.12/dist-packages/urllib3/connectionpool.py:1110: InsecureRequestWarning:

Unverified HTTPS request is being made to host '<clearml-storage>'. Adding certificate verification is strongly advised. See: https://urllib3.readthedocs.io/en/latest/advanced-usage.html#tls-warnings

2026-09-13 15:43:03,098 - clearml.storage - INFO - Uploading: 50.00MB / 90.27MB @ 26.04MBs from /root/.clearml/venvs-builds/3.12/code/outputs/finetune_20260913_153257/best_model.pth
2026-09-13 15:43:03,124 - clearml.storage - INFO - Uploading: 55.00MB / 90.27MB @ 193.56MBs from /root/.clearml/venvs-builds/3.12/code/outputs/finetune_20260913_153257/best_model.pth
/usr/local/lib/python3.12/dist-packages/urllib3/connectionpool.py:1110: InsecureRequestWarning:

Unverified HTTPS request is being made to host '<clearml-storage>'. Adding certificate verification is strongly advised. See: https://urllib3.readthedocs.io/en/latest/advanced-usage.html#tls-warnings

2026-09-13 15:43:03,259 - clearml.storage - INFO - Uploading: 60.00MB / 90.27MB @ 37.18MBs from /root/.clearml/venvs-builds/3.12/code/outputs/finetune_20260913_153257/best_model.pth
/usr/local/lib/python3.12/dist-packages/urllib3/connectionpool.py:1110: InsecureRequestWarning:

Unverified HTTPS request is being made to host '<clearml-storage>'. Adding certificate verification is strongly advised. See: https://urllib3.readthedocs.io/en/latest/advanced-usage.html#tls-warnings

2026-09-13 15:43:03,682 - clearml.storage - INFO - Uploading: 65.00MB / 90.27MB @ 11.81MBs from /root/.clearml/venvs-builds/3.12/code/outputs/finetune_20260913_153257/best_model.pth
2026-09-13 15:43:03,700 - clearml.storage - INFO - Uploading: 70.00MB / 90.27MB @ 284.40MBs from /root/.clearml/venvs-builds/3.12/code/outputs/finetune_20260913_153257/best_model.pth
/usr/local/lib/python3.12/dist-packages/urllib3/connectionpool.py:1110: InsecureRequestWarning:

Unverified HTTPS request is being made to host '<clearml-storage>'. Adding certificate verification is strongly advised. See: https://urllib3.readthedocs.io/en/latest/advanced-usage.html#tls-warnings

2026-09-13 15:43:04,140 - clearml.storage - INFO - Uploading: 75.00MB / 90.27MB @ 11.37MBs from /root/.clearml/venvs-builds/3.12/code/outputs/finetune_20260913_153257/best_model.pth
2026-09-13 15:43:04,165 - clearml.storage - INFO - Uploading: 80.00MB / 90.27MB @ 196.58MBs from /root/.clearml/venvs-builds/3.12/code/outputs/finetune_20260913_153257/best_model.pth
/usr/local/lib/python3.12/dist-packages/urllib3/connectionpool.py:1110: InsecureRequestWarning:

Unverified HTTPS request is being made to host '<clearml-storage>'. Adding certificate verification is strongly advised. See: https://urllib3.readthedocs.io/en/latest/advanced-usage.html#tls-warnings

2026-09-13 15:43:04,713 - clearml.storage - INFO - Uploading: 85.00MB / 90.27MB @ 9.14MBs from /root/.clearml/venvs-builds/3.12/code/outputs/finetune_20260913_153257/best_model.pth
/usr/local/lib/python3.12/dist-packages/urllib3/connectionpool.py:1110: InsecureRequestWarning:

Unverified HTTPS request is being made to host '<clearml-storage>'. Adding certificate verification is strongly advised. See: https://urllib3.readthedocs.io/en/latest/advanced-usage.html#tls-warnings

2026-09-13 15:43:05,180 - clearml.storage - INFO - Uploading: 90.00MB / 90.27MB @ 10.71MBs from /root/.clearml/venvs-builds/3.12/code/outputs/finetune_20260913_153257/best_model.pth
2026-09-13 15:43:05,183 - clearml.storage - INFO - Uploading: 90.27MB / 90.27MB @ 81.18MBs from /root/.clearml/venvs-builds/3.12/code/outputs/finetune_20260913_153257/best_model.pth
/usr/local/lib/python3.12/dist-packages/urllib3/connectionpool.py:1110: InsecureRequestWarning:

Unverified HTTPS request is being made to host '<clearml-storage>'. Adding certificate verification is strongly advised. See: https://urllib3.readthedocs.io/en/latest/advanced-usage.html#tls-warnings

/usr/local/lib/python3.12/dist-packages/urllib3/connectionpool.py:1110: InsecureRequestWarning:

Unverified HTTPS request is being made to host '<clearml-storage>'. Adding certificate verification is strongly advised. See: https://urllib3.readthedocs.io/en/latest/advanced-usage.html#tls-warnings


1789314191555 aiagent02:gpu0 DEBUG /usr/local/lib/python3.12/dist-packages/urllib3/connectionpool.py:1110: InsecureRequestWarning:

Unverified HTTPS request is being made to host '<clearml-storage>'. Adding certificate verification is strongly advised. See: https://urllib3.readthedocs.io/en/latest/advanced-usage.html#tls-warnings

/usr/local/lib/python3.12/dist-packages/urllib3/connectionpool.py:1110: InsecureRequestWarning:

Unverified HTTPS request is being made to host '<clearml-storage>'. Adding certificate verification is strongly advised. See: https://urllib3.readthedocs.io/en/latest/advanced-usage.html#tls-warnings

/usr/local/lib/python3.12/dist-packages/urllib3/connectionpool.py:1110: InsecureRequestWarning:

Unverified HTTPS request is being made to host '<clearml-storage>'. Adding certificate verification is strongly advised. See: https://urllib3.readthedocs.io/en/latest/advanced-usage.html#tls-warnings

/usr/local/lib/python3.12/dist-packages/urllib3/connectionpool.py:1110: InsecureRequestWarning:

Unverified HTTPS request is being made to host '<clearml-storage>'. Adding certificate verification is strongly advised. See: https://urllib3.readthedocs.io/en/latest/advanced-usage.html#tls-warnings

/usr/local/lib/python3.12/dist-packages/urllib3/connectionpool.py:1110: InsecureRequestWarning:

Unverified HTTPS request is being made to host '<clearml-storage>'. Adding certificate verification is strongly advised. See: https://urllib3.readthedocs.io/en/latest/advanced-usage.html#tls-warnings

/usr/local/lib/python3.12/dist-packages/urllib3/connectionpool.py:1110: InsecureRequestWarning:

Unverified HTTPS request is being made to host '<clearml-storage>'. Adding certificate verification is strongly advised. See: https://urllib3.readthedocs.io/en/latest/advanced-usage.html#tls-warnings

2026-09-13 15:43:10,127 - INFO - Final test results | accuracy 0.9986 | macro F1 0.9976 | best epoch 11 | training time 9.9 minutes
2026-09-13 15:43:10,127 - INFO - Outputs saved to outputs/finetune_20260913_153257

1789314326944 aiagent02:gpu0 DEBUG Process completed successfully
