1790337130421 DESKTOP-6M3IBBI info ClearML Task: created new task id=c5680567c84d44829f0906fbb18272db
1790337131708 DESKTOP-6M3IBBI info CLEARML-SERVER new package available: UPGRADE to v2.4.0 is recommended!
Release Notes:
### New features and improvements
- Add show/hide matching filter control to UI Task Scalars and Plots ([ClearML #744](https://github.com/clearml/clearml/issues/744), [ClearML #1253](https://github.com/clearml/clearml/issues/1253))
- Task Comparison view: Display task color indicators in task list instead of task legend ([ClearML #1461](https://github.com/clearml/clearml/issues/1461))
- Add support for setting task type during UI task creation ([ClearML Web #115](https://github.com/clearml/clearml-web/issues/115))
- Add configuration-based overrides for default Elasticsearch mappings
- Add UI task clone options to reset Python requirements
- Update Elastic to version 8.19.9
- Make Task Repository URL in Task Execution tab clickable
- Support short project names (fewer than 3 characters)

### Bug Fixes
- Fix API Server sometimes crashes on sharded Redis deployments ([ClearML Server #305](https://github.com/clearml/clearml-server/issues/305))
- Fix UI bulk task reset affecting published tasks ([ClearML #1490](https://github.com/clearml/clearml/issues/1490))
- UI Object table filters:
  * Fix "User" filter in UI "All Models" table not displaying users who have no tasks
  * Fix "User" filter displaying outdated user names after name change
- Fix tasks not appearing in the correct queue after being moved in UI Orchestration > Queues
- Fix UI Task Scalars tab hiding multiple graphs with the same name when toggling one
- Fix Scientific notation can't be used in integer/float fields in UI Pipeline "New Run" modal
- Fix "Enqueue" button is enabled in UI Task "Enqueue" / " Retry" modal when "Queue" field is blank
- Global search
  * Fix filter section not displaying by default when switching from Advanced to Basic search modes
  * Fix filter indicator appearing on all search tabs instead of the active tab
  * Fix spaces being removed while typing in search term
- Fix Project Path icon displayed on Root Project folder in UI Reports page
- Fix last graph legends in UI task table comparison view are obscured
- Fix project tag filters displaying task tags in UI Projects
- Fix sorting not working in UI task comparison selection
- Fix missing "Edit" button in task Configuration tab
- Fix UI comparison plots incorrectly merging subplots with multiple variants
- Fix “No data to show” message incorrectly appearing while UI pages load
- Fix Projects Workload graph's tooltip does not display all legends
1790337145103 DESKTOP-6M3IBBI info ClearML results page: https://app.clearai.innopolis.university/projects/b5b1a092161c4fb38732cf141337d8bc/tasks/c5680567c84d44829f0906fbb18272db/output/log
2026-09-25 14:52:25,116 - clearml.resource_monitor - WARNING - Could not fetch GPU stats: NVML Shared Library Not Found
1790339071524 aiagent01:gpu1 INFO task c5680567c84d44829f0906fbb18272db pulled from 6be0e69f7fab49d48bc305ef1fb03a6a by worker aiagent01:gpu1

1790339071690 aiagent01:gpu1 INFO Running Task c5680567c84d44829f0906fbb18272db inside default docker: nvidia/cuda:12.9.1-cudnn-runtime-ubuntu24.04 arguments: []

1790339071774 aiagent01:gpu1 INFO Executing: ['docker', 'run', '-t', '--gpus', '"device=1"', '--shm-size=8g', '--ipc=host', '-l', 'clearml-worker-id=aiagent01:gpu1', '-l', 'clearml-parent-worker-id=aiagent01:gpu1', '-e', 'CLEARML_WORKER_ID=aiagent01:gpu1', '-e', 'CLEARML_DOCKER_IMAGE=nvidia/cuda:12.9.1-cudnn-runtime-ubuntu24.04', '-e', 'CLEARML_TASK_ID=c5680567c84d44829f0906fbb18272db', '-v', '/tmp/.clearml_agent.rei970ac.cfg:/tmp/clearml.conf', '-e', 'CLEARML_CONFIG_FILE=/tmp/clearml.conf', '-v', '/tmp/clearml_agent.ssh.5_iuy4i9:/.ssh', '-v', '/root/.clearml/apt-cache.1:/var/cache/apt/archives', '-v', '/root/.clearml/pip-cache:/root/.cache/pip', '-v', '/root/.clearml/pip-download-cache:/root/.clearml/pip-download-cache', '-v', '/root/.clearml/cache:/clearml_agent_cache', '-v', '/root/.clearml/vcs-cache:/root/.clearml/vcs-cache', '-v', '/root/.clearml/venvs-cache:/root/.clearml/venvs-cache', '--rm', 'nvidia/cuda:12.9.1-cudnn-runtime-ubuntu24.04', 'bash', '-c', 'echo \'Binary::apt::APT::Keep-Downloaded-Packages "true";\' > /etc/apt/apt.conf.d/docker-clean ; chown -R $(whoami) $HOME/.cache/pip ; export DEBIAN_FRONTEND=noninteractive ; export CLEARML_APT_INSTALL="$CLEARML_APT_INSTALL libsm6 libxext6 libxrender-dev libglib2.0-0" ; cp -Rf /.ssh -T ~/.ssh ; [ ! -z $(which git 2> /dev/null || command -v git) ] || export CLEARML_APT_INSTALL="$CLEARML_APT_INSTALL git" ; declare LOCAL_PYTHON ; [ ! -z $LOCAL_PYTHON ] || for i in {20..5}; do (which python3.$i 2> /dev/null || command -v python3.$i) && python3.$i -m pip --version && export LOCAL_PYTHON=$(which python3.$i 2> /dev/null || command -v python3.$i) && break ; done ; [ ! -z $LOCAL_PYTHON ] || export CLEARML_APT_INSTALL="$CLEARML_APT_INSTALL python3-pip" ; [ -z "$CLEARML_APT_INSTALL" ] || (apt-get update -y ; apt-get install -y $CLEARML_APT_INSTALL) || (dnf install -y $CLEARML_APT_INSTALL) ; rm -f /usr/lib/python3.*/EXTERNALLY-MANAGED ; [ ! -z $LOCAL_PYTHON ] || export LOCAL_PYTHON=python3 ; $LOCAL_PYTHON -m pip --version > /dev/null || export LOCAL_PYTHON=$(PATH=/usr/local/sbin:/usr/local/bin:/usr/sbin:/usr/bin:/sbin:/bin command -v python3) ; $LOCAL_PYTHON -m pip install -U "pip<20.2 ; python_version < \'3.10\'" "pip<22.3 ; python_version >= \'3.10\' and python_version <= \'3.11\'" "pip>=23,<24.3 ; python_version >= \'3.12\'" ; $LOCAL_PYTHON -m pip install -U clearml-agent ; cp /tmp/clearml.conf ~/default_clearml.conf ; NVIDIA_VISIBLE_DEVICES=all $LOCAL_PYTHON -u -m clearml_agent execute --disable-monitoring  --id c5680567c84d44829f0906fbb18272db']

1790339077064 aiagent01:gpu1 DEBUG 
==========
== CUDA ==
==========

CUDA Version 12.9.1

Container image Copyright (c) 2016-2023, NVIDIA CORPORATION & AFFILIATES. All rights reserved.

This container image and its contents are governed by the NVIDIA Deep Learning Container License.
By pulling and using the container, you accept the terms and conditions of this license:
https://developer.nvidia.com/ngc/nvidia-deep-learning-container-license

A copy of this license is made available in this container at /NGC-DL-CONTAINER-LICENSE for your convenience.

Get:1 http://security.ubuntu.com/ubuntu noble-security InRelease [126 kB]
Get:2 http://archive.ubuntu.com/ubuntu noble InRelease [256 kB]
Get:3 https://developer.download.nvidia.com/compute/cuda/repos/ubuntu2404/x86_64  InRelease [1578 B]
Get:4 http://archive.ubuntu.com/ubuntu noble-updates InRelease [126 kB]
Get:5 http://archive.ubuntu.com/ubuntu noble-backports InRelease [126 kB]
Get:6 https://developer.download.nvidia.com/compute/cuda/repos/ubuntu2404/x86_64  Packages [1877 kB]
Get:7 http://security.ubuntu.com/ubuntu noble-security/main amd64 Packages [1299 kB]
Get:8 http://archive.ubuntu.com/ubuntu noble/multiverse amd64 Packages [331 kB]
Get:9 http://archive.ubuntu.com/ubuntu noble/universe amd64 Packages [19.3 MB]
Get:10 http://security.ubuntu.com/ubuntu noble-security/multiverse amd64 Packages [50.0 kB]
Get:11 http://security.ubuntu.com/ubuntu noble-security/universe amd64 Packages [1547 kB]
Get:12 http://security.ubuntu.com/ubuntu noble-security/restricted amd64 Packages [1905 kB]
Get:13 http://archive.ubuntu.com/ubuntu noble/restricted amd64 Packages [117 kB]
Get:14 http://archive.ubuntu.com/ubuntu noble/main amd64 Packages [1808 kB]
Get:15 http://archive.ubuntu.com/ubuntu noble-updates/main amd64 Packages [1633 kB]
Get:16 http://archive.ubuntu.com/ubuntu noble-updates/multiverse amd64 Packages [56.2 kB]
Get:17 http://archive.ubuntu.com/ubuntu noble-updates/universe amd64 Packages [2160 kB]
Get:18 http://archive.ubuntu.com/ubuntu noble-updates/restricted amd64 Packages [2048 kB]
Get:19 http://archive.ubuntu.com/ubuntu noble-backports/multiverse amd64 Packages [671 B]
Get:20 http://archive.ubuntu.com/ubuntu noble-backports/universe amd64 Packages [36.0 kB]
Get:21 http://archive.ubuntu.com/ubuntu noble-backports/main amd64 Packages [49.0 kB]
Fetched 34.9 MB in 2s (19.4 MB/s)

W: https://developer.download.nvidia.com/compute/cuda/repos/ubuntu2404/x86_64/InRelease: Key is stored in legacy trusted.gpg keyring (/etc/apt/trusted.gpg), see the DEPRECATION section in apt-key(8) for details.



Note, selecting 'libglib2.0-0t64' instead of 'libglib2.0-0'
The following additional packages will be installed:
  binutils binutils-common binutils-x86-64-linux-gnu build-essential bzip2 cpp
  cpp-13 cpp-13-x86-64-linux-gnu cpp-x86-64-linux-gnu dpkg dpkg-dev fakeroot
  fontconfig-config fonts-dejavu-core fonts-dejavu-mono g++ g++-13
  g++-13-x86-64-linux-gnu g++-x86-64-linux-gnu gcc gcc-13 gcc-13-base
  gcc-13-x86-64-linux-gnu gcc-14-base gcc-x86-64-linux-gnu git-man
  javascript-common krb5-locales less libalgorithm-diff-perl
  libalgorithm-diff-xs-perl libalgorithm-merge-perl libaom3 libasan8
  libatomic1 libbinutils libbrotli1 libbsd0 libbz2-1.0 libc-bin libc-dev-bin
  libc-devtools libc6 libc6-dev libcbor0.10 libcc1-0 libcrypt-dev
  libctf-nobfd0 libctf0 libcurl3t64-gnutls libdeflate0 libdpkg-perl libedit2
  liberror-perl libexpat1 libexpat1-dev libfakeroot libfido2-1
  libfile-fcntllock-perl libfontconfig1 libfreetype6 libgcc-13-dev libgcc-s1
  libgd3 libgdbm-compat4t64 libgdbm6t64 libglib2.0-data libgomp1 libgprofng0
  libgssapi-krb5-2 libheif-plugin-aomdec libheif-plugin-aomenc libheif1
  libhwasan0 libice6 libicu74 libisl23 libitm1 libjansson4 libjbig0
  libjpeg-turbo8 libjpeg8 libjs-jquery libjs-sphinxdoc libjs-underscore
  libk5crypto3 libkeyutils1 libkrb5-3 libkrb5support0 liblerc4
  liblocale-gettext-perl liblsan0 liblzma5 libmpc3 libmpfr6 libnghttp2-14
  libperl5.38t64 libpng16-16t64 libpsl5t64 libpthread-stubs0-dev
  libpython3-dev libpython3-stdlib libpython3.12-dev libpython3.12-minimal
  libpython3.12-stdlib libpython3.12t64 libquadmath0 librtmp1 libsframe1
  libsharpyuv0 libssh-4 libstdc++-13-dev libstdc++6 libtiff6 libtsan2
  libubsan1 libwebp7 libx11-6 libx11-data libx11-dev libxau-dev libxau6
  libxcb1 libxcb1-dev libxdmcp-dev libxdmcp6 libxml2 libxmuu1 libxpm4
  libxrender1 linux-libc-dev lto-disabled-list make manpages manpages-dev
  media-types netbase openssh-client patch perl perl-base perl-modules-5.38
  publicsuffix python3 python3-dev python3-minimal python3-pkg-resources
  python3-setuptools python3-wheel python3.12 python3.12-dev
  python3.12-minimal rpcsvc-proto shared-mime-info tzdata x11-common
  x11proto-dev xauth xdg-user-dirs xorg-sgml-doctools xtrans-dev xz-utils
  zlib1g zlib1g-dev
Suggested packages:
  binutils-doc gprofng-gui bzip2-doc cpp-doc gcc-13-locales cpp-13-doc
  debsig-verify debian-keyring g++-multilib g++-13-multilib gcc-13-doc
  gcc-multilib autoconf automake libtool flex bison gdb gcc-doc
  gcc-13-multilib gdb-x86-64-linux-gnu gettext-base git-daemon-run
  | git-daemon-sysvinit git-doc git-email git-gui gitk gitweb git-cvs
  git-mediawiki git-svn apache2 | lighttpd | httpd glibc-doc locales
  libnss-nis libnss-nisplus bzr libgd-tools gdbm-l10n low-memory-monitor
  krb5-doc krb5-user libheif-plugin-libde265 libheif-plugin-x265
  libheif-plugin-ffmpegdec libheif-plugin-jpegdec libheif-plugin-jpegenc
  libheif-plugin-j2kdec libheif-plugin-j2kenc libheif-plugin-rav1e
  libheif-plugin-svtenc libstdc++-13-doc libx11-doc libxcb-doc make-doc
  man-browser keychain libpam-ssh monkeysphere ssh-askpass ed diffutils-doc
  perl-doc libterm-readline-gnu-perl | libterm-readline-perl-perl
  libtap-harness-archive-perl python3-doc python3-tk python3-venv
  python-setuptools-doc python3.12-venv python3.12-doc binfmt-support
The following NEW packages will be installed:
  binutils binutils-common binutils-x86-64-linux-gnu build-essential bzip2 cpp
  cpp-13 cpp-13-x86-64-linux-gnu cpp-x86-64-linux-gnu dpkg-dev fakeroot
  fontconfig-config fonts-dejavu-core fonts-dejavu-mono g++ g++-13
  g++-13-x86-64-linux-gnu g++-x86-64-linux-gnu gcc gcc-13 gcc-13-base
  gcc-13-x86-64-linux-gnu gcc-x86-64-linux-gnu git git-man javascript-common
  krb5-locales less libalgorithm-diff-perl libalgorithm-diff-xs-perl
  libalgorithm-merge-perl libaom3 libasan8 libatomic1 libbinutils libbrotli1
  libbsd0 libc-dev-bin libc-devtools libc6-dev libcbor0.10 libcc1-0
  libcrypt-dev libctf-nobfd0 libctf0 libcurl3t64-gnutls libdeflate0
  libdpkg-perl libedit2 liberror-perl libexpat1 libexpat1-dev libfakeroot
  libfido2-1 libfile-fcntllock-perl libfontconfig1 libfreetype6 libgcc-13-dev
  libgd3 libgdbm-compat4t64 libgdbm6t64 libglib2.0-0t64 libglib2.0-data
  libgomp1 libgprofng0 libgssapi-krb5-2 libheif-plugin-aomdec
  libheif-plugin-aomenc libheif1 libhwasan0 libice6 libicu74 libisl23 libitm1
  libjansson4 libjbig0 libjpeg-turbo8 libjpeg8 libjs-jquery libjs-sphinxdoc
  libjs-underscore libk5crypto3 libkeyutils1 libkrb5-3 libkrb5support0
  liblerc4 liblocale-gettext-perl liblsan0 libmpc3 libmpfr6 libnghttp2-14
  libperl5.38t64 libpng16-16t64 libpsl5t64 libpthread-stubs0-dev
  libpython3-dev libpython3-stdlib libpython3.12-dev libpython3.12-minimal
  libpython3.12-stdlib libpython3.12t64 libquadmath0 librtmp1 libsframe1
  libsharpyuv0 libsm6 libssh-4 libstdc++-13-dev libtiff6 libtsan2 libubsan1
  libwebp7 libx11-6 libx11-data libx11-dev libxau-dev libxau6 libxcb1
  libxcb1-dev libxdmcp-dev libxdmcp6 libxext6 libxml2 libxmuu1 libxpm4
  libxrender-dev libxrender1 linux-libc-dev lto-disabled-list make manpages
  manpages-dev media-types netbase openssh-client patch perl perl-modules-5.38
  publicsuffix python3 python3-dev python3-minimal python3-pip
  python3-pkg-resources python3-setuptools python3-wheel python3.12
  python3.12-dev python3.12-minimal rpcsvc-proto shared-mime-info tzdata
  x11-common x11proto-dev xauth xdg-user-dirs xorg-sgml-doctools xtrans-dev
  xz-utils zlib1g-dev
The following packages will be upgraded:
  dpkg gcc-14-base libbz2-1.0 libc-bin libc6 libgcc-s1 liblzma5 libstdc++6
  perl-base zlib1g
10 upgraded, 160 newly installed, 0 to remove and 53 not upgraded.
Need to get 115 MB/139 MB of archives.
After this operation, 493 MB of additional disk space will be used.
Get:1 http://archive.ubuntu.com/ubuntu noble-updates/main amd64 dpkg amd64 1.22.6ubuntu6.6 [1282 kB]
Get:2 http://archive.ubuntu.com/ubuntu noble-updates/main amd64 perl-base amd64 5.38.2-3.2ubuntu0.6 [1826 kB]
Get:3 http://archive.ubuntu.com/ubuntu noble-updates/main amd64 gcc-14-base amd64 14.2.0-4ubuntu2~24.04.1 [51.0 kB]
Get:4 http://archive.ubuntu.com/ubuntu noble-updates/main amd64 libgcc-s1 amd64 14.2.0-4ubuntu2~24.04.1 [78.4 kB]
Get:5 http://archive.ubuntu.com/ubuntu noble-updates/main amd64 libstdc++6 amd64 14.2.0-4ubuntu2~24.04.1 [792 kB]
Get:6 http://archive.ubuntu.com/ubuntu noble-updates/main amd64 libc6 amd64 2.39-0ubuntu8.9 [3264 kB]
Get:7 http://archive.ubuntu.com/ubuntu noble-updates/main amd64 libc-bin amd64 2.39-0ubuntu8.9 [682 kB]
Get:8 http://archive.ubuntu.com/ubuntu noble/main amd64 liblocale-gettext-perl amd64 1.07-6ubuntu5 [15.8 kB]
Get:9 http://archive.ubuntu.com/ubuntu noble-updates/main amd64 libpython3.12-minimal amd64 3.12.3-1ubuntu0.17 [839 kB]
Get:10 http://archive.ubuntu.com/ubuntu noble-updates/main amd64 libexpat1 amd64 2.6.1-2ubuntu0.6 [98.9 kB]
Get:11 http://archive.ubuntu.com/ubuntu noble-updates/main amd64 zlib1g amd64 1:1.3.dfsg-3.1ubuntu2.2 [63.0 kB]
Get:12 http://archive.ubuntu.com/ubuntu noble-updates/main amd64 python3.12-minimal amd64 3.12.3-1ubuntu0.17 [2335 kB]
Get:13 http://archive.ubuntu.com/ubuntu noble-updates/main amd64 python3-minimal amd64 3.12.3-0ubuntu2.1 [27.4 kB]
Get:14 http://archive.ubuntu.com/ubuntu noble/main amd64 media-types all 10.1.0 [27.5 kB]
Get:15 http://archive.ubuntu.com/ubuntu noble/main amd64 netbase all 6.4 [13.1 kB]
Get:16 http://archive.ubuntu.com/ubuntu noble-updates/main amd64 tzdata all 2026c-0ubuntu0.24.04.1 [280 kB]
Get:17 http://archive.ubuntu.com/ubuntu noble-updates/main amd64 libbz2-1.0 amd64 1.0.8-5.1ubuntu0.1 [34.6 kB]
Get:18 http://archive.ubuntu.com/ubuntu noble-updates/main amd64 liblzma5 amd64 5.6.1+really5.4.5-1ubuntu0.3 [127 kB]
Get:19 http://archive.ubuntu.com/ubuntu noble-updates/main amd64 libpython3.12-stdlib amd64 3.12.3-1ubuntu0.17 [2071 kB]
Get:20 http://archive.ubuntu.com/ubuntu noble-updates/main amd64 python3.12 amd64 3.12.3-1ubuntu0.17 [651 kB]
Get:21 http://archive.ubuntu.com/ubuntu noble-updates/main amd64 libpython3-stdlib amd64 3.12.3-0ubuntu2.1 [10.1 kB]
Get:22 http://archive.ubuntu.com/ubuntu noble-updates/main amd64 python3 amd64 3.12.3-0ubuntu2.1 [23.0 kB]
Get:23 http://archive.ubuntu.com/ubuntu noble-updates/main amd64 perl-modules-5.38 all 5.38.2-3.2ubuntu0.6 [3110 kB]
Get:24 http://archive.ubuntu.com/ubuntu noble/main amd64 libgdbm6t64 amd64 1.23-5.1build1 [34.4 kB]
Get:25 http://archive.ubuntu.com/ubuntu noble/main amd64 libgdbm-compat4t64 amd64 1.23-5.1build1 [6710 B]
Get:26 http://archive.ubuntu.com/ubuntu noble-updates/main amd64 libperl5.38t64 amd64 5.38.2-3.2ubuntu0.6 [4864 kB]
Get:27 http://archive.ubuntu.com/ubuntu noble-updates/main amd64 perl amd64 5.38.2-3.2ubuntu0.6 [231 kB]
Get:28 http://archive.ubuntu.com/ubuntu noble-updates/main amd64 python3-pkg-resources all 68.1.2-2ubuntu1.2 [168 kB]
Get:29 http://archive.ubuntu.com/ubuntu noble/main amd64 libjansson4 amd64 2.14-2build2 [32.8 kB]
Get:30 http://archive.ubuntu.com/ubuntu noble-updates/main amd64 libpng16-16t64 amd64 1.6.43-5ubuntu0.6 [189 kB]
Get:31 http://archive.ubuntu.com/ubuntu noble/main amd64 manpages all 6.7-2 [1384 kB]
Get:32 http://archive.ubuntu.com/ubuntu noble-updates/main amd64 xz-utils amd64 5.6.1+really5.4.5-1ubuntu0.3 [267 kB]
Get:33 http://archive.ubuntu.com/ubuntu noble-updates/main amd64 binutils-common amd64 2.42-4ubuntu2.10 [240 kB]
Get:34 http://archive.ubuntu.com/ubuntu noble-updates/main amd64 libsframe1 amd64 2.42-4ubuntu2.10 [15.7 kB]
Get:35 http://archive.ubuntu.com/ubuntu noble-updates/main amd64 libbinutils amd64 2.42-4ubuntu2.10 [577 kB]
Get:36 http://archive.ubuntu.com/ubuntu noble-updates/main amd64 libctf-nobfd0 amd64 2.42-4ubuntu2.10 [98.0 kB]
Get:37 http://archive.ubuntu.com/ubuntu noble-updates/main amd64 libctf0 amd64 2.42-4ubuntu2.10 [94.5 kB]
Get:38 http://archive.ubuntu.com/ubuntu noble-updates/main amd64 libgprofng0 amd64 2.42-4ubuntu2.10 [849 kB]
Get:39 http://archive.ubuntu.com/ubuntu noble-updates/main amd64 binutils-x86-64-linux-gnu amd64 2.42-4ubuntu2.10 [2463 kB]
Get:40 http://archive.ubuntu.com/ubuntu noble-updates/main amd64 binutils amd64 2.42-4ubuntu2.10 [18.2 kB]
Get:41 http://archive.ubuntu.com/ubuntu noble-updates/main amd64 libc-dev-bin amd64 2.39-0ubuntu8.9 [20.4 kB]
Get:42 http://archive.ubuntu.com/ubuntu noble-updates/main amd64 linux-libc-dev amd64 6.8.0-142.142 [1528 kB]
Get:43 http://archive.ubuntu.com/ubuntu noble/main amd64 libcrypt-dev amd64 1:4.4.36-4build1 [112 kB]
Get:44 http://archive.ubuntu.com/ubuntu noble/main amd64 rpcsvc-proto amd64 1.4.2-0ubuntu7 [67.4 kB]
Get:45 http://archive.ubuntu.com/ubuntu noble-updates/main amd64 libc6-dev amd64 2.39-0ubuntu8.9 [2126 kB]
Get:46 http://archive.ubuntu.com/ubuntu noble-updates/main amd64 gcc-13-base amd64 13.3.0-6ubuntu2~24.04.1 [51.6 kB]
Get:47 http://archive.ubuntu.com/ubuntu noble-updates/main amd64 libisl23 amd64 0.26-3build1.1 [680 kB]
Get:48 http://archive.ubuntu.com/ubuntu noble-updates/main amd64 libmpfr6 amd64 4.2.1-1build1.1 [353 kB]
Get:49 http://archive.ubuntu.com/ubuntu noble-updates/main amd64 libmpc3 amd64 1.3.1-1build1.1 [54.6 kB]
Get:50 http://archive.ubuntu.com/ubuntu noble-updates/main amd64 cpp-13-x86-64-linux-gnu amd64 13.3.0-6ubuntu2~24.04.1 [10.7 MB]
Get:51 http://archive.ubuntu.com/ubuntu noble-updates/main amd64 cpp-13 amd64 13.3.0-6ubuntu2~24.04.1 [1042 B]
Get:52 http://archive.ubuntu.com/ubuntu noble/main amd64 cpp-x86-64-linux-gnu amd64 4:13.2.0-7ubuntu1 [5326 B]
Get:53 http://archive.ubuntu.com/ubuntu noble/main amd64 cpp amd64 4:13.2.0-7ubuntu1 [22.4 kB]
Get:54 http://archive.ubuntu.com/ubuntu noble-updates/main amd64 libcc1-0 amd64 14.2.0-4ubuntu2~24.04.1 [48.0 kB]
Get:55 http://archive.ubuntu.com/ubuntu noble-updates/main amd64 libgomp1 amd64 14.2.0-4ubuntu2~24.04.1 [148 kB]
Get:56 http://archive.ubuntu.com/ubuntu noble-updates/main amd64 libitm1 amd64 14.2.0-4ubuntu2~24.04.1 [29.7 kB]
Get:57 http://archive.ubuntu.com/ubuntu noble-updates/main amd64 libatomic1 amd64 14.2.0-4ubuntu2~24.04.1 [10.5 kB]
Get:58 http://archive.ubuntu.com/ubuntu noble-updates/main amd64 libasan8 amd64 14.2.0-4ubuntu2~24.04.1 [3027 kB]
Get:59 http://archive.ubuntu.com/ubuntu noble-updates/main amd64 liblsan0 amd64 14.2.0-4ubuntu2~24.04.1 [1322 kB]
Get:60 http://archive.ubuntu.com/ubuntu noble-updates/main amd64 libtsan2 amd64 14.2.0-4ubuntu2~24.04.1 [2772 kB]
55% [60 libtsan2 40.3 kB/2772 kB 1%]

1790339082072 aiagent01:gpu1 DEBUG Get:61 http://archive.ubuntu.com/ubuntu noble-updates/main amd64 libubsan1 amd64 14.2.0-4ubuntu2~24.04.1 [1184 kB]
Get:62 http://archive.ubuntu.com/ubuntu noble-updates/main amd64 libhwasan0 amd64 14.2.0-4ubuntu2~24.04.1 [1641 kB]
Get:63 http://archive.ubuntu.com/ubuntu noble-updates/main amd64 libquadmath0 amd64 14.2.0-4ubuntu2~24.04.1 [153 kB]
Get:64 http://archive.ubuntu.com/ubuntu noble-updates/main amd64 libgcc-13-dev amd64 13.3.0-6ubuntu2~24.04.1 [2681 kB]
Get:65 http://archive.ubuntu.com/ubuntu noble-updates/main amd64 gcc-13-x86-64-linux-gnu amd64 13.3.0-6ubuntu2~24.04.1 [21.1 MB]
Get:66 http://archive.ubuntu.com/ubuntu noble-updates/main amd64 gcc-13 amd64 13.3.0-6ubuntu2~24.04.1 [494 kB]
Get:67 http://archive.ubuntu.com/ubuntu noble/main amd64 gcc-x86-64-linux-gnu amd64 4:13.2.0-7ubuntu1 [1212 B]
Get:68 http://archive.ubuntu.com/ubuntu noble/main amd64 gcc amd64 4:13.2.0-7ubuntu1 [5018 B]
Get:69 http://archive.ubuntu.com/ubuntu noble-updates/main amd64 libstdc++-13-dev amd64 13.3.0-6ubuntu2~24.04.1 [2420 kB]
Get:70 http://archive.ubuntu.com/ubuntu noble-updates/main amd64 g++-13-x86-64-linux-gnu amd64 13.3.0-6ubuntu2~24.04.1 [12.2 MB]
Get:71 http://archive.ubuntu.com/ubuntu noble-updates/main amd64 g++-13 amd64 13.3.0-6ubuntu2~24.04.1 [16.0 kB]
Get:72 http://archive.ubuntu.com/ubuntu noble/main amd64 g++-x86-64-linux-gnu amd64 4:13.2.0-7ubuntu1 [964 B]
Get:73 http://archive.ubuntu.com/ubuntu noble/main amd64 g++ amd64 4:13.2.0-7ubuntu1 [1100 B]
Get:74 http://archive.ubuntu.com/ubuntu noble/main amd64 make amd64 4.3-4.1build2 [180 kB]
Get:75 http://archive.ubuntu.com/ubuntu noble-updates/main amd64 libdpkg-perl all 1.22.6ubuntu6.6 [268 kB]
Get:76 http://archive.ubuntu.com/ubuntu noble-updates/main amd64 bzip2 amd64 1.0.8-5.1ubuntu0.1 [34.6 kB]
Get:77 http://archive.ubuntu.com/ubuntu noble/main amd64 patch amd64 2.7.6-7build3 [104 kB]
Get:78 http://archive.ubuntu.com/ubuntu noble/main amd64 lto-disabled-list all 47 [12.4 kB]
Get:79 http://archive.ubuntu.com/ubuntu noble-updates/main amd64 dpkg-dev all 1.22.6ubuntu6.6 [1074 kB]
Get:80 http://archive.ubuntu.com/ubuntu noble/main amd64 build-essential amd64 12.10ubuntu1 [4928 B]
Get:81 http://archive.ubuntu.com/ubuntu noble/main amd64 libfakeroot amd64 1.33-1 [32.4 kB]
Get:82 http://archive.ubuntu.com/ubuntu noble/main amd64 fakeroot amd64 1.33-1 [67.2 kB]
Get:83 http://archive.ubuntu.com/ubuntu noble/main amd64 fonts-dejavu-mono all 2.37-8 [502 kB]
Get:84 http://archive.ubuntu.com/ubuntu noble/main amd64 fonts-dejavu-core all 2.37-8 [835 kB]
Get:85 http://archive.ubuntu.com/ubuntu noble/main amd64 fontconfig-config amd64 2.15.0-1.1ubuntu2 [37.3 kB]
Get:86 http://archive.ubuntu.com/ubuntu noble/main amd64 javascript-common all 11+nmu1 [5936 B]
Get:87 http://archive.ubuntu.com/ubuntu noble/main amd64 libalgorithm-diff-perl all 1.201-1 [41.8 kB]
Get:88 http://archive.ubuntu.com/ubuntu noble/main amd64 libalgorithm-diff-xs-perl amd64 0.04-8build3 [11.2 kB]
Get:89 http://archive.ubuntu.com/ubuntu noble/main amd64 libalgorithm-merge-perl all 0.08-5 [11.4 kB]
Get:90 http://archive.ubuntu.com/ubuntu noble-updates/main amd64 libaom3 amd64 3.8.2-2ubuntu0.2 [1942 kB]
Get:91 http://archive.ubuntu.com/ubuntu noble-updates/main amd64 libfreetype6 amd64 2.13.2+dfsg-1ubuntu0.1 [402 kB]
Get:92 http://archive.ubuntu.com/ubuntu noble/main amd64 libfontconfig1 amd64 2.15.0-1.1ubuntu2 [139 kB]
Get:93 http://archive.ubuntu.com/ubuntu noble/main amd64 libsharpyuv0 amd64 1.3.2-0.4build3 [15.8 kB]
Get:94 http://archive.ubuntu.com/ubuntu noble-updates/main amd64 libheif-plugin-aomdec amd64 1.17.6-1ubuntu4.8 [11.6 kB]
Get:95 http://archive.ubuntu.com/ubuntu noble-updates/main amd64 libheif1 amd64 1.17.6-1ubuntu4.8 [277 kB]
Get:96 http://archive.ubuntu.com/ubuntu noble/main amd64 libjpeg-turbo8 amd64 2.1.5-2ubuntu2 [150 kB]
Get:97 http://archive.ubuntu.com/ubuntu noble/main amd64 libjpeg8 amd64 8c-2ubuntu11 [2148 B]
Get:98 http://archive.ubuntu.com/ubuntu noble-updates/main amd64 libdeflate0 amd64 1.19-1build1.1 [43.9 kB]
Get:99 http://archive.ubuntu.com/ubuntu noble/main amd64 libjbig0 amd64 2.1-6.1ubuntu2 [29.7 kB]
Get:100 http://archive.ubuntu.com/ubuntu noble/main amd64 liblerc4 amd64 4.0.0+ds-4ubuntu2 [179 kB]
Get:101 http://archive.ubuntu.com/ubuntu noble/main amd64 libwebp7 amd64 1.3.2-0.4build3 [230 kB]
Get:102 http://archive.ubuntu.com/ubuntu noble-updates/main amd64 libtiff6 amd64 4.5.1+git230720-4ubuntu2.5 [200 kB]
Get:103 http://archive.ubuntu.com/ubuntu noble-updates/main amd64 libxpm4 amd64 1:3.5.17-1ubuntu0.24.04.1 [36.7 kB]
Get:104 http://archive.ubuntu.com/ubuntu noble/main amd64 libgd3 amd64 2.3.3-9ubuntu5 [128 kB]
Get:105 http://archive.ubuntu.com/ubuntu noble-updates/main amd64 libc-devtools amd64 2.39-0ubuntu8.9 [29.3 kB]
Get:106 http://archive.ubuntu.com/ubuntu noble-updates/main amd64 libexpat1-dev amd64 2.6.1-2ubuntu0.6 [147 kB]
Get:107 http://archive.ubuntu.com/ubuntu noble/main amd64 libfile-fcntllock-perl amd64 0.22-4ubuntu5 [30.7 kB]
Get:108 http://archive.ubuntu.com/ubuntu noble-updates/main amd64 libheif-plugin-aomenc amd64 1.17.6-1ubuntu4.8 [14.7 kB]
Get:109 http://archive.ubuntu.com/ubuntu noble/main amd64 libjs-jquery all 3.6.1+dfsg+~3.5.14-1 [328 kB]
Get:110 http://archive.ubuntu.com/ubuntu noble/main amd64 libjs-underscore all 1.13.4~dfsg+~1.11.4-3 [118 kB]
Get:111 http://archive.ubuntu.com/ubuntu noble/main amd64 libjs-sphinxdoc all 7.2.6-6 [149 kB]
Get:112 http://archive.ubuntu.com/ubuntu noble-updates/main amd64 libpython3.12t64 amd64 3.12.3-1ubuntu0.17 [2348 kB]
Get:113 http://archive.ubuntu.com/ubuntu noble-updates/main amd64 zlib1g-dev amd64 1:1.3.dfsg-3.1ubuntu2.2 [894 kB]
Get:114 http://archive.ubuntu.com/ubuntu noble-updates/main amd64 libpython3.12-dev amd64 3.12.3-1ubuntu0.17 [5684 kB]
Get:115 http://archive.ubuntu.com/ubuntu noble-updates/main amd64 libpython3-dev amd64 3.12.3-0ubuntu2.1 [10.3 kB]
Get:116 http://archive.ubuntu.com/ubuntu noble/main amd64 manpages-dev all 6.7-2 [2013 kB]
Get:117 http://archive.ubuntu.com/ubuntu noble-updates/main amd64 python3.12-dev amd64 3.12.3-1ubuntu0.17 [498 kB]
Get:118 http://archive.ubuntu.com/ubuntu noble-updates/main amd64 python3-dev amd64 3.12.3-0ubuntu2.1 [26.7 kB]
Get:119 http://archive.ubuntu.com/ubuntu noble-updates/main amd64 python3-setuptools all 68.1.2-2ubuntu1.2 [397 kB]
Get:120 http://archive.ubuntu.com/ubuntu noble/universe amd64 python3-wheel all 0.42.0-2 [53.1 kB]
Get:121 http://archive.ubuntu.com/ubuntu noble-updates/universe amd64 python3-pip all 24.0+dfsg-1ubuntu1.3 [1320 kB]
Fetched 115 MB in 3s (37.1 MB/s)
debconf: delaying package configuration, since apt-utils is not installed
(Reading database ... 5322 files and directories currently installed.)
Preparing to unpack .../dpkg_1.22.6ubuntu6.6_amd64.deb ...
Unpacking dpkg (1.22.6ubuntu6.6) over (1.22.6ubuntu6.1) ...
Setting up dpkg (1.22.6ubuntu6.6) ...
(Reading database ... 5322 files and directories currently installed.)
Preparing to unpack .../perl-base_5.38.2-3.2ubuntu0.6_amd64.deb ...
Unpacking perl-base (5.38.2-3.2ubuntu0.6) over (5.38.2-3.2ubuntu0.1) ...
Setting up perl-base (5.38.2-3.2ubuntu0.6) ...
(Reading database ... 5322 files and directories currently installed.)
Preparing to unpack .../gcc-14-base_14.2.0-4ubuntu2~24.04.1_amd64.deb ...
Unpacking gcc-14-base:amd64 (14.2.0-4ubuntu2~24.04.1) over (14.2.0-4ubuntu2~24.04) ...
Setting up gcc-14-base:amd64 (14.2.0-4ubuntu2~24.04.1) ...
(Reading database ... 5322 files and directories currently installed.)
Preparing to unpack .../libgcc-s1_14.2.0-4ubuntu2~24.04.1_amd64.deb ...
Unpacking libgcc-s1:amd64 (14.2.0-4ubuntu2~24.04.1) over (14.2.0-4ubuntu2~24.04) ...
Setting up libgcc-s1:amd64 (14.2.0-4ubuntu2~24.04.1) ...
(Reading database ... 5322 files and directories currently installed.)
Preparing to unpack .../libstdc++6_14.2.0-4ubuntu2~24.04.1_amd64.deb ...
Unpacking libstdc++6:amd64 (14.2.0-4ubuntu2~24.04.1) over (14.2.0-4ubuntu2~24.04) ...
Setting up libstdc++6:amd64 (14.2.0-4ubuntu2~24.04.1) ...
(Reading database ... 5322 files and directories currently installed.)
Preparing to unpack .../libc6_2.39-0ubuntu8.9_amd64.deb ...
Unpacking libc6:amd64 (2.39-0ubuntu8.9) over (2.39-0ubuntu8.5) ...
Setting up libc6:amd64 (2.39-0ubuntu8.9) ...
(Reading database ... 5322 files and directories currently installed.)
Preparing to unpack .../libc-bin_2.39-0ubuntu8.9_amd64.deb ...
Unpacking libc-bin (2.39-0ubuntu8.9) over (2.39-0ubuntu8.5) ...
Setting up libc-bin (2.39-0ubuntu8.9) ...
Selecting previously unselected package liblocale-gettext-perl.
(Reading database ... 5322 files and directories currently installed.)
Preparing to unpack .../liblocale-gettext-perl_1.07-6ubuntu5_amd64.deb ...
Unpacking liblocale-gettext-perl (1.07-6ubuntu5) ...
Selecting previously unselected package libpython3.12-minimal:amd64.
Preparing to unpack .../libpython3.12-minimal_3.12.3-1ubuntu0.17_amd64.deb ...
Unpacking libpython3.12-minimal:amd64 (3.12.3-1ubuntu0.17) ...
Selecting previously unselected package libexpat1:amd64.
Preparing to unpack .../libexpat1_2.6.1-2ubuntu0.6_amd64.deb ...
Unpacking libexpat1:amd64 (2.6.1-2ubuntu0.6) ...
Preparing to unpack .../zlib1g_1%3a1.3.dfsg-3.1ubuntu2.2_amd64.deb ...
Unpacking zlib1g:amd64 (1:1.3.dfsg-3.1ubuntu2.2) over (1:1.3.dfsg-3.1ubuntu2.1) ...
Setting up zlib1g:amd64 (1:1.3.dfsg-3.1ubuntu2.2) ...

1790339087351 aiagent01:gpu1 DEBUG Selecting previously unselected package python3.12-minimal.
(Reading database ... 5644 files and directories currently installed.)
Preparing to unpack .../python3.12-minimal_3.12.3-1ubuntu0.17_amd64.deb ...
Unpacking python3.12-minimal (3.12.3-1ubuntu0.17) ...
Setting up libpython3.12-minimal:amd64 (3.12.3-1ubuntu0.17) ...
Setting up libexpat1:amd64 (2.6.1-2ubuntu0.6) ...
Setting up python3.12-minimal (3.12.3-1ubuntu0.17) ...
Selecting previously unselected package python3-minimal.
(Reading database ... 5655 files and directories currently installed.)
Preparing to unpack .../python3-minimal_3.12.3-0ubuntu2.1_amd64.deb ...
Unpacking python3-minimal (3.12.3-0ubuntu2.1) ...
Selecting previously unselected package media-types.
Preparing to unpack .../media-types_10.1.0_all.deb ...
Unpacking media-types (10.1.0) ...
Selecting previously unselected package netbase.
Preparing to unpack .../archives/netbase_6.4_all.deb ...
Unpacking netbase (6.4) ...
Selecting previously unselected package tzdata.
Preparing to unpack .../tzdata_2026c-0ubuntu0.24.04.1_all.deb ...
Unpacking tzdata (2026c-0ubuntu0.24.04.1) ...
Preparing to unpack .../libbz2-1.0_1.0.8-5.1ubuntu0.1_amd64.deb ...
Unpacking libbz2-1.0:amd64 (1.0.8-5.1ubuntu0.1) over (1.0.8-5.1build0.1) ...
Setting up libbz2-1.0:amd64 (1.0.8-5.1ubuntu0.1) ...
(Reading database ... 6218 files and directories currently installed.)
Preparing to unpack .../liblzma5_5.6.1+really5.4.5-1ubuntu0.3_amd64.deb ...
Unpacking liblzma5:amd64 (5.6.1+really5.4.5-1ubuntu0.3) over (5.6.1+really5.4.5-1ubuntu0.2) ...
Setting up liblzma5:amd64 (5.6.1+really5.4.5-1ubuntu0.3) ...
Selecting previously unselected package libpython3.12-stdlib:amd64.
(Reading database ... 6218 files and directories currently installed.)
Preparing to unpack .../libpython3.12-stdlib_3.12.3-1ubuntu0.17_amd64.deb ...
Unpacking libpython3.12-stdlib:amd64 (3.12.3-1ubuntu0.17) ...
Selecting previously unselected package python3.12.
Preparing to unpack .../python3.12_3.12.3-1ubuntu0.17_amd64.deb ...
Unpacking python3.12 (3.12.3-1ubuntu0.17) ...
Selecting previously unselected package libpython3-stdlib:amd64.
Preparing to unpack .../libpython3-stdlib_3.12.3-0ubuntu2.1_amd64.deb ...
Unpacking libpython3-stdlib:amd64 (3.12.3-0ubuntu2.1) ...
Setting up python3-minimal (3.12.3-0ubuntu2.1) ...
Selecting previously unselected package python3.
(Reading database ... 6625 files and directories currently installed.)
Preparing to unpack .../000-python3_3.12.3-0ubuntu2.1_amd64.deb ...
Unpacking python3 (3.12.3-0ubuntu2.1) ...
Selecting previously unselected package perl-modules-5.38.
Preparing to unpack .../001-perl-modules-5.38_5.38.2-3.2ubuntu0.6_all.deb ...
Unpacking perl-modules-5.38 (5.38.2-3.2ubuntu0.6) ...
Selecting previously unselected package libgdbm6t64:amd64.
Preparing to unpack .../002-libgdbm6t64_1.23-5.1build1_amd64.deb ...
Unpacking libgdbm6t64:amd64 (1.23-5.1build1) ...
Selecting previously unselected package libgdbm-compat4t64:amd64.
Preparing to unpack .../003-libgdbm-compat4t64_1.23-5.1build1_amd64.deb ...
Unpacking libgdbm-compat4t64:amd64 (1.23-5.1build1) ...
Selecting previously unselected package libperl5.38t64:amd64.
Preparing to unpack .../004-libperl5.38t64_5.38.2-3.2ubuntu0.6_amd64.deb ...
Unpacking libperl5.38t64:amd64 (5.38.2-3.2ubuntu0.6) ...
Selecting previously unselected package perl.
Preparing to unpack .../005-perl_5.38.2-3.2ubuntu0.6_amd64.deb ...
Unpacking perl (5.38.2-3.2ubuntu0.6) ...
Selecting previously unselected package krb5-locales.
Preparing to unpack .../006-krb5-locales_1.20.1-6ubuntu2.10_all.deb ...
Unpacking krb5-locales (1.20.1-6ubuntu2.10) ...
Selecting previously unselected package less.
Preparing to unpack .../007-less_590-2ubuntu2.1_amd64.deb ...
Unpacking less (590-2ubuntu2.1) ...
Selecting previously unselected package libbsd0:amd64.
Preparing to unpack .../008-libbsd0_0.12.1-1build1.1_amd64.deb ...
Unpacking libbsd0:amd64 (0.12.1-1build1.1) ...
Selecting previously unselected package libglib2.0-0t64:amd64.
Preparing to unpack .../009-libglib2.0-0t64_2.80.0-6ubuntu3.9_amd64.deb ...
Unpacking libglib2.0-0t64:amd64 (2.80.0-6ubuntu3.9) ...
Selecting previously unselected package libglib2.0-data.
Preparing to unpack .../010-libglib2.0-data_2.80.0-6ubuntu3.9_all.deb ...
Unpacking libglib2.0-data (2.80.0-6ubuntu3.9) ...
Selecting previously unselected package libkrb5support0:amd64.
Preparing to unpack .../011-libkrb5support0_1.20.1-6ubuntu2.10_amd64.deb ...
Unpacking libkrb5support0:amd64 (1.20.1-6ubuntu2.10) ...
Selecting previously unselected package libk5crypto3:amd64.
Preparing to unpack .../012-libk5crypto3_1.20.1-6ubuntu2.10_amd64.deb ...
Unpacking libk5crypto3:amd64 (1.20.1-6ubuntu2.10) ...
Selecting previously unselected package libkeyutils1:amd64.
Preparing to unpack .../013-libkeyutils1_1.6.3-3build1_amd64.deb ...
Unpacking libkeyutils1:amd64 (1.6.3-3build1) ...
Selecting previously unselected package libkrb5-3:amd64.
Preparing to unpack .../014-libkrb5-3_1.20.1-6ubuntu2.10_amd64.deb ...
Unpacking libkrb5-3:amd64 (1.20.1-6ubuntu2.10) ...
Selecting previously unselected package libgssapi-krb5-2:amd64.
Preparing to unpack .../015-libgssapi-krb5-2_1.20.1-6ubuntu2.10_amd64.deb ...
Unpacking libgssapi-krb5-2:amd64 (1.20.1-6ubuntu2.10) ...
Selecting previously unselected package libicu74:amd64.
Preparing to unpack .../016-libicu74_74.2-1ubuntu3.1_amd64.deb ...
Unpacking libicu74:amd64 (74.2-1ubuntu3.1) ...
Selecting previously unselected package libxml2:amd64.
Preparing to unpack .../017-libxml2_2.9.14+dfsg-1.3ubuntu3.9_amd64.deb ...
Unpacking libxml2:amd64 (2.9.14+dfsg-1.3ubuntu3.9) ...
Selecting previously unselected package python3-pkg-resources.
Preparing to unpack .../018-python3-pkg-resources_68.1.2-2ubuntu1.2_all.deb ...
Unpacking python3-pkg-resources (68.1.2-2ubuntu1.2) ...
Selecting previously unselected package shared-mime-info.
Preparing to unpack .../019-shared-mime-info_2.4-4_amd64.deb ...
Unpacking shared-mime-info (2.4-4) ...
Selecting previously unselected package xdg-user-dirs.
Preparing to unpack .../020-xdg-user-dirs_0.18-1build1_amd64.deb ...
Unpacking xdg-user-dirs (0.18-1build1) ...
Selecting previously unselected package libcbor0.10:amd64.
Preparing to unpack .../021-libcbor0.10_0.10.2-1.2ubuntu2_amd64.deb ...
Unpacking libcbor0.10:amd64 (0.10.2-1.2ubuntu2) ...
Selecting previously unselected package libedit2:amd64.
Preparing to unpack .../022-libedit2_3.1-20230828-1build1_amd64.deb ...
Unpacking libedit2:amd64 (3.1-20230828-1build1) ...
Selecting previously unselected package libfido2-1:amd64.
Preparing to unpack .../023-libfido2-1_1.14.0-1build3_amd64.deb ...
Unpacking libfido2-1:amd64 (1.14.0-1build3) ...
Selecting previously unselected package libjansson4:amd64.
Preparing to unpack .../024-libjansson4_2.14-2build2_amd64.deb ...
Unpacking libjansson4:amd64 (2.14-2build2) ...
Selecting previously unselected package libnghttp2-14:amd64.
Preparing to unpack .../025-libnghttp2-14_1.59.0-1ubuntu0.4_amd64.deb ...
Unpacking libnghttp2-14:amd64 (1.59.0-1ubuntu0.4) ...
Selecting previously unselected package libpng16-16t64:amd64.
Preparing to unpack .../026-libpng16-16t64_1.6.43-5ubuntu0.6_amd64.deb ...
Unpacking libpng16-16t64:amd64 (1.6.43-5ubuntu0.6) ...
Selecting previously unselected package libpsl5t64:amd64.
Preparing to unpack .../027-libpsl5t64_0.21.2-1.1build1_amd64.deb ...
Unpacking libpsl5t64:amd64 (0.21.2-1.1build1) ...
Selecting previously unselected package libxau6:amd64.
Preparing to unpack .../028-libxau6_1%3a1.0.9-1build6_amd64.deb ...
Unpacking libxau6:amd64 (1:1.0.9-1build6) ...
Selecting previously unselected package libxdmcp6:amd64.
Preparing to unpack .../029-libxdmcp6_1%3a1.1.3-0ubuntu6_amd64.deb ...
Unpacking libxdmcp6:amd64 (1:1.1.3-0ubuntu6) ...
Selecting previously unselected package libxcb1:amd64.
Preparing to unpack .../030-libxcb1_1.15-1ubuntu2_amd64.deb ...
Unpacking libxcb1:amd64 (1.15-1ubuntu2) ...
Selecting previously unselected package libx11-data.
Preparing to unpack .../031-libx11-data_2%3a1.8.7-1build1_all.deb ...
Unpacking libx11-data (2:1.8.7-1build1) ...
Selecting previously unselected package libx11-6:amd64.
Preparing to unpack .../032-libx11-6_2%3a1.8.7-1build1_amd64.deb ...
Unpacking libx11-6:amd64 (2:1.8.7-1build1) ...
Selecting previously unselected package libxext6:amd64.
Preparing to unpack .../033-libxext6_2%3a1.3.4-1build2_amd64.deb ...
Unpacking libxext6:amd64 (2:1.3.4-1build2) ...
Selecting previously unselected package libxmuu1:amd64.
Preparing to unpack .../034-libxmuu1_2%3a1.1.3-3build2_amd64.deb ...
Unpacking libxmuu1:amd64 (2:1.1.3-3build2) ...
Selecting previously unselected package manpages.
Preparing to unpack .../035-manpages_6.7-2_all.deb ...
Unpacking manpages (6.7-2) ...
Selecting previously unselected package openssh-client.
Preparing to unpack .../036-openssh-client_1%3a9.6p1-3ubuntu13.19_amd64.deb ...
Unpacking openssh-client (1:9.6p1-3ubuntu13.19) ...
Selecting previously unselected package publicsuffix.
Preparing to unpack .../037-publicsuffix_20231001.0357-0.1_all.deb ...
Unpacking publicsuffix (20231001.0357-0.1) ...
Selecting previously unselected package xauth.
Preparing to unpack .../038-xauth_1%3a1.1.2-1build1_amd64.deb ...
Unpacking xauth (1:1.1.2-1build1) ...
Selecting previously unselected package xz-utils.
Preparing to unpack .../039-xz-utils_5.6.1+really5.4.5-1ubuntu0.3_amd64.deb ...
Unpacking xz-utils (5.6.1+really5.4.5-1ubuntu0.3) ...
Selecting previously unselected package binutils-common:amd64.
Preparing to unpack .../040-binutils-common_2.42-4ubuntu2.10_amd64.deb ...
Unpacking binutils-common:amd64 (2.42-4ubuntu2.10) ...
Selecting previously unselected package libsframe1:amd64.
Preparing to unpack .../041-libsframe1_2.42-4ubuntu2.10_amd64.deb ...
Unpacking libsframe1:amd64 (2.42-4ubuntu2.10) ...
Selecting previously unselected package libbinutils:amd64.
Preparing to unpack .../042-libbinutils_2.42-4ubuntu2.10_amd64.deb ...
Unpacking libbinutils:amd64 (2.42-4ubuntu2.10) ...
Selecting previously unselected package libctf-nobfd0:amd64.
Preparing to unpack .../043-libctf-nobfd0_2.42-4ubuntu2.10_amd64.deb ...
Unpacking libctf-nobfd0:amd64 (2.42-4ubuntu2.10) ...
Selecting previously unselected package libctf0:amd64.
Preparing to unpack .../044-libctf0_2.42-4ubuntu2.10_amd64.deb ...
Unpacking libctf0:amd64 (2.42-4ubuntu2.10) ...
Selecting previously unselected package libgprofng0:amd64.
Preparing to unpack .../045-libgprofng0_2.42-4ubuntu2.10_amd64.deb ...
Unpacking libgprofng0:amd64 (2.42-4ubuntu2.10) ...
Selecting previously unselected package binutils-x86-64-linux-gnu.
Preparing to unpack .../046-binutils-x86-64-linux-gnu_2.42-4ubuntu2.10_amd64.deb ...
Unpacking binutils-x86-64-linux-gnu (2.42-4ubuntu2.10) ...
Selecting previously unselected package binutils.
Preparing to unpack .../047-binutils_2.42-4ubuntu2.10_amd64.deb ...
Unpacking binutils (2.42-4ubuntu2.10) ...
Selecting previously unselected package libc-dev-bin.
Preparing to unpack .../048-libc-dev-bin_2.39-0ubuntu8.9_amd64.deb ...
Unpacking libc-dev-bin (2.39-0ubuntu8.9) ...
Selecting previously unselected package linux-libc-dev:amd64.
Preparing to unpack .../049-linux-libc-dev_6.8.0-142.142_amd64.deb ...
Unpacking linux-libc-dev:amd64 (6.8.0-142.142) ...
Selecting previously unselected package libcrypt-dev:amd64.
Preparing to unpack .../050-libcrypt-dev_1%3a4.4.36-4build1_amd64.deb ...
Unpacking libcrypt-dev:amd64 (1:4.4.36-4build1) ...
Selecting previously unselected package rpcsvc-proto.
Preparing to unpack .../051-rpcsvc-proto_1.4.2-0ubuntu7_amd64.deb ...
Unpacking rpcsvc-proto (1.4.2-0ubuntu7) ...
Selecting previously unselected package libc6-dev:amd64.
Preparing to unpack .../052-libc6-dev_2.39-0ubuntu8.9_amd64.deb ...
Unpacking libc6-dev:amd64 (2.39-0ubuntu8.9) ...
Selecting previously unselected package gcc-13-base:amd64.
Preparing to unpack .../053-gcc-13-base_13.3.0-6ubuntu2~24.04.1_amd64.deb ...
Unpacking gcc-13-base:amd64 (13.3.0-6ubuntu2~24.04.1) ...
Selecting previously unselected package libisl23:amd64.
Preparing to unpack .../054-libisl23_0.26-3build1.1_amd64.deb ...
Unpacking libisl23:amd64 (0.26-3build1.1) ...
Selecting previously unselected package libmpfr6:amd64.
Preparing to unpack .../055-libmpfr6_4.2.1-1build1.1_amd64.deb ...
Unpacking libmpfr6:amd64 (4.2.1-1build1.1) ...
Selecting previously unselected package libmpc3:amd64.
Preparing to unpack .../056-libmpc3_1.3.1-1build1.1_amd64.deb ...
Unpacking libmpc3:amd64 (1.3.1-1build1.1) ...
Selecting previously unselected package cpp-13-x86-64-linux-gnu.
Preparing to unpack .../057-cpp-13-x86-64-linux-gnu_13.3.0-6ubuntu2~24.04.1_amd64.deb ...
Unpacking cpp-13-x86-64-linux-gnu (13.3.0-6ubuntu2~24.04.1) ...
Selecting previously unselected package cpp-13.
Preparing to unpack .../058-cpp-13_13.3.0-6ubuntu2~24.04.1_amd64.deb ...
Unpacking cpp-13 (13.3.0-6ubuntu2~24.04.1) ...
Selecting previously unselected package cpp-x86-64-linux-gnu.
Preparing to unpack .../059-cpp-x86-64-linux-gnu_4%3a13.2.0-7ubuntu1_amd64.deb ...
Unpacking cpp-x86-64-linux-gnu (4:13.2.0-7ubuntu1) ...
Selecting previously unselected package cpp.
Preparing to unpack .../060-cpp_4%3a13.2.0-7ubuntu1_amd64.deb ...
Unpacking cpp (4:13.2.0-7ubuntu1) ...
Selecting previously unselected package libcc1-0:amd64.
Preparing to unpack .../061-libcc1-0_14.2.0-4ubuntu2~24.04.1_amd64.deb ...
Unpacking libcc1-0:amd64 (14.2.0-4ubuntu2~24.04.1) ...
Selecting previously unselected package libgomp1:amd64.
Preparing to unpack .../062-libgomp1_14.2.0-4ubuntu2~24.04.1_amd64.deb ...
Unpacking libgomp1:amd64 (14.2.0-4ubuntu2~24.04.1) ...
Selecting previously unselected package libitm1:amd64.
Preparing to unpack .../063-libitm1_14.2.0-4ubuntu2~24.04.1_amd64.deb ...
Unpacking libitm1:amd64 (14.2.0-4ubuntu2~24.04.1) ...
Selecting previously unselected package libatomic1:amd64.
Preparing to unpack .../064-libatomic1_14.2.0-4ubuntu2~24.04.1_amd64.deb ...
Unpacking libatomic1:amd64 (14.2.0-4ubuntu2~24.04.1) ...
Selecting previously unselected package libasan8:amd64.
Preparing to unpack .../065-libasan8_14.2.0-4ubuntu2~24.04.1_amd64.deb ...
Unpacking libasan8:amd64 (14.2.0-4ubuntu2~24.04.1) ...
Selecting previously unselected package liblsan0:amd64.
Preparing to unpack .../066-liblsan0_14.2.0-4ubuntu2~24.04.1_amd64.deb ...
Unpacking liblsan0:amd64 (14.2.0-4ubuntu2~24.04.1) ...
Selecting previously unselected package libtsan2:amd64.
Preparing to unpack .../067-libtsan2_14.2.0-4ubuntu2~24.04.1_amd64.deb ...
Unpacking libtsan2:amd64 (14.2.0-4ubuntu2~24.04.1) ...
Selecting previously unselected package libubsan1:amd64.
Preparing to unpack .../068-libubsan1_14.2.0-4ubuntu2~24.04.1_amd64.deb ...
Unpacking libubsan1:amd64 (14.2.0-4ubuntu2~24.04.1) ...
Selecting previously unselected package libhwasan0:amd64.
Preparing to unpack .../069-libhwasan0_14.2.0-4ubuntu2~24.04.1_amd64.deb ...
Unpacking libhwasan0:amd64 (14.2.0-4ubuntu2~24.04.1) ...
Selecting previously unselected package libquadmath0:amd64.
Preparing to unpack .../070-libquadmath0_14.2.0-4ubuntu2~24.04.1_amd64.deb ...
Unpacking libquadmath0:amd64 (14.2.0-4ubuntu2~24.04.1) ...
Selecting previously unselected package libgcc-13-dev:amd64.
Preparing to unpack .../071-libgcc-13-dev_13.3.0-6ubuntu2~24.04.1_amd64.deb ...
Unpacking libgcc-13-dev:amd64 (13.3.0-6ubuntu2~24.04.1) ...
Selecting previously unselected package gcc-13-x86-64-linux-gnu.
Preparing to unpack .../072-gcc-13-x86-64-linux-gnu_13.3.0-6ubuntu2~24.04.1_amd64.deb ...
Unpacking gcc-13-x86-64-linux-gnu (13.3.0-6ubuntu2~24.04.1) ...
Selecting previously unselected package gcc-13.
Preparing to unpack .../073-gcc-13_13.3.0-6ubuntu2~24.04.1_amd64.deb ...
Unpacking gcc-13 (13.3.0-6ubuntu2~24.04.1) ...
Selecting previously unselected package gcc-x86-64-linux-gnu.
Preparing to unpack .../074-gcc-x86-64-linux-gnu_4%3a13.2.0-7ubuntu1_amd64.deb ...
Unpacking gcc-x86-64-linux-gnu (4:13.2.0-7ubuntu1) ...
Selecting previously unselected package gcc.
Preparing to unpack .../075-gcc_4%3a13.2.0-7ubuntu1_amd64.deb ...
Unpacking gcc (4:13.2.0-7ubuntu1) ...
Selecting previously unselected package libstdc++-13-dev:amd64.
Preparing to unpack .../076-libstdc++-13-dev_13.3.0-6ubuntu2~24.04.1_amd64.deb ...
Unpacking libstdc++-13-dev:amd64 (13.3.0-6ubuntu2~24.04.1) ...
Selecting previously unselected package g++-13-x86-64-linux-gnu.
Preparing to unpack .../077-g++-13-x86-64-linux-gnu_13.3.0-6ubuntu2~24.04.1_amd64.deb ...
Unpacking g++-13-x86-64-linux-gnu (13.3.0-6ubuntu2~24.04.1) ...
Selecting previously unselected package g++-13.
Preparing to unpack .../078-g++-13_13.3.0-6ubuntu2~24.04.1_amd64.deb ...
Unpacking g++-13 (13.3.0-6ubuntu2~24.04.1) ...
Selecting previously unselected package g++-x86-64-linux-gnu.
Preparing to unpack .../079-g++-x86-64-linux-gnu_4%3a13.2.0-7ubuntu1_amd64.deb ...
Unpacking g++-x86-64-linux-gnu (4:13.2.0-7ubuntu1) ...
Selecting previously unselected package g++.
Preparing to unpack .../080-g++_4%3a13.2.0-7ubuntu1_amd64.deb ...
Unpacking g++ (4:13.2.0-7ubuntu1) ...

1790339092503 aiagent01:gpu1 DEBUG Selecting previously unselected package make.
Preparing to unpack .../081-make_4.3-4.1build2_amd64.deb ...
Unpacking make (4.3-4.1build2) ...
Selecting previously unselected package libdpkg-perl.
Preparing to unpack .../082-libdpkg-perl_1.22.6ubuntu6.6_all.deb ...
Unpacking libdpkg-perl (1.22.6ubuntu6.6) ...
Selecting previously unselected package bzip2.
Preparing to unpack .../083-bzip2_1.0.8-5.1ubuntu0.1_amd64.deb ...
Unpacking bzip2 (1.0.8-5.1ubuntu0.1) ...
Selecting previously unselected package patch.
Preparing to unpack .../084-patch_2.7.6-7build3_amd64.deb ...
Unpacking patch (2.7.6-7build3) ...
Selecting previously unselected package lto-disabled-list.
Preparing to unpack .../085-lto-disabled-list_47_all.deb ...
Unpacking lto-disabled-list (47) ...
Selecting previously unselected package dpkg-dev.
Preparing to unpack .../086-dpkg-dev_1.22.6ubuntu6.6_all.deb ...
Unpacking dpkg-dev (1.22.6ubuntu6.6) ...
Selecting previously unselected package build-essential.
Preparing to unpack .../087-build-essential_12.10ubuntu1_amd64.deb ...
Unpacking build-essential (12.10ubuntu1) ...
Selecting previously unselected package libfakeroot:amd64.
Preparing to unpack .../088-libfakeroot_1.33-1_amd64.deb ...
Unpacking libfakeroot:amd64 (1.33-1) ...
Selecting previously unselected package fakeroot.
Preparing to unpack .../089-fakeroot_1.33-1_amd64.deb ...
Unpacking fakeroot (1.33-1) ...
Selecting previously unselected package fonts-dejavu-mono.
Preparing to unpack .../090-fonts-dejavu-mono_2.37-8_all.deb ...
Unpacking fonts-dejavu-mono (2.37-8) ...
Selecting previously unselected package fonts-dejavu-core.
Preparing to unpack .../091-fonts-dejavu-core_2.37-8_all.deb ...
Unpacking fonts-dejavu-core (2.37-8) ...
Selecting previously unselected package fontconfig-config.
Preparing to unpack .../092-fontconfig-config_2.15.0-1.1ubuntu2_amd64.deb ...
Unpacking fontconfig-config (2.15.0-1.1ubuntu2) ...
Selecting previously unselected package libbrotli1:amd64.
Preparing to unpack .../093-libbrotli1_1.1.0-2build2_amd64.deb ...
Unpacking libbrotli1:amd64 (1.1.0-2build2) ...
Selecting previously unselected package librtmp1:amd64.
Preparing to unpack .../094-librtmp1_2.4+20151223.gitfa8646d.1-2build7_amd64.deb ...
Unpacking librtmp1:amd64 (2.4+20151223.gitfa8646d.1-2build7) ...
Selecting previously unselected package libssh-4:amd64.
Preparing to unpack .../095-libssh-4_0.10.6-2ubuntu0.5_amd64.deb ...
Unpacking libssh-4:amd64 (0.10.6-2ubuntu0.5) ...
Selecting previously unselected package libcurl3t64-gnutls:amd64.
Preparing to unpack .../096-libcurl3t64-gnutls_8.5.0-2ubuntu10.15_amd64.deb ...
Unpacking libcurl3t64-gnutls:amd64 (8.5.0-2ubuntu10.15) ...
Selecting previously unselected package liberror-perl.
Preparing to unpack .../097-liberror-perl_0.17029-2_all.deb ...
Unpacking liberror-perl (0.17029-2) ...
Selecting previously unselected package git-man.
Preparing to unpack .../098-git-man_1%3a2.43.0-1ubuntu7.3_all.deb ...
Unpacking git-man (1:2.43.0-1ubuntu7.3) ...
Selecting previously unselected package git.
Preparing to unpack .../099-git_1%3a2.43.0-1ubuntu7.3_amd64.deb ...
Unpacking git (1:2.43.0-1ubuntu7.3) ...
Selecting previously unselected package javascript-common.
Preparing to unpack .../100-javascript-common_11+nmu1_all.deb ...
Unpacking javascript-common (11+nmu1) ...
Selecting previously unselected package libalgorithm-diff-perl.
Preparing to unpack .../101-libalgorithm-diff-perl_1.201-1_all.deb ...
Unpacking libalgorithm-diff-perl (1.201-1) ...
Selecting previously unselected package libalgorithm-diff-xs-perl:amd64.
Preparing to unpack .../102-libalgorithm-diff-xs-perl_0.04-8build3_amd64.deb ...
Unpacking libalgorithm-diff-xs-perl:amd64 (0.04-8build3) ...
Selecting previously unselected package libalgorithm-merge-perl.
Preparing to unpack .../103-libalgorithm-merge-perl_0.08-5_all.deb ...
Unpacking libalgorithm-merge-perl (0.08-5) ...
Selecting previously unselected package libaom3:amd64.
Preparing to unpack .../104-libaom3_3.8.2-2ubuntu0.2_amd64.deb ...
Unpacking libaom3:amd64 (3.8.2-2ubuntu0.2) ...
Selecting previously unselected package libfreetype6:amd64.
Preparing to unpack .../105-libfreetype6_2.13.2+dfsg-1ubuntu0.1_amd64.deb ...
Unpacking libfreetype6:amd64 (2.13.2+dfsg-1ubuntu0.1) ...
Selecting previously unselected package libfontconfig1:amd64.
Preparing to unpack .../106-libfontconfig1_2.15.0-1.1ubuntu2_amd64.deb ...
Unpacking libfontconfig1:amd64 (2.15.0-1.1ubuntu2) ...
Selecting previously unselected package libsharpyuv0:amd64.
Preparing to unpack .../107-libsharpyuv0_1.3.2-0.4build3_amd64.deb ...
Unpacking libsharpyuv0:amd64 (1.3.2-0.4build3) ...
Selecting previously unselected package libheif-plugin-aomdec:amd64.
Preparing to unpack .../108-libheif-plugin-aomdec_1.17.6-1ubuntu4.8_amd64.deb ...
Unpacking libheif-plugin-aomdec:amd64 (1.17.6-1ubuntu4.8) ...
Selecting previously unselected package libheif1:amd64.
Preparing to unpack .../109-libheif1_1.17.6-1ubuntu4.8_amd64.deb ...
Unpacking libheif1:amd64 (1.17.6-1ubuntu4.8) ...
Selecting previously unselected package libjpeg-turbo8:amd64.
Preparing to unpack .../110-libjpeg-turbo8_2.1.5-2ubuntu2_amd64.deb ...
Unpacking libjpeg-turbo8:amd64 (2.1.5-2ubuntu2) ...
Selecting previously unselected package libjpeg8:amd64.
Preparing to unpack .../111-libjpeg8_8c-2ubuntu11_amd64.deb ...
Unpacking libjpeg8:amd64 (8c-2ubuntu11) ...
Selecting previously unselected package libdeflate0:amd64.
Preparing to unpack .../112-libdeflate0_1.19-1build1.1_amd64.deb ...
Unpacking libdeflate0:amd64 (1.19-1build1.1) ...
Selecting previously unselected package libjbig0:amd64.
Preparing to unpack .../113-libjbig0_2.1-6.1ubuntu2_amd64.deb ...
Unpacking libjbig0:amd64 (2.1-6.1ubuntu2) ...
Selecting previously unselected package liblerc4:amd64.
Preparing to unpack .../114-liblerc4_4.0.0+ds-4ubuntu2_amd64.deb ...
Unpacking liblerc4:amd64 (4.0.0+ds-4ubuntu2) ...
Selecting previously unselected package libwebp7:amd64.
Preparing to unpack .../115-libwebp7_1.3.2-0.4build3_amd64.deb ...
Unpacking libwebp7:amd64 (1.3.2-0.4build3) ...
Selecting previously unselected package libtiff6:amd64.
Preparing to unpack .../116-libtiff6_4.5.1+git230720-4ubuntu2.5_amd64.deb ...
Unpacking libtiff6:amd64 (4.5.1+git230720-4ubuntu2.5) ...
Selecting previously unselected package libxpm4:amd64.
Preparing to unpack .../117-libxpm4_1%3a3.5.17-1ubuntu0.24.04.1_amd64.deb ...
Unpacking libxpm4:amd64 (1:3.5.17-1ubuntu0.24.04.1) ...
Selecting previously unselected package libgd3:amd64.
Preparing to unpack .../118-libgd3_2.3.3-9ubuntu5_amd64.deb ...
Unpacking libgd3:amd64 (2.3.3-9ubuntu5) ...
Selecting previously unselected package libc-devtools.
Preparing to unpack .../119-libc-devtools_2.39-0ubuntu8.9_amd64.deb ...
Unpacking libc-devtools (2.39-0ubuntu8.9) ...
Selecting previously unselected package libexpat1-dev:amd64.
Preparing to unpack .../120-libexpat1-dev_2.6.1-2ubuntu0.6_amd64.deb ...
Unpacking libexpat1-dev:amd64 (2.6.1-2ubuntu0.6) ...
Selecting previously unselected package libfile-fcntllock-perl.
Preparing to unpack .../121-libfile-fcntllock-perl_0.22-4ubuntu5_amd64.deb ...
Unpacking libfile-fcntllock-perl (0.22-4ubuntu5) ...
Selecting previously unselected package libheif-plugin-aomenc:amd64.
Preparing to unpack .../122-libheif-plugin-aomenc_1.17.6-1ubuntu4.8_amd64.deb ...
Unpacking libheif-plugin-aomenc:amd64 (1.17.6-1ubuntu4.8) ...
Selecting previously unselected package x11-common.
Preparing to unpack .../123-x11-common_1%3a7.7+23ubuntu3_all.deb ...
Unpacking x11-common (1:7.7+23ubuntu3) ...
Selecting previously unselected package libice6:amd64.
Preparing to unpack .../124-libice6_2%3a1.0.10-1build3_amd64.deb ...
Unpacking libice6:amd64 (2:1.0.10-1build3) ...
Selecting previously unselected package libjs-jquery.
Preparing to unpack .../125-libjs-jquery_3.6.1+dfsg+~3.5.14-1_all.deb ...
Unpacking libjs-jquery (3.6.1+dfsg+~3.5.14-1) ...
Selecting previously unselected package libjs-underscore.
Preparing to unpack .../126-libjs-underscore_1.13.4~dfsg+~1.11.4-3_all.deb ...
Unpacking libjs-underscore (1.13.4~dfsg+~1.11.4-3) ...
Selecting previously unselected package libjs-sphinxdoc.
Preparing to unpack .../127-libjs-sphinxdoc_7.2.6-6_all.deb ...
Unpacking libjs-sphinxdoc (7.2.6-6) ...
Selecting previously unselected package libpthread-stubs0-dev:amd64.
Preparing to unpack .../128-libpthread-stubs0-dev_0.4-1build3_amd64.deb ...
Unpacking libpthread-stubs0-dev:amd64 (0.4-1build3) ...
Selecting previously unselected package libpython3.12t64:amd64.
Preparing to unpack .../129-libpython3.12t64_3.12.3-1ubuntu0.17_amd64.deb ...
Unpacking libpython3.12t64:amd64 (3.12.3-1ubuntu0.17) ...
Selecting previously unselected package zlib1g-dev:amd64.
Preparing to unpack .../130-zlib1g-dev_1%3a1.3.dfsg-3.1ubuntu2.2_amd64.deb ...
Unpacking zlib1g-dev:amd64 (1:1.3.dfsg-3.1ubuntu2.2) ...
Selecting previously unselected package libpython3.12-dev:amd64.
Preparing to unpack .../131-libpython3.12-dev_3.12.3-1ubuntu0.17_amd64.deb ...
Unpacking libpython3.12-dev:amd64 (3.12.3-1ubuntu0.17) ...
Selecting previously unselected package libpython3-dev:amd64.
Preparing to unpack .../132-libpython3-dev_3.12.3-0ubuntu2.1_amd64.deb ...
Unpacking libpython3-dev:amd64 (3.12.3-0ubuntu2.1) ...
Selecting previously unselected package libsm6:amd64.
Preparing to unpack .../133-libsm6_2%3a1.2.3-1build3_amd64.deb ...
Unpacking libsm6:amd64 (2:1.2.3-1build3) ...
Selecting previously unselected package xorg-sgml-doctools.
Preparing to unpack .../134-xorg-sgml-doctools_1%3a1.11-1.1_all.deb ...
Unpacking xorg-sgml-doctools (1:1.11-1.1) ...
Selecting previously unselected package x11proto-dev.
Preparing to unpack .../135-x11proto-dev_2023.2-1_all.deb ...
Unpacking x11proto-dev (2023.2-1) ...
Selecting previously unselected package libxau-dev:amd64.
Preparing to unpack .../136-libxau-dev_1%3a1.0.9-1build6_amd64.deb ...
Unpacking libxau-dev:amd64 (1:1.0.9-1build6) ...
Selecting previously unselected package libxdmcp-dev:amd64.
Preparing to unpack .../137-libxdmcp-dev_1%3a1.1.3-0ubuntu6_amd64.deb ...
Unpacking libxdmcp-dev:amd64 (1:1.1.3-0ubuntu6) ...
Selecting previously unselected package xtrans-dev.
Preparing to unpack .../138-xtrans-dev_1.4.0-1_all.deb ...
Unpacking xtrans-dev (1.4.0-1) ...
Selecting previously unselected package libxcb1-dev:amd64.
Preparing to unpack .../139-libxcb1-dev_1.15-1ubuntu2_amd64.deb ...
Unpacking libxcb1-dev:amd64 (1.15-1ubuntu2) ...
Selecting previously unselected package libx11-dev:amd64.
Preparing to unpack .../140-libx11-dev_2%3a1.8.7-1build1_amd64.deb ...
Unpacking libx11-dev:amd64 (2:1.8.7-1build1) ...
Selecting previously unselected package libxrender1:amd64.
Preparing to unpack .../141-libxrender1_1%3a0.9.10-1.1build1_amd64.deb ...
Unpacking libxrender1:amd64 (1:0.9.10-1.1build1) ...
Selecting previously unselected package libxrender-dev:amd64.
Preparing to unpack .../142-libxrender-dev_1%3a0.9.10-1.1build1_amd64.deb ...
Unpacking libxrender-dev:amd64 (1:0.9.10-1.1build1) ...
Selecting previously unselected package manpages-dev.
Preparing to unpack .../143-manpages-dev_6.7-2_all.deb ...
Unpacking manpages-dev (6.7-2) ...
Selecting previously unselected package python3.12-dev.
Preparing to unpack .../144-python3.12-dev_3.12.3-1ubuntu0.17_amd64.deb ...
Unpacking python3.12-dev (3.12.3-1ubuntu0.17) ...
Selecting previously unselected package python3-dev.
Preparing to unpack .../145-python3-dev_3.12.3-0ubuntu2.1_amd64.deb ...
Unpacking python3-dev (3.12.3-0ubuntu2.1) ...
Selecting previously unselected package python3-setuptools.
Preparing to unpack .../146-python3-setuptools_68.1.2-2ubuntu1.2_all.deb ...
Unpacking python3-setuptools (68.1.2-2ubuntu1.2) ...
Selecting previously unselected package python3-wheel.
Preparing to unpack .../147-python3-wheel_0.42.0-2_all.deb ...
Unpacking python3-wheel (0.42.0-2) ...
Selecting previously unselected package python3-pip.
Preparing to unpack .../148-python3-pip_24.0+dfsg-1ubuntu1.3_all.deb ...
Unpacking python3-pip (24.0+dfsg-1ubuntu1.3) ...
Setting up media-types (10.1.0) ...
Setting up javascript-common (11+nmu1) ...
Setting up libsharpyuv0:amd64 (1.3.2-0.4build3) ...
Setting up libaom3:amd64 (3.8.2-2ubuntu0.2) ...
Setting up libxau6:amd64 (1:1.0.9-1build6) ...
Setting up libkeyutils1:amd64 (1.6.3-3build1) ...
Setting up lto-disabled-list (47) ...
Setting up liblerc4:amd64 (4.0.0+ds-4ubuntu2) ...
Setting up libgdbm6t64:amd64 (1.23-5.1build1) ...
Setting up libgdbm-compat4t64:amd64 (1.23-5.1build1) ...
Setting up xdg-user-dirs (0.18-1build1) ...
Setting up libcbor0.10:amd64 (0.10.2-1.2ubuntu2) ...
Setting up manpages (6.7-2) ...
Setting up libbrotli1:amd64 (1.1.0-2build2) ...
Setting up binutils-common:amd64 (2.42-4ubuntu2.10) ...
Setting up x11-common (1:7.7+23ubuntu3) ...
invoke-rc.d: could not determine current runlevel
invoke-rc.d: policy-rc.d denied execution of start.
Setting up libpsl5t64:amd64 (0.21.2-1.1build1) ...
Setting up libnghttp2-14:amd64 (1.59.0-1ubuntu0.4) ...
Setting up libdeflate0:amd64 (1.19-1build1.1) ...
Setting up less (590-2ubuntu2.1) ...
Setting up linux-libc-dev:amd64 (6.8.0-142.142) ...
Setting up libctf-nobfd0:amd64 (2.42-4ubuntu2.10) ...
Setting up krb5-locales (1.20.1-6ubuntu2.10) ...
Setting up libgomp1:amd64 (14.2.0-4ubuntu2~24.04.1) ...
Setting up bzip2 (1.0.8-5.1ubuntu0.1) ...
Setting up libpthread-stubs0-dev:amd64 (0.4-1build3) ...
Setting up libjbig0:amd64 (2.1-6.1ubuntu2) ...
Setting up libsframe1:amd64 (2.42-4ubuntu2.10) ...
Setting up libfakeroot:amd64 (1.33-1) ...
Setting up libjansson4:amd64 (2.14-2build2) ...
Setting up libkrb5support0:amd64 (1.20.1-6ubuntu2.10) ...
Setting up tzdata (2026c-0ubuntu0.24.04.1) ...

Current default time zone: 'Etc/UTC'
Local time is now:      Fri Sep 25 12:24:49 UTC 2026.
Universal Time is now:  Fri Sep 25 12:24:49 UTC 2026.
Run 'dpkg-reconfigure tzdata' if you wish to change it.

Setting up fakeroot (1.33-1) ...
update-alternatives: using /usr/bin/fakeroot-sysv to provide /usr/bin/fakeroot (fakeroot) in auto mode
update-alternatives: warning: skip creation of /usr/share/man/man1/fakeroot.1.gz because associated file /usr/share/man/man1/fakeroot-sysv.1.gz (of link group fakeroot) doesn't exist
update-alternatives: warning: skip creation of /usr/share/man/man1/faked.1.gz because associated file /usr/share/man/man1/faked-sysv.1.gz (of link group fakeroot) doesn't exist
update-alternatives: warning: skip creation of /usr/share/man/es/man1/fakeroot.1.gz because associated file /usr/share/man/es/man1/fakeroot-sysv.1.gz (of link group fakeroot) doesn't exist
update-alternatives: warning: skip creation of /usr/share/man/es/man1/faked.1.gz because associated file /usr/share/man/es/man1/faked-sysv.1.gz (of link group fakeroot) doesn't exist
update-alternatives: warning: skip creation of /usr/share/man/fr/man1/fakeroot.1.gz because associated file /usr/share/man/fr/man1/fakeroot-sysv.1.gz (of link group fakeroot) doesn't exist
update-alternatives: warning: skip creation of /usr/share/man/fr/man1/faked.1.gz because associated file /usr/share/man/fr/man1/faked-sysv.1.gz (of link group fakeroot) doesn't exist
update-alternatives: warning: skip creation of /usr/share/man/sv/man1/fakeroot.1.gz because associated file /usr/share/man/sv/man1/fakeroot-sysv.1.gz (of link group fakeroot) doesn't exist
update-alternatives: warning: skip creation of /usr/share/man/sv/man1/faked.1.gz because associated file /usr/share/man/sv/man1/faked-sysv.1.gz (of link group fakeroot) doesn't exist
Setting up xtrans-dev (1.4.0-1) ...
Setting up libglib2.0-0t64:amd64 (2.80.0-6ubuntu3.9) ...
No schema files found: doing nothing.
Setting up libglib2.0-data (2.80.0-6ubuntu3.9) ...
Setting up rpcsvc-proto (1.4.2-0ubuntu7) ...
Setting up gcc-13-base:amd64 (13.3.0-6ubuntu2~24.04.1) ...
Setting up libx11-data (2:1.8.7-1build1) ...
Setting up make (4.3-4.1build2) ...
Setting up libmpfr6:amd64 (4.2.1-1build1.1) ...
Setting up librtmp1:amd64 (2.4+20151223.gitfa8646d.1-2build7) ...
Setting up xz-utils (5.6.1+really5.4.5-1ubuntu0.3) ...
update-alternatives: using /usr/bin/xz to provide /usr/bin/lzma (lzma) in auto mode
update-alternatives: warning: skip creation of /usr/share/man/man1/lzma.1.gz because associated file /usr/share/man/man1/xz.1.gz (of link group lzma) doesn't exist
update-alternatives: warning: skip creation of /usr/share/man/man1/unlzma.1.gz because associated file /usr/share/man/man1/unxz.1.gz (of link group lzma) doesn't exist
update-alternatives: warning: skip creation of /usr/share/man/man1/lzcat.1.gz because associated file /usr/share/man/man1/xzcat.1.gz (of link group lzma) doesn't exist
update-alternatives: warning: skip creation of /usr/share/man/man1/lzmore.1.gz because associated file /usr/share/man/man1/xzmore.1.gz (of link group lzma) doesn't exist
update-alternatives: warning: skip creation of /usr/share/man/man1/lzless.1.gz because associated file /usr/share/man/man1/xzless.1.gz (of link group lzma) doesn't exist
update-alternatives: warning: skip creation of /usr/share/man/man1/lzdiff.1.gz because associated file /usr/share/man/man1/xzdiff.1.gz (of link group lzma) doesn't exist
update-alternatives: warning: skip creation of /usr/share/man/man1/lzcmp.1.gz because associated file /usr/share/man/man1/xzcmp.1.gz (of link group lzma) doesn't exist
update-alternatives: warning: skip creation of /usr/share/man/man1/lzgrep.1.gz because associated file /usr/share/man/man1/xzgrep.1.gz (of link group lzma) doesn't exist
update-alternatives: warning: skip creation of /usr/share/man/man1/lzegrep.1.gz because associated file /usr/share/man/man1/xzegrep.1.gz (of link group lzma) doesn't exist
update-alternatives: warning: skip creation of /usr/share/man/man1/lzfgrep.1.gz because associated file /usr/share/man/man1/xzfgrep.1.gz (of link group lzma) doesn't exist
Setting up perl-modules-5.38 (5.38.2-3.2ubuntu0.6) ...
Setting up libquadmath0:amd64 (14.2.0-4ubuntu2~24.04.1) ...
Setting up fonts-dejavu-mono (2.37-8) ...
Setting up libpng16-16t64:amd64 (1.6.43-5ubuntu0.6) ...
Setting up libmpc3:amd64 (1.3.1-1build1.1) ...
Setting up libatomic1:amd64 (14.2.0-4ubuntu2~24.04.1) ...
Setting up patch (2.7.6-7build3) ...
Setting up fonts-dejavu-core (2.37-8) ...
Setting up libk5crypto3:amd64 (1.20.1-6ubuntu2.10) ...
Setting up libjpeg-turbo8:amd64 (2.1.5-2ubuntu2) ...
Setting up libwebp7:amd64 (1.3.2-0.4build3) ...
Setting up libubsan1:amd64 (14.2.0-4ubuntu2~24.04.1) ...
Setting up libicu74:amd64 (74.2-1ubuntu3.1) ...
Setting up libhwasan0:amd64 (14.2.0-4ubuntu2~24.04.1) ...
Setting up libcrypt-dev:amd64 (1:4.4.36-4build1) ...
Setting up libasan8:amd64 (14.2.0-4ubuntu2~24.04.1) ...
Setting up git-man (1:2.43.0-1ubuntu7.3) ...
Setting up xorg-sgml-doctools (1:1.11-1.1) ...
Setting up netbase (6.4) ...
Setting up libkrb5-3:amd64 (1.20.1-6ubuntu2.10) ...
Setting up libperl5.38t64:amd64 (5.38.2-3.2ubuntu0.6) ...
Setting up libtsan2:amd64 (14.2.0-4ubuntu2~24.04.1) ...
Setting up libjs-jquery (3.6.1+dfsg+~3.5.14-1) ...
Setting up libbinutils:amd64 (2.42-4ubuntu2.10) ...
Setting up libfido2-1:amd64 (1.14.0-1build3) ...
Setting up libisl23:amd64 (0.26-3build1.1) ...
Setting up libc-dev-bin (2.39-0ubuntu8.9) ...
Setting up libbsd0:amd64 (0.12.1-1build1.1) ...
Setting up publicsuffix (20231001.0357-0.1) ...
Setting up libxml2:amd64 (2.9.14+dfsg-1.3ubuntu3.9) ...
Setting up libcc1-0:amd64 (14.2.0-4ubuntu2~24.04.1) ...
Setting up liblocale-gettext-perl (1.07-6ubuntu5) ...
Setting up liblsan0:amd64 (14.2.0-4ubuntu2~24.04.1) ...
Setting up libitm1:amd64 (14.2.0-4ubuntu2~24.04.1) ...
Setting up libjs-underscore (1.13.4~dfsg+~1.11.4-3) ...
Setting up libctf0:amd64 (2.42-4ubuntu2.10) ...
Setting up libjpeg8:amd64 (8c-2ubuntu11) ...
Setting up x11proto-dev (2023.2-1) ...
Setting up manpages-dev (6.7-2) ...
Setting up libice6:amd64 (2:1.0.10-1build3) ...
Setting up libxdmcp6:amd64 (1:1.1.3-0ubuntu6) ...
Setting up libxcb1:amd64 (1.15-1ubuntu2) ...
Setting up libxau-dev:amd64 (1:1.0.9-1build6) ...
Setting up libpython3.12-stdlib:amd64 (3.12.3-1ubuntu0.17) ...
Setting up cpp-13-x86-64-linux-gnu (13.3.0-6ubuntu2~24.04.1) ...
Setting up fontconfig-config (2.15.0-1.1ubuntu2) ...
Setting up python3.12 (3.12.3-1ubuntu0.17) ...
Setting up libedit2:amd64 (3.1-20230828-1build1) ...
Setting up libpython3.12t64:amd64 (3.12.3-1ubuntu0.17) ...
Setting up libxdmcp-dev:amd64 (1:1.1.3-0ubuntu6) ...
Setting up perl (5.38.2-3.2ubuntu0.6) ...
Setting up libgprofng0:amd64 (2.42-4ubuntu2.10) ...
Setting up libfreetype6:amd64 (2.13.2+dfsg-1ubuntu0.1) ...
Setting up shared-mime-info (2.4-4) ...
Setting up libgssapi-krb5-2:amd64 (1.20.1-6ubuntu2.10) ...
Setting up libjs-sphinxdoc (7.2.6-6) ...
Setting up libdpkg-perl (1.22.6ubuntu6.6) ...
Setting up libssh-4:amd64 (0.10.6-2ubuntu0.5) ...
Setting up libgcc-13-dev:amd64 (13.3.0-6ubuntu2~24.04.1) ...
Setting up libtiff6:amd64 (4.5.1+git230720-4ubuntu2.5) ...
Setting up libc6-dev:amd64 (2.39-0ubuntu8.9) ...
Setting up libx11-6:amd64 (2:1.8.7-1build1) ...
Setting up libfontconfig1:amd64 (2.15.0-1.1ubuntu2) ...
Setting up libsm6:amd64 (2:1.2.3-1build3) ...
Setting up libxmuu1:amd64 (2:1.1.3-3build2) ...
Setting up libstdc++-13-dev:amd64 (13.3.0-6ubuntu2~24.04.1) ...
Setting up libpython3-stdlib:amd64 (3.12.3-0ubuntu2.1) ...
Setting up binutils-x86-64-linux-gnu (2.42-4ubuntu2.10) ...
Setting up cpp-x86-64-linux-gnu (4:13.2.0-7ubuntu1) ...
Setting up libxcb1-dev:amd64 (1.15-1ubuntu2) ...
Setting up libxpm4:amd64 (1:3.5.17-1ubuntu0.24.04.1) ...
Setting up cpp-13 (13.3.0-6ubuntu2~24.04.1) ...
Setting up libxrender1:amd64 (1:0.9.10-1.1build1) ...
Setting up libfile-fcntllock-perl (0.22-4ubuntu5) ...
Setting up libalgorithm-diff-perl (1.201-1) ...
Setting up openssh-client (1:9.6p1-3ubuntu13.19) ...
Setting up gcc-13-x86-64-linux-gnu (13.3.0-6ubuntu2~24.04.1) ...
Setting up libx11-dev:amd64 (2:1.8.7-1build1) ...
Setting up libcurl3t64-gnutls:amd64 (8.5.0-2ubuntu10.15) ...
Setting up libxext6:amd64 (2:1.3.4-1build2) ...
Setting up python3 (3.12.3-0ubuntu2.1) ...
Setting up binutils (2.42-4ubuntu2.10) ...
Setting up python3-wheel (0.42.0-2) ...

1790339097295 aiagent01:gpu1 DEBUG Setting up dpkg-dev (1.22.6ubuntu6.6) ...
Setting up liberror-perl (0.17029-2) ...
Setting up libexpat1-dev:amd64 (2.6.1-2ubuntu0.6) ...
Setting up gcc-13 (13.3.0-6ubuntu2~24.04.1) ...
Setting up git (1:2.43.0-1ubuntu7.3) ...
Setting up zlib1g-dev:amd64 (1:1.3.dfsg-3.1ubuntu2.2) ...
Setting up xauth (1:1.1.2-1build1) ...
Setting up cpp (4:13.2.0-7ubuntu1) ...
Setting up libxrender-dev:amd64 (1:0.9.10-1.1build1) ...
Setting up libalgorithm-diff-xs-perl:amd64 (0.04-8build3) ...
Setting up libalgorithm-merge-perl (0.08-5) ...
Setting up python3-pkg-resources (68.1.2-2ubuntu1.2) ...
Setting up python3-setuptools (68.1.2-2ubuntu1.2) ...
Setting up g++-13-x86-64-linux-gnu (13.3.0-6ubuntu2~24.04.1) ...
Setting up gcc-x86-64-linux-gnu (4:13.2.0-7ubuntu1) ...
Setting up libpython3.12-dev:amd64 (3.12.3-1ubuntu0.17) ...
Setting up gcc (4:13.2.0-7ubuntu1) ...
Setting up python3.12-dev (3.12.3-1ubuntu0.17) ...
Setting up python3-pip (24.0+dfsg-1ubuntu1.3) ...
Setting up g++-x86-64-linux-gnu (4:13.2.0-7ubuntu1) ...
Setting up g++-13 (13.3.0-6ubuntu2~24.04.1) ...
Setting up libpython3-dev:amd64 (3.12.3-0ubuntu2.1) ...
Setting up python3-dev (3.12.3-0ubuntu2.1) ...
Setting up g++ (4:13.2.0-7ubuntu1) ...
update-alternatives: using /usr/bin/g++ to provide /usr/bin/c++ (c++) in auto mode
update-alternatives: warning: skip creation of /usr/share/man/man1/c++.1.gz because associated file /usr/share/man/man1/g++.1.gz (of link group c++) doesn't exist
Setting up build-essential (12.10ubuntu1) ...
Setting up libheif1:amd64 (1.17.6-1ubuntu4.8) ...
Setting up libgd3:amd64 (2.3.3-9ubuntu5) ...
Setting up libc-devtools (2.39-0ubuntu8.9) ...
Setting up libheif-plugin-aomdec:amd64 (1.17.6-1ubuntu4.8) ...
Setting up libheif-plugin-aomenc:amd64 (1.17.6-1ubuntu4.8) ...
Processing triggers for libc-bin (2.39-0ubuntu8.9) ...
Ignoring pip: markers 'python_version < "3.10"' don't match your environment
Ignoring pip: markers 'python_version >= "3.10" and python_version <= "3.11"' don't match your environment
Requirement already satisfied: pip<24.3,>=23 in /usr/lib/python3/dist-packages (24.0)
Collecting pip<24.3,>=23
  Using cached pip-24.2-py3-none-any.whl.metadata (3.6 kB)
Using cached pip-24.2-py3-none-any.whl (1.8 MB)
Installing collected packages: pip
  Attempting uninstall: pip
    Found existing installation: pip 24.0
[31mERROR: Cannot uninstall pip 24.0, RECORD file not found. Hint: The package was installed by debian.[0m[31m
[0mCollecting clearml-agent
  Using cached clearml_agent-3.0.3-py3-none-any.whl.metadata (21 kB)
Collecting psutil<7.3,>=3.4.2 (from clearml-agent)
  Downloading psutil-7.2.2-cp36-abi3-manylinux2010_x86_64.manylinux_2_12_x86_64.manylinux_2_28_x86_64.whl.metadata (22 kB)
Collecting urllib3<3,>=1.21.1 (from clearml-agent)
  Downloading urllib3-2.8.0-py3-none-any.whl.metadata (7.4 kB)
Collecting virtualenv<21,>=16 (from clearml-agent)
  Using cached virtualenv-20.39.1-py3-none-any.whl.metadata (3.5 kB)
Collecting requests<2.33,>=2.20.0 (from clearml-agent)
  Downloading requests-2.32.5-py3-none-any.whl.metadata (4.9 kB)
Requirement already satisfied: setuptools<82.0.0 in /usr/lib/python3/dist-packages (from clearml-agent) (68.1.2)
Collecting charset_normalizer<4,>=2 (from requests<2.33,>=2.20.0->clearml-agent)
  Downloading charset_normalizer-3.5.1-cp312-cp312-manylinux2014_x86_64.manylinux_2_17_x86_64.manylinux_2_28_x86_64.whl.metadata (45 kB)
[?25l     [90m━━━━━━━━━━━━━━━━━━━━━━━━━━━━━━━━━━━━━━━━[0m [32m0.0/45.9 kB[0m [31m?[0m eta [36m-:--:--[0m

1790339102548 aiagent01:gpu1 DEBUG [2K     [90m━━━━━━━━━━━━━━━━━━━━━━━━━━━━━━━━━━━━━━━━[0m [32m45.9/45.9 kB[0m [31m1.2 MB/s[0m eta [36m0:00:00[0m
[?25hCollecting idna<4,>=2.5 (from requests<2.33,>=2.20.0->clearml-agent)
  Downloading idna-3.20-py3-none-any.whl.metadata (7.2 kB)
Collecting certifi>=2017.4.17 (from requests<2.33,>=2.20.0->clearml-agent)
  Downloading certifi-2026.7.22-py3-none-any.whl.metadata (2.5 kB)
Collecting distlib<1,>=0.3.7 (from virtualenv<21,>=16->clearml-agent)
  Using cached distlib-0.4.3-py2.py3-none-any.whl.metadata (5.3 kB)
Collecting filelock<4,>=3.24.2 (from virtualenv<21,>=16->clearml-agent)
  Using cached filelock-3.32.7-py3-none-any.whl.metadata (2.0 kB)
Collecting platformdirs<5,>=3.9.1 (from virtualenv<21,>=16->clearml-agent)
  Using cached platformdirs-4.11.13-py3-none-any.whl.metadata (5.5 kB)
Using cached clearml_agent-3.0.3-py3-none-any.whl (1.4 MB)
Downloading psutil-7.2.2-cp36-abi3-manylinux2010_x86_64.manylinux_2_12_x86_64.manylinux_2_28_x86_64.whl (155 kB)
[2K   [90m━━━━━━━━━━━━━━━━━━━━━━━━━━━━━━━━━━━━━━━━[0m [32m155.6/155.6 kB[0m [31m1.8 MB/s[0m eta [36m0:00:00[0m
[?25hDownloading requests-2.32.5-py3-none-any.whl (64 kB)
[2K   [90m━━━━━━━━━━━━━━━━━━━━━━━━━━━━━━━━━━━━━━━━[0m [32m64.7/64.7 kB[0m [31m8.6 MB/s[0m eta [36m0:00:00[0m
[?25hDownloading urllib3-2.8.0-py3-none-any.whl (135 kB)
[2K   [90m━━━━━━━━━━━━━━━━━━━━━━━━━━━━━━━━━━━━━━━━[0m [32m135.7/135.7 kB[0m [31m6.8 MB/s[0m eta [36m0:00:00[0m
[?25hUsing cached virtualenv-20.39.1-py3-none-any.whl (5.8 MB)
Downloading certifi-2026.7.22-py3-none-any.whl (136 kB)
[2K   [90m━━━━━━━━━━━━━━━━━━━━━━━━━━━━━━━━━━━━━━━━[0m [32m137.0/137.0 kB[0m [31m7.9 MB/s[0m eta [36m0:00:00[0m
[?25hDownloading charset_normalizer-3.5.1-cp312-cp312-manylinux2014_x86_64.manylinux_2_17_x86_64.manylinux_2_28_x86_64.whl (248 kB)
[2K   [90m━━━━━━━━━━━━━━━━━━━━━━━━━━━━━━━━━━━━━━━━[0m [32m248.8/248.8 kB[0m [31m8.1 MB/s[0m eta [36m0:00:00[0m
[?25hUsing cached distlib-0.4.3-py2.py3-none-any.whl (470 kB)
Using cached filelock-3.32.7-py3-none-any.whl (100 kB)
Downloading idna-3.20-py3-none-any.whl (69 kB)
[2K   [90m━━━━━━━━━━━━━━━━━━━━━━━━━━━━━━━━━━━━━━━━[0m [32m69.6/69.6 kB[0m [31m13.5 MB/s[0m eta [36m0:00:00[0m
[?25hUsing cached platformdirs-4.11.13-py3-none-any.whl (25 kB)
Installing collected packages: distlib, urllib3, psutil, platformdirs, idna, filelock, charset_normalizer, certifi, virtualenv, requests, clearml-agent
Successfully installed certifi-2026.7.22 charset_normalizer-3.5.1 clearml-agent-3.0.3 distlib-0.4.3 filelock-3.32.7 idna-3.20 platformdirs-4.11.13 psutil-7.2.2 requests-2.32.5 urllib3-2.8.0 virtualenv-20.39.1
[33mWARNING: Running pip as the 'root' user can result in broken permissions and conflicting behaviour with the system package manager. It is recommended to use a virtual environment instead: https://pip.pypa.io/warnings/venv[0m[33m
[0mUsing custom configuration file from env var: /tmp/clearml.conf
/usr/local/lib/python3.12/dist-packages/urllib3/connection.py:1033: FutureWarning: 'ssl_version' option is deprecated and will be removed in urllib3 v3.0. Instead use 'ssl_minimum_version'
  context = create_urllib3_context(
Current configuration (clearml_agent v3.0.3, location: /tmp/clearml.conf):
----------------------
api.version = 1.5
api.verify_certificate = true
api.default_version = 1.5
api.http.max_req_size = 15728640
api.http.retries.total = 240
api.http.retries.connect = 240
api.http.retries.read = 240
api.http.retries.redirect = 240
api.http.retries.status = 240
api.http.retries.backoff_factor = 1.0
api.http.retries.backoff_max = 120.0
api.http.wait_on_maintenance_forever = true
api.http.pool_maxsize = 512
api.http.pool_connections = 512
api.auth.token_expiration_threshold_sec = ****
api.api_server = https://api.clearai.innopolis.university/
api.web_server = https://app.clearai.innopolis.university/
api.files_server = https://files.clearai.innopolis.university/
api.credentials.access_key = 55IBP6FXU9S3E8C5J46BUYOMLVGZFU
api.credentials.secret_key = ****
api.host = https://api.clearai.innopolis.university/
sdk.storage.cache.default_base_dir = /clearml_agent_cache
sdk.storage.cache.size.min_free_bytes = 10GB
sdk.storage.cache.disk_space_file_size_strategy.enabled = true
sdk.storage.cache.disk_space_file_size_strategy.size.max_used_bytes = 200GB
sdk.storage.cache.disk_space_file_size_strategy.size.min_free_bytes = 100GB
sdk.storage.cache.disk_space_file_size_strategy.size.cleanup_margin_percent = 10%
sdk.storage.cache.disk_space_file_size_strategy.zero_file_size_check = true
sdk.storage.direct_access.0.url = file://*
sdk.metrics.file_history_size = 100
sdk.metrics.matplotlib_untitled_history_size = 100
sdk.metrics.images.format = JPEG
sdk.metrics.images.quality = 87
sdk.metrics.images.subsampling = 0
sdk.metrics.tensorboard_single_series_per_graph = false
sdk.network.metrics.file_upload_threads = 4
sdk.network.metrics.file_upload_starvation_warning_sec = 120
sdk.network.iteration.max_retries_on_server_error = 5
sdk.network.iteration.retry_backoff_factor_sec = 10
sdk.aws.s3.key = 
sdk.aws.s3.secret = ****
sdk.aws.s3.region = 
sdk.aws.s3.credentials.0.host = api.blackhole2.ai.innopolis.university:443
sdk.aws.s3.credentials.0.key = clearml-agent
sdk.aws.s3.credentials.0.secret = ****
sdk.aws.s3.credentials.0.multipart = false
sdk.aws.s3.credentials.0.secure = true
sdk.aws.s3.credentials.0.verify = false
sdk.aws.boto3.pool_connections = 512
sdk.aws.boto3.max_multipart_concurrency = 16
sdk.log.null_log_propagate = false
sdk.log.task_log_buffer_capacity = 66
sdk.log.disable_urllib3_info = true
sdk.development.task_reuse_time_window_in_hours = 72.0
sdk.development.vcs_repo_detect_async = true
sdk.development.store_uncommitted_code_diff = true
sdk.development.support_stopping = true
sdk.development.default_output_uri = s3://api.blackhole2.ai.innopolis.university:443/clearml-example
sdk.development.force_analyze_entire_repo = false
sdk.development.suppress_update_message = false
sdk.development.detect_with_pip_freeze = false
sdk.development.worker.report_period_sec = 2
sdk.development.worker.ping_period_sec = 30
sdk.development.worker.log_stdout = true
sdk.development.worker.report_global_mem_used = false
agent.worker_id = aiagent01:gpu1
agent.worker_name = aiagent01
agent.force_git_ssh_protocol = false
agent.git_fetch_args.0 = --all
agent.git_fetch_args.1 = --tags
agent.git_fetch_args.2 = --recurse-submodules
agent.python_binary = 
agent.package_manager.type = pip
agent.package_manager.pip_version.0 = <20.2 ; python_version < '3.10'
agent.package_manager.pip_version.1 = <22.3 ; python_version >\= '3.10' and python_version <\= '3.11'
agent.package_manager.pip_version.2 = >\=23,<24.3 ; python_version >\= '3.12'
agent.package_manager.uv_sync_locked_if_lock_file = true
agent.package_manager.system_site_packages = true
agent.package_manager.force_upgrade = false
agent.package_manager.pip_legacy_resolver.0 = >\=20.3,<24.3
agent.package_manager.conda_channels.0 = pytorch
agent.package_manager.conda_channels.1 = conda-forge
agent.package_manager.conda_channels.2 = nvidia
agent.package_manager.conda_channels.3 = defaults
agent.package_manager.priority_optional_packages.0 = pygobject
agent.package_manager.torch_nightly = false
agent.package_manager.poetry_files_from_repo_working_dir = false
agent.package_manager.uv_files_from_repo_working_dir = false
agent.package_manager.conda_env_as_base_docker = false
agent.venvs_dir = /root/.clearml/venvs-builds
agent.venvs_cache.max_entries = 10
agent.venvs_cache.free_space_threshold_gb = 2.0
agent.venvs_cache.path = /root/.clearml/venvs-cache
agent.vcs_cache.enabled = true
agent.vcs_cache.path = /root/.clearml/vcs-cache
agent.pip_download_cache.enabled = true
agent.pip_download_cache.path = /root/.clearml/pip-download-cache
agent.translate_ssh = true
agent.translate_ssl_replacement_scheme = https
agent.reload_config = false
agent.docker_pip_cache = /root/.clearml/pip-cache
agent.docker_apt_cache = /root/.clearml/apt-cache.1
agent.forbidden_docker_args.0 = entrypoint
agent.bootstrap.use_bootstrap = true
agent.bootstrap.check_for_latest = false
agent.bootstrap.check_for_latest_timeout = 5
agent.bootstrap.host_bootstrap_dir = ~/.clearml.bootstrap
agent.bootstrap.host_bootstrap_cache_dir = ~/.clearml.bootstrap.cache
agent.bootstrap.skip_git_installation = true
agent.bootstrap.always_use_static_git = false
agent.bootstrap.always_install_ca_cert = true
agent.docker_force_pull = false
agent.default_docker.image = nvidia/cuda:12.9.1-cudnn-runtime-ubuntu24.04
agent.default_docker.update_back_task = true
agent.default_docker.match_rules.0.image = python:3.6-bullseye
agent.default_docker.match_rules.0.arguments = --ipc\=host
agent.default_docker.match_rules.0.update_back_task = true
agent.default_docker.match_rules.0.match.script.binary = python3.6$
agent.default_docker.match_rules.1.image = python:3.7-bullseye
agent.default_docker.match_rules.1.arguments = --ipc\=host
agent.default_docker.match_rules.1.update_back_task = true
agent.default_docker.match_rules.1.match.script.binary = python3.7$
agent.default_docker.match_rules.2.image = python:3.8-bullseye
agent.default_docker.match_rules.2.arguments = --ipc\=host
agent.default_docker.match_rules.2.match.script.binary = python3.8$
agent.default_docker.match_rules.3.image = python:3.9-bullseye
agent.default_docker.match_rules.3.arguments = --ipc\=host
agent.default_docker.match_rules.3.match.script.binary = python3.9$
agent.default_docker.match_rules.4.image = python:3.10-bullseye
agent.default_docker.match_rules.4.arguments = --ipc\=host
agent.default_docker.match_rules.4.match.script.binary = python3.10$
agent.default_docker.match_rules.5.image = python:3.11-bullseye
agent.default_docker.match_rules.5.arguments = --ipc\=host
agent.default_docker.match_rules.5.match.script.binary = python3.11$
agent.default_docker.match_rules.6.image = python:3.12-bullseye
agent.default_docker.match_rules.6.arguments = --ipc\=host
agent.default_docker.match_rules.6.match.script.binary = python3.12$
agent.default_docker.match_rules.7.image = python:3.13-bullseye
agent.default_docker.match_rules.7.arguments = --ipc\=host
agent.default_docker.match_rules.7.match.script.binary = python3.13$
agent.enable_task_env = false
agent.sanitize_config_printout = ****
agent.hide_docker_command_env_vars.enabled = true
agent.hide_docker_command_env_vars.parse_embedded_urls = true
agent.abort_callback_max_timeout = 1800
agent.docker_internal_mounts.bootstrap_folder = /.clearml.bootstrap
agent.docker_internal_mounts.bootstrap_cache = /.clearml.bootstrap.cache
agent.docker_internal_mounts.sdk_cache = /clearml_agent_cache
agent.docker_internal_mounts.apt_cache = /var/cache/apt/archives
agent.docker_internal_mounts.ssh_folder = ~/.ssh
agent.docker_internal_mounts.ssh_ro_folder = /.ssh
agent.docker_internal_mounts.pip_cache = /root/.cache/pip
agent.docker_internal_mounts.poetry_cache = /root/.cache/pypoetry
agent.docker_internal_mounts.vcs_cache = /root/.clearml/vcs-cache
agent.docker_internal_mounts.venvs_cache = /root/.clearml/venvs-cache
agent.docker_internal_mounts.venv_build = ~/.clearml/venvs-builds
agent.docker_internal_mounts.pip_download = /root/.clearml/pip-download-cache
agent.apply_environment = true
agent.docker_apply_environment_from_vault = true
agent.apply_files = true
agent.custom_build_script = 
agent.disable_task_docker_override = false
agent.venv_update.enabled = false
agent.git_user = azuredev.AI@uni
agent.git_pass = ****
agent.extra_docker_arguments.0 = --shm-size\=8g
agent.extra_docker_arguments.1 = --ipc\=host
agent.default_python = 3.12
agent.cuda_version = 129
agent.cudnn_version = 0

Executing task id [c5680567c84d44829f0906fbb18272db]:
repository = https://github.com/EgorSavchenko-web/icv2026-plant-disease.git
branch = main
version_num = d753735eb476029369d2b3b8eeebea1bf08740e8
tag = 
docker_cmd = nvidia/cuda:12.9.1-cudnn-runtime-ubuntu24.04
entry_point = 3_plant_disease_resnet50.py
working_dir = .

INFO: acquiring lock [timeout=30.0s] for cache folder: /root/.clearml/venvs-cache
created virtual environment CPython3.12.3.final.0-64-x86_64 in 261ms
  creator CPython3Posix(dest=/root/.clearml/venvs-builds/3.12, clear=False, no_vcs_ignore=False, global=True)
  seeder FromAppData(download=False, pip=bundle, via=copy, app_data_dir=/root/.cache/virtualenv)
    added seed packages: pip==26.0.1
  activators BashActivator,CShellActivator,FishActivator,NushellActivator,PowerShellActivator,PythonActivator


INFO: acquiring [timeout=300s] lock for repo cache folder
cloning: https://github.com/EgorSavchenko-web/icv2026-plant-disease.git

1790339152591 aiagent01:gpu1 DEBUG 
pulling git
pulling git completed

1790339157759 aiagent01:gpu1 DEBUG Note: switching to 'd753735eb476029369d2b3b8eeebea1bf08740e8'.

You are in 'detached HEAD' state. You can look around, make experimental
changes and commit them, and you can discard any commits you make in this
state without impacting any branches by switching back to a branch.

If you want to create a new branch to retain commits you create, you may
do so (now or later) by using -c with the switch command. Example:

  git switch -c <new-branch-name>

Or undo this operation with:

  git switch -

Turn off this advice by setting config variable advice.detachedHead to false

HEAD is now at d753735 Fix BatchNorm handling, add linear probe mode, Gaussian noise control and statistics
type: git
url: https://github.com/EgorSavchenko-web/icv2026-plant-disease.git
branch: HEAD
commit: d753735eb476029369d2b3b8eeebea1bf08740e8
root: /root/.clearml/venvs-builds/3.12/task_repository/icv2026-plant-disease.git


Ignoring pip: markers 'python_version < "3.10"' don't match your environment
Ignoring pip: markers 'python_version >= "3.10" and python_version <= "3.11"' don't match your environment
Collecting pip<24.3,>=23
  Using cached pip-24.2-py3-none-any.whl.metadata (3.6 kB)
Using cached pip-24.2-py3-none-any.whl (1.8 MB)
Installing collected packages: pip
  Attempting uninstall: pip
    Found existing installation: pip 26.0.1
    Uninstalling pip-26.0.1:
      Successfully uninstalled pip-26.0.1
Successfully installed pip-24.2
INFO: Using legacy resolver for PIP to avoid inconsistency with package versions!
Collecting numpy>=1.26
  Downloading numpy-2.5.3-cp312-cp312-manylinux_2_27_x86_64.manylinux_2_28_x86_64.whl (16.7 MB)
[2K     [90m━━━━━━━━━━━━━━━━━━━━━━━━━━━━━━━━━━━━━━━━[0m [32m16.7/16.7 MB[0m [31m34.7 MB/s[0m eta [36m0:00:00[0m
[?25hInstalling collected packages: numpy

1790339162808 aiagent01:gpu1 DEBUG Successfully installed numpy-2.5.3
Torch CUDA 129 index page found, adding `https://download.pytorch.org/whl/cu129/`
PyTorch: Adding index `https://download.pytorch.org/whl/cu129/` and installing `torch ==2.10.0.*`
PyTorch: Adding index `https://download.pytorch.org/whl/cu129/` and installing `torchvision ==0.25.0.*`
Looking in indexes: https://pypi.org/simple, https://download.pytorch.org/whl/cu129/
Collecting boto3 (from -r /tmp/cached-reqsa2kd15zo.txt (line 2))
  Using cached boto3-1.43.102-py3-none-any.whl (140 kB)
Requirement already satisfied: numpy>=1.26 in /root/.clearml/venvs-builds/3.12/lib/python3.12/site-packages (from -r /tmp/cached-reqsa2kd15zo.txt (line 3)) (2.5.3)
Collecting scikit-learn>=1.4 (from -r /tmp/cached-reqsa2kd15zo.txt (line 4))
  Using cached scikit_learn-1.9.1-cp312-cp312-manylinux_2_27_x86_64.manylinux_2_28_x86_64.whl (9.2 MB)
Collecting matplotlib>=3.8 (from -r /tmp/cached-reqsa2kd15zo.txt (line 5))
  Using cached matplotlib-3.11.2-cp312-cp312-manylinux2014_x86_64.manylinux_2_17_x86_64.whl (9.9 MB)
Collecting torch==2.10.0.* (from -r /tmp/cached-reqsa2kd15zo.txt (line 6))

1790339167886 aiagent01:gpu1 DEBUG   Downloading https://download-r2.pytorch.org/whl/cu129/torch-2.10.0%2Bcu129-cp312-cp312-manylinux_2_28_x86_64.whl (1278.0 MB)
[2K     [91m━━━━━━━━━━━━━━[0m[90m╺[0m[90m━━━━━━━━━━━━━━━━━━━━━━━━━[0m [32m0.4/1.3 GB[0m [31m100.2 MB/s[0m eta [36m0:00:09[0m

1790339172971 aiagent01:gpu1 DEBUG [2K     [91m━━━━━━━━━━━━━━━━━━━━━━━━━━━━━[0m[91m╸[0m[90m━━━━━━━━━━[0m [32m0.9/1.3 GB[0m [31m99.4 MB/s[0m eta [36m0:00:04[0m

1790339178068 aiagent01:gpu1 DEBUG [2K     [90m━━━━━━━━━━━━━━━━━━━━━━━━━━━━━━━━━━━━━━━━[0m [32m1.3/1.3 GB[0m [31m61.1 MB/s[0m eta [36m0:00:00[0m
[?25h

1790339183168 aiagent01:gpu1 DEBUG Collecting torchvision==0.25.0.* (from -r /tmp/cached-reqsa2kd15zo.txt (line 7))
  Downloading https://download-r2.pytorch.org/whl/cu129/torchvision-0.25.0%2Bcu129-cp312-cp312-manylinux_2_28_x86_64.whl (9.1 MB)
[2K     [90m━━━━━━━━━━━━━━━━━━━━━━━━━━━━━━━━━━━━━━━━[0m [32m9.1/9.1 MB[0m [31m91.3 MB/s[0m eta [36m0:00:00[0m
[?25hCollecting clearml>=2.1 (from -r /tmp/cached-reqsa2kd15zo.txt (line 8))
  Using cached clearml-2.1.12-py2.py3-none-any.whl (1.4 MB)
Collecting botocore<1.44.0,>=1.43.102 (from boto3->-r /tmp/cached-reqsa2kd15zo.txt (line 2))
  Using cached botocore-1.43.102-py3-none-any.whl (15.9 MB)
Collecting jmespath<2.0.0,>=0.7.1 (from boto3->-r /tmp/cached-reqsa2kd15zo.txt (line 2))
  Using cached jmespath-1.1.0-py3-none-any.whl (20 kB)
Collecting s3transfer<0.20.0,>=0.19.0 (from boto3->-r /tmp/cached-reqsa2kd15zo.txt (line 2))
  Using cached s3transfer-0.19.2-py3-none-any.whl (90 kB)
Collecting scipy>=1.10.0 (from scikit-learn>=1.4->-r /tmp/cached-reqsa2kd15zo.txt (line 4))
  Using cached scipy-1.18.1-cp312-cp312-manylinux_2_27_x86_64.manylinux_2_28_x86_64.whl (35.3 MB)
Collecting joblib>=1.4.0 (from scikit-learn>=1.4->-r /tmp/cached-reqsa2kd15zo.txt (line 4))
  Using cached joblib-1.6.0-py3-none-any.whl (306 kB)

1790339188308 aiagent01:gpu1 DEBUG Collecting narwhals>=2.0.1 (from scikit-learn>=1.4->-r /tmp/cached-reqsa2kd15zo.txt (line 4))
  Using cached narwhals-2.26.0-py3-none-any.whl (474 kB)
Collecting threadpoolctl>=3.5.0 (from scikit-learn>=1.4->-r /tmp/cached-reqsa2kd15zo.txt (line 4))
  Using cached threadpoolctl-3.7.0-py3-none-any.whl (26 kB)
Collecting contourpy>=1.0.1 (from matplotlib>=3.8->-r /tmp/cached-reqsa2kd15zo.txt (line 5))
  Using cached contourpy-1.4.0-cp312-cp312-manylinux_2_27_x86_64.manylinux_2_28_x86_64.whl (383 kB)
Collecting cycler>=0.10 (from matplotlib>=3.8->-r /tmp/cached-reqsa2kd15zo.txt (line 5))
  Using cached cycler-0.12.1-py3-none-any.whl (8.3 kB)
Collecting fonttools>=4.28.2 (from matplotlib>=3.8->-r /tmp/cached-reqsa2kd15zo.txt (line 5))
  Using cached fonttools-4.66.0-cp312-cp312-manylinux2014_x86_64.manylinux_2_17_x86_64.whl (5.4 MB)
Collecting kiwisolver>=1.3.1 (from matplotlib>=3.8->-r /tmp/cached-reqsa2kd15zo.txt (line 5))
  Using cached kiwisolver-1.5.1-cp312-cp312-manylinux2014_x86_64.manylinux_2_17_x86_64.whl (1.5 MB)
Collecting packaging>=20.0 (from matplotlib>=3.8->-r /tmp/cached-reqsa2kd15zo.txt (line 5))
  Downloading packaging-26.3-py3-none-any.whl (129 kB)

1790339193398 aiagent01:gpu1 DEBUG Collecting pillow>=9 (from matplotlib>=3.8->-r /tmp/cached-reqsa2kd15zo.txt (line 5))
  Downloading pillow-12.3.0-cp312-cp312-manylinux_2_27_x86_64.manylinux_2_28_x86_64.whl (6.9 MB)
[2K     [90m━━━━━━━━━━━━━━━━━━━━━━━━━━━━━━━━━━━━━━━━[0m [32m6.9/6.9 MB[0m [31m2.5 MB/s[0m eta [36m0:00:00[0m
[?25hCollecting pyparsing>=3 (from matplotlib>=3.8->-r /tmp/cached-reqsa2kd15zo.txt (line 5))
  Using cached pyparsing-3.3.3-py3-none-any.whl (126 kB)
Collecting python-dateutil>=2.7 (from matplotlib>=3.8->-r /tmp/cached-reqsa2kd15zo.txt (line 5))
  Using cached python_dateutil-2.9.0.post0-py2.py3-none-any.whl (229 kB)
Requirement already satisfied: filelock in /usr/local/lib/python3.12/dist-packages (from torch==2.10.0.*->-r /tmp/cached-reqsa2kd15zo.txt (line 6)) (3.32.7)
Collecting typing-extensions>=4.10.0 (from torch==2.10.0.*->-r /tmp/cached-reqsa2kd15zo.txt (line 6))
  Downloading typing_extensions-4.16.0-py3-none-any.whl (45 kB)
Requirement already satisfied: setuptools; python_version >= "3.12" in /usr/lib/python3/dist-packages (from torch==2.10.0.*->-r /tmp/cached-reqsa2kd15zo.txt (line 6)) (68.1.2)
Collecting sympy>=1.13.3 (from torch==2.10.0.*->-r /tmp/cached-reqsa2kd15zo.txt (line 6))
  Downloading sympy-1.14.0-py3-none-any.whl (6.3 MB)
[?25l     [90m━━━━━━━━━━━━━━━━━━━━━━━━━━━━━━━━━━━━━━━━[0m [32m0.0/6.3 MB[0m [31m?[0m eta [36m-:--:--[0m

1790339198482 aiagent01:gpu1 DEBUG [2K     [90m━━━━━━━━━━━━━━━━━━━━━━━━━━━━━━━━━━━━━━━━[0m [32m6.3/6.3 MB[0m [31m7.7 MB/s[0m eta [36m0:00:00[0m
[?25hCollecting networkx>=2.5.1 (from torch==2.10.0.*->-r /tmp/cached-reqsa2kd15zo.txt (line 6))
  Downloading networkx-3.7-py3-none-any.whl (2.1 MB)
[2K     [90m━━━━━━━━━━━━━━━━━━━━━━━━━━━━━━━━━━━━━━━━[0m [32m2.1/2.1 MB[0m [31m9.8 MB/s[0m eta [36m0:00:00[0m
[?25hCollecting jinja2 (from torch==2.10.0.*->-r /tmp/cached-reqsa2kd15zo.txt (line 6))
  Downloading jinja2-3.1.6-py3-none-any.whl (134 kB)
Collecting fsspec>=0.8.5 (from torch==2.10.0.*->-r /tmp/cached-reqsa2kd15zo.txt (line 6))
  Downloading fsspec-2026.9.0-py3-none-any.whl (221 kB)
Collecting cuda-bindings==12.9.4; platform_system == "Linux" (from torch==2.10.0.*->-r /tmp/cached-reqsa2kd15zo.txt (line 6))
  Downloading cuda_bindings-12.9.4-cp312-cp312-manylinux_2_24_x86_64.manylinux_2_28_x86_64.whl (12.2 MB)
[2K     [90m━━━━━━━━━━━━━━━━━━━━━━━━━━━━━━━━━━━━━━━━[0m [32m12.2/12.2 MB[0m [31m9.6 MB/s[0m eta [36m0:00:00[0m
[?25hCollecting nvidia-cuda-nvrtc-cu12==12.9.86; platform_system == "Linux" (from torch==2.10.0.*->-r /tmp/cached-reqsa2kd15zo.txt (line 6))
  Downloading nvidia_cuda_nvrtc_cu12-12.9.86-py3-none-manylinux2010_x86_64.manylinux_2_12_x86_64.whl (89.6 MB)
[2K     [91m━━[0m[90m╺[0m[90m━━━━━━━━━━━━━━━━━━━━━━━━━━━━━━━━━━━━━[0m [32m5.5/89.6 MB[0m [31m9.1 MB/s[0m eta [36m0:00:10[0m

1790339203543 aiagent01:gpu1 DEBUG [2K     [91m━━━━━━━━━━━━━━━━━━━━━━━━━━━[0m[90m╺[0m[90m━━━━━━━━━━━━[0m [32m61.3/89.6 MB[0m [31m10.9 MB/s[0m eta [36m0:00:03[0m

1790339208632 aiagent01:gpu1 DEBUG [2K     [90m━━━━━━━━━━━━━━━━━━━━━━━━━━━━━━━━━━━━━━━━[0m [32m89.6/89.6 MB[0m [31m10.5 MB/s[0m eta [36m0:00:00[0m
[?25hCollecting nvidia-cuda-runtime-cu12==12.9.79; platform_system == "Linux" (from torch==2.10.0.*->-r /tmp/cached-reqsa2kd15zo.txt (line 6))
  Downloading nvidia_cuda_runtime_cu12-12.9.79-py3-none-manylinux2014_x86_64.manylinux_2_17_x86_64.whl (3.5 MB)
[2K     [90m━━━━━━━━━━━━━━━━━━━━━━━━━━━━━━━━━━━━━━━━[0m [32m3.5/3.5 MB[0m [31m12.4 MB/s[0m eta [36m0:00:00[0m
[?25hCollecting nvidia-cuda-cupti-cu12==12.9.79; platform_system == "Linux" (from torch==2.10.0.*->-r /tmp/cached-reqsa2kd15zo.txt (line 6))
  Downloading nvidia_cuda_cupti_cu12-12.9.79-py3-none-manylinux_2_25_x86_64.whl (10.8 MB)
[2K     [90m━━━━━━━━━━━━━━━━━━━━━━━━━━━━━━━━━━━━━━━━[0m [32m10.8/10.8 MB[0m [31m12.5 MB/s[0m eta [36m0:00:00[0m
[?25hCollecting nvidia-cudnn-cu12==9.10.2.21; platform_system == "Linux" (from torch==2.10.0.*->-r /tmp/cached-reqsa2kd15zo.txt (line 6))
  Downloading nvidia_cudnn_cu12-9.10.2.21-py3-none-manylinux_2_27_x86_64.whl (706.8 MB)
[2K     [90m━━━━━━━━━━━━━━━━━━━━━━━━━━━━━━━━━━━━━━━━[0m [32m2.6/706.8 MB[0m [31m13.1 MB/s[0m eta [36m0:00:54[0m

1790339213704 aiagent01:gpu1 DEBUG [2K     [91m━━━━[0m[90m╺[0m[90m━━━━━━━━━━━━━━━━━━━━━━━━━━━━━━━━━━[0m [32m72.6/706.8 MB[0m [31m13.9 MB/s[0m eta [36m0:00:46[0m

1790339218820 aiagent01:gpu1 DEBUG [2K     [91m━━━━━━━[0m[91m╸[0m[90m━━━━━━━━━━━━━━━━━━━━━━━━━━━━━━[0m [32m139.7/706.8 MB[0m [31m13.3 MB/s[0m eta [36m0:00:43[0m

1790339223900 aiagent01:gpu1 DEBUG [2K     [91m━━━━━━━━━━━[0m[90m╺[0m[90m━━━━━━━━━━━━━━━━━━━━━━━━━━[0m [32m210.8/706.8 MB[0m [31m13.6 MB/s[0m eta [36m0:00:37[0m

1790339229026 aiagent01:gpu1 DEBUG [2K     [91m━━━━━━━━━━━━━━[0m[91m╸[0m[90m━━━━━━━━━━━━━━━━━━━━━━━[0m [32m272.4/706.8 MB[0m [31m13.2 MB/s[0m eta [36m0:00:33[0m

1790339234114 aiagent01:gpu1 DEBUG [2K     [91m━━━━━━━━━━━━━━━━[0m[90m╺[0m[90m━━━━━━━━━━━━━━━━━━━━━[0m [32m301.2/706.8 MB[0m [31m11.5 MB/s[0m eta [36m0:00:36[0m

1790339239211 aiagent01:gpu1 DEBUG [2K     [91m━━━━━━━━━━━━━━━━━[0m[91m╸[0m[90m━━━━━━━━━━━━━━━━━━━━[0m [32m332.9/706.8 MB[0m [31m10.2 MB/s[0m eta [36m0:00:37[0m

1790339244291 aiagent01:gpu1 DEBUG [2K     [91m━━━━━━━━━━━━━━━━━━━━[0m[91m╸[0m[90m━━━━━━━━━━━━━━━━━━[0m [32m380.1/706.8 MB[0m [31m9.5 MB/s[0m eta [36m0:00:35[0m

1790339249399 aiagent01:gpu1 DEBUG [2K     [91m━━━━━━━━━━━━━━━━━━━━━━━━━━[0m[91m╸[0m[90m━━━━━━━━━━━[0m [32m494.4/706.8 MB[0m [31m10.9 MB/s[0m eta [36m0:00:20[0m

1790339254524 aiagent01:gpu1 DEBUG [2K     [90m━━━━━━━━━━━━━━━━━━━━━━━━━━━━━━━━━━━━━━[0m [32m706.8/706.8 MB[0m [31m38.2 MB/s[0m eta [36m0:00:00[0m
[?25h

1790339259652 aiagent01:gpu1 DEBUG Collecting nvidia-cublas-cu12==12.9.1.4; platform_system == "Linux" (from torch==2.10.0.*->-r /tmp/cached-reqsa2kd15zo.txt (line 6))
  Downloading nvidia_cublas_cu12-12.9.1.4-py3-none-manylinux_2_27_x86_64.whl (581.2 MB)
[2K     [91m━━━━━━━━━━━━━━━[0m[91m╸[0m[90m━━━━━━━━━━━━━━━━━━━━━━[0m [32m238.3/581.2 MB[0m [31m59.1 MB/s[0m eta [36m0:00:06[0m

1790339264724 aiagent01:gpu1 DEBUG [2K     [91m━━━━━━━━━━━━━━━━━━━━━━━━━━━━━━━━━━[0m[91m╸[0m[90m━━━[0m [32m532.7/581.2 MB[0m [31m58.8 MB/s[0m eta [36m0:00:01[0m

1790339269829 aiagent01:gpu1 DEBUG [2K     [90m━━━━━━━━━━━━━━━━━━━━━━━━━━━━━━━━━━━━━━[0m [32m581.2/581.2 MB[0m [31m50.4 MB/s[0m eta [36m0:00:00[0m
[?25hCollecting nvidia-cufft-cu12==11.4.1.4; platform_system == "Linux" (from torch==2.10.0.*->-r /tmp/cached-reqsa2kd15zo.txt (line 6))
  Downloading nvidia_cufft_cu12-11.4.1.4-py3-none-manylinux2014_x86_64.manylinux_2_17_x86_64.whl (200.9 MB)
[2K     [91m━━━━━━━━━━━━━━━━━━━━━━━━━━━━━━━━━━━[0m[90m╺[0m[90m━━[0m [32m185.6/200.9 MB[0m [31m65.7 MB/s[0m eta [36m0:00:01[0m

1790339274935 aiagent01:gpu1 DEBUG [2K     [90m━━━━━━━━━━━━━━━━━━━━━━━━━━━━━━━━━━━━━━[0m [32m200.9/200.9 MB[0m [31m59.0 MB/s[0m eta [36m0:00:00[0m
[?25hCollecting nvidia-curand-cu12==10.3.10.19; platform_system == "Linux" (from torch==2.10.0.*->-r /tmp/cached-reqsa2kd15zo.txt (line 6))
  Downloading nvidia_curand_cu12-10.3.10.19-py3-none-manylinux_2_27_x86_64.whl (68.3 MB)
[2K     [90m━━━━━━━━━━━━━━━━━━━━━━━━━━━━━━━━━━━━━━━━[0m [32m68.3/68.3 MB[0m [31m46.0 MB/s[0m eta [36m0:00:00[0m
[?25hCollecting nvidia-cusolver-cu12==11.7.5.82; platform_system == "Linux" (from torch==2.10.0.*->-r /tmp/cached-reqsa2kd15zo.txt (line 6))
  Downloading nvidia_cusolver_cu12-11.7.5.82-py3-none-manylinux_2_27_x86_64.whl (338.1 MB)
[2K     [91m━━━━━━━━━━[0m[91m╸[0m[90m━━━━━━━━━━━━━━━━━━━━━━━━━━━━[0m [32m94.1/338.1 MB[0m [31m42.3 MB/s[0m eta [36m0:00:06[0m

1790339279999 aiagent01:gpu1 DEBUG [2K     [91m━━━━━━━━━━━━━━━━━━━━━━━━━━━━━━━━━━━━━[0m[91m╸[0m [32m337.9/338.1 MB[0m [31m50.9 MB/s[0m eta [36m0:00:01[0m

1790339285079 aiagent01:gpu1 DEBUG [2K     [90m━━━━━━━━━━━━━━━━━━━━━━━━━━━━━━━━━━━━━━[0m [32m338.1/338.1 MB[0m [31m46.4 MB/s[0m eta [36m0:00:00[0m
[?25hCollecting nvidia-cusparse-cu12==12.5.10.65; platform_system == "Linux" (from torch==2.10.0.*->-r /tmp/cached-reqsa2kd15zo.txt (line 6))
  Downloading nvidia_cusparse_cu12-12.5.10.65-py3-none-manylinux2014_x86_64.manylinux_2_17_x86_64.whl (366.5 MB)
[2K     [91m━━━━━━━━━━━━━━━━━━━━━━━━━[0m[91m╸[0m[90m━━━━━━━━━━━━[0m [32m248.0/366.5 MB[0m [31m56.0 MB/s[0m eta [36m0:00:03[0m

1790339290154 aiagent01:gpu1 DEBUG [2K     [90m━━━━━━━━━━━━━━━━━━━━━━━━━━━━━━━━━━━━━━[0m [32m366.5/366.5 MB[0m [31m50.3 MB/s[0m eta [36m0:00:00[0m
[?25hCollecting nvidia-cusparselt-cu12==0.7.1; platform_system == "Linux" (from torch==2.10.0.*->-r /tmp/cached-reqsa2kd15zo.txt (line 6))
  Downloading nvidia_cusparselt_cu12-0.7.1-py3-none-manylinux2014_x86_64.whl (287.2 MB)
[2K     [91m━━━━━━━━━━━━━[0m[90m╺[0m[90m━━━━━━━━━━━━━━━━━━━━━━━━[0m [32m101.4/287.2 MB[0m [31m56.0 MB/s[0m eta [36m0:00:04[0m

1790339295281 aiagent01:gpu1 DEBUG [2K     [90m━━━━━━━━━━━━━━━━━━━━━━━━━━━━━━━━━━━━━━[0m [32m287.2/287.2 MB[0m [31m42.3 MB/s[0m eta [36m0:00:00[0m
[?25h

1790339300638 aiagent01:gpu1 DEBUG Collecting nvidia-nccl-cu12==2.27.5; platform_system == "Linux" (from torch==2.10.0.*->-r /tmp/cached-reqsa2kd15zo.txt (line 6))
  Downloading nvidia_nccl_cu12-2.27.5-py3-none-manylinux2014_x86_64.manylinux_2_17_x86_64.whl (322.3 MB)
[2K     [91m━━━━━━━━━━━━━━━━━━━━[0m[90m╺[0m[90m━━━━━━━━━━━━━━━━━[0m [32m170.1/322.3 MB[0m [31m36.7 MB/s[0m eta [36m0:00:05[0m

1790339305736 aiagent01:gpu1 DEBUG [2K     [90m━━━━━━━━━━━━━━━━━━━━━━━━━━━━━━━━━━━━━━[0m [32m322.3/322.3 MB[0m [31m35.2 MB/s[0m eta [36m0:00:00[0m
[?25hCollecting nvidia-nvshmem-cu12==3.4.5; platform_system == "Linux" (from torch==2.10.0.*->-r /tmp/cached-reqsa2kd15zo.txt (line 6))
  Downloading nvidia_nvshmem_cu12-3.4.5-py3-none-manylinux2014_x86_64.manylinux_2_17_x86_64.whl (139.1 MB)
[?25l     [90m━━━━━━━━━━━━━━━━━━━━━━━━━━━━━━━━━━━━━━━━[0m [32m0.0/139.1 MB[0m [31m?[0m eta [36m-:--:--[0m

1790339310815 aiagent01:gpu1 DEBUG [2K     [90m━━━━━━━━━━━━━━━━━━━━━━━━━━━━━━━━━━━━━━[0m [32m139.1/139.1 MB[0m [31m36.1 MB/s[0m eta [36m0:00:00[0m
[?25hCollecting nvidia-nvtx-cu12==12.9.79; platform_system == "Linux" (from torch==2.10.0.*->-r /tmp/cached-reqsa2kd15zo.txt (line 6))
  Downloading nvidia_nvtx_cu12-12.9.79-py3-none-manylinux1_x86_64.manylinux_2_5_x86_64.whl (85 kB)
Collecting nvidia-nvjitlink-cu12==12.9.86; platform_system == "Linux" (from torch==2.10.0.*->-r /tmp/cached-reqsa2kd15zo.txt (line 6))
  Downloading nvidia_nvjitlink_cu12-12.9.86-py3-none-manylinux2010_x86_64.manylinux_2_12_x86_64.whl (39.7 MB)
[2K     [91m━━━━━━━━━━━━━━━━━━━━━━━[0m[90m╺[0m[90m━━━━━━━━━━━━━━━━[0m [32m23.3/39.7 MB[0m [31m38.7 MB/s[0m eta [36m0:00:01[0m

1790339315948 aiagent01:gpu1 DEBUG [2K     [90m━━━━━━━━━━━━━━━━━━━━━━━━━━━━━━━━━━━━━━━━[0m [32m39.7/39.7 MB[0m [31m36.4 MB/s[0m eta [36m0:00:00[0m
[?25hCollecting nvidia-cufile-cu12==1.14.1.1; platform_system == "Linux" (from torch==2.10.0.*->-r /tmp/cached-reqsa2kd15zo.txt (line 6))
  Downloading nvidia_cufile_cu12-1.14.1.1-py3-none-manylinux2014_x86_64.manylinux_2_17_x86_64.whl (1.2 MB)
[2K     [90m━━━━━━━━━━━━━━━━━━━━━━━━━━━━━━━━━━━━━━━━[0m [32m1.2/1.2 MB[0m [31m25.2 MB/s[0m eta [36m0:00:00[0m
[?25hCollecting triton==3.6.0; platform_system == "Linux" (from torch==2.10.0.*->-r /tmp/cached-reqsa2kd15zo.txt (line 6))
  Downloading triton-3.6.0-cp312-cp312-manylinux_2_27_x86_64.manylinux_2_28_x86_64.whl (188.3 MB)
[2K     [91m━━━━━━━━━━━━━━━━━━━━━━━━━━━━[0m[90m╺[0m[90m━━━━━━━━━[0m [32m141.0/188.3 MB[0m [31m34.6 MB/s[0m eta [36m0:00:02[0m

1790339321107 aiagent01:gpu1 DEBUG [2K     [90m━━━━━━━━━━━━━━━━━━━━━━━━━━━━━━━━━━━━━━[0m [32m188.3/188.3 MB[0m [31m33.0 MB/s[0m eta [36m0:00:00[0m
[?25hCollecting attrs>=18.0 (from clearml>=2.1->-r /tmp/cached-reqsa2kd15zo.txt (line 8))
  Using cached attrs-26.1.0-py3-none-any.whl (67 kB)
Collecting furl>=2.0.0 (from clearml>=2.1->-r /tmp/cached-reqsa2kd15zo.txt (line 8))
  Using cached furl-2.1.4-py2.py3-none-any.whl (27 kB)
Collecting jsonschema>=2.6.0 (from clearml>=2.1->-r /tmp/cached-reqsa2kd15zo.txt (line 8))
  Using cached jsonschema-4.26.0-py3-none-any.whl (90 kB)
Collecting pathlib2>=2.3.0 (from clearml>=2.1->-r /tmp/cached-reqsa2kd15zo.txt (line 8))
  Using cached pathlib2-2.3.7.post1-py2.py3-none-any.whl (18 kB)
Requirement already satisfied: psutil>=3.4.2 in /usr/local/lib/python3.12/dist-packages (from clearml>=2.1->-r /tmp/cached-reqsa2kd15zo.txt (line 8)) (7.2.2)
Collecting pyjwt<3.0.0,>=2.4.0 (from clearml>=2.1->-r /tmp/cached-reqsa2kd15zo.txt (line 8))
  Using cached pyjwt-2.15.0-py3-none-any.whl (33 kB)
Collecting PyYAML>=3.12 (from clearml>=2.1->-r /tmp/cached-reqsa2kd15zo.txt (line 8))
  Downloading pyyaml-6.0.3-cp312-cp312-manylinux2014_x86_64.manylinux_2_17_x86_64.manylinux_2_28_x86_64.whl (807 kB)
[2K     [90m━━━━━━━━━━━━━━━━━━━━━━━━━━━━━━━━━━━━━━[0m [32m807.9/807.9 kB[0m [31m37.5 MB/s[0m eta [36m0:00:00[0m
[?25h

1790339326208 aiagent01:gpu1 DEBUG Collecting six>=1.16.0 (from clearml>=2.1->-r /tmp/cached-reqsa2kd15zo.txt (line 8))
  Downloading six-1.17.0-py2.py3-none-any.whl (11 kB)
Requirement already satisfied: urllib3>=1.21.1 in /usr/local/lib/python3.12/dist-packages (from clearml>=2.1->-r /tmp/cached-reqsa2kd15zo.txt (line 8)) (2.8.0)
Collecting referencing<0.40; python_version >= "3.8" (from clearml>=2.1->-r /tmp/cached-reqsa2kd15zo.txt (line 8))
  Using cached referencing-0.37.0-py3-none-any.whl (26 kB)
Requirement already satisfied: requests>=2.32.0; python_version >= "3.8" in /usr/local/lib/python3.12/dist-packages (from clearml>=2.1->-r /tmp/cached-reqsa2kd15zo.txt (line 8)) (2.32.5)
Collecting cloudpickle>=3.0 (from joblib>=1.4.0->scikit-learn>=1.4->-r /tmp/cached-reqsa2kd15zo.txt (line 4))
  Using cached cloudpickle-3.1.2-py3-none-any.whl (22 kB)
Collecting mpmath<1.4,>=1.1.0 (from sympy>=1.13.3->torch==2.10.0.*->-r /tmp/cached-reqsa2kd15zo.txt (line 6))
  Downloading mpmath-1.3.0-py3-none-any.whl (536 kB)
[2K     [90m━━━━━━━━━━━━━━━━━━━━━━━━━━━━━━━━━━━━━━[0m [32m536.2/536.2 kB[0m [31m31.6 MB/s[0m eta [36m0:00:00[0m
[?25hCollecting MarkupSafe>=2.0 (from jinja2->torch==2.10.0.*->-r /tmp/cached-reqsa2kd15zo.txt (line 6))
  Downloading markupsafe-3.0.3-cp312-cp312-manylinux2014_x86_64.manylinux_2_17_x86_64.manylinux_2_28_x86_64.whl (22 kB)
Collecting cuda-pathfinder~=1.1 (from cuda-bindings==12.9.4; platform_system == "Linux"->torch==2.10.0.*->-r /tmp/cached-reqsa2kd15zo.txt (line 6))
  Downloading cuda_pathfinder-1.8.2-py3-none-any.whl (62 kB)
Collecting orderedmultidict>=1.0.1 (from furl>=2.0.0->clearml>=2.1->-r /tmp/cached-reqsa2kd15zo.txt (line 8))
  Using cached orderedmultidict-1.0.2-py2.py3-none-any.whl (11 kB)
Collecting jsonschema-specifications>=2023.03.6 (from jsonschema>=2.6.0->clearml>=2.1->-r /tmp/cached-reqsa2kd15zo.txt (line 8))
  Using cached jsonschema_specifications-2025.9.1-py3-none-any.whl (18 kB)
Collecting rpds-py>=0.25.0 (from jsonschema>=2.6.0->clearml>=2.1->-r /tmp/cached-reqsa2kd15zo.txt (line 8))
  Using cached rpds_py-2026.6.3-cp312-cp312-manylinux_2_17_x86_64.manylinux2014_x86_64.whl (366 kB)
Requirement already satisfied: charset_normalizer<4,>=2 in /usr/local/lib/python3.12/dist-packages (from requests>=2.32.0; python_version >= "3.8"->clearml>=2.1->-r /tmp/cached-reqsa2kd15zo.txt (line 8)) (3.5.1)
Requirement already satisfied: idna<4,>=2.5 in /usr/local/lib/python3.12/dist-packages (from requests>=2.32.0; python_version >= "3.8"->clearml>=2.1->-r /tmp/cached-reqsa2kd15zo.txt (line 8)) (3.20)
Requirement already satisfied: certifi>=2017.4.17 in /usr/local/lib/python3.12/dist-packages (from requests>=2.32.0; python_version >= "3.8"->clearml>=2.1->-r /tmp/cached-reqsa2kd15zo.txt (line 8)) (2026.7.22)
Installing collected packages: jmespath, six, python-dateutil, botocore, s3transfer, boto3, scipy, cloudpickle, joblib, narwhals, threadpoolctl, scikit-learn, contourpy, cycler, fonttools, kiwisolver, packaging, pillow, pyparsing, matplotlib, typing-extensions, mpmath, sympy, networkx, MarkupSafe, jinja2, fsspec, cuda-pathfinder, cuda-bindings, nvidia-cuda-nvrtc-cu12, nvidia-cuda-runtime-cu12, nvidia-cuda-cupti-cu12, nvidia-cublas-cu12, nvidia-cudnn-cu12, nvidia-nvjitlink-cu12, nvidia-cufft-cu12, nvidia-curand-cu12, nvidia-cusparse-cu12, nvidia-cusolver-cu12, nvidia-cusparselt-cu12, nvidia-nccl-cu12, nvidia-nvshmem-cu12, nvidia-nvtx-cu12, nvidia-cufile-cu12, triton, torch, torchvision, attrs, orderedmultidict, furl, rpds-py, referencing, jsonschema-specifications, jsonschema, pathlib2, pyjwt, PyYAML, clearml

1790339386434 aiagent01:gpu1 DEBUG Successfully installed MarkupSafe-3.0.3 PyYAML-6.0.3 attrs-26.1.0 boto3-1.43.102 botocore-1.43.102 clearml-2.1.12 cloudpickle-3.1.2 contourpy-1.4.0 cuda-bindings-12.9.4 cuda-pathfinder-1.8.2 cycler-0.12.1 fonttools-4.66.0 fsspec-2026.9.0 furl-2.1.4 jinja2-3.1.6 jmespath-1.1.0 joblib-1.6.0 jsonschema-4.26.0 jsonschema-specifications-2025.9.1 kiwisolver-1.5.1 matplotlib-3.11.2 mpmath-1.3.0 narwhals-2.26.0 networkx-3.7 nvidia-cublas-cu12-12.9.1.4 nvidia-cuda-cupti-cu12-12.9.79 nvidia-cuda-nvrtc-cu12-12.9.86 nvidia-cuda-runtime-cu12-12.9.79 nvidia-cudnn-cu12-9.10.2.21 nvidia-cufft-cu12-11.4.1.4 nvidia-cufile-cu12-1.14.1.1 nvidia-curand-cu12-10.3.10.19 nvidia-cusolver-cu12-11.7.5.82 nvidia-cusparse-cu12-12.5.10.65 nvidia-cusparselt-cu12-0.7.1 nvidia-nccl-cu12-2.27.5 nvidia-nvjitlink-cu12-12.9.86 nvidia-nvshmem-cu12-3.4.5 nvidia-nvtx-cu12-12.9.79 orderedmultidict-1.0.2 packaging-26.3 pathlib2-2.3.7.post1 pillow-12.3.0 pyjwt-2.15.0 pyparsing-3.3.3 python-dateutil-2.9.0.post0 referencing-0.37.0 rpds-py-2026.6.3 s3transfer-0.19.2 scikit-learn-1.9.1 scipy-1.18.1 six-1.17.0 sympy-1.14.0 threadpoolctl-3.7.0 torch-2.10.0+cu129 torchvision-0.25.0+cu129 triton-3.6.0 typing-extensions-4.16.0

1790339391514 aiagent01:gpu1 DEBUG /usr/local/lib/python3.12/dist-packages/urllib3/connection.py:1033: FutureWarning: 'ssl_version' option is deprecated and will be removed in urllib3 v3.0. Instead use 'ssl_minimum_version'
  context = create_urllib3_context(
Adding venv into cache: /root/.clearml/venvs-builds/3.12

1790339401684 aiagent01:gpu1 DEBUG Running task id [c5680567c84d44829f0906fbb18272db]:
[.]$ /root/.clearml/venvs-builds/3.12/bin/python -u 3_plant_disease_resnet50.py
Summary - installed python packages:
pip:
- attrs==26.1.0
- boto3==1.43.102
- botocore==1.43.102
- certifi==2026.7.22
- charset-normalizer==3.5.1
- clearml==2.1.12
- cloudpickle==3.1.2
- contourpy==1.4.0
- cuda-bindings==12.9.4
- cuda-pathfinder==1.8.2
- cycler==0.12.1
- distlib==0.4.3
- filelock==3.32.7
- fonttools==4.66.0
- fsspec==2026.9.0
- furl==2.1.4
- idna==3.20
- Jinja2==3.1.6
- jmespath==1.1.0
- joblib==1.6.0
- jsonschema-specifications==2025.9.1
- jsonschema==4.26.0
- kiwisolver==1.5.1
- MarkupSafe==3.0.3
- matplotlib==3.11.2
- mpmath==1.3.0
- narwhals==2.26.0
- networkx==3.7
- numpy==2.5.3
- nvidia-cublas-cu12==12.9.1.4
- nvidia-cuda-cupti-cu12==12.9.79
- nvidia-cuda-nvrtc-cu12==12.9.86
- nvidia-cuda-runtime-cu12==12.9.79
- nvidia-cudnn-cu12==9.10.2.21
- nvidia-cufft-cu12==11.4.1.4
- nvidia-cufile-cu12==1.14.1.1
- nvidia-curand-cu12==10.3.10.19
- nvidia-cusolver-cu12==11.7.5.82
- nvidia-cusparse-cu12==12.5.10.65
- nvidia-cusparselt-cu12==0.7.1
- nvidia-nccl-cu12==2.27.5
- nvidia-nvjitlink-cu12==12.9.86
- nvidia-nvshmem-cu12==3.4.5
- nvidia-nvtx-cu12==12.9.79
- orderedmultidict==1.0.2
- packaging==26.3
- pathlib2==2.3.7.post1
- pillow==12.3.0
- platformdirs==4.11.13
- psutil==7.2.2
- PyJWT==2.15.0
- pyparsing==3.3.3
- python-dateutil==2.9.0.post0
- PyYAML==6.0.3
- referencing==0.37.0
- requests==2.32.5
- rpds-py==2026.6.3
- s3transfer==0.19.2
- scikit-learn==1.9.1
- scipy==1.18.1
- setuptools==68.1.2
- six==1.17.0
- sympy==1.14.0
- threadpoolctl==3.7.0
- torch==2.10.0+cu129
- torchvision==0.25.0+cu129
- triton==3.6.0
- typing_extensions==4.16.0
- urllib3==2.8.0
- virtualenv==20.39.1
- wheel==0.42.0

Environment setup completed successfully

Starting Task Execution:


1790339406755 aiagent01:gpu1 DEBUG ClearML results page: https://app.clearai.innopolis.university/projects/b5b1a092161c4fb38732cf141337d8bc/tasks/c5680567c84d44829f0906fbb18272db/output/log
2026-09-25 12:30:04,765 - clearml.storage - WARNING - Cleaning cache: max_used_bytes=180 GB, min_free_bytes=110 GB, free_space=186.64 GB
2026-09-25 12:30:04,766 - clearml.storage - WARNING - Cache cleanup started (clearing scan)
2026-09-25 12:30:05,145 - clearml.storage - WARNING - Cache cleanup done, current size 3.27 GB
/usr/local/lib/python3.12/dist-packages/urllib3/connectionpool.py:1129: InsecureRequestWarning:

Unverified HTTPS request is being made to host 'api.blackhole2.ai.innopolis.university'. Adding certificate verification is strongly advised. See: https://urllib3.readthedocs.io/en/latest/advanced-usage.html#tls-warnings

/usr/local/lib/python3.12/dist-packages/urllib3/connectionpool.py:1129: InsecureRequestWarning:

Unverified HTTPS request is being made to host 'api.blackhole2.ai.innopolis.university'. Adding certificate verification is strongly advised. See: https://urllib3.readthedocs.io/en/latest/advanced-usage.html#tls-warnings

/usr/local/lib/python3.12/dist-packages/urllib3/connectionpool.py:1129: InsecureRequestWarning:

Unverified HTTPS request is being made to host 'api.blackhole2.ai.innopolis.university'. Adding certificate verification is strongly advised. See: https://urllib3.readthedocs.io/en/latest/advanced-usage.html#tls-warnings

2026-09-25 12:30:06,422 - clearml.storage - INFO - Downloading: 5.00MB / 19.30MB @ 5.11MBs from s3://api.blackhole2.ai.innopolis.university:443/maslovskaya-team/ICV2026_PlantDisease/.datasets/PlantVillage_processed/PlantVillage_processed.687ee9f1c8dd4af98240e55e4b18258a/artifacts/state/state.json

1790339411853 aiagent01:gpu1 DEBUG /usr/local/lib/python3.12/dist-packages/urllib3/connectionpool.py:1129: InsecureRequestWarning:

Unverified HTTPS request is being made to host 'api.blackhole2.ai.innopolis.university'. Adding certificate verification is strongly advised. See: https://urllib3.readthedocs.io/en/latest/advanced-usage.html#tls-warnings

2026-09-25 12:30:07,093 - clearml.storage - INFO - Downloading: 10.00MB / 19.30MB @ 7.45MBs from s3://api.blackhole2.ai.innopolis.university:443/maslovskaya-team/ICV2026_PlantDisease/.datasets/PlantVillage_processed/PlantVillage_processed.687ee9f1c8dd4af98240e55e4b18258a/artifacts/state/state.json
2026-09-25 12:30:07,799 - clearml.storage - INFO - Downloading: 15.00MB / 19.30MB @ 7.08MBs from s3://api.blackhole2.ai.innopolis.university:443/maslovskaya-team/ICV2026_PlantDisease/.datasets/PlantVillage_processed/PlantVillage_processed.687ee9f1c8dd4af98240e55e4b18258a/artifacts/state/state.json
/usr/local/lib/python3.12/dist-packages/urllib3/connectionpool.py:1129: InsecureRequestWarning:

Unverified HTTPS request is being made to host 'api.blackhole2.ai.innopolis.university'. Adding certificate verification is strongly advised. See: https://urllib3.readthedocs.io/en/latest/advanced-usage.html#tls-warnings

2026-09-25 12:30:08,432 - clearml.storage - INFO - Downloading: 19.30MB / 19.30MB @ 6.80MBs from s3://api.blackhole2.ai.innopolis.university:443/maslovskaya-team/ICV2026_PlantDisease/.datasets/PlantVillage_processed/PlantVillage_processed.687ee9f1c8dd4af98240e55e4b18258a/artifacts/state/state.json
2026-09-25 12:30:08,432 - clearml.storage - INFO - Downloaded 19.30 MB successfully from s3://api.blackhole2.ai.innopolis.university:443/maslovskaya-team/ICV2026_PlantDisease/.datasets/PlantVillage_processed/PlantVillage_processed.687ee9f1c8dd4af98240e55e4b18258a/artifacts/state/state.json , saved to /clearml_agent_cache/storage/s3/api.blackhole2.ai.innopolis.university.443/maslovskaya-team/ICV2026_PlantDisease/.datasets/PlantVillage_processed/PlantVillage_processed.687ee9f1c8dd4af98240e55e4b18258a/artifacts/state/state.json
2026-09-25 12:30:11,837 - INFO - Dataset materialised at /clearml_agent_cache/storage_manager/datasets/ds_687ee9f1c8dd4af98240e55e4b18258a

1790339416930 aiagent01:gpu1 DEBUG 2026-09-25 12:30:11,915 - INFO - Using device: cuda
2026-09-25 12:30:11,915 - INFO - Training mode: linear_probe
2026-09-25 12:30:12,186 - INFO - Classes: 38
2026-09-25 12:30:12,186 - INFO - Train samples: 41275
2026-09-25 12:30:12,186 - INFO - Validation samples: 10861
2026-09-25 12:30:12,186 - INFO - Test samples: 2169
Downloading: "https://download.pytorch.org/models/resnet50-11ad3fa6.pth" to /root/.cache/torch/hub/checkpoints/resnet50-11ad3fa6.pth
100.0%
2026-09-25 12:30:15,098 - clearml.model - INFO - A model with uri "file:///root/.cache/torch/hub/checkpoints/resnet50-11ad3fa6.pth" already exists. Selecting it
2026-09-25 12:30:15,099 - clearml.model - INFO - Selected model id: e767161a4d3d4875b9a687f6edca9cc0
2026-09-25 12:30:15,637 - INFO - Total parameters: 23585894
2026-09-25 12:30:15,637 - INFO - Trainable parameters: 77862

1790339437041 aiagent01:gpu1 DEBUG 2026-09-25 12:30:36,139 - INFO - Epoch 1/50 | train loss 0.2823 | train accuracy 0.9212 | train macro F1 0.8964 | val loss 0.1635 | val accuracy 0.9494 | val macro F1 0.9255 | lr 0.01 | 19.9s

1790339457220 aiagent01:gpu1 DEBUG 2026-09-25 12:30:55,393 - INFO - Epoch 2/50 | train loss 0.1102 | train accuracy 0.9654 | train macro F1 0.9542 | val loss 0.1461 | val accuracy 0.9554 | val macro F1 0.9403 | lr 0.01 | 19.2s

1790339477341 aiagent01:gpu1 DEBUG 2026-09-25 12:31:13,614 - INFO - Epoch 3/50 | train loss 0.0946 | train accuracy 0.9694 | train macro F1 0.9598 | val loss 0.1152 | val accuracy 0.9649 | val macro F1 0.9564 | lr 0.01 | 18.2s

1790339497461 aiagent01:gpu1 DEBUG 2026-09-25 12:31:32,981 - INFO - Epoch 4/50 | train loss 0.0807 | train accuracy 0.9737 | train macro F1 0.9661 | val loss 0.1266 | val accuracy 0.9611 | val macro F1 0.9492 | lr 0.01 | 19.3s

1790339512606 aiagent01:gpu1 DEBUG 2026-09-25 12:31:51,217 - INFO - Epoch 5/50 | train loss 0.0805 | train accuracy 0.9736 | train macro F1 0.9658 | val loss 0.1038 | val accuracy 0.9669 | val macro F1 0.9603 | lr 0.01 | 18.2s

1790339532715 aiagent01:gpu1 DEBUG 2026-09-25 12:32:08,640 - INFO - Epoch 6/50 | train loss 0.0720 | train accuracy 0.9768 | train macro F1 0.9706 | val loss 0.1373 | val accuracy 0.9597 | val macro F1 0.9491 | lr 0.01 | 17.4s

1790339552831 aiagent01:gpu1 DEBUG 2026-09-25 12:32:30,391 - INFO - Epoch 7/50 | train loss 0.0728 | train accuracy 0.9763 | train macro F1 0.9706 | val loss 0.1268 | val accuracy 0.9641 | val macro F1 0.9555 | lr 0.01 | 21.8s

1790339572963 aiagent01:gpu1 DEBUG 2026-09-25 12:32:48,766 - INFO - Epoch 8/50 | train loss 0.0676 | train accuracy 0.9789 | train macro F1 0.9714 | val loss 0.0905 | val accuracy 0.9728 | val macro F1 0.9659 | lr 0.01 | 18.4s

1790339588092 aiagent01:gpu1 DEBUG 2026-09-25 12:33:07,145 - INFO - Epoch 9/50 | train loss 0.0673 | train accuracy 0.9798 | train macro F1 0.9739 | val loss 0.1165 | val accuracy 0.9668 | val macro F1 0.9546 | lr 0.01 | 18.3s

1790339608258 aiagent01:gpu1 DEBUG 2026-09-25 12:33:26,622 - INFO - Epoch 10/50 | train loss 0.0706 | train accuracy 0.9795 | train macro F1 0.9730 | val loss 0.1229 | val accuracy 0.9663 | val macro F1 0.9573 | lr 0.01 | 19.5s

1790339628377 aiagent01:gpu1 DEBUG 2026-09-25 12:33:44,899 - INFO - Epoch 11/50 | train loss 0.0624 | train accuracy 0.9808 | train macro F1 0.9754 | val loss 0.1002 | val accuracy 0.9731 | val macro F1 0.9647 | lr 0.005 | 18.3s

1790339643497 aiagent01:gpu1 DEBUG 2026-09-25 12:34:02,253 - INFO - Epoch 12/50 | train loss 0.0353 | train accuracy 0.9880 | train macro F1 0.9851 | val loss 0.0950 | val accuracy 0.9753 | val macro F1 0.9644 | lr 0.005 | 17.4s

1790339663638 aiagent01:gpu1 DEBUG 2026-09-25 12:34:19,362 - INFO - Epoch 13/50 | train loss 0.0340 | train accuracy 0.9887 | train macro F1 0.9857 | val loss 0.0817 | val accuracy 0.9772 | val macro F1 0.9692 | lr 0.005 | 17.1s

1790339683815 aiagent01:gpu1 DEBUG 2026-09-25 12:34:38,907 - INFO - Epoch 14/50 | train loss 0.0294 | train accuracy 0.9900 | train macro F1 0.9880 | val loss 0.0897 | val accuracy 0.9753 | val macro F1 0.9694 | lr 0.005 | 19.4s

1790339703932 aiagent01:gpu1 DEBUG 2026-09-25 12:34:58,985 - INFO - Epoch 15/50 | train loss 0.0334 | train accuracy 0.9890 | train macro F1 0.9864 | val loss 0.0772 | val accuracy 0.9781 | val macro F1 0.9729 | lr 0.005 | 20.0s

1790339724079 aiagent01:gpu1 DEBUG 2026-09-25 12:35:19,181 - INFO - Epoch 16/50 | train loss 0.0314 | train accuracy 0.9894 | train macro F1 0.9876 | val loss 0.0971 | val accuracy 0.9728 | val macro F1 0.9665 | lr 0.005 | 20.1s

1790339744246 aiagent01:gpu1 DEBUG 2026-09-25 12:35:39,253 - INFO - Epoch 17/50 | train loss 0.0330 | train accuracy 0.9890 | train macro F1 0.9863 | val loss 0.0711 | val accuracy 0.9797 | val macro F1 0.9742 | lr 0.005 | 20.1s

1790339764374 aiagent01:gpu1 DEBUG 2026-09-25 12:35:59,454 - INFO - Epoch 18/50 | train loss 0.0288 | train accuracy 0.9901 | train macro F1 0.9877 | val loss 0.1019 | val accuracy 0.9774 | val macro F1 0.9669 | lr 0.005 | 20.1s

1790339784480 aiagent01:gpu1 DEBUG 2026-09-25 12:36:19,601 - INFO - Epoch 19/50 | train loss 0.0310 | train accuracy 0.9896 | train macro F1 0.9868 | val loss 0.0748 | val accuracy 0.9783 | val macro F1 0.9746 | lr 0.005 | 20.1s

1790339799577 aiagent01:gpu1 DEBUG 2026-09-25 12:36:39,017 - INFO - Epoch 20/50 | train loss 0.0294 | train accuracy 0.9898 | train macro F1 0.9880 | val loss 0.0765 | val accuracy 0.9779 | val macro F1 0.9735 | lr 0.005 | 19.3s

1790339819750 aiagent01:gpu1 DEBUG 2026-09-25 12:36:58,745 - INFO - Epoch 21/50 | train loss 0.0314 | train accuracy 0.9894 | train macro F1 0.9867 | val loss 0.0791 | val accuracy 0.9775 | val macro F1 0.9742 | lr 0.005 | 19.7s

1790339839873 aiagent01:gpu1 DEBUG 2026-09-25 12:37:17,576 - INFO - Epoch 22/50 | train loss 0.0273 | train accuracy 0.9905 | train macro F1 0.9885 | val loss 0.0762 | val accuracy 0.9785 | val macro F1 0.9747 | lr 0.005 | 18.8s

1790339860052 aiagent01:gpu1 DEBUG 2026-09-25 12:37:37,343 - INFO - Epoch 23/50 | train loss 0.0273 | train accuracy 0.9904 | train macro F1 0.9877 | val loss 0.0662 | val accuracy 0.9806 | val macro F1 0.9753 | lr 0.005 | 19.6s

1790339880289 aiagent01:gpu1 DEBUG 2026-09-25 12:37:56,708 - INFO - Epoch 24/50 | train loss 0.0269 | train accuracy 0.9907 | train macro F1 0.9881 | val loss 0.0914 | val accuracy 0.9742 | val macro F1 0.9657 | lr 0.005 | 19.3s

1790339900455 aiagent01:gpu1 DEBUG 2026-09-25 12:38:15,926 - INFO - Epoch 25/50 | train loss 0.0272 | train accuracy 0.9906 | train macro F1 0.9888 | val loss 0.1022 | val accuracy 0.9740 | val macro F1 0.9672 | lr 0.005 | 19.2s

1790339915618 aiagent01:gpu1 DEBUG 2026-09-25 12:38:35,419 - INFO - Epoch 26/50 | train loss 0.0264 | train accuracy 0.9907 | train macro F1 0.9892 | val loss 0.0784 | val accuracy 0.9787 | val macro F1 0.9722 | lr 0.0025 | 19.5s

1790339935805 aiagent01:gpu1 DEBUG 2026-09-25 12:38:54,829 - INFO - Epoch 27/50 | train loss 0.0208 | train accuracy 0.9931 | train macro F1 0.9917 | val loss 0.0715 | val accuracy 0.9792 | val macro F1 0.9756 | lr 0.0025 | 19.4s

1790339956031 aiagent01:gpu1 DEBUG 2026-09-25 12:39:14,214 - INFO - Epoch 28/50 | train loss 0.0204 | train accuracy 0.9933 | train macro F1 0.9921 | val loss 0.0735 | val accuracy 0.9806 | val macro F1 0.9752 | lr 0.0025 | 19.2s

1790339976185 aiagent01:gpu1 DEBUG 2026-09-25 12:39:32,996 - INFO - Epoch 29/50 | train loss 0.0189 | train accuracy 0.9934 | train macro F1 0.9921 | val loss 0.0651 | val accuracy 0.9819 | val macro F1 0.9779 | lr 0.0025 | 18.8s

1790339996349 aiagent01:gpu1 DEBUG 2026-09-25 12:39:52,311 - INFO - Epoch 30/50 | train loss 0.0191 | train accuracy 0.9936 | train macro F1 0.9923 | val loss 0.0687 | val accuracy 0.9807 | val macro F1 0.9774 | lr 0.0025 | 19.2s

1790340011494 aiagent01:gpu1 DEBUG 2026-09-25 12:40:10,543 - INFO - Epoch 31/50 | train loss 0.0193 | train accuracy 0.9936 | train macro F1 0.9924 | val loss 0.0758 | val accuracy 0.9793 | val macro F1 0.9736 | lr 0.0025 | 18.2s

1790340031632 aiagent01:gpu1 DEBUG 2026-09-25 12:40:29,817 - INFO - Epoch 32/50 | train loss 0.0174 | train accuracy 0.9940 | train macro F1 0.9933 | val loss 0.0625 | val accuracy 0.9815 | val macro F1 0.9784 | lr 0.0025 | 19.3s

1790340051827 aiagent01:gpu1 DEBUG 2026-09-25 12:40:49,002 - INFO - Epoch 33/50 | train loss 0.0184 | train accuracy 0.9937 | train macro F1 0.9923 | val loss 0.0706 | val accuracy 0.9807 | val macro F1 0.9762 | lr 0.0025 | 19.0s

1790340071938 aiagent01:gpu1 DEBUG 2026-09-25 12:41:08,684 - INFO - Epoch 34/50 | train loss 0.0155 | train accuracy 0.9945 | train macro F1 0.9934 | val loss 0.0652 | val accuracy 0.9815 | val macro F1 0.9783 | lr 0.0025 | 19.7s

1790340092068 aiagent01:gpu1 DEBUG 2026-09-25 12:41:28,488 - INFO - Epoch 35/50 | train loss 0.0175 | train accuracy 0.9940 | train macro F1 0.9932 | val loss 0.0639 | val accuracy 0.9818 | val macro F1 0.9774 | lr 0.00125 | 19.8s

1790340112194 aiagent01:gpu1 DEBUG 2026-09-25 12:41:47,469 - INFO - Epoch 36/50 | train loss 0.0124 | train accuracy 0.9959 | train macro F1 0.9953 | val loss 0.0623 | val accuracy 0.9823 | val macro F1 0.9798 | lr 0.00125 | 19.0s

1790340127360 aiagent01:gpu1 DEBUG 2026-09-25 12:42:06,175 - INFO - Epoch 37/50 | train loss 0.0151 | train accuracy 0.9951 | train macro F1 0.9943 | val loss 0.0621 | val accuracy 0.9831 | val macro F1 0.9802 | lr 0.00125 | 18.6s

1790340147533 aiagent01:gpu1 DEBUG 2026-09-25 12:42:25,466 - INFO - Epoch 38/50 | train loss 0.0148 | train accuracy 0.9946 | train macro F1 0.9933 | val loss 0.0667 | val accuracy 0.9827 | val macro F1 0.9774 | lr 0.00125 | 19.2s

1790340167793 aiagent01:gpu1 DEBUG 2026-09-25 12:42:44,825 - INFO - Epoch 39/50 | train loss 0.0136 | train accuracy 0.9954 | train macro F1 0.9946 | val loss 0.0654 | val accuracy 0.9823 | val macro F1 0.9787 | lr 0.00125 | 19.4s

1790340188023 aiagent01:gpu1 DEBUG 2026-09-25 12:43:04,234 - INFO - Epoch 40/50 | train loss 0.0137 | train accuracy 0.9951 | train macro F1 0.9944 | val loss 0.0748 | val accuracy 0.9811 | val macro F1 0.9754 | lr 0.000625 | 19.4s

1790340208160 aiagent01:gpu1 DEBUG 2026-09-25 12:43:23,984 - INFO - Epoch 41/50 | train loss 0.0132 | train accuracy 0.9953 | train macro F1 0.9946 | val loss 0.0629 | val accuracy 0.9825 | val macro F1 0.9775 | lr 0.000625 | 19.7s

1790340223295 aiagent01:gpu1 DEBUG 2026-09-25 12:43:42,229 - INFO - Epoch 42/50 | train loss 0.0113 | train accuracy 0.9958 | train macro F1 0.9953 | val loss 0.0597 | val accuracy 0.9835 | val macro F1 0.9797 | lr 0.000625 | 18.2s
2026-09-25 12:43:42,230 - INFO - Early stopping at epoch 42.
2026-09-25 12:43:42,825 - clearml.storage - INFO - Starting upload: /tmp/.clearml.upload_model_q7o5j7jy.tmp => api.blackhole2.ai.innopolis.university:443/maslovskaya-team/ICV2026_PlantDisease/PlantDisease_ResNet50_linear_probe.c5680567c84d44829f0906fbb18272db/models/best_model.pth
/usr/local/lib/python3.12/dist-packages/urllib3/connectionpool.py:1129: InsecureRequestWarning:

Unverified HTTPS request is being made to host 'api.blackhole2.ai.innopolis.university'. Adding certificate verification is strongly advised. See: https://urllib3.readthedocs.io/en/latest/advanced-usage.html#tls-warnings

/usr/local/lib/python3.12/dist-packages/urllib3/connectionpool.py:1129: InsecureRequestWarning:

Unverified HTTPS request is being made to host 'api.blackhole2.ai.innopolis.university'. Adding certificate verification is strongly advised. See: https://urllib3.readthedocs.io/en/latest/advanced-usage.html#tls-warnings


1790340228429 aiagent01:gpu1 DEBUG 2026-09-25 12:43:43,803 - clearml.storage - INFO - Uploading: 5.00MB / 90.27MB @ 5.12MBs from /tmp/.clearml.upload_model_q7o5j7jy.tmp
/usr/local/lib/python3.12/dist-packages/urllib3/connectionpool.py:1129: InsecureRequestWarning:

Unverified HTTPS request is being made to host 'api.blackhole2.ai.innopolis.university'. Adding certificate verification is strongly advised. See: https://urllib3.readthedocs.io/en/latest/advanced-usage.html#tls-warnings

2026-09-25 12:43:44,728 - clearml.storage - INFO - Uploading: 10.00MB / 90.27MB @ 5.41MBs from /tmp/.clearml.upload_model_q7o5j7jy.tmp
2026-09-25 12:43:45,340 - clearml.storage - INFO - Uploading: 15.00MB / 90.27MB @ 8.17MBs from /tmp/.clearml.upload_model_q7o5j7jy.tmp
/usr/local/lib/python3.12/dist-packages/urllib3/connectionpool.py:1129: InsecureRequestWarning:

Unverified HTTPS request is being made to host 'api.blackhole2.ai.innopolis.university'. Adding certificate verification is strongly advised. See: https://urllib3.readthedocs.io/en/latest/advanced-usage.html#tls-warnings

2026-09-25 12:43:46,411 - clearml.storage - INFO - Uploading: 20.00MB / 90.27MB @ 4.67MBs from /tmp/.clearml.upload_model_q7o5j7jy.tmp
/usr/local/lib/python3.12/dist-packages/urllib3/connectionpool.py:1129: InsecureRequestWarning:

Unverified HTTPS request is being made to host 'api.blackhole2.ai.innopolis.university'. Adding certificate verification is strongly advised. See: https://urllib3.readthedocs.io/en/latest/advanced-usage.html#tls-warnings

2026-09-25 12:43:47,643 - clearml.storage - INFO - Uploading: 25.00MB / 90.27MB @ 4.06MBs from /tmp/.clearml.upload_model_q7o5j7jy.tmp
2026-09-25 12:43:48,309 - clearml.storage - INFO - Uploading: 30.00MB / 90.27MB @ 7.52MBs from /tmp/.clearml.upload_model_q7o5j7jy.tmp
/usr/local/lib/python3.12/dist-packages/urllib3/connectionpool.py:1129: InsecureRequestWarning:

Unverified HTTPS request is being made to host 'api.blackhole2.ai.innopolis.university'. Adding certificate verification is strongly advised. See: https://urllib3.readthedocs.io/en/latest/advanced-usage.html#tls-warnings

/usr/local/lib/python3.12/dist-packages/urllib3/connectionpool.py:1129: InsecureRequestWarning:

Unverified HTTPS request is being made to host 'api.blackhole2.ai.innopolis.university'. Adding certificate verification is strongly advised. See: https://urllib3.readthedocs.io/en/latest/advanced-usage.html#tls-warnings


1790340233597 aiagent01:gpu1 DEBUG /usr/local/lib/python3.12/dist-packages/urllib3/connectionpool.py:1129: InsecureRequestWarning:

Unverified HTTPS request is being made to host 'api.blackhole2.ai.innopolis.university'. Adding certificate verification is strongly advised. See: https://urllib3.readthedocs.io/en/latest/advanced-usage.html#tls-warnings

2026-09-25 12:43:49,115 - clearml.storage - INFO - Uploading: 35.00MB / 90.27MB @ 6.20MBs from /tmp/.clearml.upload_model_q7o5j7jy.tmp
2026-09-25 12:43:49,647 - clearml.storage - INFO - Uploading: 5.00MB / 90.27MB @ 3.89MBs from /root/.clearml/venvs-builds/3.12/task_repository/icv2026-plant-disease.git/outputs/linear_probe_20260925_123011/best_model.pth
2026-09-25 12:43:49,878 - clearml.storage - INFO - Uploading: 40.00MB / 90.27MB @ 6.56MBs from /tmp/.clearml.upload_model_q7o5j7jy.tmp
/usr/local/lib/python3.12/dist-packages/urllib3/connectionpool.py:1129: InsecureRequestWarning:

Unverified HTTPS request is being made to host 'api.blackhole2.ai.innopolis.university'. Adding certificate verification is strongly advised. See: https://urllib3.readthedocs.io/en/latest/advanced-usage.html#tls-warnings

/usr/local/lib/python3.12/dist-packages/urllib3/connectionpool.py:1129: InsecureRequestWarning:

Unverified HTTPS request is being made to host 'api.blackhole2.ai.innopolis.university'. Adding certificate verification is strongly advised. See: https://urllib3.readthedocs.io/en/latest/advanced-usage.html#tls-warnings

2026-09-25 12:43:50,665 - clearml.storage - INFO - Uploading: 45.00MB / 90.27MB @ 6.35MBs from /tmp/.clearml.upload_model_q7o5j7jy.tmp
2026-09-25 12:43:50,763 - clearml.storage - INFO - Uploading: 10.00MB / 90.27MB @ 4.48MBs from /root/.clearml/venvs-builds/3.12/task_repository/icv2026-plant-disease.git/outputs/linear_probe_20260925_123011/best_model.pth
/usr/local/lib/python3.12/dist-packages/urllib3/connectionpool.py:1129: InsecureRequestWarning:

Unverified HTTPS request is being made to host 'api.blackhole2.ai.innopolis.university'. Adding certificate verification is strongly advised. See: https://urllib3.readthedocs.io/en/latest/advanced-usage.html#tls-warnings

2026-09-25 12:43:51,515 - clearml.storage - INFO - Uploading: 50.00MB / 90.27MB @ 5.88MBs from /tmp/.clearml.upload_model_q7o5j7jy.tmp
2026-09-25 12:43:51,528 - clearml.storage - INFO - Uploading: 15.00MB / 90.27MB @ 6.53MBs from /root/.clearml/venvs-builds/3.12/task_repository/icv2026-plant-disease.git/outputs/linear_probe_20260925_123011/best_model.pth
/usr/local/lib/python3.12/dist-packages/urllib3/connectionpool.py:1129: InsecureRequestWarning:

Unverified HTTPS request is being made to host 'api.blackhole2.ai.innopolis.university'. Adding certificate verification is strongly advised. See: https://urllib3.readthedocs.io/en/latest/advanced-usage.html#tls-warnings

2026-09-25 12:43:52,286 - clearml.storage - INFO - Uploading: 55.00MB / 90.27MB @ 6.50MBs from /tmp/.clearml.upload_model_q7o5j7jy.tmp
2026-09-25 12:43:52,718 - clearml.storage - INFO - Uploading: 20.00MB / 90.27MB @ 4.20MBs from /root/.clearml/venvs-builds/3.12/task_repository/icv2026-plant-disease.git/outputs/linear_probe_20260925_123011/best_model.pth
/usr/local/lib/python3.12/dist-packages/urllib3/connectionpool.py:1129: InsecureRequestWarning:

Unverified HTTPS request is being made to host 'api.blackhole2.ai.innopolis.university'. Adding certificate verification is strongly advised. See: https://urllib3.readthedocs.io/en/latest/advanced-usage.html#tls-warnings

2026-09-25 12:43:53,224 - clearml.storage - INFO - Uploading: 60.00MB / 90.27MB @ 5.33MBs from /tmp/.clearml.upload_model_q7o5j7jy.tmp

1790340238697 aiagent01:gpu1 DEBUG /usr/local/lib/python3.12/dist-packages/urllib3/connectionpool.py:1129: InsecureRequestWarning:

Unverified HTTPS request is being made to host 'api.blackhole2.ai.innopolis.university'. Adding certificate verification is strongly advised. See: https://urllib3.readthedocs.io/en/latest/advanced-usage.html#tls-warnings

2026-09-25 12:43:53,799 - clearml.storage - INFO - Uploading: 25.00MB / 90.27MB @ 4.63MBs from /root/.clearml/venvs-builds/3.12/task_repository/icv2026-plant-disease.git/outputs/linear_probe_20260925_123011/best_model.pth
/usr/local/lib/python3.12/dist-packages/urllib3/connectionpool.py:1129: InsecureRequestWarning:

Unverified HTTPS request is being made to host 'api.blackhole2.ai.innopolis.university'. Adding certificate verification is strongly advised. See: https://urllib3.readthedocs.io/en/latest/advanced-usage.html#tls-warnings

2026-09-25 12:43:54,370 - clearml.storage - INFO - Uploading: 65.00MB / 90.27MB @ 4.36MBs from /tmp/.clearml.upload_model_q7o5j7jy.tmp
2026-09-25 12:43:54,611 - clearml.storage - INFO - Uploading: 30.00MB / 90.27MB @ 6.15MBs from /root/.clearml/venvs-builds/3.12/task_repository/icv2026-plant-disease.git/outputs/linear_probe_20260925_123011/best_model.pth
2026-09-25 12:43:55,071 - clearml.storage - INFO - Uploading: 70.00MB / 90.27MB @ 7.14MBs from /tmp/.clearml.upload_model_q7o5j7jy.tmp
/usr/local/lib/python3.12/dist-packages/urllib3/connectionpool.py:1129: InsecureRequestWarning:

Unverified HTTPS request is being made to host 'api.blackhole2.ai.innopolis.university'. Adding certificate verification is strongly advised. See: https://urllib3.readthedocs.io/en/latest/advanced-usage.html#tls-warnings

2026-09-25 12:43:55,672 - clearml.storage - INFO - Uploading: 35.00MB / 90.27MB @ 4.71MBs from /root/.clearml/venvs-builds/3.12/task_repository/icv2026-plant-disease.git/outputs/linear_probe_20260925_123011/best_model.pth
/usr/local/lib/python3.12/dist-packages/urllib3/connectionpool.py:1129: InsecureRequestWarning:

Unverified HTTPS request is being made to host 'api.blackhole2.ai.innopolis.university'. Adding certificate verification is strongly advised. See: https://urllib3.readthedocs.io/en/latest/advanced-usage.html#tls-warnings

2026-09-25 12:43:56,140 - clearml.storage - INFO - Uploading: 75.00MB / 90.27MB @ 4.68MBs from /tmp/.clearml.upload_model_q7o5j7jy.tmp
2026-09-25 12:43:56,722 - clearml.storage - INFO - Uploading: 40.00MB / 90.27MB @ 4.76MBs from /root/.clearml/venvs-builds/3.12/task_repository/icv2026-plant-disease.git/outputs/linear_probe_20260925_123011/best_model.pth
2026-09-25 12:43:56,930 - clearml.storage - INFO - Uploading: 80.00MB / 90.27MB @ 6.33MBs from /tmp/.clearml.upload_model_q7o5j7jy.tmp
/usr/local/lib/python3.12/dist-packages/urllib3/connectionpool.py:1129: InsecureRequestWarning:

Unverified HTTPS request is being made to host 'api.blackhole2.ai.innopolis.university'. Adding certificate verification is strongly advised. See: https://urllib3.readthedocs.io/en/latest/advanced-usage.html#tls-warnings

/usr/local/lib/python3.12/dist-packages/urllib3/connectionpool.py:1129: InsecureRequestWarning:

Unverified HTTPS request is being made to host 'api.blackhole2.ai.innopolis.university'. Adding certificate verification is strongly advised. See: https://urllib3.readthedocs.io/en/latest/advanced-usage.html#tls-warnings

2026-09-25 12:43:57,597 - clearml.storage - INFO - Uploading: 45.00MB / 90.27MB @ 5.71MBs from /root/.clearml/venvs-builds/3.12/task_repository/icv2026-plant-disease.git/outputs/linear_probe_20260925_123011/best_model.pth
2026-09-25 12:43:57,716 - clearml.storage - INFO - Uploading: 85.00MB / 90.27MB @ 6.37MBs from /tmp/.clearml.upload_model_q7o5j7jy.tmp
/usr/local/lib/python3.12/dist-packages/urllib3/connectionpool.py:1129: InsecureRequestWarning:

Unverified HTTPS request is being made to host 'api.blackhole2.ai.innopolis.university'. Adding certificate verification is strongly advised. See: https://urllib3.readthedocs.io/en/latest/advanced-usage.html#tls-warnings

/usr/local/lib/python3.12/dist-packages/urllib3/connectionpool.py:1129: InsecureRequestWarning:

Unverified HTTPS request is being made to host 'api.blackhole2.ai.innopolis.university'. Adding certificate verification is strongly advised. See: https://urllib3.readthedocs.io/en/latest/advanced-usage.html#tls-warnings

2026-09-25 12:43:58,644 - clearml.storage - INFO - Uploading: 50.00MB / 90.27MB @ 4.78MBs from /root/.clearml/venvs-builds/3.12/task_repository/icv2026-plant-disease.git/outputs/linear_probe_20260925_123011/best_model.pth

1790340243792 aiagent01:gpu1 DEBUG 2026-09-25 12:43:58,703 - clearml.storage - INFO - Uploading: 90.00MB / 90.27MB @ 5.07MBs from /tmp/.clearml.upload_model_q7o5j7jy.tmp
2026-09-25 12:43:58,876 - clearml.storage - INFO - Uploading: 90.27MB / 90.27MB @ 1.55MBs from /tmp/.clearml.upload_model_q7o5j7jy.tmp
/usr/local/lib/python3.12/dist-packages/urllib3/connectionpool.py:1129: InsecureRequestWarning:

Unverified HTTPS request is being made to host 'api.blackhole2.ai.innopolis.university'. Adding certificate verification is strongly advised. See: https://urllib3.readthedocs.io/en/latest/advanced-usage.html#tls-warnings

2026-09-25 12:43:59,235 - clearml.Task - INFO - Completed model upload to s3://api.blackhole2.ai.innopolis.university:443/maslovskaya-team/ICV2026_PlantDisease/PlantDisease_ResNet50_linear_probe.c5680567c84d44829f0906fbb18272db/models/best_model.pth
2026-09-25 12:43:59,412 - clearml.storage - INFO - Uploading: 55.00MB / 90.27MB @ 6.52MBs from /root/.clearml/venvs-builds/3.12/task_repository/icv2026-plant-disease.git/outputs/linear_probe_20260925_123011/best_model.pth
/usr/local/lib/python3.12/dist-packages/urllib3/connectionpool.py:1129: InsecureRequestWarning:

Unverified HTTPS request is being made to host 'api.blackhole2.ai.innopolis.university'. Adding certificate verification is strongly advised. See: https://urllib3.readthedocs.io/en/latest/advanced-usage.html#tls-warnings

2026-09-25 12:44:00,386 - clearml.storage - INFO - Uploading: 60.00MB / 90.27MB @ 5.13MBs from /root/.clearml/venvs-builds/3.12/task_repository/icv2026-plant-disease.git/outputs/linear_probe_20260925_123011/best_model.pth
/usr/local/lib/python3.12/dist-packages/urllib3/connectionpool.py:1129: InsecureRequestWarning:

Unverified HTTPS request is being made to host 'api.blackhole2.ai.innopolis.university'. Adding certificate verification is strongly advised. See: https://urllib3.readthedocs.io/en/latest/advanced-usage.html#tls-warnings

2026-09-25 12:44:01,528 - clearml.storage - INFO - Uploading: 65.00MB / 90.27MB @ 4.38MBs from /root/.clearml/venvs-builds/3.12/task_repository/icv2026-plant-disease.git/outputs/linear_probe_20260925_123011/best_model.pth
2026-09-25 12:44:02,311 - clearml.storage - INFO - Uploading: 70.00MB / 90.27MB @ 6.39MBs from /root/.clearml/venvs-builds/3.12/task_repository/icv2026-plant-disease.git/outputs/linear_probe_20260925_123011/best_model.pth
/usr/local/lib/python3.12/dist-packages/urllib3/connectionpool.py:1129: InsecureRequestWarning:

Unverified HTTPS request is being made to host 'api.blackhole2.ai.innopolis.university'. Adding certificate verification is strongly advised. See: https://urllib3.readthedocs.io/en/latest/advanced-usage.html#tls-warnings

2026-09-25 12:44:03,251 - clearml.storage - INFO - Uploading: 75.00MB / 90.27MB @ 5.32MBs from /root/.clearml/venvs-builds/3.12/task_repository/icv2026-plant-disease.git/outputs/linear_probe_20260925_123011/best_model.pth

1790340248905 aiagent01:gpu1 DEBUG 2026-09-25 12:44:04,089 - clearml.storage - INFO - Uploading: 80.00MB / 90.27MB @ 5.96MBs from /root/.clearml/venvs-builds/3.12/task_repository/icv2026-plant-disease.git/outputs/linear_probe_20260925_123011/best_model.pth
/usr/local/lib/python3.12/dist-packages/urllib3/connectionpool.py:1129: InsecureRequestWarning:

Unverified HTTPS request is being made to host 'api.blackhole2.ai.innopolis.university'. Adding certificate verification is strongly advised. See: https://urllib3.readthedocs.io/en/latest/advanced-usage.html#tls-warnings

2026-09-25 12:44:05,058 - clearml.storage - INFO - Uploading: 85.00MB / 90.27MB @ 5.16MBs from /root/.clearml/venvs-builds/3.12/task_repository/icv2026-plant-disease.git/outputs/linear_probe_20260925_123011/best_model.pth
/usr/local/lib/python3.12/dist-packages/urllib3/connectionpool.py:1129: InsecureRequestWarning:

Unverified HTTPS request is being made to host 'api.blackhole2.ai.innopolis.university'. Adding certificate verification is strongly advised. See: https://urllib3.readthedocs.io/en/latest/advanced-usage.html#tls-warnings

2026-09-25 12:44:06,303 - clearml.storage - INFO - Uploading: 90.00MB / 90.27MB @ 4.02MBs from /root/.clearml/venvs-builds/3.12/task_repository/icv2026-plant-disease.git/outputs/linear_probe_20260925_123011/best_model.pth
2026-09-25 12:44:06,645 - clearml.storage - INFO - Uploading: 90.27MB / 90.27MB @ 0.79MBs from /root/.clearml/venvs-builds/3.12/task_repository/icv2026-plant-disease.git/outputs/linear_probe_20260925_123011/best_model.pth
/usr/local/lib/python3.12/dist-packages/urllib3/connectionpool.py:1129: InsecureRequestWarning:

Unverified HTTPS request is being made to host 'api.blackhole2.ai.innopolis.university'. Adding certificate verification is strongly advised. See: https://urllib3.readthedocs.io/en/latest/advanced-usage.html#tls-warnings

/usr/local/lib/python3.12/dist-packages/urllib3/connectionpool.py:1129: InsecureRequestWarning:

Unverified HTTPS request is being made to host 'api.blackhole2.ai.innopolis.university'. Adding certificate verification is strongly advised. See: https://urllib3.readthedocs.io/en/latest/advanced-usage.html#tls-warnings

/usr/local/lib/python3.12/dist-packages/urllib3/connectionpool.py:1129: InsecureRequestWarning:

Unverified HTTPS request is being made to host 'api.blackhole2.ai.innopolis.university'. Adding certificate verification is strongly advised. See: https://urllib3.readthedocs.io/en/latest/advanced-usage.html#tls-warnings

/usr/local/lib/python3.12/dist-packages/urllib3/connectionpool.py:1129: InsecureRequestWarning:

Unverified HTTPS request is being made to host 'api.blackhole2.ai.innopolis.university'. Adding certificate verification is strongly advised. See: https://urllib3.readthedocs.io/en/latest/advanced-usage.html#tls-warnings

/usr/local/lib/python3.12/dist-packages/urllib3/connectionpool.py:1129: InsecureRequestWarning:

Unverified HTTPS request is being made to host 'api.blackhole2.ai.innopolis.university'. Adding certificate verification is strongly advised. See: https://urllib3.readthedocs.io/en/latest/advanced-usage.html#tls-warnings

/usr/local/lib/python3.12/dist-packages/urllib3/connectionpool.py:1129: InsecureRequestWarning:

Unverified HTTPS request is being made to host 'api.blackhole2.ai.innopolis.university'. Adding certificate verification is strongly advised. See: https://urllib3.readthedocs.io/en/latest/advanced-usage.html#tls-warnings

/usr/local/lib/python3.12/dist-packages/urllib3/connectionpool.py:1129: InsecureRequestWarning:

Unverified HTTPS request is being made to host 'api.blackhole2.ai.innopolis.university'. Adding certificate verification is strongly advised. See: https://urllib3.readthedocs.io/en/latest/advanced-usage.html#tls-warnings

/usr/local/lib/python3.12/dist-packages/urllib3/connectionpool.py:1129: InsecureRequestWarning:

Unverified HTTPS request is being made to host 'api.blackhole2.ai.innopolis.university'. Adding certificate verification is strongly advised. See: https://urllib3.readthedocs.io/en/latest/advanced-usage.html#tls-warnings

2026-09-25 12:44:08,018 - INFO - Final test results | accuracy 0.9802 | macro F1 0.9768 | best epoch 37 | training time 13.4 minutes
2026-09-25 12:44:08,019 - INFO - Outputs saved to outputs/linear_probe_20260925_123011

1790340379716 aiagent01:gpu1 DEBUG Process completed successfully
